o rock1_procedurally_generated
v -1.827733 -0.849897 -0.395352
v 1.431360 -0.555643 -0.513740
v 0.502195 -0.657491 0.910197
v -1.272195 0.641980 -0.274055
v 1.492789 0.532172 -0.307725
v 0.641435 0.657997 0.801847
v 0.264994 0.039648 1.281601
v 0.083998 0.032549 -0.941113
v -0.940564 -0.675148 -0.500429
v -0.046288 -0.695040 -0.563621
v 0.797953 -0.770858 -0.592110
v -0.986108 -0.710786 0.137628
v -0.349758 -0.665818 0.527757
v 0.187398 -0.736875 0.803004
v -2.340826 -0.373035 -0.538444
v -2.390499 0.095873 -0.556376
v -1.992622 0.482259 -0.452037
v -0.533318 0.685474 -0.400222
v 0.169902 0.652389 -0.442911
v 0.888701 0.755084 -0.462600
v -0.688028 0.666317 0.100279
v -0.181085 0.745205 0.410461
v 0.307024 0.672376 0.648556
v 1.568111 -0.407247 0.083904
v 1.274441 -0.244087 0.551189
v 0.935876 -0.088862 0.999409
v -1.480801 -0.483684 -0.775103
v -1.000020 -0.312831 -0.924178
v -0.451708 -0.143580 -0.965968
v 1.300758 -0.728159 0.032717
v 1.065129 -0.628383 0.458169
v 0.776752 -0.626509 0.746602
v 1.278596 0.447104 -0.667759
v 0.975119 0.371678 -0.928870
v 0.542767 0.201518 -1.008284
v 1.788781 -0.265947 -0.505673
v 1.946253 0.022153 -0.481652
v 1.848261 0.342548 -0.423837
v -1.564093 -0.452607 0.228100
v -1.130052 -0.285417 0.714561
v -0.568978 -0.100763 1.066798
v 0.603801 0.623164 1.018529
v 0.505615 0.569057 1.296684
v 0.359011 0.291913 1.372494
v 1.353362 -0.482976 -0.847341
v 1.057830 -0.318506 -1.054702
v 0.592106 -0.136044 -1.048207
v 0.480492 -0.603039 1.101559
v 0.418964 -0.457278 1.303596
v 0.324507 -0.201636 1.352738
v -1.282418 0.457547 0.197144
v -0.981542 0.327527 0.610808
v -0.511693 0.204945 0.989490
v 1.349209 0.731827 0.043996
v 1.139544 0.783588 0.389865
v 0.872608 0.708351 0.651266
v -1.205371 0.655836 -0.773052
v -0.861902 0.432546 -0.994675
v -0.410266 0.205094 -1.010456
v 1.646923 0.475074 0.168503
v 1.426585 0.318535 0.651241
v 0.954589 0.166762 1.004285
v 0.314280 -0.716136 0.127051
v -0.526928 -0.775743 -0.083885
v 0.162662 -0.765324 -0.169465
v 0.793104 -0.671406 -0.134373
v 0.705312 -0.701083 0.248848
v 0.457902 -0.722704 0.553158
v -0.017920 -0.835550 0.305160
v 0.002257 -0.472390 -0.844207
v -0.794546 -0.558729 -0.738481
v -0.441308 -0.385532 -0.804190
v 0.062585 -0.261996 -0.928077
v 0.472138 -0.440789 -0.996170
v 0.708530 -0.716999 -0.932835
v -0.037324 -0.568973 -0.743775
v -1.581859 0.052348 -1.040819
v -1.679858 0.398924 -0.819361
v -1.308385 0.247151 -1.041129
v -0.914189 0.030774 -1.057371
v -1.376341 -0.129855 -0.948051
v -1.889449 -0.274559 -0.927565
v -1.955459 0.076959 -0.906247
v 0.070946 0.515768 -0.779324
v -0.559638 0.677410 -0.710443
v 0.096875 0.580596 -0.650825
v 0.726151 0.633733 -0.712168
v 0.460928 0.467534 -0.840984
v 0.065149 0.332465 -0.923936
v -0.337745 0.538801 -0.921269
v 1.537246 0.034258 -0.824075
v 1.681822 -0.231172 -0.814091
v 1.384163 -0.100937 -0.903685
v 1.022431 0.041546 -0.996404
v 1.341553 0.164968 -0.838502
v 1.620018 0.248066 -0.691862
v 1.769757 0.039782 -0.752854
v 0.397045 0.842845 0.053159
v -0.273129 0.697021 -0.097857
v 0.110369 0.779320 0.195295
v 0.542681 0.764672 0.425520
v 0.785424 0.911811 0.185993
v 0.908719 0.860137 -0.158616
v 0.288472 0.785045 -0.198993
v 1.116464 -0.440891 0.905452
v 1.386133 -0.508940 0.406632
v 1.178079 -0.357803 0.766174
v 0.851623 -0.235671 1.144303
v 0.877170 -0.450715 1.187490
v 0.879449 -0.585869 0.970577
v 1.160405 -0.531875 0.703692
v 1.694850 0.022387 0.254521
v 1.698164 -0.197537 -0.082731
v 1.824186 0.020335 -0.099264
v 1.806564 0.280825 0.008730
v 1.623335 0.167187 0.485105
v 1.198858 0.031760 0.726153
v 1.530926 -0.112830 0.412801
v 1.176670 0.536511 0.872413
v 1.466967 0.595313 0.410629
v 1.245211 0.673792 0.662684
v 0.944982 0.613484 0.874842
v 0.910633 0.512507 1.079525
v 0.895568 0.325577 1.124671
v 1.274516 0.428496 0.789732
v -0.430940 -0.488370 0.971063
v -0.998996 -0.531181 0.494897
v -0.443974 -0.527631 0.762433
v 0.039034 -0.675956 1.044809
v -0.083432 -0.549698 1.268597
v -0.311851 -0.302721 1.294669
v -0.709132 -0.390055 0.841325
v -1.580656 0.043085 0.261734
v -1.916609 -0.220264 0.062658
v -1.443322 -0.090019 0.461813
v -0.996540 0.068019 0.823051
v -1.352416 0.183718 0.433332
v -1.668409 0.250713 0.016345
v -1.952319 0.061587 -0.004258
v -0.325125 0.534704 0.867879
v -0.818500 0.625068 0.449810
v -0.612157 0.466912 0.787317
v -0.231692 0.389357 1.149916
v -0.005404 0.616826 1.148674
v 0.157690 0.646060 0.901390
v -0.322055 0.626982 0.674775
v -1.580628 -0.766615 -0.452144
v -1.360053 -0.720551 -0.471636
v -1.150132 -0.684357 -0.485056
v -0.720149 -0.704755 -0.526260
v -0.487888 -0.676672 -0.539335
v -0.267508 -0.667285 -0.548646
v 0.177942 -0.771744 -0.590536
v 0.398611 -0.783621 -0.593339
v 0.604475 -0.780207 -0.586236
v 0.999356 -0.803181 -0.600304
v 1.168565 -0.715073 -0.577880
v 1.304814 -0.638847 -0.555520
v -1.550406 -0.738357 -0.204629
v -1.332255 -0.677480 -0.089742
v -1.150143 -0.675219 0.020727
v -0.817029 -0.701693 0.255968
v -0.646777 -0.643292 0.345622
v -0.493121 -0.641458 0.438124
v -0.212843 -0.705355 0.610961
v -0.077674 -0.761062 0.689788
v 0.061168 -0.789623 0.760433
v 0.289079 -0.699443 0.837959
v 0.378113 -0.678130 0.869425
v 0.452220 -0.665281 0.894576
v -2.059701 -0.764511 -0.460926
v -2.180700 -0.616858 -0.493417
v -2.258574 -0.483865 -0.515456
v -2.384836 -0.255012 -0.550412
v -2.409847 -0.139826 -0.558317
v -2.404336 -0.023870 -0.557810
v -2.350985 0.223818 -0.546176
v -2.287406 0.366895 -0.527701
v -2.156157 0.452388 -0.493364
v -1.831410 0.521053 -0.407663
v -1.659207 0.541172 -0.365547
v -1.475954 0.568386 -0.323698
v -1.081640 0.740135 -0.328064
v -0.887476 0.754149 -0.361489
v -0.704856 0.704438 -0.382428
v -0.362516 0.691877 -0.418690
v -0.185492 0.719892 -0.442615
v -0.002666 0.677987 -0.446093
v 0.342075 0.665245 -0.448379
v 0.515119 0.694703 -0.456114
v 0.697986 0.745701 -0.467443
v 1.051418 0.675259 -0.422685
v 1.192868 0.607379 -0.383421
v 1.337106 0.562690 -0.347916
v -1.120759 0.710083 -0.157813
v -0.969907 0.725128 -0.062787
v -0.822988 0.685102 0.021091
v -0.559831 0.687346 0.175920
v -0.435838 0.702489 0.251233
v -0.310527 0.713432 0.330440
v -0.043464 0.709366 0.478540
v 0.080368 0.691350 0.538812
v 0.197287 0.671006 0.593902
v 0.407555 0.691237 0.701003
v 0.505925 0.704492 0.750571
v 0.591806 0.678795 0.784095
v 1.493734 -0.488832 -0.343762
v 1.535129 -0.456883 -0.194727
v 1.555494 -0.430319 -0.055867
v 1.581771 -0.382675 0.244490
v 1.482500 -0.324257 0.364350
v 1.378201 -0.279492 0.461676
v 1.189513 -0.212507 0.655674
v 1.118817 -0.177191 0.770689
v 1.030501 -0.139348 0.878405
v 0.790959 -0.054709 1.067016
v 0.646764 -0.027911 1.121793
v 0.493941 0.004689 1.186490
v -1.768025 -0.727010 -0.624622
v -1.674238 -0.629334 -0.707521
v -1.580333 -0.554542 -0.749352
v -1.371511 -0.428118 -0.804588
v -1.256240 -0.388467 -0.847102
v -1.132668 -0.354764 -0.896535
v -0.863375 -0.273758 -0.955181
v -0.721970 -0.224372 -0.948056
v -0.586335 -0.177126 -0.938837
v -0.313617 -0.093456 -0.980312
v -0.176317 -0.044226 -0.934482
v -0.042210 -0.004514 -0.928258
v 1.383969 -0.586515 -0.358915
v 1.364843 -0.632749 -0.222117
v 1.340638 -0.683238 -0.098050
v 1.244026 -0.717913 0.161225
v 1.182572 -0.669682 0.266443
v 1.123407 -0.637295 0.363833
v 1.000517 -0.622453 0.542112
v 0.928908 -0.614650 0.615950
v 0.855063 -0.619686 0.684636
v 0.701054 -0.653611 0.804138
v 0.624494 -0.664423 0.849317
v 0.553395 -0.661922 0.886692
v 1.447304 0.511977 -0.431607
v 1.392192 0.479121 -0.516897
v 1.335535 0.456188 -0.592046
v 1.215294 0.435292 -0.740737
v 1.145157 0.420298 -0.811923
v 1.061538 0.393059 -0.866363
v 0.881673 0.352903 -1.003305
v 0.775373 0.341065 -1.093098
v 0.654725 0.262820 -1.048679
v 0.432082 0.152512 -0.973335
v 0.316799 0.110102 -0.960015
v 0.201161 0.070815 -0.955382
v 1.545232 -0.456430 -0.511567
v 1.640123 -0.387812 -0.505081
v 1.720221 -0.326412 -0.505155
v 1.843390 -0.198902 -0.503203
v 1.888295 -0.128532 -0.498291
v 1.923376 -0.055402 -0.491017
v 1.948560 0.103597 -0.470673
v 1.953883 0.189689 -0.457803
v 1.919882 0.277706 -0.443226
v 1.769839 0.391953 -0.400926
v 1.694540 0.447534 -0.376787
v 1.604575 0.487920 -0.345824
v -1.817788 -0.726778 -0.134901
v -1.744157 -0.607013 0.000981
v -1.662728 -0.529125 0.124995
v -1.461587 -0.397498 0.338497
v -1.370314 -0.371333 0.472448
v -1.269360 -0.339282 0.613059
v -0.986906 -0.241372 0.798845
v -0.852734 -0.199571 0.888606
v -0.717845 -0.150600 0.985345
v -0.407614 -0.057215 1.134689
v -0.239251 -0.015080 1.220430
v -0.036822 0.020678 1.319186
v 0.639122 0.647095 0.842605
v 0.631814 0.642578 0.899350
v 0.619999 0.633770 0.958086
v 0.582406 0.610789 1.081042
v 0.558315 0.600896 1.146830
v 0.534793 0.596116 1.219989
v 0.471881 0.518636 1.370069
v 0.432720 0.437551 1.403149
v 0.394384 0.359625 1.385920
v 0.325390 0.228180 1.349164
v 0.297339 0.162620 1.323523
v 0.278881 0.097302 1.299240
v 1.433883 -0.546248 -0.626814
v 1.428174 -0.533115 -0.704345
v 1.401402 -0.515337 -0.779169
v 1.298210 -0.451170 -0.917975
v 1.228204 -0.408328 -0.977579
v 1.148223 -0.359122 -1.019144
v 0.957534 -0.279475 -1.082224
v 0.843733 -0.239818 -1.109014
v 0.715283 -0.191720 -1.123913
v 0.470985 -0.088306 -0.988292
v 0.339427 -0.045032 -0.967389
v 0.209553 -0.005528 -0.962041
v 0.500365 -0.651341 0.946482
v 0.496170 -0.644117 0.996775
v 0.489620 -0.628161 1.049949
v 0.469132 -0.582637 1.157749
v 0.455254 -0.553186 1.212660
v 0.438280 -0.509336 1.260579
v 0.395924 -0.393721 1.327724
v 0.372843 -0.330773 1.350756
v 0.348164 -0.265769 1.354900
v 0.299792 -0.143591 1.332510
v 0.281388 -0.083775 1.316821
v 0.270310 -0.020986 1.298760
v -1.323810 0.569667 -0.133679
v -1.329311 0.520277 -0.020579
v -1.304863 0.472739 0.082480
v -1.236491 0.441308 0.316681
v -1.160394 0.398026 0.422332
v -1.075663 0.358813 0.516255
v -0.903384 0.322301 0.741409
v -0.789238 0.290642 0.856242
v -0.646352 0.241643 0.914710
v -0.370945 0.169359 1.074216
v -0.233207 0.134290 1.199109
v -0.038703 0.085191 1.327592
v 1.445050 0.579002 -0.205285
v 1.408230 0.623395 -0.119430
v 1.380081 0.680226 -0.039711
v 1.314906 0.783226 0.131113
v 1.278772 0.849864 0.223064
v 1.209464 0.824145 0.313187
v 1.072100 0.756310 0.463012
v 1.004851 0.737380 0.532105
v 0.938506 0.717174 0.593131
v 0.806580 0.682454 0.696665
v 0.743546 0.665010 0.738169
v 0.685992 0.660955 0.776973
v -1.290403 0.660621 -0.427037
v -1.279473 0.668807 -0.546019
v -1.254783 0.680856 -0.663798
v -1.135446 0.602027 -0.853299
v -1.057300 0.562349 -0.933304
v -0.961651 0.491073 -0.965919
v -0.760855 0.376230 -1.016400
v -0.653656 0.327470 -1.050754
v -0.531022 0.268730 -1.068716
v -0.285971 0.155295 -0.979405
v -0.165128 0.110737 -0.944826
v -0.041760 0.070495 -0.927794
v 1.569776 0.518569 -0.187854
v 1.612528 0.513703 -0.076185
v 1.635830 0.498092 0.041511
v 1.645100 0.445253 0.310656
v 1.569380 0.396478 0.424801
v 1.496376 0.360127 0.536581
v 1.352035 0.267729 0.776043
v 1.222705 0.232418 0.855037
v 1.099931 0.198170 0.939593
v 0.805827 0.140203 1.058447
v 0.659900 0.110883 1.120456
v 0.496408 0.082775 1.177350
v -0.364689 -0.799582 -0.121797
v -0.197150 -0.805689 -0.150124
v -0.018224 -0.843647 -0.168581
v 0.783191 -0.671614 -0.030766
v 0.767388 -0.672156 0.068643
v 0.741651 -0.688518 0.161424
v 0.348997 -0.753620 0.497941
v 0.235084 -0.777023 0.435243
v 0.115442 -0.810787 0.371360
v 0.329313 -0.709477 -0.169191
v 0.489376 -0.674237 -0.164681
v 0.644659 -0.663747 -0.153177
v 0.656331 -0.711636 0.332118
v 0.596354 -0.726375 0.413399
v 0.529585 -0.732522 0.487429
v -0.150913 -0.899837 0.233613
v -0.283585 -0.882906 0.135646
v -0.408525 -0.851527 0.026265
v 0.289009 -0.712756 0.077981
v 0.253220 -0.722170 0.006182
v 0.213056 -0.745416 -0.076390
v 0.387728 -0.692751 0.148453
v 0.488823 -0.673295 0.178752
v 0.597523 -0.678855 0.211958
v 0.259511 -0.733801 0.155440
v 0.178780 -0.759664 0.196729
v 0.085383 -0.792553 0.245819
v -0.861762 -0.686098 -0.394640
v -0.754866 -0.698233 -0.289539
v -0.642896 -0.727504 -0.187016
v -0.008787 -0.746992 -0.472863
v 0.047213 -0.794633 -0.372443
v 0.109757 -0.818447 -0.273449
v -0.904057 -0.693170 0.063086
v -0.796666 -0.697253 0.004299
v -0.672071 -0.729569 -0.043305
v 1.200505 -0.772264 -0.032695
v 1.063939 -0.739759 -0.076763
v 0.932453 -0.696738 -0.108573
v 1.002283 -0.668525 0.408615
v 0.918543 -0.719004 0.358324
v 0.813487 -0.726143 0.298519
v 0.802057 -0.725007 -0.469406
v 0.801490 -0.693529 -0.354200
v 0.799091 -0.674773 -0.242855
v 0.246322 -0.747537 0.741661
v 0.312469 -0.732612 0.675369
v 0.384840 -0.725384 0.614765
v -0.294721 -0.725151 0.477632
v -0.213953 -0.770819 0.420244
v -0.122857 -0.842482 0.369237
v 0.717453 -0.662570 0.699307
v 0.639890 -0.676065 0.650229
v 0.554038 -0.698668 0.603302
v -0.721103 -0.515344 -0.767908
v -0.636832 -0.467387 -0.784176
v -0.544376 -0.423883 -0.793774
v 0.180573 -0.297768 -0.918932
v 0.290694 -0.339400 -0.935098
v 0.387791 -0.386808 -0.966440
v 0.526371 -0.709989 -0.916027
v 0.336909 -0.680437 -0.877023
v 0.148274 -0.620543 -0.803482
v -0.329681 -0.363896 -0.841245
v -0.210489 -0.343595 -0.883978
v -0.076653 -0.311295 -0.935168
v 0.543844 -0.504502 -1.016628
v 0.607180 -0.578460 -1.022604
v 0.665269 -0.661945 -1.004964
v -0.225330 -0.542760 -0.713223
v -0.412295 -0.541706 -0.710335
v -0.599590 -0.546522 -0.716895
v -0.077056 -0.456818 -0.833702
v -0.189591 -0.441535 -0.829556
v -0.310009 -0.411780 -0.810614
v 0.085460 -0.478461 -0.890750
v 0.208480 -0.463645 -0.915921
v 0.336074 -0.450277 -0.958339
v -0.005041 -0.489705 -0.828326
v -0.016819 -0.516545 -0.807628
v -0.029134 -0.545832 -0.781258
v -1.327466 -0.505076 -0.748834
v -1.155697 -0.542435 -0.756012
v -0.977507 -0.539368 -0.731361
v -0.864769 -0.355260 -0.925760
v -0.718731 -0.364141 -0.871489
v -0.577755 -0.373286 -0.830167
v -0.935418 -0.651569 -0.579358
v -0.897737 -0.620022 -0.637874
v -0.850981 -0.588805 -0.686597
v 0.463571 -0.170448 -0.991109
v 0.327113 -0.198574 -0.960819
v 0.195989 -0.227446 -0.925422
v 0.919804 -0.377646 -1.071015
v 0.768453 -0.428300 -1.104621
v 0.612334 -0.438224 -1.053783
v -0.324115 -0.176108 -0.949122
v -0.192547 -0.211197 -0.965985
v -0.061978 -0.230253 -0.934587
v 0.783818 -0.776096 -0.700183
v 0.765023 -0.755215 -0.779703
v 0.741149 -0.738406 -0.851587
v -0.055748 -0.663857 -0.627446
v -0.051732 -0.629353 -0.670030
v -0.046543 -0.601003 -0.710288
v 1.209407 -0.544911 -0.863209
v 1.054312 -0.608970 -0.895212
v 0.895141 -0.707895 -0.956171
v -1.597618 0.379911 -0.898092
v -1.505980 0.353143 -0.971086
v -1.406862 0.305324 -1.014134
v -1.029574 -0.014171 -1.031312
v -1.144131 -0.054368 -1.006897
v -1.261189 -0.093468 -0.978406
v -1.935707 -0.183586 -0.903249
v -1.960829 -0.098553 -0.894911
v -1.969474 -0.013771 -0.899278
v -1.209108 0.186177 -1.044441
v -1.113724 0.132680 -1.050639
v -1.017895 0.078358 -1.065566
v -1.495110 -0.163185 -0.931212
v -1.616447 -0.202868 -0.940262
v -1.749342 -0.242762 -0.955326
v -1.928376 0.182141 -0.930906
v -1.864942 0.279486 -0.911886
v -1.778300 0.346301 -0.863643
v -1.540035 0.088705 -1.047375
v -1.477114 0.143033 -1.060308
v -1.397544 0.197124 -1.045268
v -1.551028 0.010481 -1.027872
v -1.504705 -0.036425 -0.999436
v -1.445809 -0.085543 -0.975577
v -1.653594 0.060892 -1.058834
v -1.761461 0.079744 -1.045117
v -1.860484 0.082503 -0.981768
v -1.343638 0.606584 -0.780212
v -1.464142 0.535586 -0.781317
v -1.574610 0.462722 -0.792923
v -0.993532 0.402407 -1.040938
v -1.109939 0.347187 -1.041760
v -1.213028 0.298120 -1.042958
v -1.903325 0.460027 -0.607607
v -1.831942 0.448242 -0.683888
v -1.757825 0.420119 -0.747508
v -0.571150 -0.102003 -0.984040
v -0.686036 -0.058794 -1.011953
v -0.803075 -0.015982 -1.057554
v -1.113800 -0.269486 -0.935731
v -1.209768 -0.222607 -0.930250
v -1.297476 -0.179146 -0.939646
v -0.539755 0.169151 -1.067771
v -0.666243 0.119854 -1.075175
v -0.792734 0.076178 -1.085367
v -2.192988 -0.329574 -0.690190
v -2.089953 -0.304661 -0.758545
v -1.997293 -0.288501 -0.835841
v -2.233613 0.070935 -0.718938
v -2.138158 0.067448 -0.787684
v -2.045537 0.071800 -0.839232
v -1.604946 -0.450664 -0.814389
v -1.707895 -0.408794 -0.864504
v -1.808378 -0.352896 -0.913911
v -0.391859 0.687428 -0.707200
v -0.218459 0.641873 -0.680010
v -0.059654 0.599860 -0.659720
v 0.668225 0.588139 -0.754654
v 0.606302 0.545659 -0.790601
v 0.537844 0.505387 -0.819099
v -0.044811 0.375413 -0.926990
v -0.151161 0.422811 -0.927098
v -0.251984 0.468391 -0.913889
v 0.251148 0.566806 -0.647381
v 0.404367 0.587531 -0.663990
v 0.560876 0.604178 -0.683681
v 0.374065 0.434016 -0.860162
v 0.278329 0.410101 -0.887092
v 0.174533 0.374426 -0.912046
v -0.420264 0.581446 -0.888638
v -0.481560 0.613510 -0.834669
v -0.528365 0.656254 -0.783719
v 0.073430 0.527915 -0.758251
v 0.078886 0.547781 -0.729724
v 0.087037 0.569139 -0.695089
v 0.137790 0.500625 -0.782177
v 0.233362 0.492577 -0.797306
v 0.342211 0.479957 -0.815397
v 0.001955 0.515861 -0.795097
v -0.095107 0.523169 -0.826894
v -0.211065 0.521294 -0.859823
v -0.564160 0.681651 -0.478105
v -0.577848 0.684144 -0.555339
v -0.575731 0.686242 -0.632083
v 0.146199 0.627817 -0.498582
v 0.126234 0.609203 -0.552611
v 0.109839 0.593237 -0.603240
v -1.056793 0.718964 -0.782694
v -0.883841 0.710874 -0.754611
v -0.721588 0.701616 -0.732690
v 1.163172 0.499172 -0.675215
v 1.037063 0.554175 -0.692729
v 0.894996 0.624518 -0.722438
v 0.855013 0.441142 -0.972189
v 0.713918 0.468583 -0.939501
v 0.587454 0.455249 -0.873136
v 0.860413 0.731120 -0.531360
v 0.825328 0.710301 -0.603413
v 0.779830 0.676060 -0.665618
v -0.286813 0.234857 -0.966857
v -0.165892 0.263654 -0.938704
v -0.048989 0.293523 -0.918877
v -0.733400 0.451880 -0.956460
v -0.606315 0.486140 -0.948269
v -0.477209 0.510716 -0.937008
v 0.420186 0.230211 -0.970388
v 0.298735 0.260401 -0.946164
v 0.180325 0.293800 -0.926139
v 1.611042 -0.192489 -0.855238
v 1.536002 -0.158971 -0.872124
v 1.462279 -0.129461 -0.891379
v 1.110219 0.078879 -0.951686
v 1.194084 0.114214 -0.918161
v 1.270223 0.142505 -0.880583
v 1.677856 0.204401 -0.711018
v 1.723140 0.155586 -0.727620
v 1.753114 0.099035 -0.738012
v 1.302760 -0.068978 -0.921250
v 1.217245 -0.034770 -0.945430
v 1.121960 0.000887 -0.963007
v 1.414772 0.187574 -0.807797
v 1.485604 0.207831 -0.773379
v 1.552814 0.225525 -0.732079
v 1.771376 -0.023052 -0.770466
v 1.760885 -0.090997 -0.794527
v 1.730466 -0.163021 -0.806908
v 1.517691 0.012037 -0.837586
v 1.484835 -0.020301 -0.857369
v 1.440667 -0.058167 -0.881485
v 1.509099 0.056083 -0.822757
v 1.464602 0.087274 -0.823478
v 1.410720 0.127297 -0.836325
v 1.582130 0.035796 -0.817437
v 1.638648 0.034277 -0.793211
v 1.703779 0.038017 -0.779648
v 1.463238 -0.418336 -0.839192
v 1.541690 -0.348779 -0.821844
v 1.615295 -0.289916 -0.814287
v 1.161762 -0.248645 -1.004316
v 1.245493 -0.193317 -0.967955
v 1.319523 -0.145330 -0.935997
v 1.769747 -0.258305 -0.594257
v 1.748503 -0.254546 -0.669097
v 1.718439 -0.245105 -0.736598
v 0.664920 0.173144 -1.068089
v 0.800134 0.141288 -1.121220
v 0.919538 0.088890 -1.048926
v 1.078812 0.307686 -0.890090
v 1.176274 0.255643 -0.867567
v 1.266506 0.210768 -0.856891
v 0.709682 -0.089469 -1.106652
v 0.827963 -0.042762 -1.135212
v 0.934556 0.003774 -1.062953
v 1.812894 0.337428 -0.522892
v 1.757415 0.317684 -0.603472
v 1.687307 0.278111 -0.650603
v 1.935229 0.029076 -0.576056
v 1.904378 0.036796 -0.660928
v 1.835892 0.040023 -0.714419
v 1.386960 0.406864 -0.677171
v 1.478416 0.354268 -0.683301
v 1.553211 0.296413 -0.681783
v -0.189981 0.719965 -0.026534
v -0.101033 0.748412 0.043963
v -0.001041 0.785082 0.120035
v 0.609056 0.796524 0.370837
v 0.670576 0.848407 0.318904
v 0.732631 0.880466 0.254674
v 0.751937 0.914604 -0.194969
v 0.589727 0.835541 -0.192852
v 0.437463 0.800569 -0.198625
v 0.221127 0.761077 0.257138
v 0.330000 0.747860 0.312950
v 0.437294 0.750041 0.368774
v 0.833217 0.954292 0.104812
v 0.872869 0.948269 0.007774
v 0.900176 0.908756 -0.083258
v 0.140789 0.779116 -0.185466
v -0.010070 0.777541 -0.162980
v -0.145992 0.725260 -0.129449
v 0.345287 0.824640 0.075725
v 0.272980 0.806592 0.110359
v 0.193880 0.786085 0.148989
v 0.467445 0.846265 0.071270
v 0.564565 0.857697 0.099187
v 0.669657 0.887357 0.137049
v 0.377900 0.856739 0.008355
v 0.350343 0.861920 -0.063660
v 0.320194 0.821738 -0.135168
v -0.604780 0.670911 0.036394
v -0.505135 0.681978 -0.016944
v -0.394261 0.690107 -0.061001
v -0.118662 0.747341 0.347633
v -0.047673 0.755004 0.290823
v 0.029195 0.763012 0.239893
v -0.485838 0.690952 -0.322147
v -0.424919 0.696354 -0.245303
v -0.353205 0.694861 -0.170669
v 0.814686 0.722428 0.595173
v 0.740970 0.741820 0.541872
v 0.647895 0.772490 0.486356
v 1.070030 0.818502 0.335714
v 0.986311 0.842441 0.281630
v 0.893797 0.875328 0.234739
v 0.355548 0.706091 0.593254
v 0.414531 0.716060 0.535956
v 0.478976 0.727136 0.478628
v 0.907790 0.779279 -0.390930
v 0.914636 0.799072 -0.313718
v 0.915456 0.828478 -0.237050
v 0.196922 0.680261 -0.384023
v 0.226324 0.712821 -0.323699
v 0.256648 0.754116 -0.265230
v 1.256456 0.739873 -0.016772
v 1.151883 0.764234 -0.069216
v 1.035411 0.801519 -0.114506
v 1.341704 -0.456653 0.493422
v 1.286029 -0.419394 0.579390
v 1.223612 -0.391323 0.666357
v 0.853814 -0.277761 1.170453
v 0.863312 -0.324206 1.194978
v 0.871759 -0.384571 1.204084
v 0.960024 -0.570719 0.909005
v 1.029121 -0.544993 0.841338
v 1.095405 -0.531473 0.772223
v 1.105227 -0.331315 0.855113
v 1.047362 -0.293462 0.958744
v 0.961535 -0.260092 1.059250
v 0.878570 -0.503494 1.143154
v 0.877796 -0.535158 1.085129
v 0.882862 -0.567823 1.030154
v 1.214871 -0.523068 0.629376
v 1.272350 -0.521675 0.556945
v 1.327376 -0.515733 0.481844
v 1.125978 -0.422020 0.881969
v 1.144735 -0.400373 0.851007
v 1.159251 -0.380140 0.810438
v 1.093416 -0.442369 0.964480
v 1.032186 -0.440320 1.029609
v 0.964886 -0.443496 1.106999
v 1.130649 -0.461241 0.871161
v 1.147109 -0.486816 0.822364
v 1.157812 -0.510759 0.764981
v 1.563926 -0.460258 0.165328
v 1.527714 -0.489840 0.253916
v 1.456102 -0.503288 0.334944
v 1.237348 -0.278696 0.603545
v 1.204438 -0.311146 0.654659
v 1.184087 -0.338545 0.709167
v 1.371097 -0.693089 0.117571
v 1.401913 -0.632251 0.214662
v 1.404582 -0.568422 0.312013
v 0.466899 -0.201162 1.308987
v 0.604092 -0.202574 1.269201
v 0.729057 -0.216967 1.209773
v 0.537193 -0.446004 1.284142
v 0.652094 -0.442381 1.258892
v 0.763674 -0.443928 1.224908
v 0.891278 -0.123535 1.039731
v 0.872580 -0.153780 1.085221
v 0.859685 -0.191899 1.119388
v 0.818950 -0.607548 0.798905
v 0.846945 -0.596111 0.854000
v 0.867929 -0.594170 0.911679
v 1.111788 -0.607442 0.518126
v 1.139305 -0.579202 0.578667
v 1.156837 -0.558756 0.642656
v 0.581760 -0.599028 1.090565
v 0.684451 -0.608315 1.070153
v 0.789123 -0.610890 1.030886
v 1.739446 -0.146705 -0.098838
v 1.779522 -0.096320 -0.105734
v 1.808321 -0.040283 -0.106002
v 1.762591 0.256103 0.119609
v 1.719398 0.231864 0.235565
v 1.682096 0.207272 0.360980
v 1.272161 -0.005097 0.648907
v 1.341360 -0.035181 0.560347
v 1.428388 -0.071802 0.484227
v 1.834507 0.081471 -0.081783
v 1.837183 0.143807 -0.056083
v 1.832174 0.211426 -0.023231
v 1.499466 0.125756 0.549214
v 1.386938 0.097414 0.600807
v 1.292074 0.062646 0.666194
v 1.624506 -0.153824 0.310442
v 1.649051 -0.169621 0.167131
v 1.682473 -0.189322 0.040876
v 1.725711 0.020397 0.189264
v 1.762742 0.018412 0.099847
v 1.785463 0.021449 -0.001734
v 1.693078 0.049598 0.297278
v 1.669802 0.089281 0.352624
v 1.660998 0.129900 0.426459
v 1.673847 -0.005276 0.284544
v 1.646425 -0.043103 0.331602
v 1.604489 -0.080642 0.381089
v 1.769843 -0.245028 -0.407440
v 1.746081 -0.225951 -0.305148
v 1.724614 -0.212256 -0.196236
v 1.921045 0.020568 -0.385453
v 1.880789 0.023126 -0.294343
v 1.853786 0.021598 -0.197631
v 1.585600 -0.354104 0.023672
v 1.624976 -0.305757 -0.021203
v 1.663746 -0.253436 -0.055939
v 1.670367 0.425897 0.115241
v 1.710305 0.380474 0.071760
v 1.756469 0.333822 0.036512
v 1.479312 0.285961 0.621074
v 1.527929 0.247894 0.582129
v 1.575008 0.206914 0.534270
v 1.856382 0.331231 -0.317602
v 1.849637 0.317384 -0.210103
v 1.825231 0.296611 -0.104554
v 0.984283 -0.063242 0.934729
v 1.042084 -0.033937 0.860685
v 1.113697 -0.000418 0.789797
v 1.332149 -0.210168 0.513949
v 1.390158 -0.175584 0.472950
v 1.455984 -0.142548 0.438420
v 1.010699 0.131787 0.958484
v 1.072919 0.101645 0.891579
v 1.135110 0.065692 0.809920
v 1.414777 0.614940 0.469597
v 1.365912 0.634520 0.530270
v 1.314795 0.658345 0.596151
v 0.939732 0.592877 0.930079
v 0.929276 0.568879 0.982479
v 0.919124 0.546432 1.034826
v 0.999750 0.351842 1.042324
v 1.097599 0.376110 0.961034
v 1.183154 0.402236 0.872624
v 1.166948 0.664234 0.720816
v 1.094764 0.657353 0.779287
v 1.020347 0.625915 0.824814
v 0.904875 0.469262 1.111818
v 0.900777 0.420621 1.129182
v 0.899651 0.372321 1.135107
v 1.348045 0.465484 0.693861
v 1.388792 0.503079 0.590283
v 1.430220 0.544307 0.497858
v 1.195577 0.561608 0.836639
v 1.221013 0.601690 0.790676
v 1.234954 0.634356 0.726447
v 1.134566 0.533503 0.915271
v 1.065791 0.523823 0.962128
v 0.997284 0.522204 1.026869
v 1.194575 0.513351 0.859405
v 1.220243 0.486480 0.843325
v 1.247060 0.457212 0.820211
v 1.424161 0.727172 0.122352
v 1.491143 0.727789 0.221929
v 1.493331 0.661183 0.323824
v 1.189591 0.755495 0.454478
v 1.223532 0.736500 0.526076
v 1.241860 0.706880 0.594861
v 1.625932 0.521185 0.231934
v 1.595923 0.558756 0.299979
v 1.528247 0.578200 0.356381
v 0.696085 0.598031 0.994457
v 0.783555 0.597472 0.959491
v 0.866109 0.601963 0.918780
v 0.635103 0.549061 1.265399
v 0.734799 0.523367 1.201367
v 0.824441 0.513382 1.139185
v 0.910814 0.683693 0.706595
v 0.932687 0.658754 0.762120
v 0.943597 0.632143 0.817422
v 0.923013 0.199317 1.047695
v 0.910769 0.233859 1.090614
v 0.894410 0.281401 1.105824
v 1.386608 0.351629 0.691787
v 1.346611 0.373359 0.727089
v 1.309361 0.401003 0.760101
v 0.515618 0.280040 1.328554
v 0.664240 0.270984 1.289654
v 0.788874 0.294768 1.215673
v -0.843929 -0.500246 0.549776
v -0.703284 -0.497992 0.618305
v -0.570525 -0.505950 0.688971
v 0.013835 -0.653503 1.104020
v -0.012284 -0.622943 1.160046
v -0.043459 -0.590807 1.216305
v -0.417105 -0.325317 1.156316
v -0.517496 -0.343601 1.038015
v -0.616488 -0.365851 0.935191
v -0.324674 -0.567635 0.838740
v -0.208754 -0.617580 0.915614
v -0.089671 -0.679605 0.995940
v -0.134957 -0.497947 1.312803
v -0.195849 -0.437073 1.340957
v -0.252886 -0.366411 1.324911
v -0.794456 -0.414575 0.750876
v -0.868548 -0.430168 0.655166
v -0.940277 -0.475298 0.575337
v -0.433964 -0.492521 0.932434
v -0.441762 -0.504557 0.881381
v -0.445226 -0.514060 0.823449
v -0.376336 -0.501026 1.026843
v -0.296977 -0.519995 1.105483
v -0.200526 -0.545692 1.196817
v -0.478553 -0.466646 0.950548
v -0.537764 -0.428507 0.911806
v -0.621126 -0.411736 0.878950
v -1.044034 -0.713405 0.238405
v -1.056772 -0.642703 0.322531
v -1.040858 -0.586127 0.409387
v -0.393796 -0.624255 0.585057
v -0.421437 -0.584321 0.642665
v -0.436257 -0.549646 0.701157
v -1.425553 -0.472506 0.275481
v -1.292059 -0.496494 0.342877
v -1.158879 -0.536481 0.429671
v 0.377734 -0.613827 1.102266
v 0.271189 -0.625232 1.090510
v 0.159395 -0.638169 1.068037
v 0.297073 -0.471832 1.308377
v 0.172994 -0.489025 1.300096
v 0.046974 -0.510073 1.282287
v 0.140663 -0.729018 0.864766
v 0.099943 -0.710831 0.924403
v 0.067183 -0.695938 0.985161
v -0.493078 -0.142608 1.130735
v -0.427715 -0.188941 1.192821
v -0.373604 -0.242313 1.256343
v -1.011549 -0.310860 0.733302
v -0.902972 -0.338274 0.764408
v -0.804536 -0.367459 0.804677
v 0.169176 -0.216861 1.361244
v 0.009246 -0.235324 1.384168
v -0.169442 -0.267108 1.402336
v -1.792390 -0.179596 0.168224
v -1.651323 -0.148519 0.240691
v -1.545009 -0.118337 0.350900
v -1.086739 0.105331 0.721022
v -1.165348 0.129675 0.617656
v -1.258644 0.157770 0.529779
v -1.756960 0.211212 -0.002968
v -1.833047 0.164056 -0.018085
v -1.899696 0.115402 -0.018433
v -1.351160 -0.054716 0.586636
v -1.228479 -0.008392 0.671240
v -1.108893 0.028700 0.741575
v -1.431036 0.196210 0.320123
v -1.505279 0.206748 0.212157
v -1.587994 0.226694 0.115105
v -1.978843 -0.005631 0.007267
v -1.987261 -0.075300 0.033697
v -1.958115 -0.150443 0.036844
v -1.559973 0.021686 0.292724
v -1.527088 -0.010303 0.338361
v -1.483847 -0.048367 0.391762
v -1.548131 0.069488 0.293076
v -1.495092 0.104052 0.333968
v -1.420625 0.136089 0.372692
v -1.640014 0.042901 0.208792
v -1.724653 0.042990 0.135847
v -1.828631 0.047573 0.061212
v -1.690773 -0.410186 0.188476
v -1.783990 -0.349507 0.140321
v -1.865898 -0.289232 0.108861
v -1.261504 -0.253164 0.706896
v -1.340121 -0.190417 0.627621
v -1.395932 -0.137328 0.540311
v -2.288794 -0.352886 -0.271189
v -2.186672 -0.316248 -0.133008
v -2.068646 -0.273163 -0.018356
v -0.612191 0.166556 0.947067
v -0.735324 0.136559 0.927089
v -0.871142 0.102862 0.891445
v -1.068883 0.285653 0.558735
v -1.162860 0.251377 0.516299
v -1.260687 0.218774 0.477463
v -0.657338 -0.062195 1.001791
v -0.764728 -0.021121 0.953131
v -0.888143 0.023859 0.909828
v -1.921480 0.394434 -0.273988
v -1.837279 0.337343 -0.169501
v -1.749968 0.283642 -0.081308
v -2.352302 0.108698 -0.268850
v -2.235625 0.101271 -0.144367
v -2.085273 0.080358 -0.071447
v -1.381522 0.394875 0.138330
v -1.479273 0.340792 0.088768
v -1.578296 0.296931 0.050972
v -0.790768 0.578965 0.533261
v -0.746191 0.539669 0.620308
v -0.685492 0.502427 0.705724
v -0.176291 0.445380 1.175091
v -0.116640 0.501113 1.181837
v -0.061343 0.563389 1.176884
v 0.043143 0.646034 0.849753
v -0.078928 0.657806 0.798571
v -0.202301 0.646202 0.738903
v -0.522142 0.429372 0.860323
v -0.433003 0.413498 0.950970
v -0.334257 0.399319 1.044776
v 0.047652 0.638915 1.090532
v 0.090020 0.648121 1.028802
v 0.125269 0.651081 0.965450
v -0.439740 0.618553 0.614690
v -0.561305 0.622407 0.560644
v -0.684371 0.618675 0.500776
v -0.373912 0.518342 0.853219
v -0.444076 0.500357 0.833081
v -0.524640 0.483343 0.811206
v -0.275977 0.548395 0.919148
v -0.201680 0.565317 0.989732
v -0.107440 0.581984 1.064869
v -0.330210 0.551058 0.835894
v -0.336096 0.579789 0.792129
v -0.332416 0.601966 0.735875
v -1.177633 0.525160 0.267016
v -1.054871 0.550930 0.326488
v -0.940283 0.585177 0.388172
v -0.904528 0.380505 0.675477
v -0.817857 0.430557 0.737393
v -0.707546 0.449422 0.762996
v -0.750961 0.678737 0.175618
v -0.797472 0.687898 0.264359
v -0.828325 0.685946 0.365614
v 0.191292 0.320393 1.389678
v 0.018303 0.360323 1.378549
v -0.113471 0.375906 1.254706
v 0.365749 0.611140 1.306217
v 0.232542 0.619620 1.260081
v 0.113173 0.616583 1.203174
v -0.425254 0.245601 1.031257
v -0.354220 0.289816 1.076510
v -0.293208 0.338715 1.119862
v 0.263326 0.655791 0.709219
v 0.224470 0.651799 0.772766
v 0.190471 0.640205 0.836724
v -0.235130 0.741559 0.481674
v -0.276392 0.706908 0.550717
v -0.306129 0.669017 0.615947
v 0.497689 0.646241 1.018038
v 0.381956 0.669957 0.996935
v 0.269672 0.646646 0.949757
v -0.260392 -0.847464 -0.015378
v -0.105079 -0.882230 -0.050206
v 0.058956 -0.803965 -0.066697
v -0.146604 -0.905461 0.085153
v -0.004984 -0.833069 0.046656
v 0.123518 -0.767680 0.020135
v -0.027566 -0.840120 0.171329
v 0.085534 -0.792368 0.127219
v 0.189836 -0.752710 0.094367
v 0.647029 -0.664176 -0.054079
v 0.642387 -0.663485 0.040172
v 0.627117 -0.670507 0.128987
v 0.504855 -0.664965 -0.070184
v 0.512867 -0.659209 0.019417
v 0.509573 -0.661378 0.103003
v 0.357787 -0.687943 -0.078316
v 0.382357 -0.682551 0.006931
v 0.396494 -0.687585 0.083037
v 0.422830 -0.732893 0.430208
v 0.312179 -0.740362 0.371664
v 0.198493 -0.758374 0.312144
v 0.491430 -0.708771 0.360320
v 0.384306 -0.710140 0.309982
v 0.280795 -0.736996 0.255758
v 0.551554 -0.691301 0.288254
v 0.446115 -0.693685 0.246113
v 0.345306 -0.707559 0.203717
v -1.415310 -0.717196 -0.291061
v -1.239187 -0.697599 -0.336930
v -1.054581 -0.679789 -0.368776
v -1.227687 -0.674567 -0.167593
v -1.088538 -0.659246 -0.220677
v -0.927656 -0.654463 -0.259532
v -1.059851 -0.668055 -0.053278
v -0.940333 -0.658165 -0.108059
v -0.799965 -0.679838 -0.151169
v -0.651941 -0.732585 -0.425769
v -0.431531 -0.703760 -0.448830
v -0.219790 -0.690752 -0.457700
v -0.560333 -0.753692 -0.325203
v -0.356625 -0.721643 -0.348577
v -0.159015 -0.737551 -0.363858
v -0.464257 -0.769334 -0.224536
v -0.279051 -0.759686 -0.250761
v -0.094298 -0.802737 -0.271103
v -0.747881 -0.740164 0.186485
v -0.649628 -0.756055 0.123831
v -0.534741 -0.786202 0.072718
v -0.581345 -0.687612 0.285159
v -0.497823 -0.741076 0.231592
v -0.400823 -0.808534 0.185889
v -0.434536 -0.695920 0.385515
v -0.357256 -0.752845 0.334716
v -0.266332 -0.820217 0.287657
v 1.286344 -0.653566 -0.417401
v 1.261853 -0.679093 -0.281826
v 1.231500 -0.713801 -0.155959
v 1.154012 -0.727557 -0.445488
v 1.130839 -0.746436 -0.319164
v 1.100536 -0.742746 -0.196292
v 0.985695 -0.770700 -0.460631
v 0.967493 -0.730124 -0.339316
v 0.951136 -0.703452 -0.222566
v 1.154254 -0.769658 0.096500
v 1.106513 -0.721276 0.210036
v 1.057813 -0.688674 0.314386
v 1.028148 -0.744998 0.039979
v 1.000415 -0.732575 0.151569
v 0.964766 -0.735310 0.259340
v 0.910469 -0.699696 -0.000287
v 0.885018 -0.699577 0.103737
v 0.851530 -0.716519 0.202957
v 0.616226 -0.725551 -0.470746
v 0.627970 -0.693307 -0.361301
v 0.637811 -0.675960 -0.255409
v 0.423003 -0.747084 -0.472950
v 0.448252 -0.717321 -0.364086
v 0.469847 -0.690258 -0.262941
v 0.213410 -0.795584 -0.479354
v 0.257444 -0.768241 -0.368708
v 0.298064 -0.742028 -0.265096
v 0.503963 -0.679510 0.851408
v 0.431620 -0.686495 0.816225
v 0.345670 -0.712314 0.780627
v 0.569337 -0.668575 0.802538
v 0.497795 -0.683452 0.760732
v 0.412346 -0.706255 0.719366
v 0.640474 -0.657866 0.752973
v 0.566824 -0.674840 0.706681
v 0.483213 -0.705076 0.662577
v 0.127305 -0.791590 0.696753
v -0.012577 -0.817961 0.638067
v -0.148846 -0.750402 0.554233
v 0.202348 -0.787899 0.628942
v 0.069502 -0.845962 0.574261
v -0.077219 -0.829091 0.503812
v 0.275504 -0.768712 0.562399
v 0.155876 -0.809893 0.501152
v 0.019333 -0.837558 0.438342
v 0.795739 -0.655639 0.636992
v 0.715699 -0.683730 0.588395
v 0.625997 -0.705546 0.540367
v 0.869685 -0.650810 0.567876
v 0.792830 -0.696631 0.522538
v 0.698256 -0.733931 0.470959
v 0.938578 -0.654297 0.491707
v 0.862069 -0.705229 0.445176
v 0.763802 -0.748151 0.388484
v -0.544461 -0.506984 -0.744232
v -0.478947 -0.467161 -0.760938
v -0.400696 -0.434950 -0.780277
v -0.373119 -0.512378 -0.741833
v -0.323921 -0.479992 -0.763479
v -0.263247 -0.453682 -0.787503
v -0.201431 -0.520523 -0.748451
v -0.172145 -0.499005 -0.782000
v -0.134483 -0.477576 -0.810367
v 0.047043 -0.332036 -0.916168
v 0.158816 -0.364708 -0.918169
v 0.258273 -0.403759 -0.924943
v -0.087790 -0.374021 -0.895131
v 0.029660 -0.399370 -0.903751
v 0.130301 -0.427796 -0.907447
v -0.207427 -0.395222 -0.852563
v -0.090579 -0.420048 -0.859117
v 0.014124 -0.445002 -0.867830
v 0.489047 -0.636574 -0.955554
v 0.319582 -0.615993 -0.900670
v 0.147121 -0.580983 -0.834327
v 0.449446 -0.565325 -0.967822
v 0.292933 -0.563088 -0.925270
v 0.140398 -0.544567 -0.861358
v 0.399154 -0.504024 -0.971078
v 0.260415 -0.509138 -0.924587
v 0.124379 -0.509842 -0.881750
v -1.568927 -0.719133 -0.602105
v -1.494754 -0.635586 -0.674252
v -1.416063 -0.566617 -0.714335
v -1.351253 -0.686910 -0.585310
v -1.296571 -0.633205 -0.654063
v -1.232003 -0.586479 -0.706568
v -1.143309 -0.650454 -0.570427
v -1.097853 -0.615074 -0.631976
v -1.043221 -0.582315 -0.685911
v -1.229131 -0.470149 -0.806169
v -1.118775 -0.437189 -0.857715
v -0.996490 -0.393926 -0.889339
v -1.065259 -0.498573 -0.796355
v -0.962328 -0.458355 -0.837986
v -0.845250 -0.420158 -0.881597
v -0.897384 -0.508387 -0.784767
v -0.801754 -0.473751 -0.826500
v -0.691999 -0.418270 -0.826775
v -0.716418 -0.664160 -0.597283
v -0.685175 -0.618674 -0.641412
v -0.646672 -0.581388 -0.678749
v -0.488139 -0.642360 -0.598511
v -0.468714 -0.603873 -0.639024
v -0.443712 -0.568758 -0.673907
v -0.271465 -0.632610 -0.602153
v -0.260163 -0.599761 -0.641954
v -0.245229 -0.572432 -0.681183
v 0.085414 -0.042097 -0.941122
v 0.212722 -0.081083 -0.945392
v 0.338434 -0.123417 -0.965060
v -0.045833 -0.079756 -0.934583
v 0.081579 -0.116472 -0.933926
v 0.206923 -0.154779 -0.933653
v -0.182492 -0.123235 -0.949344
v -0.050710 -0.155131 -0.945385
v 0.073992 -0.189822 -0.931538
v 0.579177 -0.224950 -1.045660
v 0.696451 -0.290205 -1.111765
v 0.816334 -0.336344 -1.099832
v 0.447057 -0.246919 -0.982413
v 0.556173 -0.303234 -1.029627
v 0.662129 -0.368130 -1.082163
v 0.312430 -0.270345 -0.947016
v 0.421861 -0.318826 -0.976796
v 0.519223 -0.374944 -1.020307
v -0.459944 -0.214842 -0.921539
v -0.332181 -0.253089 -0.920148
v -0.202518 -0.279341 -0.913700
v -0.593932 -0.250051 -0.901426
v -0.462113 -0.276710 -0.876863
v -0.334379 -0.310455 -0.876088
v -0.728886 -0.298243 -0.908673
v -0.592772 -0.311001 -0.858109
v -0.458087 -0.334284 -0.839604
v 1.297243 -0.609027 -0.647329
v 1.152924 -0.683196 -0.677326
v 0.986826 -0.784880 -0.717604
v 1.282634 -0.592197 -0.722414
v 1.129828 -0.660255 -0.753526
v 0.962987 -0.759756 -0.800231
v 1.253696 -0.573116 -0.793088
v 1.098354 -0.639102 -0.823803
v 0.932877 -0.736183 -0.873136
v 0.590453 -0.773869 -0.690005
v 0.382100 -0.774179 -0.693103
v 0.163006 -0.730785 -0.668055
v 0.574623 -0.759395 -0.767295
v 0.368415 -0.765155 -0.769530
v 0.156409 -0.692773 -0.718699
v 0.554423 -0.733611 -0.836362
v 0.352902 -0.750464 -0.840806
v 0.151806 -0.656759 -0.762115
v 1.154047 -0.511630 -0.932186
v 1.003159 -0.577162 -0.973603
v 0.841209 -0.644768 -1.019047
v 1.086786 -0.472933 -0.999277
v 0.935453 -0.523991 -1.026190
v 0.777678 -0.578545 -1.067999
v 1.008232 -0.424025 -1.042700
v 0.859306 -0.470015 -1.063140
v 0.700763 -0.509960 -1.077109
v -1.689441 0.322214 -0.925847
v -1.596904 0.296297 -0.990199
v -1.496808 0.255743 -1.039487
v -1.767309 0.256962 -0.958266
v -1.672982 0.233737 -1.010012
v -1.575702 0.197397 -1.058836
v -1.827567 0.175080 -0.981719
v -1.730889 0.164099 -1.036881
v -1.631409 0.132604 -1.070532
v -1.123911 0.033389 -1.044558
v -1.231113 -0.006384 -1.015175
v -1.338089 -0.047255 -0.990248
v -1.213072 0.087439 -1.033799
v -1.312580 0.043055 -1.027455
v -1.407528 -0.002553 -1.012402
v -1.302787 0.139679 -1.040375
v -1.392775 0.092299 -1.044127
v -1.472691 0.046237 -1.026028
v -1.818789 -0.170182 -0.992661
v -1.856327 -0.088409 -0.983160
v -1.869702 -0.006797 -0.976468
v -1.677544 -0.145133 -0.979279
v -1.727307 -0.077776 -1.009205
v -1.758253 -0.004836 -1.031003
v -1.558926 -0.114197 -0.963869
v -1.609108 -0.060289 -0.994431
v -1.642791 -0.004555 -1.028409
v -1.453611 0.589273 -0.447569
v -1.427229 0.597186 -0.554085
v -1.395686 0.612215 -0.662675
v -1.613206 0.544353 -0.491282
v -1.569167 0.540662 -0.583684
v -1.522872 0.542744 -0.678499
v -1.762296 0.497225 -0.543867
v -1.703879 0.489136 -0.626357
v -1.644789 0.483214 -0.709231
v -1.265018 0.546401 -0.854595
v -1.185463 0.502263 -0.926686
v -1.093456 0.453976 -0.990214
v -1.385883 0.500772 -0.870888
v -1.297261 0.447715 -0.928019
v -1.206812 0.400008 -0.985891
v -1.499841 0.452156 -0.891712
v -1.404088 0.400997 -0.946430
v -1.310732 0.353521 -0.997297
v -2.035324 0.413301 -0.680121
v -1.947043 0.390320 -0.745923
v -1.864301 0.369471 -0.803268
v -2.141452 0.318147 -0.731176
v -2.056561 0.314279 -0.818520
v -1.961584 0.297795 -0.864536
v -2.209073 0.186984 -0.739377
v -2.108273 0.176123 -0.803320
v -2.027574 0.179529 -0.873739
v -0.168743 0.033790 -0.939185
v -0.300560 -0.006019 -0.975691
v -0.437658 -0.059543 -1.003515
v -0.289480 0.075195 -0.980878
v -0.423652 0.031032 -1.026298
v -0.556584 -0.019792 -1.022621
v -0.412932 0.119741 -1.022828
v -0.545803 0.070195 -1.055085
v -0.673686 0.027595 -1.043746
v -0.704881 -0.141124 -0.977246
v -0.844418 -0.189562 -0.994004
v -0.979634 -0.226378 -0.953778
v -0.821101 -0.103482 -1.027785
v -0.952394 -0.141938 -0.986987
v -1.080632 -0.183123 -0.963934
v -0.929727 -0.058325 -1.024395
v -1.050400 -0.098190 -0.991726
v -1.175468 -0.141026 -0.977129
v -0.661605 0.229592 -1.099718
v -0.788506 0.180625 -1.114961
v -0.907332 0.127044 -1.086023
v -0.779583 0.290904 -1.086773
v -0.902388 0.235398 -1.095887
v -1.011896 0.180797 -1.071911
v -0.888159 0.346658 -1.068914
v -1.006107 0.287202 -1.065947
v -1.111219 0.235157 -1.056414
v -1.938114 -0.700253 -0.687498
v -2.049867 -0.555303 -0.696458
v -2.127711 -0.434055 -0.687268
v -1.829744 -0.600897 -0.759206
v -1.952294 -0.522821 -0.793885
v -2.033843 -0.407287 -0.773004
v -1.717571 -0.523246 -0.792692
v -1.839997 -0.482649 -0.860599
v -1.937466 -0.391399 -0.864448
v -2.236303 -0.229639 -0.697686
v -2.252688 -0.131020 -0.700838
v -2.248172 -0.032360 -0.704518
v -2.126982 -0.210316 -0.753699
v -2.144385 -0.119897 -0.754585
v -2.144477 -0.028884 -0.761656
v -2.030881 -0.195676 -0.817998
v -2.051937 -0.108914 -0.818102
v -2.058880 -0.021537 -0.828251
v -1.488096 -0.387322 -0.825831
v -1.584101 -0.345190 -0.862792
v -1.670825 -0.296351 -0.901798
v -1.366266 -0.340412 -0.848699
v -1.459617 -0.295178 -0.868401
v -1.543103 -0.252471 -0.903445
v -1.244419 -0.309282 -0.897716
v -1.334954 -0.258514 -0.895584
v -1.418957 -0.212494 -0.911023
v -0.364233 0.658371 -0.767246
v -0.202561 0.624415 -0.733029
v -0.059553 0.576676 -0.700965
v -0.326298 0.618726 -0.810284
v -0.180746 0.593210 -0.773566
v -0.050948 0.558936 -0.740461
v -0.273683 0.575470 -0.844046
v -0.148304 0.553761 -0.801674
v -0.034171 0.535848 -0.770344
v 0.518762 0.566462 -0.721677
v 0.469103 0.535387 -0.756855
v 0.410970 0.506791 -0.788391
v 0.372484 0.560160 -0.703064
v 0.336179 0.530277 -0.735050
v 0.291401 0.510093 -0.767258
v 0.229505 0.551050 -0.689349
v 0.206680 0.532752 -0.725098
v 0.179468 0.515551 -0.755938
v 0.064525 0.399768 -0.885732
v -0.037463 0.438877 -0.880430
v -0.128156 0.485660 -0.879646
v 0.167744 0.423645 -0.855865
v 0.066157 0.455368 -0.848533
v -0.023281 0.486235 -0.838096
v 0.260654 0.457039 -0.841944
v 0.157361 0.470297 -0.820066
v 0.068030 0.491707 -0.808140
v -1.122545 0.749706 -0.440634
v -0.927526 0.768199 -0.460111
v -0.738925 0.715624 -0.468337
v -1.121697 0.751693 -0.557356
v -0.935289 0.768322 -0.560712
v -0.750666 0.723987 -0.554894
v -1.099611 0.745003 -0.673965
v -0.918962 0.762511 -0.663095
v -0.742829 0.725089 -0.642934
v -0.389280 0.697916 -0.491905
v -0.208746 0.697390 -0.507343
v -0.027429 0.650447 -0.502614
v -0.402640 0.694100 -0.564051
v -0.222061 0.677399 -0.568026
v -0.045076 0.629658 -0.557446
v -0.403752 0.695556 -0.635832
v -0.225667 0.657411 -0.624728
v -0.054200 0.620136 -0.612994
v -0.987014 0.643081 -0.847874
v -0.829271 0.644535 -0.821660
v -0.679979 0.649005 -0.799693
v -0.908604 0.570352 -0.890735
v -0.765238 0.580044 -0.864203
v -0.625520 0.596191 -0.849164
v -0.823854 0.508837 -0.928550
v -0.690300 0.524580 -0.900946
v -0.558735 0.553777 -0.896386
v 1.310401 0.532033 -0.435039
v 1.268192 0.517399 -0.520564
v 1.219824 0.508846 -0.600715
v 1.170493 0.584424 -0.461745
v 1.138623 0.578284 -0.543437
v 1.091287 0.564217 -0.618171
v 1.034960 0.666498 -0.501251
v 0.998939 0.648041 -0.575856
v 0.947348 0.625625 -0.646281
v 1.098561 0.486166 -0.746999
v 1.023185 0.466717 -0.814106
v 0.944391 0.453508 -0.889168
v 0.974755 0.544471 -0.768672
v 0.902385 0.536274 -0.848596
v 0.816781 0.531350 -0.929119
v 0.831771 0.617477 -0.801711
v 0.751632 0.572326 -0.842203
v 0.670820 0.509490 -0.860601
v 0.669529 0.708805 -0.526738
v 0.638280 0.665965 -0.581260
v 0.601866 0.631949 -0.634294
v 0.492711 0.655494 -0.510230
v 0.466069 0.625977 -0.563528
v 0.435359 0.609414 -0.617087
v 0.318974 0.632605 -0.501791
v 0.295601 0.610723 -0.555048
v 0.273362 0.583182 -0.601512
v 0.078850 0.106681 -0.932851
v -0.044134 0.145164 -0.926868
v -0.165491 0.187365 -0.944291
v 0.194128 0.144697 -0.943004
v 0.073124 0.180846 -0.936361
v -0.047441 0.219498 -0.921163
v 0.308583 0.185072 -0.950012
v 0.187187 0.218047 -0.934103
v 0.067982 0.255228 -0.935364
v -0.405059 0.290953 -1.004697
v -0.525869 0.364935 -1.042493
v -0.635980 0.406288 -0.990452
v -0.283314 0.314212 -0.957825
v -0.396489 0.377264 -0.995268
v -0.509454 0.438997 -0.982702
v -0.162724 0.339884 -0.933973
v -0.272889 0.395015 -0.949957
v -0.379483 0.466445 -0.975292
v 0.529274 0.289312 -1.000989
v 0.409370 0.315259 -0.961559
v 0.289474 0.345521 -0.937857
v 0.638640 0.347325 -1.005515
v 0.517012 0.359604 -0.945715
v 0.395910 0.379681 -0.906140
v 0.748579 0.409307 -1.009418
v 0.618985 0.405002 -0.936111
v 0.494251 0.417076 -0.891546
v 1.655902 -0.131176 -0.835876
v 1.583132 -0.107602 -0.847875
v 1.512921 -0.083543 -0.866912
v 1.690471 -0.071428 -0.825146
v 1.618444 -0.057561 -0.831069
v 1.551845 -0.040391 -0.847631
v 1.706488 -0.014587 -0.804445
v 1.637779 -0.009984 -0.813146
v 1.576271 -0.000816 -0.830163
v 1.205330 0.041806 -0.937882
v 1.273769 0.072345 -0.893004
v 1.345595 0.105604 -0.871924
v 1.286762 0.003923 -0.911320
v 1.354324 0.042592 -0.897737
v 1.412068 0.070931 -0.866169
v 1.369272 -0.027079 -0.907740
v 1.423411 0.009234 -0.883357
v 1.466224 0.036809 -0.850231
v 1.607401 0.176063 -0.731716
v 1.653211 0.132626 -0.745257
v 1.688058 0.090372 -0.768659
v 1.542413 0.161536 -0.769597
v 1.589826 0.120929 -0.777652
v 1.623026 0.079101 -0.786254
v 1.476300 0.144942 -0.802305
v 1.526701 0.106733 -0.803638
v 1.563475 0.070615 -0.808255
v 1.544718 -0.467953 -0.609054
v 1.539855 -0.463105 -0.691522
v 1.513031 -0.447817 -0.769159
v 1.629632 -0.388937 -0.598391
v 1.610711 -0.378925 -0.675714
v 1.585902 -0.369553 -0.749752
v 1.709897 -0.327629 -0.597106
v 1.680339 -0.312267 -0.669520
v 1.647718 -0.299374 -0.735600
v 1.401223 -0.379624 -0.900747
v 1.330877 -0.334019 -0.949637
v 1.249081 -0.287933 -0.975810
v 1.483989 -0.316163 -0.889092
v 1.407237 -0.269310 -0.918195
v 1.327968 -0.230383 -0.939606
v 1.550550 -0.252657 -0.865980
v 1.475245 -0.212524 -0.891351
v 1.399378 -0.178619 -0.913268
v 1.839058 -0.202585 -0.594284
v 1.809985 -0.194119 -0.669666
v 1.776992 -0.183093 -0.739753
v 1.887514 -0.130256 -0.589388
v 1.863832 -0.123987 -0.670824
v 1.823504 -0.111393 -0.742043
v 1.916067 -0.051298 -0.582381
v 1.895125 -0.045010 -0.667639
v 1.835193 -0.033047 -0.725453
v 0.328002 0.033315 -0.965085
v 0.442412 0.074688 -0.984412
v 0.555513 0.119813 -1.015251
v 0.455873 -0.004887 -0.995232
v 0.571718 0.038001 -1.017476
v 0.680009 0.086385 -1.072876
v 0.583818 -0.045346 -1.037554
v 0.696309 0.000317 -1.081341
v 0.812414 0.049693 -1.126238
v 0.789271 0.236217 -1.110470
v 0.900067 0.263567 -1.024551
v 0.987614 0.284061 -0.945105
v 0.910170 0.175943 -1.039109
v 1.005733 0.206598 -0.975809
v 1.090793 0.230998 -0.914366
v 1.009534 0.122559 -0.981055
v 1.101068 0.155795 -0.936866
v 1.183857 0.183713 -0.891523
v 0.842961 -0.138989 -1.129304
v 0.949094 -0.083225 -1.073512
v 1.036812 -0.039943 -1.008661
v 0.958957 -0.177558 -1.078924
v 1.050587 -0.123813 -1.017168
v 1.134823 -0.078899 -0.970425
v 1.065562 -0.212415 -1.038051
v 1.153895 -0.157736 -0.993500
v 1.229279 -0.113446 -0.947193
v 1.558485 0.478576 -0.447118
v 1.649224 0.429294 -0.468552
v 1.735075 0.387766 -0.496082
v 1.503164 0.450361 -0.530008
v 1.599566 0.411795 -0.551362
v 1.686918 0.371535 -0.579217
v 1.445278 0.422281 -0.603174
v 1.541298 0.380329 -0.618816
v 1.622561 0.334023 -0.638526
v 1.887513 0.281715 -0.550958
v 1.932339 0.200802 -0.566429
v 1.936339 0.112394 -0.568909
v 1.811400 0.252776 -0.619665
v 1.862211 0.191282 -0.642666
v 1.889680 0.115887 -0.650347
v 1.744135 0.227482 -0.670033
v 1.789685 0.172413 -0.688456
v 1.821429 0.109996 -0.703971
v 1.316792 0.376936 -0.732695
v 1.408683 0.324727 -0.732592
v 1.484713 0.271314 -0.726308
v 1.243248 0.352255 -0.786437
v 1.336280 0.301737 -0.780253
v 1.415154 0.251990 -0.772174
v 1.165291 0.330796 -0.841546
v 1.259782 0.280528 -0.826619
v 1.340591 0.229906 -0.809928
v -0.074452 0.747417 -0.060597
v 0.003658 0.777246 0.007356
v 0.091809 0.822567 0.082867
v 0.048838 0.794798 -0.094615
v 0.113054 0.828834 -0.025608
v 0.190600 0.822829 0.047805
v 0.184720 0.811361 -0.119791
v 0.232000 0.848947 -0.050041
v 0.284865 0.833454 0.020089
v 0.505318 0.768433 0.311659
v 0.567213 0.805937 0.256822
v 0.621819 0.849305 0.200294
v 0.398142 0.774665 0.262011
v 0.463874 0.796534 0.209074
v 0.520637 0.828430 0.156960
v 0.293470 0.784574 0.210640
v 0.364804 0.796374 0.160997
v 0.425351 0.823694 0.118355
v 0.749891 0.944557 -0.114915
v 0.600450 0.874266 -0.122053
v 0.458400 0.837606 -0.132285
v 0.734145 0.965298 -0.024629
v 0.599838 0.916269 -0.046426
v 0.474581 0.874487 -0.059953
v 0.705436 0.925205 0.065850
v 0.588637 0.889978 0.035144
v 0.480725 0.862660 0.012233
v -0.981314 0.735357 -0.226920
v -0.854030 0.712140 -0.131227
v -0.727553 0.676410 -0.044448
v -0.813588 0.716993 -0.268534
v -0.719024 0.682453 -0.180257
v -0.613316 0.667423 -0.096546
v -0.648856 0.686230 -0.298482
v -0.573306 0.688832 -0.215771
v -0.487019 0.681019 -0.137081
v -0.485462 0.696952 0.112734
v -0.364869 0.685512 0.190443
v -0.245677 0.720231 0.267741
v -0.397377 0.699632 0.058869
v -0.287986 0.716490 0.133953
v -0.169815 0.727562 0.212278
v -0.297828 0.703699 0.012776
v -0.197352 0.724354 0.086379
v -0.088502 0.753047 0.162926
v -0.323143 0.698242 -0.344305
v -0.271391 0.697333 -0.271607
v -0.212287 0.709756 -0.199920
v -0.151902 0.735290 -0.372380
v -0.110054 0.738673 -0.301063
v -0.063848 0.764106 -0.232952
v 0.026803 0.705096 -0.384657
v 0.060789 0.727709 -0.319447
v 0.099002 0.748456 -0.251364
v 0.635960 0.687596 0.739256
v 0.691125 0.697410 0.694465
v 0.750749 0.702257 0.645039
v 0.555400 0.711576 0.697229
v 0.613051 0.715373 0.646438
v 0.676780 0.730471 0.597071
v 0.458783 0.708697 0.645981
v 0.516839 0.730491 0.594030
v 0.581317 0.753341 0.540686
v 0.878849 0.724979 0.533056
v 0.943264 0.755552 0.474002
v 1.007102 0.776957 0.404210
v 0.804057 0.754592 0.481875
v 0.866943 0.780022 0.420764
v 0.927961 0.806706 0.352898
v 0.713620 0.782842 0.427469
v 0.778233 0.817770 0.373299
v 0.838595 0.838362 0.303972
v 0.249414 0.696814 0.536837
v 0.307786 0.718145 0.480851
v 0.371672 0.728712 0.423926
v 0.135485 0.691678 0.476557
v 0.196667 0.713075 0.421086
v 0.262062 0.729023 0.366128
v 0.014506 0.715974 0.417156
v 0.079106 0.725731 0.359659
v 0.148715 0.746846 0.308334
v 1.328202 0.594503 -0.259902
v 1.194507 0.632035 -0.302696
v 1.058958 0.695367 -0.345551
v 1.306784 0.639212 -0.177864
v 1.188349 0.674467 -0.226321
v 1.059376 0.727072 -0.270056
v 1.284317 0.691911 -0.099441
v 1.170097 0.711662 -0.145511
v 1.052686 0.766665 -0.194787
v 0.719164 0.794001 -0.407809
v 0.538096 0.725471 -0.393354
v 0.366965 0.691037 -0.387310
v 0.735945 0.825599 -0.335739
v 0.557901 0.761450 -0.329159
v 0.391132 0.725809 -0.326772
v 0.746597 0.866784 -0.265485
v 0.575153 0.798605 -0.262463
v 0.414254 0.765919 -0.265334
v 1.225798 0.792240 0.066038
v 1.127345 0.815185 0.010155
v 1.019903 0.853124 -0.039185
v 1.192140 0.861512 0.152745
v 1.098903 0.883694 0.095168
v 0.991199 0.902062 0.049225
v 1.133906 0.860076 0.252174
v 1.046173 0.890560 0.197154
v 0.947275 0.913136 0.146999
v 1.298985 -0.472704 0.562857
v 1.248213 -0.438284 0.638005
v 1.208944 -0.409448 0.724188
v 1.247397 -0.483046 0.626529
v 1.221580 -0.454884 0.700853
v 1.194530 -0.426498 0.778462
v 1.201200 -0.493073 0.693705
v 1.193323 -0.473037 0.763337
v 1.163584 -0.445234 0.823099
v 0.958006 -0.295384 1.088113
v 0.960885 -0.335675 1.110935
v 0.963850 -0.386907 1.119601
v 1.041889 -0.320831 0.993824
v 1.036226 -0.353845 1.020043
v 1.037014 -0.393473 1.038122
v 1.098078 -0.353032 0.896514
v 1.098067 -0.374151 0.933919
v 1.094901 -0.403696 0.959594
v 0.965067 -0.555091 0.967131
v 1.036353 -0.537304 0.900256
v 1.100633 -0.523152 0.832978
v 0.968535 -0.534093 1.025288
v 1.041203 -0.522292 0.957935
v 1.094624 -0.499551 0.885664
v 0.964193 -0.492360 1.071263
v 1.033435 -0.483058 0.999982
v 1.092703 -0.476822 0.934254
v 1.458233 -0.542090 -0.247578
v 1.505448 -0.509296 -0.115847
v 1.533310 -0.481004 0.018899
v 1.436257 -0.592677 -0.130402
v 1.484915 -0.561841 -0.015935
v 1.523062 -0.536680 0.114385
v 1.413622 -0.649171 -0.010685
v 1.459683 -0.615842 0.099450
v 1.483981 -0.573236 0.219620
v 1.516022 -0.402357 0.303366
v 1.423534 -0.348760 0.411084
v 1.324343 -0.309774 0.503349
v 1.455099 -0.422065 0.366986
v 1.366865 -0.373361 0.459517
v 1.281920 -0.340396 0.554071
v 1.394549 -0.439906 0.428015
v 1.322852 -0.397707 0.518299
v 1.247121 -0.368487 0.608482
v 1.298159 -0.662995 0.233855
v 1.327093 -0.610662 0.313930
v 1.336906 -0.562886 0.397964
v 1.234995 -0.637563 0.336143
v 1.262160 -0.593948 0.406222
v 1.275469 -0.558690 0.482090
v 1.171716 -0.611008 0.427715
v 1.203015 -0.589233 0.497068
v 1.216176 -0.556159 0.563341
v 0.452378 -0.041248 1.232415
v 0.445903 -0.092996 1.266249
v 0.453331 -0.145073 1.292415
v 0.608672 -0.066097 1.171746
v 0.595503 -0.108523 1.212195
v 0.595088 -0.154930 1.242246
v 0.748530 -0.094493 1.105460
v 0.728543 -0.135679 1.142177
v 0.725924 -0.173427 1.181260
v 0.486763 -0.256774 1.331373
v 0.503469 -0.321296 1.327196
v 0.520642 -0.385181 1.311840
v 0.617504 -0.255269 1.291644
v 0.632791 -0.316356 1.306773
v 0.641939 -0.382140 1.288031
v 0.738193 -0.262860 1.236523
v 0.746188 -0.319448 1.246981
v 0.756116 -0.381355 1.247530
v 1.002728 -0.169245 0.934353
v 0.979871 -0.198897 0.980379
v 0.966648 -0.229651 1.022062
v 1.086971 -0.210190 0.821398
v 1.065883 -0.240810 0.870391
v 1.054543 -0.267860 0.917302
v 1.163898 -0.246141 0.712951
v 1.133302 -0.279106 0.759795
v 1.117078 -0.306864 0.809457
v 0.576571 -0.653848 0.933016
v 0.661114 -0.670141 0.905466
v 0.744192 -0.641820 0.856212
v 0.584569 -0.644547 0.986034
v 0.679005 -0.652023 0.960802
v 0.771044 -0.634370 0.912335
v 0.585695 -0.629470 1.040652
v 0.685298 -0.630755 1.015186
v 0.784981 -0.625699 0.971046
v 0.897256 -0.597334 0.737388
v 0.972275 -0.593532 0.670245
v 1.043695 -0.594938 0.596971
v 0.925498 -0.581414 0.792857
v 1.002817 -0.582905 0.728256
v 1.074464 -0.582482 0.657481
v 0.945220 -0.572954 0.849847
v 1.020688 -0.563567 0.785099
v 1.089065 -0.553153 0.714389
v 0.574448 -0.576235 1.145819
v 0.678942 -0.577454 1.123244
v 0.786382 -0.585975 1.090606
v 0.563459 -0.534369 1.191245
v 0.670849 -0.537170 1.171389
v 0.780402 -0.549814 1.145489
v 0.551964 -0.499402 1.244900
v 0.661516 -0.493759 1.217468
v 0.771915 -0.500642 1.189771
v 1.720858 -0.141249 0.017713
v 1.741893 -0.085430 -0.001147
v 1.778304 -0.037803 -0.003317
v 1.684754 -0.124251 0.133719
v 1.708724 -0.075516 0.107429
v 1.737152 -0.029474 0.095233
v 1.652914 -0.107871 0.258059
v 1.678854 -0.062960 0.218436
v 1.713573 -0.024861 0.196497
v 1.792204 0.195304 0.083949
v 1.753460 0.178158 0.194747
v 1.709112 0.157866 0.306779
v 1.799537 0.134113 0.046622
v 1.752042 0.124141 0.147227
v 1.724344 0.107648 0.254264
v 1.794273 0.077823 0.016067
v 1.762742 0.072506 0.116926
v 1.723995 0.065550 0.210329
v 1.350486 0.031947 0.588482
v 1.422136 -0.003375 0.518564
v 1.507754 -0.042903 0.456582
v 1.449771 0.058814 0.546698
v 1.512411 0.024889 0.483962
v 1.584988 -0.008797 0.418519
v 1.550936 0.091077 0.493655
v 1.604845 0.058392 0.434990
v 1.648766 0.023527 0.369163
v 1.565268 -0.430311 -0.382352
v 1.642390 -0.368426 -0.394238
v 1.712095 -0.307982 -0.401670
v 1.584900 -0.403172 -0.244725
v 1.642341 -0.346000 -0.273624
v 1.690911 -0.281327 -0.294376
v 1.596192 -0.381849 -0.110140
v 1.636951 -0.325638 -0.149503
v 1.681026 -0.268909 -0.177518
v 1.821069 -0.182544 -0.408335
v 1.867215 -0.120131 -0.403549
v 1.901424 -0.052378 -0.395633
v 1.796494 -0.170004 -0.309042
v 1.830334 -0.105881 -0.310621
v 1.864500 -0.044780 -0.303483
v 1.766971 -0.156777 -0.206902
v 1.805428 -0.100828 -0.210292
v 1.834817 -0.041444 -0.207164
v 1.586611 -0.334989 0.170344
v 1.610943 -0.285929 0.115207
v 1.645150 -0.237835 0.073142
v 1.544820 -0.296626 0.317319
v 1.598583 -0.265955 0.270697
v 1.620082 -0.217423 0.212198
v 1.437417 -0.249916 0.423587
v 1.499344 -0.217608 0.384453
v 1.569224 -0.186353 0.351095
v 1.642427 0.483627 -0.237010
v 1.664519 0.468271 -0.124290
v 1.676719 0.452699 -0.007419
v 1.722286 0.446732 -0.270799
v 1.730855 0.429885 -0.160195
v 1.730241 0.410308 -0.046098
v 1.784511 0.383923 -0.296940
v 1.784501 0.371342 -0.189212
v 1.783261 0.361286 -0.076800
v 1.664480 0.400480 0.249095
v 1.639225 0.368649 0.393526
v 1.552208 0.331834 0.505132
v 1.694926 0.356066 0.199351
v 1.670764 0.327722 0.336917
v 1.613957 0.293393 0.469948
v 1.725967 0.307939 0.156107
v 1.695874 0.281668 0.283160
v 1.658206 0.251021 0.420583
v 1.911193 0.258370 -0.335353
v 1.896815 0.243693 -0.230183
v 1.870087 0.227968 -0.126666
v 1.930631 0.174127 -0.353793
v 1.894648 0.162811 -0.257086
v 1.878000 0.152593 -0.154537
v 1.930555 0.095896 -0.371315
v 1.893647 0.091236 -0.277707
v 1.868186 0.085775 -0.179966
v 0.599267 0.042926 1.127118
v 0.725887 0.010267 1.075500
v 0.861868 -0.019393 1.024201
v 0.730592 0.075433 1.070714
v 0.830032 0.041827 1.019996
v 0.948319 0.006701 0.961819
v 0.864983 0.106854 1.010225
v 0.954386 0.070292 0.967108
v 1.037034 0.036924 0.884059
v 1.070558 -0.106499 0.818216
v 1.157723 -0.143755 0.715615
v 1.235342 -0.175723 0.606814
v 1.130249 -0.072988 0.762923
v 1.209611 -0.107286 0.661890
v 1.293929 -0.140082 0.563778
v 1.191610 -0.036668 0.699857
v 1.272721 -0.071689 0.611394
v 1.354953 -0.103464 0.518151
v 1.137099 0.165593 0.876909
v 1.181945 0.130876 0.807684
v 1.234306 0.096741 0.737720
v 1.257414 0.190113 0.795301
v 1.293611 0.160074 0.731100
v 1.338231 0.128581 0.667649
v 1.375070 0.232681 0.711670
v 1.406554 0.200353 0.653693
v 1.450640 0.162449 0.601782
v 1.389882 0.569020 0.551369
v 1.353290 0.595005 0.608649
v 1.310372 0.626523 0.673592
v 1.360917 0.530001 0.640129
v 1.330437 0.557667 0.692506
v 1.283312 0.583286 0.742744
v 1.321908 0.489740 0.736956
v 1.283732 0.517638 0.771741
v 1.241168 0.543167 0.802531
v 1.015228 0.598176 0.878502
v 1.009014 0.585542 0.936390
v 1.000251 0.555390 0.983652
v 1.089739 0.618723 0.830860
v 1.081061 0.591147 0.883148
v 1.069878 0.557049 0.925931
v 1.164168 0.638180 0.783421
v 1.151849 0.600111 0.834691
v 1.140535 0.569817 0.883162
v 0.995073 0.390859 1.055354
v 1.082017 0.411006 0.974173
v 1.159698 0.433294 0.890087
v 0.996847 0.433311 1.063067
v 1.070231 0.446846 0.979675
v 1.145173 0.463740 0.907350
v 0.992975 0.477253 1.049049
v 1.066499 0.484771 0.979390
v 1.138048 0.496311 0.920920
v 1.521699 0.567841 -0.119160
v 1.486760 0.620934 -0.042785
v 1.454744 0.672444 0.038191
v 1.571070 0.559287 -0.014850
v 1.540666 0.610647 0.055792
v 1.517835 0.668980 0.132528
v 1.605129 0.544819 0.100930
v 1.582504 0.595243 0.170501
v 1.561446 0.648137 0.251266
v 1.394720 0.789005 0.212926
v 1.331576 0.789548 0.300755
v 1.263659 0.779831 0.378113
v 1.424394 0.730582 0.304643
v 1.357713 0.728241 0.377442
v 1.298167 0.742159 0.454671
v 1.429409 0.670821 0.390111
v 1.368071 0.678532 0.453709
v 1.314507 0.700045 0.525858
v 1.597062 0.475233 0.362422
v 1.527435 0.495045 0.399122
v 1.480589 0.522207 0.450609
v 1.516193 0.424838 0.462778
v 1.470569 0.452375 0.504271
v 1.422677 0.476490 0.542963
v 1.446175 0.385607 0.569057
v 1.406008 0.413077 0.607488
v 1.378153 0.441717 0.652435
v 0.708043 0.646422 0.825557
v 0.710642 0.623088 0.877906
v 0.706306 0.610182 0.935427
v 0.774290 0.650270 0.791029
v 0.786894 0.631349 0.845856
v 0.788305 0.605981 0.899942
v 0.842027 0.661862 0.750586
v 0.860608 0.644818 0.807311
v 0.868033 0.623342 0.862990
v 0.682064 0.591282 1.056243
v 0.665584 0.584634 1.120798
v 0.647800 0.570193 1.188285
v 0.771775 0.579163 1.016536
v 0.757237 0.564664 1.075543
v 0.745780 0.553895 1.139478
v 0.857491 0.580934 0.974085
v 0.844953 0.560227 1.028643
v 0.834128 0.545504 1.087221
v 0.979286 0.708580 0.655825
v 1.003145 0.679619 0.712033
v 1.016685 0.659722 0.771708
v 1.047697 0.727396 0.595929
v 1.074385 0.704420 0.656971
v 1.089500 0.688584 0.721019
v 1.117821 0.745021 0.529306
v 1.146359 0.722489 0.594609
v 1.161692 0.688128 0.655457
v 0.464139 0.123213 1.227702
v 0.625988 0.148922 1.165354
v 0.774883 0.172702 1.106011
v 0.466937 0.174719 1.264700
v 0.621729 0.189266 1.207453
v 0.764612 0.211643 1.146780
v 0.487823 0.225568 1.300845
v 0.637056 0.227648 1.249717
v 0.774420 0.247716 1.189195
v 1.055382 0.236182 0.971111
v 1.168689 0.275813 0.879684
v 1.290921 0.310498 0.800578
v 1.026325 0.274711 0.997723
v 1.130003 0.309583 0.902785
v 1.241509 0.339322 0.820198
v 1.008842 0.314624 1.022248
v 1.109141 0.343324 0.932935
v 1.203515 0.371623 0.841851
v 0.550324 0.336306 1.361744
v 0.694047 0.333430 1.314801
v 0.799809 0.353738 1.218446
v 0.591289 0.416474 1.386893
v 0.710210 0.408441 1.291811
v 0.810257 0.412802 1.209299
v 0.616293 0.495395 1.334090
v 0.722410 0.471984 1.252300
v 0.812660 0.464328 1.175893
v -0.804826 -0.470563 0.629435
v -0.680418 -0.481336 0.692431
v -0.560959 -0.492882 0.756128
v -0.756386 -0.455184 0.714406
v -0.645559 -0.463317 0.765117
v -0.541602 -0.479071 0.820263
v -0.692454 -0.428949 0.793243
v -0.597610 -0.442847 0.835791
v -0.513671 -0.466534 0.882121
v -0.111002 -0.652140 1.053025
v -0.134036 -0.624492 1.108442
v -0.160801 -0.586693 1.156755
v -0.224861 -0.595754 0.971994
v -0.244864 -0.581285 1.026480
v -0.263325 -0.551704 1.071622
v -0.336682 -0.555158 0.896976
v -0.343007 -0.537928 0.950132
v -0.354790 -0.524715 0.997149
v -0.358865 -0.376001 1.191628
v -0.462004 -0.392467 1.083408
v -0.540997 -0.396554 0.971910
v -0.306729 -0.435119 1.216248
v -0.397036 -0.431941 1.106126
v -0.479208 -0.435796 1.008379
v -0.248936 -0.490581 1.215488
v -0.345851 -0.481192 1.119109
v -0.423695 -0.473711 1.030823
v -1.597003 -0.713248 -0.061156
v -1.389273 -0.666590 0.021407
v -1.210359 -0.668382 0.122779
v -1.559440 -0.598066 0.048406
v -1.381649 -0.586877 0.122547
v -1.218189 -0.602640 0.217495
v -1.498593 -0.527713 0.162791
v -1.343082 -0.529536 0.226734
v -1.194774 -0.555289 0.314618
v -0.858082 -0.653088 0.330141
v -0.689333 -0.597915 0.407951
v -0.535470 -0.597897 0.497138
v -0.874900 -0.596184 0.401985
v -0.711327 -0.559462 0.476018
v -0.560839 -0.560183 0.559172
v -0.868970 -0.543898 0.474228
v -0.714974 -0.525408 0.546441
v -0.573774 -0.535728 0.625923
v -1.346319 -0.434804 0.396057
v -1.231747 -0.477239 0.469974
v -1.093934 -0.500997 0.537122
v -1.261687 -0.407459 0.528832
v -1.147597 -0.446741 0.597993
v -0.998342 -0.431625 0.616207
v -1.154559 -0.367810 0.657282
v -1.021175 -0.380423 0.676260
v -0.899617 -0.388600 0.702678
v 0.424136 -0.656284 0.940859
v 0.406248 -0.636311 0.989394
v 0.391321 -0.619973 1.042560
v 0.340397 -0.668909 0.922268
v 0.311823 -0.648516 0.974563
v 0.290555 -0.639242 1.032597
v 0.246730 -0.694423 0.896673
v 0.210493 -0.668561 0.950230
v 0.183495 -0.657103 1.010143
v 0.361070 -0.585929 1.155074
v 0.342692 -0.556679 1.208866
v 0.321494 -0.518605 1.260146
v 0.250994 -0.603492 1.147192
v 0.229134 -0.576767 1.203355
v 0.203461 -0.539357 1.255968
v 0.136116 -0.616923 1.125769
v 0.110943 -0.590437 1.182170
v 0.082134 -0.555331 1.235097
v 0.008180 -0.770615 0.820150
v -0.035218 -0.748285 0.882771
v -0.064573 -0.707626 0.938180
v -0.121796 -0.705344 0.741861
v -0.160105 -0.670446 0.799884
v -0.185374 -0.637232 0.857094
v -0.251376 -0.649765 0.662496
v -0.287928 -0.620913 0.722468
v -0.310025 -0.590804 0.780415
v 0.050827 -0.032196 1.313677
v -0.168667 -0.048943 1.315326
v -0.333103 -0.098302 1.206700
v 0.096402 -0.091198 1.339009
v -0.102310 -0.106782 1.356795
v -0.277636 -0.142303 1.285568
v 0.134739 -0.152159 1.359937
v -0.042513 -0.169087 1.374117
v -0.223812 -0.200161 1.353431
v -0.626218 -0.190342 1.022401
v -0.759519 -0.236937 0.924779
v -0.885230 -0.275015 0.828909
v -0.554079 -0.234442 1.074642
v -0.674007 -0.273001 0.964000
v -0.787436 -0.304042 0.859269
v -0.484823 -0.279222 1.119142
v -0.593171 -0.308355 1.001684
v -0.702321 -0.338791 0.901648
v 0.203837 -0.280784 1.366617
v 0.055795 -0.303511 1.384263
v -0.103351 -0.335787 1.388571
v 0.237340 -0.346752 1.362577
v 0.098048 -0.368436 1.361616
v -0.045518 -0.399507 1.362005
v 0.268689 -0.412389 1.343337
v 0.137948 -0.434329 1.341806
v 0.004537 -0.458327 1.325578
v -1.829913 -0.120571 0.132351
v -1.698565 -0.096625 0.207794
v -1.584854 -0.073616 0.295840
v -1.852961 -0.060529 0.107117
v -1.728517 -0.045975 0.178748
v -1.618505 -0.031800 0.253780
v -1.851627 -0.003904 0.080382
v -1.734608 -0.001030 0.148342
v -1.638029 0.006613 0.221162
v -1.187842 0.065051 0.655521
v -1.271414 0.097064 0.573725
v -1.353989 0.121832 0.483526
v -1.301821 0.024958 0.593842
v -1.367794 0.054589 0.508420
v -1.423932 0.079644 0.414189
v -1.399366 -0.016204 0.498794
v -1.448849 0.019444 0.424589
v -1.491725 0.046853 0.354437
v -1.662232 0.182088 0.083720
v -1.732487 0.141622 0.067038
v -1.789048 0.096626 0.058874
v -1.578297 0.166550 0.179027
v -1.644939 0.128887 0.157629
v -1.693651 0.085649 0.140045
v -1.501735 0.155003 0.278053
v -1.562959 0.116030 0.243292
v -1.610860 0.077311 0.217052
v -1.999799 -0.672581 -0.177571
v -1.903939 -0.570175 -0.030400
v -1.790087 -0.473048 0.068336
v -2.109668 -0.547580 -0.227110
v -2.035561 -0.506317 -0.065361
v -1.901252 -0.415689 0.031105
v -2.194730 -0.442504 -0.263158
v -2.118130 -0.409983 -0.109491
v -1.995694 -0.349531 0.002727
v -1.583067 -0.359436 0.303948
v -1.468682 -0.316353 0.419342
v -1.370244 -0.287738 0.558996
v -1.665382 -0.295451 0.247396
v -1.543210 -0.253489 0.354087
v -1.433169 -0.220920 0.478157
v -1.736942 -0.238220 0.205946
v -1.603262 -0.199371 0.294570
v -1.494298 -0.167505 0.411391
v -2.349177 -0.243250 -0.275103
v -2.244832 -0.218475 -0.136250
v -2.121427 -0.186626 -0.025936
v -2.378561 -0.126707 -0.279416
v -2.284045 -0.113388 -0.129487
v -2.139767 -0.093852 -0.036783
v -2.372037 -0.009204 -0.280748
v -2.293325 0.002675 -0.123662
v -2.127893 0.000398 -0.047248
v -0.187071 0.059939 1.228846
v -0.335965 0.095380 1.119970
v -0.471918 0.128582 1.018618
v -0.339658 0.017758 1.128010
v -0.463258 0.054021 1.045808
v -0.595777 0.092934 0.977386
v -0.495740 -0.023588 1.053592
v -0.610955 0.019009 0.998152
v -0.734015 0.059560 0.943411
v -0.754476 0.210670 0.889727
v -0.895876 0.258477 0.811848
v -0.979186 0.266498 0.669746
v -0.880701 0.181299 0.863866
v -0.982818 0.209600 0.736326
v -1.064069 0.223005 0.612472
v -0.980916 0.140514 0.785673
v -1.067447 0.164610 0.668591
v -1.159475 0.189735 0.568891
v -0.813197 -0.110726 0.940995
v -0.925654 -0.068197 0.908468
v -1.024851 -0.015697 0.833409
v -0.955419 -0.164081 0.859407
v -1.076202 -0.111602 0.840677
v -1.155743 -0.048777 0.752772
v -1.098387 -0.204319 0.777078
v -1.215007 -0.144925 0.749355
v -1.285897 -0.095525 0.665145
v -1.468158 0.502165 -0.193317
v -1.627505 0.470099 -0.225345
v -1.782660 0.447017 -0.244302
v -1.453377 0.459989 -0.077043
v -1.582058 0.411349 -0.120808
v -1.718713 0.388371 -0.138518
v -1.422923 0.422442 0.030909
v -1.538374 0.378043 -0.011132
v -1.647648 0.332418 -0.048127
v -2.060232 0.354742 -0.277759
v -2.194770 0.309050 -0.264341
v -2.308701 0.228520 -0.253571
v -1.952165 0.291721 -0.182885
v -2.061350 0.247752 -0.172901
v -2.158611 0.185641 -0.154163
v -1.852232 0.245661 -0.093431
v -1.945868 0.203610 -0.092002
v -2.022892 0.145709 -0.088617
v -1.331666 0.378472 0.251516
v -1.415275 0.316943 0.193749
v -1.505345 0.271481 0.151643
v -1.272938 0.369826 0.379906
v -1.353536 0.309113 0.312002
v -1.431074 0.254838 0.257130
v -1.167367 0.320256 0.467354
v -1.266209 0.285543 0.423365
v -1.356341 0.245170 0.373956
v -0.666614 0.580219 0.579681
v -0.636899 0.553312 0.663934
v -0.587716 0.514207 0.736439
v -0.552125 0.584182 0.629110
v -0.531754 0.554795 0.699451
v -0.496815 0.526943 0.767209
v -0.442904 0.595129 0.682430
v -0.433240 0.566454 0.743152
v -0.410861 0.537313 0.797371
v -0.272902 0.444795 1.069894
v -0.216083 0.493175 1.085664
v -0.157964 0.537116 1.082254
v -0.365916 0.450955 0.976996
v -0.303159 0.488667 0.994067
v -0.251999 0.533437 1.003989
v -0.446581 0.458283 0.886365
v -0.380904 0.492126 0.911076
v -0.320204 0.520164 0.922323
v 0.010954 0.652467 0.915120
v -0.108790 0.649603 0.863321
v -0.220657 0.616808 0.795478
v -0.024248 0.642851 0.977309
v -0.133397 0.618636 0.914272
v -0.237082 0.595006 0.849154
v -0.063979 0.624902 1.031710
v -0.165341 0.597811 0.959300
v -0.251046 0.571144 0.891703
v -1.184018 0.634933 -0.059661
v -1.202036 0.580451 0.044584
v -1.191739 0.538466 0.148884
v -1.047804 0.707957 0.025636
v -1.078852 0.658990 0.123461
v -1.078487 0.603364 0.224829
v -0.893930 0.699938 0.102280
v -0.944662 0.702490 0.200618
v -0.953003 0.638158 0.294946
v -1.130176 0.482476 0.379756
v -1.058216 0.430168 0.467619
v -0.976466 0.391479 0.557540
v -1.011878 0.501033 0.420323
v -0.956620 0.464214 0.514668
v -0.892467 0.442330 0.618607
v -0.903446 0.537063 0.474957
v -0.855496 0.506894 0.569841
v -0.797790 0.492977 0.676630
v -0.618320 0.688225 0.248245
v -0.662276 0.691849 0.333081
v -0.687624 0.671268 0.423467
v -0.490403 0.689929 0.323950
v -0.533909 0.691531 0.406477
v -0.555623 0.658511 0.486282
v -0.365424 0.714545 0.402895
v -0.405901 0.696089 0.479624
v -0.429010 0.655004 0.549816
v 0.051454 0.112323 1.346700
v 0.101332 0.175522 1.364492
v 0.146561 0.247969 1.378928
v -0.148339 0.174608 1.256446
v -0.088164 0.222182 1.308551
v -0.033608 0.286683 1.348337
v -0.297594 0.214264 1.138227
v -0.232374 0.262123 1.188044
v -0.169543 0.315837 1.223796
v 0.234850 0.393080 1.396928
v 0.278041 0.469631 1.387720
v 0.321925 0.543023 1.354346
v 0.073767 0.433294 1.380120
v 0.130028 0.504544 1.359201
v 0.183819 0.567240 1.316525
v -0.054801 0.439504 1.272586
v -0.002888 0.513031 1.284690
v 0.058867 0.568779 1.252485
v -0.548957 0.273611 0.937010
v -0.470266 0.313718 0.976533
v -0.403779 0.357881 1.017709
v -0.680336 0.314477 0.869769
v -0.586457 0.342345 0.890909
v -0.504427 0.375485 0.919520
v -0.808285 0.357543 0.792397
v -0.701998 0.382805 0.816065
v -0.610860 0.409169 0.842255
v 0.563091 0.670539 0.836616
v 0.467309 0.697958 0.809081
v 0.367854 0.665200 0.759435
v 0.540305 0.657773 0.893712
v 0.436640 0.691703 0.870415
v 0.332068 0.657910 0.821912
v 0.520422 0.654071 0.955241
v 0.409348 0.679023 0.932808
v 0.300634 0.649283 0.885516
v 0.151068 0.658201 0.655630
v 0.032393 0.678593 0.601386
v -0.094154 0.704912 0.544405
v 0.110835 0.647849 0.719528
v -0.008677 0.671814 0.666415
v -0.139250 0.699025 0.612166
v 0.075235 0.641197 0.784557
v -0.045659 0.665377 0.733423
v -0.177917 0.685641 0.680511
v 0.471830 0.641949 1.083558
v 0.351895 0.663233 1.061829
v 0.237805 0.641786 1.013663
v 0.441770 0.637783 1.151615
v 0.317868 0.656934 1.126748
v 0.201990 0.645464 1.077602
v 0.407863 0.636502 1.225977
v 0.278192 0.647777 1.192717
v 0.161743 0.636160 1.140627
s 0
f 1012 1014 1011
f 1013 1015 1012
f 1015 1017 1014
f 1016 1018 1015
f 363 380 64
f 364 1011 363
f 365 1012 364
f 65 1013 365
f 383 1016 1013
f 382 1019 1016
f 381 387 1019
f 1019 388 1018
f 1018 389 1017
f 1017 69 378
f 1014 378 379
f 1011 379 380
f 1020 1024 1023
f 1021 1025 1024
f 1023 1027 1026
f 1024 1028 1027
f 66 1020 374
f 366 1021 1020
f 367 1022 1021
f 67 1022 368
f 386 1025 1022
f 1025 384 1028
f 1028 63 381
f 1027 381 382
f 1026 382 383
f 372 383 65
f 373 1026 372
f 374 1023 373
f 1029 1033 1032
f 1030 1034 1033
f 1032 1036 1035
f 1033 1037 1036
f 68 1029 377
f 369 1030 1029
f 370 1031 1030
f 371 389 1031
f 1031 388 1034
f 1034 387 1037
f 1037 63 384
f 1036 384 385
f 1035 385 386
f 375 386 67
f 376 1035 375
f 377 1032 376
f 1039 1041 1038
f 1040 1042 1039
f 1042 1044 1041
f 1043 1045 1042
f 147 159 1
f 148 1038 147
f 149 1039 148
f 9 1040 149
f 390 1043 1040
f 391 1046 1043
f 392 398 1046
f 1046 397 1045
f 1045 396 1044
f 1044 12 161
f 1041 161 160
f 1038 160 159
f 1048 1050 1047
f 1049 1051 1048
f 1051 1053 1050
f 1052 1054 1051
f 150 390 9
f 151 1047 150
f 152 1048 151
f 10 1049 152
f 393 1052 1049
f 394 1055 1052
f 395 365 1055
f 1055 364 1054
f 1054 363 1053
f 1053 64 392
f 1050 392 391
f 1047 391 390
f 1057 1059 1056
f 1058 1060 1057
f 1060 1062 1059
f 1061 1063 1060
f 396 162 12
f 397 1056 396
f 398 1057 397
f 64 1058 398
f 380 1061 1058
f 379 1064 1061
f 378 413 1064
f 1064 412 1063
f 1063 411 1062
f 1062 13 164
f 1059 164 163
f 1056 163 162
f 1066 1068 1065
f 1066 1070 1069
f 1069 1071 1068
f 1070 1072 1069
f 2 1065 158
f 231 1066 1065
f 232 1067 1066
f 233 399 1067
f 1067 400 1070
f 400 1073 1070
f 1073 66 407
f 1073 406 1072
f 1072 405 1071
f 1071 11 156
f 157 1071 156
f 158 1068 157
f 1074 1078 1077
f 1075 1079 1078
f 1077 1081 1080
f 1078 1082 1081
f 30 1074 399
f 234 1075 1074
f 235 1076 1075
f 236 402 1076
f 1076 403 1079
f 1079 404 1082
f 1082 67 368
f 1081 368 367
f 1080 367 366
f 401 366 66
f 400 1080 401
f 399 1077 400
f 1083 1087 1086
f 1084 1088 1087
f 1086 1090 1089
f 1087 1091 1090
f 11 1083 155
f 405 1084 1083
f 406 1085 1084
f 407 374 1085
f 1085 373 1088
f 1088 372 1091
f 1091 65 395
f 1090 395 394
f 1089 394 393
f 153 393 10
f 154 1089 153
f 155 1086 154
f 1092 1096 1095
f 1093 1097 1096
f 1095 1099 1098
f 1096 1100 1099
f 3 1092 242
f 170 1093 1092
f 169 1094 1093
f 168 408 1094
f 1094 409 1097
f 1097 410 1100
f 1100 68 416
f 1099 416 415
f 1098 415 414
f 240 414 32
f 241 1098 240
f 242 1095 241
f 1101 1105 1104
f 1102 1106 1105
f 1104 1108 1107
f 1105 1109 1108
f 14 1101 408
f 167 1102 1101
f 166 1103 1102
f 165 411 1103
f 1103 412 1106
f 1106 413 1109
f 1109 69 371
f 1108 371 370
f 1107 370 369
f 410 369 68
f 409 1107 410
f 408 1104 409
f 1110 1114 1113
f 1111 1115 1114
f 1113 1117 1116
f 1114 1118 1117
f 32 1110 239
f 414 1111 1110
f 415 1112 1111
f 416 377 1112
f 1112 376 1115
f 1115 375 1118
f 1118 67 404
f 1117 404 403
f 1117 402 1116
f 1116 31 237
f 238 1116 237
f 239 1113 238
f 1120 1122 1119
f 1121 1123 1120
f 1123 1125 1122
f 1124 1126 1123
f 417 434 71
f 418 1119 417
f 419 1120 418
f 72 1121 419
f 437 1124 1121
f 436 1127 1124
f 435 441 1127
f 1127 442 1126
f 1126 443 1125
f 1125 76 432
f 1122 432 433
f 1119 433 434
f 1128 1132 1131
f 1129 1133 1132
f 1131 1135 1134
f 1132 1136 1135
f 73 1128 428
f 420 1129 1128
f 421 1130 1129
f 422 440 1130
f 1130 439 1133
f 1133 438 1136
f 1136 70 435
f 1135 435 436
f 1134 436 437
f 426 437 72
f 427 1134 426
f 428 1131 427
f 1138 1140 1137
f 1139 1141 1138
f 1141 1143 1140
f 1142 1144 1141
f 423 431 75
f 424 1137 423
f 425 1138 424
f 425 443 1139
f 1139 442 1142
f 1142 441 1145
f 441 438 1145
f 1145 439 1144
f 1144 440 1143
f 1143 74 429
f 1140 429 430
f 1137 430 431
f 1147 1149 1146
f 1148 1150 1147
f 1150 1152 1149
f 1151 1153 1150
f 219 147 1
f 220 1146 219
f 221 1147 220
f 27 1148 221
f 444 1151 1148
f 445 1154 1151
f 446 452 1154
f 1154 451 1153
f 1153 450 1152
f 1152 9 149
f 1149 149 148
f 1146 148 147
f 1156 1158 1155
f 1157 1159 1156
f 1159 1161 1158
f 1160 1162 1159
f 222 444 27
f 223 1155 222
f 224 1156 223
f 28 1157 224
f 447 1160 1157
f 448 1163 1160
f 449 419 1163
f 1163 418 1162
f 1162 417 1161
f 1161 71 446
f 1158 446 445
f 1155 445 444
f 1165 1167 1164
f 1166 1168 1165
f 1168 1170 1167
f 1169 1171 1168
f 450 150 9
f 451 1164 450
f 452 1165 451
f 71 1166 452
f 434 1169 1166
f 433 1172 1169
f 432 467 1172
f 1172 466 1171
f 1171 465 1170
f 152 465 10
f 1167 152 151
f 1164 151 150
f 1173 1177 1176
f 1174 1178 1177
f 1176 1180 1179
f 1177 1181 1180
f 8 1173 230
f 302 1174 1173
f 301 1175 1174
f 300 453 1175
f 1175 454 1178
f 1178 455 1181
f 1181 73 461
f 1180 461 460
f 1179 460 459
f 228 459 29
f 229 1179 228
f 230 1176 229
f 1182 1186 1185
f 1183 1187 1186
f 1185 1189 1188
f 1186 1190 1189
f 47 1182 453
f 299 1183 1182
f 298 1184 1183
f 297 456 1184
f 1184 457 1187
f 1187 458 1190
f 1190 74 422
f 1189 422 421
f 1188 421 420
f 455 420 73
f 454 1188 455
f 453 1185 454
f 1191 1195 1194
f 1192 1196 1195
f 1194 1198 1197
f 1195 1199 1198
f 29 1191 227
f 459 1192 1191
f 460 1193 1192
f 461 428 1193
f 1193 427 1196
f 1196 426 1199
f 1199 72 449
f 1198 449 448
f 1197 448 447
f 225 447 28
f 226 1197 225
f 227 1194 226
f 1201 1203 1200
f 1202 1204 1201
f 1204 1206 1203
f 1205 1207 1204
f 158 291 2
f 157 1200 158
f 156 1201 157
f 11 1202 156
f 462 1205 1202
f 463 1208 1205
f 464 470 1208
f 1208 469 1207
f 1207 468 1206
f 1206 45 293
f 1203 293 292
f 1200 292 291
f 1210 1212 1209
f 1211 1213 1210
f 1213 1215 1212
f 1214 1216 1213
f 155 462 11
f 154 1209 155
f 153 1210 154
f 10 1211 153
f 465 1214 1211
f 1214 467 1217
f 1217 76 425
f 1217 424 1216
f 1216 423 1215
f 1215 75 464
f 1212 464 463
f 1209 463 462
f 1219 1221 1218
f 1220 1222 1219
f 1222 1224 1221
f 1223 1225 1222
f 468 294 45
f 469 1218 468
f 470 1219 469
f 75 1220 470
f 431 1223 1220
f 430 1226 1223
f 429 458 1226
f 1226 457 1225
f 1225 456 1224
f 1224 46 296
f 1221 296 295
f 1218 295 294
f 1227 1231 1230
f 1228 1232 1231
f 1230 1234 1233
f 1231 1235 1234
f 78 1227 488
f 471 1228 1227
f 472 1229 1228
f 473 491 1229
f 1229 490 1232
f 1232 489 1235
f 1235 77 495
f 1234 495 496
f 1233 496 497
f 486 497 83
f 487 1233 486
f 488 1230 487
f 1237 1239 1236
f 1238 1240 1237
f 1240 1242 1239
f 1241 1243 1240
f 474 482 80
f 475 1236 474
f 476 1237 475
f 81 1238 476
f 494 1241 1238
f 493 1244 1241
f 492 489 1244
f 1244 490 1243
f 1243 491 1242
f 1242 79 480
f 1239 480 481
f 1236 481 482
f 1245 1249 1248
f 1246 1250 1249
f 1248 1252 1251
f 1249 1253 1252
f 82 1245 485
f 477 1246 1245
f 478 1247 1246
f 83 1247 479
f 497 1250 1247
f 1250 495 1253
f 1253 77 492
f 1252 492 493
f 1251 493 494
f 483 494 81
f 484 1251 483
f 485 1248 484
f 1254 1258 1257
f 1255 1259 1258
f 1257 1261 1260
f 1258 1262 1261
f 339 182 4
f 339 1255 1254
f 340 1256 1255
f 341 498 1256
f 1256 499 1259
f 1259 500 1262
f 1262 78 506
f 1261 506 505
f 1260 505 504
f 180 504 17
f 181 1260 180
f 182 1257 181
f 1263 1267 1266
f 1264 1268 1267
f 1266 1270 1269
f 1267 1271 1270
f 57 1263 498
f 342 1264 1263
f 343 1265 1264
f 344 501 1265
f 1265 502 1268
f 1268 503 1271
f 1271 79 473
f 1270 473 472
f 1269 472 471
f 500 471 78
f 499 1269 500
f 498 1266 499
f 1272 1276 1275
f 1273 1277 1276
f 1275 1279 1278
f 1276 1280 1279
f 17 1272 179
f 504 1273 1272
f 505 1274 1273
f 506 488 1274
f 1274 487 1277
f 1277 486 1280
f 1280 83 521
f 1279 521 520
f 1278 520 519
f 177 519 16
f 178 1278 177
f 179 1275 178
f 1282 1284 1281
f 1283 1285 1282
f 1285 1287 1284
f 1286 1288 1285
f 230 350 8
f 229 1281 230
f 228 1282 229
f 29 1283 228
f 507 1286 1283
f 508 1289 1286
f 509 515 1289
f 1289 514 1288
f 1288 513 1287
f 1287 59 348
f 1284 348 349
f 1281 349 350
f 1291 1293 1290
f 1292 1294 1291
f 1294 1296 1293
f 1295 1297 1294
f 227 507 29
f 226 1290 227
f 225 1291 226
f 28 1292 225
f 510 1295 1292
f 511 1298 1295
f 512 476 1298
f 1298 475 1297
f 1297 474 1296
f 1296 80 509
f 1293 509 508
f 1290 508 507
f 1300 1302 1299
f 1301 1303 1300
f 1303 1305 1302
f 1304 1306 1303
f 513 347 59
f 514 1299 513
f 515 1300 514
f 80 1301 515
f 482 1304 1301
f 481 1307 1304
f 480 503 1307
f 1307 502 1306
f 1306 501 1305
f 1305 58 345
f 1302 345 346
f 1299 346 347
f 1308 1312 1311
f 1309 1313 1312
f 1311 1315 1314
f 1312 1316 1315
f 171 219 1
f 171 1309 1308
f 172 1310 1309
f 173 516 1310
f 1310 517 1313
f 1313 518 1316
f 1316 82 524
f 1315 524 523
f 1314 523 522
f 221 522 27
f 220 1314 221
f 219 1311 220
f 1317 1321 1320
f 1319 1321 1318
f 1320 1324 1323
f 1322 1324 1321
f 15 1317 516
f 174 1318 1317
f 176 1318 175
f 16 1319 176
f 519 1322 1319
f 520 1325 1322
f 521 479 1325
f 1325 478 1324
f 1323 478 477
f 518 477 82
f 517 1323 518
f 516 1320 517
f 1326 1330 1329
f 1327 1331 1330
f 1329 1333 1332
f 1330 1334 1333
f 27 1326 222
f 522 1327 1326
f 523 1328 1327
f 524 485 1328
f 1328 484 1331
f 1331 483 1334
f 1334 81 512
f 1333 512 511
f 1332 511 510
f 224 510 28
f 223 1332 224
f 222 1329 223
f 1336 1338 1335
f 1337 1339 1336
f 1339 1341 1338
f 1340 1342 1339
f 525 542 85
f 526 1335 525
f 527 1336 526
f 527 545 1337
f 1337 544 1340
f 544 1343 1340
f 543 549 1343
f 1343 550 1342
f 1342 551 1341
f 1341 90 540
f 1338 540 541
f 1335 541 542
f 1345 1347 1344
f 1346 1348 1345
f 1348 1350 1347
f 1349 1351 1348
f 528 536 87
f 529 1344 528
f 530 1345 529
f 88 1346 530
f 548 1349 1346
f 547 1352 1349
f 546 543 1352
f 1352 544 1351
f 1351 545 1350
f 1350 86 534
f 1347 534 535
f 1344 535 536
f 1353 1357 1356
f 1354 1358 1357
f 1356 1360 1359
f 1357 1361 1360
f 89 1353 539
f 531 1354 1353
f 532 1355 1354
f 533 551 1355
f 1355 550 1358
f 1358 549 1361
f 1361 84 546
f 1360 546 547
f 1359 547 548
f 537 548 88
f 538 1359 537
f 539 1356 538
f 1363 1365 1362
f 1363 1367 1366
f 1366 1368 1365
f 1367 1369 1366
f 4 1362 339
f 183 1363 1362
f 184 1364 1363
f 185 552 1364
f 1364 553 1367
f 553 1370 1367
f 554 560 1370
f 1370 559 1369
f 1369 558 1368
f 1368 57 341
f 1365 341 340
f 1362 340 339
f 1371 1375 1374
f 1372 1376 1375
f 1374 1378 1377
f 1375 1379 1378
f 18 1371 552
f 186 1372 1371
f 187 1373 1372
f 188 555 1373
f 1373 556 1376
f 1376 557 1379
f 1379 86 527
f 1378 527 526
f 1378 525 1377
f 1377 85 554
f 1374 554 553
f 552 1374 553
f 1381 1383 1380
f 1382 1384 1381
f 1384 1386 1383
f 1385 1387 1384
f 558 342 57
f 559 1380 558
f 560 1381 559
f 85 1382 560
f 542 1385 1382
f 541 1388 1385
f 540 575 1388
f 1388 574 1387
f 1387 573 1386
f 1386 58 344
f 1383 344 343
f 1380 343 342
f 1390 1392 1389
f 1391 1393 1390
f 1393 1395 1392
f 1394 1396 1393
f 243 194 5
f 244 1389 243
f 245 1390 244
f 33 1391 245
f 561 1394 1391
f 562 1397 1394
f 563 569 1397
f 1397 568 1396
f 1396 567 1395
f 1395 20 192
f 1392 192 193
f 1389 193 194
f 1399 1401 1398
f 1400 1402 1399
f 1402 1404 1401
f 1403 1405 1402
f 246 561 33
f 247 1398 246
f 248 1399 247
f 34 1400 248
f 564 1403 1400
f 565 1406 1403
f 566 530 1406
f 1406 529 1405
f 1405 528 1404
f 1404 87 563
f 1401 563 562
f 1398 562 561
f 1408 1410 1407
f 1409 1411 1408
f 1411 1413 1410
f 1412 1414 1411
f 567 191 20
f 568 1407 567
f 569 1408 568
f 87 1409 569
f 536 1412 1409
f 535 1415 1412
f 534 557 1415
f 1415 556 1414
f 1414 555 1413
f 1413 19 189
f 1410 189 190
f 1407 190 191
f 1416 1420 1419
f 1417 1421 1420
f 1419 1423 1422
f 1420 1424 1423
f 8 1416 254
f 350 1417 1416
f 349 1418 1417
f 348 570 1418
f 1418 571 1421
f 1421 572 1424
f 1424 89 578
f 1423 578 577
f 1422 577 576
f 252 576 35
f 253 1422 252
f 254 1419 253
f 1425 1429 1428
f 1426 1430 1429
f 1428 1432 1431
f 1429 1433 1432
f 59 1425 570
f 347 1426 1425
f 346 1427 1426
f 345 573 1427
f 1427 574 1430
f 1430 575 1433
f 1433 90 533
f 1432 533 532
f 1431 532 531
f 572 531 89
f 571 1431 572
f 570 1428 571
f 1434 1438 1437
f 1435 1439 1438
f 1437 1441 1440
f 1438 1442 1441
f 35 1434 251
f 576 1435 1434
f 577 1436 1435
f 578 539 1436
f 1436 538 1439
f 1439 537 1442
f 1442 88 566
f 1441 566 565
f 1440 565 564
f 249 564 34
f 250 1440 249
f 251 1437 250
f 1443 1447 1446
f 1444 1448 1447
f 1446 1450 1449
f 1447 1451 1450
f 92 1443 596
f 579 1444 1443
f 580 1445 1444
f 581 599 1445
f 1445 598 1448
f 1448 597 1451
f 1451 91 603
f 1450 603 604
f 1449 604 605
f 594 605 97
f 595 1449 594
f 596 1446 595
f 1453 1455 1452
f 1454 1456 1453
f 1456 1458 1455
f 1457 1459 1456
f 582 590 94
f 583 1452 582
f 584 1453 583
f 95 1454 584
f 602 1457 1454
f 601 1460 1457
f 600 597 1460
f 1460 598 1459
f 1459 599 1458
f 1458 93 588
f 1455 588 589
f 1452 589 590
f 1461 1465 1464
f 1462 1466 1465
f 1464 1468 1467
f 1465 1469 1468
f 96 1461 593
f 585 1462 1461
f 586 1463 1462
f 587 605 1463
f 1463 604 1466
f 1466 603 1469
f 1469 91 600
f 1468 600 601
f 1467 601 602
f 591 602 95
f 592 1467 591
f 593 1464 592
f 1470 1474 1473
f 1471 1475 1474
f 1473 1477 1476
f 1474 1478 1477
f 2 1470 255
f 291 1471 1470
f 292 1472 1471
f 293 606 1472
f 1472 607 1475
f 1475 608 1478
f 1478 92 614
f 1477 614 613
f 1476 613 612
f 257 612 36
f 256 1476 257
f 255 1473 256
f 1479 1483 1482
f 1480 1484 1483
f 1482 1486 1485
f 1483 1487 1486
f 45 1479 606
f 294 1480 1479
f 295 1481 1480
f 296 609 1481
f 1481 610 1484
f 1484 611 1487
f 1487 93 581
f 1486 581 580
f 1485 580 579
f 608 579 92
f 607 1485 608
f 606 1482 607
f 1488 1492 1491
f 1489 1493 1492
f 1491 1495 1494
f 1492 1496 1495
f 36 1488 258
f 612 1489 1488
f 613 1490 1489
f 614 596 1490
f 1490 595 1493
f 1493 594 1496
f 1496 97 629
f 1495 629 628
f 1494 628 627
f 260 627 37
f 259 1494 260
f 258 1491 259
f 1498 1500 1497
f 1499 1501 1498
f 1501 1503 1500
f 1502 1504 1501
f 254 302 8
f 253 1497 254
f 252 1498 253
f 35 1499 252
f 615 1502 1499
f 616 1505 1502
f 617 623 1505
f 1505 622 1504
f 1504 621 1503
f 1503 47 300
f 1500 300 301
f 1497 301 302
f 1507 1509 1506
f 1508 1510 1507
f 1510 1512 1509
f 1511 1513 1510
f 251 615 35
f 250 1506 251
f 249 1507 250
f 34 1508 249
f 618 1511 1508
f 619 1514 1511
f 620 584 1514
f 1514 583 1513
f 1513 582 1512
f 1512 94 617
f 1509 617 616
f 1506 616 615
f 1516 1518 1515
f 1517 1519 1516
f 1519 1521 1518
f 1520 1522 1519
f 621 299 47
f 622 1515 621
f 623 1516 622
f 94 1517 623
f 590 1520 1517
f 589 1523 1520
f 588 611 1523
f 1523 610 1522
f 1522 609 1521
f 1521 46 297
f 1518 297 298
f 1515 298 299
f 1524 1528 1527
f 1525 1529 1528
f 1527 1531 1530
f 1528 1532 1531
f 5 1524 243
f 266 1525 1524
f 265 1526 1525
f 264 624 1526
f 1526 625 1529
f 1529 626 1532
f 1532 96 632
f 1531 632 631
f 1530 631 630
f 245 630 33
f 244 1530 245
f 243 1527 244
f 1533 1537 1536
f 1534 1538 1537
f 1536 1540 1539
f 1537 1541 1540
f 263 624 38
f 263 1534 1533
f 262 1535 1534
f 37 1535 261
f 627 1538 1535
f 1538 629 1541
f 1541 97 587
f 1540 587 586
f 1539 586 585
f 626 585 96
f 625 1539 626
f 624 1536 625
f 1542 1546 1545
f 1543 1547 1546
f 1545 1549 1548
f 1546 1550 1549
f 33 1542 246
f 630 1543 1542
f 631 1544 1543
f 632 593 1544
f 1544 592 1547
f 1547 591 1550
f 1550 95 620
f 1549 620 619
f 1548 619 618
f 248 618 34
f 247 1548 248
f 246 1545 247
f 1552 1554 1551
f 1553 1555 1552
f 1555 1557 1554
f 1556 1558 1555
f 633 650 99
f 634 1551 633
f 635 1552 634
f 100 1553 635
f 653 1556 1553
f 652 1559 1556
f 651 657 1559
f 1559 658 1558
f 1558 659 1557
f 1557 104 648
f 1554 648 649
f 1551 649 650
f 1560 1564 1563
f 1561 1565 1564
f 1563 1567 1566
f 1564 1568 1567
f 101 1560 644
f 636 1561 1560
f 637 1562 1561
f 638 656 1562
f 1562 655 1565
f 1565 654 1568
f 1568 98 651
f 1567 651 652
f 1566 652 653
f 642 653 100
f 643 1566 642
f 644 1563 643
f 1569 1573 1572
f 1570 1574 1573
f 1573 1575 1572
f 1573 1577 1576
f 103 1569 647
f 639 1570 1569
f 640 1571 1570
f 641 659 1571
f 1571 658 1574
f 1574 657 1577
f 1577 98 654
f 1577 655 1576
f 1576 656 1575
f 1575 102 645
f 1572 645 646
f 1569 646 647
f 1579 1581 1578
f 1580 1582 1579
f 1582 1584 1581
f 1583 1585 1582
f 195 183 4
f 196 1578 195
f 197 1579 196
f 21 1580 197
f 660 1583 1580
f 661 1586 1583
f 662 668 1586
f 1586 667 1585
f 1585 666 1584
f 1584 18 185
f 1581 185 184
f 1578 184 183
f 1588 1590 1587
f 1589 1591 1588
f 1591 1593 1590
f 1592 1594 1591
f 198 660 21
f 199 1587 198
f 200 1588 199
f 22 1589 200
f 663 1592 1589
f 664 1595 1592
f 665 635 1595
f 1595 634 1594
f 1594 633 1593
f 1593 99 662
f 1590 662 661
f 1587 661 660
f 1597 1599 1596
f 1598 1600 1597
f 1600 1602 1599
f 1601 1603 1600
f 666 186 18
f 667 1596 666
f 668 1597 667
f 99 1598 668
f 650 1601 1598
f 649 1604 1601
f 648 683 1604
f 1604 682 1603
f 1603 681 1602
f 1602 19 188
f 1599 188 187
f 1596 187 186
f 1605 1609 1608
f 1606 1610 1609
f 1608 1612 1611
f 1609 1613 1612
f 6 1605 206
f 338 1606 1605
f 337 1607 1606
f 336 669 1607
f 1607 670 1610
f 1610 671 1613
f 1613 101 677
f 1612 677 676
f 1611 676 675
f 204 675 23
f 205 1611 204
f 206 1608 205
f 1614 1618 1617
f 1615 1619 1618
f 1617 1621 1620
f 1618 1622 1621
f 56 1614 669
f 335 1615 1614
f 333 1615 334
f 55 1616 333
f 1616 673 1619
f 1619 674 1622
f 1622 102 638
f 1621 638 637
f 1620 637 636
f 671 636 101
f 670 1620 671
f 669 1617 670
f 1623 1627 1626
f 1624 1628 1627
f 1626 1630 1629
f 1627 1631 1630
f 23 1623 203
f 675 1624 1623
f 676 1625 1624
f 677 644 1625
f 1625 643 1628
f 1628 642 1631
f 1631 100 665
f 1630 665 664
f 1629 664 663
f 201 663 22
f 202 1629 201
f 203 1626 202
f 1632 1636 1635
f 1633 1637 1636
f 1635 1639 1638
f 1636 1640 1639
f 5 1632 327
f 194 1633 1632
f 193 1634 1633
f 192 678 1634
f 1634 679 1637
f 1637 680 1640
f 680 686 1640
f 1640 685 1639
f 1638 685 684
f 329 684 54
f 328 1638 329
f 327 1635 328
f 1641 1645 1644
f 1642 1646 1645
f 1644 1648 1647
f 1645 1649 1648
f 20 1641 678
f 191 1642 1641
f 190 1643 1642
f 189 681 1643
f 1643 682 1646
f 1646 683 1649
f 1649 104 641
f 1648 641 640
f 1647 640 639
f 680 639 103
f 679 1647 680
f 678 1644 679
f 1650 1654 1653
f 1652 1654 1651
f 1653 1657 1656
f 1655 1657 1654
f 54 1650 330
f 684 1651 1650
f 686 1651 685
f 103 1652 686
f 647 1655 1652
f 646 1658 1655
f 645 674 1658
f 1658 673 1657
f 1656 673 672
f 332 672 55
f 331 1656 332
f 330 1653 331
f 1660 1662 1659
f 1661 1663 1660
f 1663 1665 1662
f 1664 1666 1663
f 687 704 106
f 688 1659 687
f 689 1660 688
f 107 1661 689
f 707 1664 1661
f 706 1667 1664
f 705 711 1667
f 1667 712 1666
f 1666 713 1665
f 1665 111 702
f 1662 702 703
f 1659 703 704
f 1668 1672 1671
f 1669 1673 1672
f 1671 1675 1674
f 1672 1676 1675
f 108 1668 698
f 690 1669 1668
f 692 1669 691
f 109 1670 692
f 710 1673 1670
f 709 1676 1673
f 1676 105 705
f 1675 705 706
f 1674 706 707
f 696 707 107
f 697 1674 696
f 698 1671 697
f 1677 1681 1680
f 1678 1682 1681
f 1680 1684 1683
f 1681 1685 1684
f 110 1677 701
f 693 1678 1677
f 694 1679 1678
f 695 713 1679
f 1679 712 1682
f 1682 711 1685
f 1685 105 708
f 1684 708 709
f 1683 709 710
f 699 710 109
f 700 1683 699
f 701 1680 700
f 1687 1689 1686
f 1688 1690 1687
f 1690 1692 1689
f 1691 1693 1690
f 207 231 2
f 208 1686 207
f 209 1687 208
f 24 1688 209
f 714 1691 1688
f 715 1694 1691
f 716 722 1694
f 1694 721 1693
f 1693 720 1692
f 1692 30 233
f 1689 233 232
f 1686 232 231
f 1696 1698 1695
f 1697 1699 1696
f 1699 1701 1698
f 1700 1702 1699
f 210 714 24
f 211 1695 210
f 212 1696 211
f 25 1697 212
f 717 1700 1697
f 718 1703 1700
f 719 689 1703
f 1703 688 1702
f 1702 687 1701
f 1701 106 716
f 1698 716 715
f 1695 715 714
f 1705 1707 1704
f 1706 1708 1705
f 1708 1710 1707
f 1709 1711 1708
f 720 234 30
f 721 1704 720
f 722 1705 721
f 106 1706 722
f 704 1709 1706
f 703 1712 1709
f 702 737 1712
f 1712 736 1711
f 1711 735 1710
f 1710 31 236
f 1707 236 235
f 1704 235 234
f 1713 1717 1716
f 1714 1718 1717
f 1716 1720 1719
f 1717 1721 1720
f 7 1713 218
f 314 1714 1713
f 312 1714 313
f 50 1715 312
f 723 1718 1715
f 1718 725 1721
f 1721 108 731
f 1720 731 730
f 1719 730 729
f 216 729 26
f 217 1719 216
f 218 1716 217
f 1723 1725 1722
f 1724 1726 1723
f 1726 1728 1725
f 1727 1729 1726
f 311 723 50
f 310 1722 311
f 309 1723 310
f 49 1724 309
f 726 1727 1724
f 727 1730 1727
f 728 692 1730
f 1730 691 1729
f 1729 690 1728
f 725 690 108
f 1725 725 724
f 1722 724 723
f 1731 1735 1734
f 1732 1736 1735
f 1734 1738 1737
f 1735 1739 1738
f 26 1731 215
f 729 1732 1731
f 730 1733 1732
f 731 698 1733
f 1733 697 1736
f 1736 696 1739
f 1739 107 719
f 1738 719 718
f 1737 718 717
f 213 717 25
f 214 1737 213
f 215 1734 214
f 1740 1744 1743
f 1741 1745 1744
f 1743 1747 1746
f 1744 1748 1747
f 3 1740 303
f 241 1740 242
f 240 1741 241
f 32 1742 240
f 1742 733 1745
f 1745 734 1748
f 1748 110 740
f 1747 740 739
f 1746 739 738
f 305 738 48
f 304 1746 305
f 303 1743 304
f 1749 1753 1752
f 1750 1754 1753
f 1752 1756 1755
f 1753 1757 1756
f 239 732 32
f 239 1750 1749
f 238 1751 1750
f 237 735 1751
f 1751 736 1754
f 1754 737 1757
f 1757 111 695
f 1756 695 694
f 1755 694 693
f 734 693 110
f 733 1755 734
f 732 1752 733
f 1758 1762 1761
f 1759 1763 1762
f 1761 1765 1764
f 1762 1766 1765
f 48 1758 306
f 738 1759 1758
f 739 1760 1759
f 740 701 1760
f 1760 700 1763
f 1763 699 1766
f 1766 109 728
f 1765 728 727
f 1764 727 726
f 308 726 49
f 307 1764 308
f 306 1761 307
f 1767 1771 1770
f 1768 1772 1771
f 1770 1774 1773
f 1771 1775 1774
f 113 1767 758
f 741 1768 1767
f 742 1769 1768
f 114 1769 743
f 1769 760 1772
f 1772 759 1775
f 1775 112 765
f 1774 765 766
f 1773 766 767
f 756 767 118
f 757 1773 756
f 758 1770 757
f 1776 1780 1779
f 1777 1781 1780
f 1779 1783 1782
f 1780 1784 1783
f 115 1776 752
f 744 1777 1776
f 745 1778 1777
f 746 764 1778
f 1778 763 1781
f 1781 762 1784
f 1784 112 759
f 1783 759 760
f 1782 760 761
f 750 761 114
f 751 1782 750
f 752 1779 751
f 1786 1788 1785
f 1787 1789 1786
f 1789 1791 1788
f 1790 1792 1789
f 747 755 117
f 748 1785 747
f 749 1786 748
f 118 1787 749
f 767 1790 1787
f 766 1793 1790
f 765 762 1793
f 1793 763 1792
f 1792 764 1791
f 1791 116 753
f 1788 753 754
f 1785 754 755
f 1794 1798 1797
f 1795 1799 1798
f 1797 1801 1800
f 1798 1802 1801
f 255 207 2
f 256 1794 255
f 257 1795 256
f 36 1796 257
f 1796 769 1799
f 1799 770 1802
f 1802 113 776
f 1801 776 775
f 1800 775 774
f 209 774 24
f 208 1800 209
f 207 1797 208
f 1803 1807 1806
f 1805 1807 1804
f 1806 1810 1809
f 1807 1811 1810
f 258 768 36
f 259 1803 258
f 260 1804 259
f 37 1805 260
f 771 1808 1805
f 772 1811 1808
f 773 743 1811
f 1810 743 742
f 1809 742 741
f 770 741 113
f 769 1809 770
f 768 1806 769
f 1812 1816 1815
f 1813 1817 1816
f 1815 1819 1818
f 1816 1820 1819
f 24 1812 210
f 774 1813 1812
f 775 1814 1813
f 776 758 1814
f 1814 757 1817
f 1817 756 1820
f 1820 118 791
f 1819 791 790
f 1818 790 789
f 212 789 25
f 211 1818 212
f 210 1815 211
f 1821 1825 1824
f 1822 1826 1825
f 1824 1828 1827
f 1825 1829 1828
f 351 266 5
f 351 1822 1821
f 352 1823 1822
f 353 777 1823
f 1823 778 1826
f 1826 779 1829
f 1829 115 785
f 1828 785 784
f 1827 784 783
f 264 783 38
f 265 1827 264
f 266 1824 265
f 1830 1834 1833
f 1831 1835 1834
f 1833 1837 1836
f 1834 1838 1837
f 60 1830 777
f 354 1831 1830
f 355 1832 1831
f 356 780 1832
f 1832 781 1835
f 1835 782 1838
f 1838 116 746
f 1837 746 745
f 1836 745 744
f 779 744 115
f 778 1836 779
f 777 1833 778
f 1839 1843 1842
f 1840 1844 1843
f 1842 1846 1845
f 1843 1847 1846
f 38 1839 263
f 783 1840 1839
f 784 1841 1840
f 785 752 1841
f 1841 751 1844
f 1844 750 1847
f 1847 114 773
f 1846 773 772
f 1845 772 771
f 261 771 37
f 262 1845 261
f 263 1842 262
f 1849 1851 1848
f 1850 1852 1849
f 1852 1854 1851
f 1853 1855 1852
f 218 362 7
f 217 1848 218
f 216 1849 217
f 26 1850 216
f 786 1853 1850
f 787 1856 1853
f 788 794 1856
f 1856 793 1855
f 1855 792 1854
f 1854 62 360
f 1851 360 361
f 1848 361 362
f 1858 1860 1857
f 1859 1861 1858
f 1861 1863 1860
f 1862 1864 1861
f 215 786 26
f 214 1857 215
f 213 1858 214
f 25 1859 213
f 789 1862 1859
f 790 1865 1862
f 791 749 1865
f 1865 748 1864
f 1864 747 1863
f 1863 117 788
f 1860 788 787
f 1857 787 786
f 1867 1869 1866
f 1868 1870 1867
f 1870 1872 1869
f 1871 1873 1870
f 792 359 62
f 793 1866 792
f 794 1867 793
f 117 1868 794
f 755 1871 1868
f 754 1874 1871
f 753 782 1874
f 1874 781 1873
f 1873 780 1872
f 1872 61 357
f 1869 357 358
f 1866 358 359
f 1876 1878 1875
f 1877 1879 1876
f 1879 1881 1878
f 1880 1882 1879
f 795 812 120
f 796 1875 795
f 797 1876 796
f 121 1877 797
f 815 1880 1877
f 814 1883 1880
f 813 819 1883
f 1883 820 1882
f 1882 821 1881
f 1881 125 810
f 1878 810 811
f 1875 811 812
f 1884 1888 1887
f 1885 1889 1888
f 1887 1891 1890
f 1888 1892 1891
f 122 1884 806
f 798 1885 1884
f 799 1886 1885
f 800 818 1886
f 1886 817 1889
f 1889 816 1892
f 1892 119 813
f 1891 813 814
f 1890 814 815
f 804 815 121
f 805 1890 804
f 806 1887 805
f 1893 1897 1896
f 1894 1898 1897
f 1897 1899 1896
f 1897 1901 1900
f 124 1893 809
f 801 1894 1893
f 802 1895 1894
f 803 821 1895
f 1895 820 1898
f 1898 819 1901
f 1901 119 816
f 1901 817 1900
f 1900 818 1899
f 1899 123 807
f 1896 807 808
f 1893 808 809
f 1903 1905 1902
f 1904 1906 1903
f 1906 1908 1905
f 1907 1909 1906
f 327 351 5
f 328 1902 327
f 329 1903 328
f 54 1904 329
f 822 1907 1904
f 823 1910 1907
f 824 830 1910
f 1910 829 1909
f 1909 828 1908
f 1908 60 353
f 1905 353 352
f 1902 352 351
f 1912 1914 1911
f 1913 1915 1912
f 1915 1917 1914
f 1916 1918 1915
f 330 822 54
f 331 1911 330
f 332 1912 331
f 55 1913 332
f 825 1916 1913
f 826 1919 1916
f 827 797 1919
f 1919 796 1918
f 1918 795 1917
f 1917 120 824
f 1914 824 823
f 1911 823 822
f 1921 1923 1920
f 1922 1924 1921
f 1924 1926 1923
f 1925 1927 1924
f 828 354 60
f 829 1920 828
f 830 1921 829
f 120 1922 830
f 812 1925 1922
f 811 1928 1925
f 810 845 1928
f 1928 844 1927
f 1927 843 1926
f 1926 61 356
f 1923 356 355
f 1920 355 354
f 1929 1933 1932
f 1930 1934 1933
f 1932 1936 1935
f 1933 1937 1936
f 6 1929 338
f 279 1930 1929
f 280 1931 1930
f 281 831 1931
f 1931 832 1934
f 1934 833 1937
f 1937 122 839
f 1936 839 838
f 1935 838 837
f 336 837 56
f 337 1935 336
f 338 1932 337
f 1938 1942 1941
f 1939 1943 1942
f 1941 1945 1944
f 1942 1946 1945
f 42 1938 831
f 282 1939 1938
f 283 1940 1939
f 284 834 1940
f 1940 835 1943
f 1943 836 1946
f 1946 123 800
f 1945 800 799
f 1944 799 798
f 833 798 122
f 832 1944 833
f 831 1941 832
f 1947 1951 1950
f 1948 1952 1951
f 1950 1954 1953
f 1951 1955 1954
f 56 1947 335
f 837 1948 1947
f 838 1949 1948
f 839 806 1949
f 1949 805 1952
f 1952 804 1955
f 1955 121 827
f 1954 827 826
f 1953 826 825
f 333 825 55
f 334 1953 333
f 335 1950 334
f 1956 1960 1959
f 1957 1961 1960
f 1960 1962 1959
f 1960 1964 1963
f 7 1956 290
f 362 1957 1956
f 361 1958 1957
f 360 840 1958
f 1958 841 1961
f 1961 842 1964
f 842 848 1964
f 1964 847 1963
f 1963 846 1962
f 1962 44 288
f 1959 288 289
f 1956 289 290
f 1965 1969 1968
f 1966 1970 1969
f 1968 1972 1971
f 1969 1973 1972
f 62 1965 840
f 359 1966 1965
f 358 1967 1966
f 357 843 1967
f 1967 844 1970
f 1970 845 1973
f 1973 125 803
f 1972 803 802
f 1971 802 801
f 842 801 124
f 841 1971 842
f 840 1968 841
f 1975 1977 1974
f 1976 1978 1975
f 1978 1980 1977
f 1979 1981 1978
f 846 287 44
f 847 1974 846
f 848 1975 847
f 124 1976 848
f 809 1979 1976
f 808 1982 1979
f 807 836 1982
f 1982 835 1981
f 1981 834 1980
f 1980 43 285
f 1977 285 286
f 1974 286 287
f 1984 1986 1983
f 1985 1987 1984
f 1987 1989 1986
f 1988 1990 1987
f 849 866 127
f 850 1983 849
f 851 1984 850
f 128 1985 851
f 869 1988 1985
f 868 1991 1988
f 867 873 1991
f 1991 874 1990
f 1990 875 1989
f 1989 132 864
f 1986 864 865
f 1983 865 866
f 1992 1996 1995
f 1993 1997 1996
f 1995 1999 1998
f 1996 2000 1999
f 852 860 129
f 853 1992 852
f 854 1993 853
f 130 1994 854
f 872 1997 1994
f 871 2000 1997
f 2000 126 867
f 1999 867 868
f 1998 868 869
f 858 869 128
f 859 1998 858
f 860 1995 859
f 2001 2005 2004
f 2002 2006 2005
f 2004 2008 2007
f 2005 2009 2008
f 131 2001 863
f 855 2002 2001
f 856 2003 2002
f 857 875 2003
f 2003 874 2006
f 2006 873 2009
f 2009 126 870
f 2008 870 871
f 2007 871 872
f 861 872 130
f 862 2007 861
f 863 2004 862
f 2011 2013 2010
f 2012 2014 2011
f 2014 2016 2013
f 2015 2017 2014
f 159 267 1
f 160 2010 159
f 161 2011 160
f 12 2012 161
f 876 2015 2012
f 877 2018 2015
f 878 884 2018
f 2018 883 2017
f 2017 882 2016
f 2016 39 269
f 2013 269 268
f 2010 268 267
f 2020 2022 2019
f 2021 2023 2020
f 2023 2025 2022
f 2024 2026 2023
f 162 876 12
f 163 2019 162
f 163 2021 2020
f 164 879 2021
f 879 2024 2021
f 880 2027 2024
f 881 851 2027
f 2027 850 2026
f 2026 849 2025
f 2025 127 878
f 2022 878 877
f 2019 877 876
f 2029 2031 2028
f 2030 2032 2029
f 2032 2034 2031
f 2033 2035 2032
f 882 270 39
f 883 2028 882
f 884 2029 883
f 127 2030 884
f 866 2033 2030
f 865 2036 2033
f 864 899 2036
f 2036 898 2035
f 2035 897 2034
f 2034 40 272
f 2031 272 271
f 2028 271 270
f 2038 2040 2037
f 2039 2041 2038
f 2041 2043 2040
f 2042 2044 2041
f 303 170 3
f 304 2037 303
f 305 2038 304
f 48 2039 305
f 885 2042 2039
f 886 2045 2042
f 887 893 2045
f 2045 892 2044
f 2044 891 2043
f 2043 14 168
f 2040 168 169
f 2037 169 170
f 2047 2049 2046
f 2048 2050 2047
f 2050 2052 2049
f 2051 2053 2050
f 306 885 48
f 307 2046 306
f 308 2047 307
f 49 2048 308
f 888 2051 2048
f 889 2054 2051
f 890 854 2054
f 2054 853 2053
f 2053 852 2052
f 2052 129 887
f 2049 887 886
f 2046 886 885
f 2056 2058 2055
f 2057 2059 2056
f 2059 2061 2058
f 2060 2062 2059
f 891 167 14
f 892 2055 891
f 893 2056 892
f 129 2057 893
f 2057 859 2060
f 2060 858 2063
f 2063 128 881
f 2062 881 880
f 2062 879 2061
f 2061 13 165
f 2058 165 166
f 2055 166 167
f 2064 2068 2067
f 2065 2069 2068
f 2067 2071 2070
f 2068 2072 2071
f 7 2064 314
f 278 2065 2064
f 277 2066 2065
f 276 894 2066
f 2066 895 2069
f 2069 896 2072
f 2072 131 902
f 2071 902 901
f 2070 901 900
f 312 900 50
f 313 2070 312
f 314 2067 313
f 2073 2077 2076
f 2074 2078 2077
f 2076 2080 2079
f 2077 2081 2080
f 41 2073 894
f 275 2074 2073
f 274 2075 2074
f 273 897 2075
f 2075 898 2078
f 2078 899 2081
f 2081 132 857
f 2080 857 856
f 2079 856 855
f 896 855 131
f 895 2079 896
f 894 2076 895
f 2082 2086 2085
f 2083 2087 2086
f 2085 2089 2088
f 2086 2090 2089
f 50 2082 311
f 900 2083 2082
f 901 2084 2083
f 902 863 2084
f 2084 862 2087
f 2087 861 2090
f 2090 130 890
f 2089 890 889
f 2088 889 888
f 309 888 49
f 310 2088 309
f 311 2085 310
f 2091 2095 2094
f 2092 2096 2095
f 2094 2098 2097
f 2095 2099 2098
f 134 2091 920
f 903 2092 2091
f 904 2093 2092
f 905 923 2093
f 2093 922 2096
f 2096 921 2099
f 2099 133 927
f 2098 927 928
f 2098 929 2097
f 2097 139 918
f 919 2097 918
f 920 2094 919
f 2101 2103 2100
f 2102 2104 2101
f 2104 2106 2103
f 2105 2107 2104
f 906 914 136
f 907 2100 906
f 908 2101 907
f 137 2102 908
f 926 2105 2102
f 925 2108 2105
f 924 921 2108
f 2108 922 2107
f 2107 923 2106
f 2106 135 912
f 2103 912 913
f 2100 913 914
f 2109 2113 2112
f 2110 2114 2113
f 2112 2116 2115
f 2113 2117 2116
f 138 2109 917
f 909 2110 2109
f 910 2111 2110
f 911 929 2111
f 2111 928 2114
f 2114 927 2117
f 2117 133 924
f 2116 924 925
f 2115 925 926
f 915 926 137
f 916 2115 915
f 917 2112 916
f 2118 2122 2121
f 2119 2123 2122
f 2121 2125 2124
f 2122 2126 2125
f 1 2118 171
f 267 2119 2118
f 268 2120 2119
f 269 930 2120
f 2120 931 2123
f 2123 932 2126
f 2126 134 938
f 2125 938 937
f 2124 937 936
f 173 936 15
f 172 2124 173
f 171 2121 172
f 2127 2131 2130
f 2128 2132 2131
f 2130 2134 2133
f 2131 2135 2134
f 39 2127 930
f 270 2128 2127
f 271 2129 2128
f 272 933 2129
f 2129 934 2132
f 2132 935 2135
f 2135 135 905
f 2134 905 904
f 2133 904 903
f 932 903 134
f 931 2133 932
f 930 2130 931
f 2136 2140 2139
f 2137 2141 2140
f 2140 2142 2139
f 2141 2143 2140
f 15 2136 174
f 936 2137 2136
f 937 2138 2137
f 938 920 2138
f 2138 919 2141
f 919 2144 2141
f 918 953 2144
f 2144 952 2143
f 2143 951 2142
f 2142 16 176
f 2139 176 175
f 174 2139 175
f 2146 2148 2145
f 2147 2149 2146
f 2149 2151 2148
f 2150 2152 2149
f 326 278 7
f 325 2145 326
f 324 2146 325
f 53 2147 324
f 939 2150 2147
f 940 2153 2150
f 941 947 2153
f 2153 946 2152
f 2152 945 2151
f 2151 41 276
f 2148 276 277
f 2145 277 278
f 2155 2157 2154
f 2156 2158 2155
f 2158 2160 2157
f 2159 2161 2158
f 323 939 53
f 322 2154 323
f 321 2155 322
f 52 2156 321
f 942 2159 2156
f 943 2162 2159
f 944 908 2162
f 2162 907 2161
f 2161 906 2160
f 2160 136 941
f 2157 941 940
f 2154 940 939
f 2164 2166 2163
f 2165 2167 2164
f 2167 2169 2166
f 2168 2170 2167
f 945 275 41
f 946 2163 945
f 947 2164 946
f 136 2165 947
f 914 2168 2165
f 913 2171 2168
f 912 935 2171
f 2171 934 2170
f 2170 933 2169
f 2169 40 273
f 2166 273 274
f 2163 274 275
f 2172 2176 2175
f 2173 2177 2176
f 2175 2179 2178
f 2176 2180 2179
f 182 315 4
f 182 2173 2172
f 181 2174 2173
f 180 948 2174
f 2174 949 2177
f 2177 950 2180
f 2180 138 956
f 2179 956 955
f 2178 955 954
f 317 954 51
f 316 2178 317
f 315 2175 316
f 2181 2185 2184
f 2182 2186 2185
f 2184 2188 2187
f 2185 2189 2188
f 17 2181 948
f 179 2182 2181
f 178 2183 2182
f 177 951 2183
f 2183 952 2186
f 2186 953 2189
f 2189 139 911
f 2188 911 910
f 2187 910 909
f 950 909 138
f 949 2187 950
f 948 2184 949
f 2190 2194 2193
f 2191 2195 2194
f 2193 2197 2196
f 2194 2198 2197
f 51 2190 318
f 954 2191 2190
f 955 2192 2191
f 956 917 2192
f 2192 916 2195
f 2195 915 2198
f 2198 137 944
f 2197 944 943
f 2196 943 942
f 320 942 52
f 319 2196 320
f 318 2193 319
f 2200 2202 2199
f 2201 2203 2200
f 2203 2205 2202
f 2204 2206 2203
f 957 974 141
f 958 2199 957
f 959 2200 958
f 142 2201 959
f 977 2204 2201
f 976 2207 2204
f 975 981 2207
f 2207 982 2206
f 2206 983 2205
f 2205 146 972
f 2202 972 973
f 2199 973 974
f 2208 2212 2211
f 2209 2213 2212
f 2211 2215 2214
f 2212 2216 2215
f 143 2208 968
f 960 2209 2208
f 961 2210 2209
f 962 980 2210
f 2210 979 2213
f 2213 978 2216
f 2216 140 975
f 2215 975 976
f 2214 976 977
f 966 977 142
f 967 2214 966
f 968 2211 967
f 2218 2220 2217
f 2218 2222 2221
f 2221 2223 2220
f 2221 2225 2224
f 963 971 145
f 964 2217 963
f 964 2219 2218
f 965 983 2219
f 2219 982 2222
f 2222 981 2225
f 2225 140 978
f 2225 979 2224
f 2224 980 2223
f 2223 144 969
f 2220 969 970
f 2217 970 971
f 2227 2229 2226
f 2228 2230 2227
f 2230 2232 2229
f 2231 2233 2230
f 4 2226 195
f 316 2226 315
f 317 2227 316
f 51 2228 317
f 984 2231 2228
f 985 2234 2231
f 986 992 2234
f 2234 991 2233
f 2232 991 990
f 197 990 21
f 196 2232 197
f 195 2229 196
f 2236 2238 2235
f 2237 2239 2236
f 2239 2241 2238
f 2240 2242 2239
f 318 984 51
f 319 2235 318
f 320 2236 319
f 52 2237 320
f 987 2240 2237
f 988 2243 2240
f 989 959 2243
f 2243 958 2242
f 2242 957 2241
f 2241 141 986
f 2238 986 985
f 2235 985 984
f 2245 2247 2244
f 2246 2248 2245
f 2248 2250 2247
f 2249 2251 2248
f 21 2244 198
f 991 2244 990
f 992 2245 991
f 141 2246 992
f 974 2249 2246
f 973 2252 2249
f 972 1007 2252
f 2252 1006 2251
f 2250 1006 1005
f 200 1005 22
f 199 2250 200
f 198 2247 199
f 2253 2257 2256
f 2254 2258 2257
f 2256 2260 2259
f 2257 2261 2260
f 7 2253 326
f 290 2254 2253
f 289 2255 2254
f 288 993 2255
f 2255 994 2258
f 2258 995 2261
f 2261 143 1001
f 2260 1001 1000
f 2259 1000 999
f 324 999 53
f 325 2259 324
f 326 2256 325
f 2262 2266 2265
f 2263 2267 2266
f 2265 2269 2268
f 2266 2270 2269
f 44 2262 993
f 287 2263 2262
f 286 2264 2263
f 285 996 2264
f 2264 997 2267
f 2267 998 2270
f 2270 144 962
f 2269 962 961
f 2268 961 960
f 995 960 143
f 994 2268 995
f 993 2265 994
f 2271 2275 2274
f 2272 2276 2275
f 2274 2278 2277
f 2275 2279 2278
f 53 2271 323
f 999 2272 2271
f 1000 2273 2272
f 1001 968 2273
f 2273 967 2276
f 2276 966 2279
f 2279 142 989
f 2278 989 988
f 2277 988 987
f 321 987 52
f 322 2277 321
f 323 2274 322
f 2281 2283 2280
f 2282 2284 2281
f 2284 2286 2283
f 2285 2287 2284
f 6 2280 279
f 205 2280 206
f 204 2281 205
f 23 2282 204
f 1002 2285 2282
f 1003 2288 2285
f 1004 1010 2288
f 2288 1009 2287
f 2287 1008 2286
f 2286 42 281
f 2283 281 280
f 2280 280 279
f 2290 2292 2289
f 2291 2293 2290
f 2293 2295 2292
f 2294 2296 2293
f 203 1002 23
f 202 2289 203
f 201 2290 202
f 22 2291 201
f 1005 2294 2291
f 1006 2297 2294
f 2297 146 965
f 2297 964 2296
f 2296 963 2295
f 2295 145 1004
f 2292 1004 1003
f 2289 1003 1002
f 2299 2301 2298
f 2300 2302 2299
f 2302 2304 2301
f 2303 2305 2302
f 1008 282 42
f 1009 2298 1008
f 1010 2299 1009
f 145 2300 1010
f 971 2303 2300
f 970 2306 2303
f 969 998 2306
f 2306 997 2305
f 2305 996 2304
f 2304 43 284
f 2301 284 283
f 2298 283 282
f 1012 1015 1014
f 1013 1016 1015
f 1015 1018 1017
f 1016 1019 1018
f 363 1011 380
f 364 1012 1011
f 365 1013 1012
f 65 383 1013
f 383 382 1016
f 382 381 1019
f 381 63 387
f 1019 387 388
f 1018 388 389
f 1017 389 69
f 1014 1017 378
f 1011 1014 379
f 1020 1021 1024
f 1021 1022 1025
f 1023 1024 1027
f 1024 1025 1028
f 66 366 1020
f 366 367 1021
f 367 368 1022
f 67 386 1022
f 386 385 1025
f 1025 385 384
f 1028 384 63
f 1027 1028 381
f 1026 1027 382
f 372 1026 383
f 373 1023 1026
f 374 1020 1023
f 1029 1030 1033
f 1030 1031 1034
f 1032 1033 1036
f 1033 1034 1037
f 68 369 1029
f 369 370 1030
f 370 371 1031
f 371 69 389
f 1031 389 388
f 1034 388 387
f 1037 387 63
f 1036 1037 384
f 1035 1036 385
f 375 1035 386
f 376 1032 1035
f 377 1029 1032
f 1039 1042 1041
f 1040 1043 1042
f 1042 1045 1044
f 1043 1046 1045
f 147 1038 159
f 148 1039 1038
f 149 1040 1039
f 9 390 1040
f 390 391 1043
f 391 392 1046
f 392 64 398
f 1046 398 397
f 1045 397 396
f 1044 396 12
f 1041 1044 161
f 1038 1041 160
f 1048 1051 1050
f 1049 1052 1051
f 1051 1054 1053
f 1052 1055 1054
f 150 1047 390
f 151 1048 1047
f 152 1049 1048
f 10 393 1049
f 393 394 1052
f 394 395 1055
f 395 65 365
f 1055 365 364
f 1054 364 363
f 1053 363 64
f 1050 1053 392
f 1047 1050 391
f 1057 1060 1059
f 1058 1061 1060
f 1060 1063 1062
f 1061 1064 1063
f 396 1056 162
f 397 1057 1056
f 398 1058 1057
f 64 380 1058
f 380 379 1061
f 379 378 1064
f 378 69 413
f 1064 413 412
f 1063 412 411
f 1062 411 13
f 1059 1062 164
f 1056 1059 163
f 1066 1069 1068
f 1066 1067 1070
f 1069 1072 1071
f 1070 1073 1072
f 2 231 1065
f 231 232 1066
f 232 233 1067
f 233 30 399
f 1067 399 400
f 400 401 1073
f 1073 401 66
f 1073 407 406
f 1072 406 405
f 1071 405 11
f 157 1068 1071
f 158 1065 1068
f 1074 1075 1078
f 1075 1076 1079
f 1077 1078 1081
f 1078 1079 1082
f 30 234 1074
f 234 235 1075
f 235 236 1076
f 236 31 402
f 1076 402 403
f 1079 403 404
f 1082 404 67
f 1081 1082 368
f 1080 1081 367
f 401 1080 366
f 400 1077 1080
f 399 1074 1077
f 1083 1084 1087
f 1084 1085 1088
f 1086 1087 1090
f 1087 1088 1091
f 11 405 1083
f 405 406 1084
f 406 407 1085
f 407 66 374
f 1085 374 373
f 1088 373 372
f 1091 372 65
f 1090 1091 395
f 1089 1090 394
f 153 1089 393
f 154 1086 1089
f 155 1083 1086
f 1092 1093 1096
f 1093 1094 1097
f 1095 1096 1099
f 1096 1097 1100
f 3 170 1092
f 170 169 1093
f 169 168 1094
f 168 14 408
f 1094 408 409
f 1097 409 410
f 1100 410 68
f 1099 1100 416
f 1098 1099 415
f 240 1098 414
f 241 1095 1098
f 242 1092 1095
f 1101 1102 1105
f 1102 1103 1106
f 1104 1105 1108
f 1105 1106 1109
f 14 167 1101
f 167 166 1102
f 166 165 1103
f 165 13 411
f 1103 411 412
f 1106 412 413
f 1109 413 69
f 1108 1109 371
f 1107 1108 370
f 410 1107 369
f 409 1104 1107
f 408 1101 1104
f 1110 1111 1114
f 1111 1112 1115
f 1113 1114 1117
f 1114 1115 1118
f 32 414 1110
f 414 415 1111
f 415 416 1112
f 416 68 377
f 1112 377 376
f 1115 376 375
f 1118 375 67
f 1117 1118 404
f 1117 403 402
f 1116 402 31
f 238 1113 1116
f 239 1110 1113
f 1120 1123 1122
f 1121 1124 1123
f 1123 1126 1125
f 1124 1127 1126
f 417 1119 434
f 418 1120 1119
f 419 1121 1120
f 72 437 1121
f 437 436 1124
f 436 435 1127
f 435 70 441
f 1127 441 442
f 1126 442 443
f 1125 443 76
f 1122 1125 432
f 1119 1122 433
f 1128 1129 1132
f 1129 1130 1133
f 1131 1132 1135
f 1132 1133 1136
f 73 420 1128
f 420 421 1129
f 421 422 1130
f 422 74 440
f 1130 440 439
f 1133 439 438
f 1136 438 70
f 1135 1136 435
f 1134 1135 436
f 426 1134 437
f 427 1131 1134
f 428 1128 1131
f 1138 1141 1140
f 1139 1142 1141
f 1141 1144 1143
f 1142 1145 1144
f 423 1137 431
f 424 1138 1137
f 425 1139 1138
f 425 76 443
f 1139 443 442
f 1142 442 441
f 441 70 438
f 1145 438 439
f 1144 439 440
f 1143 440 74
f 1140 1143 429
f 1137 1140 430
f 1147 1150 1149
f 1148 1151 1150
f 1150 1153 1152
f 1151 1154 1153
f 219 1146 147
f 220 1147 1146
f 221 1148 1147
f 27 444 1148
f 444 445 1151
f 445 446 1154
f 446 71 452
f 1154 452 451
f 1153 451 450
f 1152 450 9
f 1149 1152 149
f 1146 1149 148
f 1156 1159 1158
f 1157 1160 1159
f 1159 1162 1161
f 1160 1163 1162
f 222 1155 444
f 223 1156 1155
f 224 1157 1156
f 28 447 1157
f 447 448 1160
f 448 449 1163
f 449 72 419
f 1163 419 418
f 1162 418 417
f 1161 417 71
f 1158 1161 446
f 1155 1158 445
f 1165 1168 1167
f 1166 1169 1168
f 1168 1171 1170
f 1169 1172 1171
f 450 1164 150
f 451 1165 1164
f 452 1166 1165
f 71 434 1166
f 434 433 1169
f 433 432 1172
f 432 76 467
f 1172 467 466
f 1171 466 465
f 152 1170 465
f 1167 1170 152
f 1164 1167 151
f 1173 1174 1177
f 1174 1175 1178
f 1176 1177 1180
f 1177 1178 1181
f 8 302 1173
f 302 301 1174
f 301 300 1175
f 300 47 453
f 1175 453 454
f 1178 454 455
f 1181 455 73
f 1180 1181 461
f 1179 1180 460
f 228 1179 459
f 229 1176 1179
f 230 1173 1176
f 1182 1183 1186
f 1183 1184 1187
f 1185 1186 1189
f 1186 1187 1190
f 47 299 1182
f 299 298 1183
f 298 297 1184
f 297 46 456
f 1184 456 457
f 1187 457 458
f 1190 458 74
f 1189 1190 422
f 1188 1189 421
f 455 1188 420
f 454 1185 1188
f 453 1182 1185
f 1191 1192 1195
f 1192 1193 1196
f 1194 1195 1198
f 1195 1196 1199
f 29 459 1191
f 459 460 1192
f 460 461 1193
f 461 73 428
f 1193 428 427
f 1196 427 426
f 1199 426 72
f 1198 1199 449
f 1197 1198 448
f 225 1197 447
f 226 1194 1197
f 227 1191 1194
f 1201 1204 1203
f 1202 1205 1204
f 1204 1207 1206
f 1205 1208 1207
f 158 1200 291
f 157 1201 1200
f 156 1202 1201
f 11 462 1202
f 462 463 1205
f 463 464 1208
f 464 75 470
f 1208 470 469
f 1207 469 468
f 1206 468 45
f 1203 1206 293
f 1200 1203 292
f 1210 1213 1212
f 1211 1214 1213
f 1213 1216 1215
f 1214 1217 1216
f 155 1209 462
f 154 1210 1209
f 153 1211 1210
f 10 465 1211
f 465 466 1214
f 1214 466 467
f 1217 467 76
f 1217 425 424
f 1216 424 423
f 1215 423 75
f 1212 1215 464
f 1209 1212 463
f 1219 1222 1221
f 1220 1223 1222
f 1222 1225 1224
f 1223 1226 1225
f 468 1218 294
f 469 1219 1218
f 470 1220 1219
f 75 431 1220
f 431 430 1223
f 430 429 1226
f 429 74 458
f 1226 458 457
f 1225 457 456
f 1224 456 46
f 1221 1224 296
f 1218 1221 295
f 1227 1228 1231
f 1228 1229 1232
f 1230 1231 1234
f 1231 1232 1235
f 78 471 1227
f 471 472 1228
f 472 473 1229
f 473 79 491
f 1229 491 490
f 1232 490 489
f 1235 489 77
f 1234 1235 495
f 1233 1234 496
f 486 1233 497
f 487 1230 1233
f 488 1227 1230
f 1237 1240 1239
f 1238 1241 1240
f 1240 1243 1242
f 1241 1244 1243
f 474 1236 482
f 475 1237 1236
f 476 1238 1237
f 81 494 1238
f 494 493 1241
f 493 492 1244
f 492 77 489
f 1244 489 490
f 1243 490 491
f 1242 491 79
f 1239 1242 480
f 1236 1239 481
f 1245 1246 1249
f 1246 1247 1250
f 1248 1249 1252
f 1249 1250 1253
f 82 477 1245
f 477 478 1246
f 478 479 1247
f 83 497 1247
f 497 496 1250
f 1250 496 495
f 1253 495 77
f 1252 1253 492
f 1251 1252 493
f 483 1251 494
f 484 1248 1251
f 485 1245 1248
f 1254 1255 1258
f 1255 1256 1259
f 1257 1258 1261
f 1258 1259 1262
f 339 1254 182
f 339 340 1255
f 340 341 1256
f 341 57 498
f 1256 498 499
f 1259 499 500
f 1262 500 78
f 1261 1262 506
f 1260 1261 505
f 180 1260 504
f 181 1257 1260
f 182 1254 1257
f 1263 1264 1267
f 1264 1265 1268
f 1266 1267 1270
f 1267 1268 1271
f 57 342 1263
f 342 343 1264
f 343 344 1265
f 344 58 501
f 1265 501 502
f 1268 502 503
f 1271 503 79
f 1270 1271 473
f 1269 1270 472
f 500 1269 471
f 499 1266 1269
f 498 1263 1266
f 1272 1273 1276
f 1273 1274 1277
f 1275 1276 1279
f 1276 1277 1280
f 17 504 1272
f 504 505 1273
f 505 506 1274
f 506 78 488
f 1274 488 487
f 1277 487 486
f 1280 486 83
f 1279 1280 521
f 1278 1279 520
f 177 1278 519
f 178 1275 1278
f 179 1272 1275
f 1282 1285 1284
f 1283 1286 1285
f 1285 1288 1287
f 1286 1289 1288
f 230 1281 350
f 229 1282 1281
f 228 1283 1282
f 29 507 1283
f 507 508 1286
f 508 509 1289
f 509 80 515
f 1289 515 514
f 1288 514 513
f 1287 513 59
f 1284 1287 348
f 1281 1284 349
f 1291 1294 1293
f 1292 1295 1294
f 1294 1297 1296
f 1295 1298 1297
f 227 1290 507
f 226 1291 1290
f 225 1292 1291
f 28 510 1292
f 510 511 1295
f 511 512 1298
f 512 81 476
f 1298 476 475
f 1297 475 474
f 1296 474 80
f 1293 1296 509
f 1290 1293 508
f 1300 1303 1302
f 1301 1304 1303
f 1303 1306 1305
f 1304 1307 1306
f 513 1299 347
f 514 1300 1299
f 515 1301 1300
f 80 482 1301
f 482 481 1304
f 481 480 1307
f 480 79 503
f 1307 503 502
f 1306 502 501
f 1305 501 58
f 1302 1305 345
f 1299 1302 346
f 1308 1309 1312
f 1309 1310 1313
f 1311 1312 1315
f 1312 1313 1316
f 171 1308 219
f 171 172 1309
f 172 173 1310
f 173 15 516
f 1310 516 517
f 1313 517 518
f 1316 518 82
f 1315 1316 524
f 1314 1315 523
f 221 1314 522
f 220 1311 1314
f 219 1308 1311
f 1317 1318 1321
f 1319 1322 1321
f 1320 1321 1324
f 1322 1325 1324
f 15 174 1317
f 174 175 1318
f 176 1319 1318
f 16 519 1319
f 519 520 1322
f 520 521 1325
f 521 83 479
f 1325 479 478
f 1323 1324 478
f 518 1323 477
f 517 1320 1323
f 516 1317 1320
f 1326 1327 1330
f 1327 1328 1331
f 1329 1330 1333
f 1330 1331 1334
f 27 522 1326
f 522 523 1327
f 523 524 1328
f 524 82 485
f 1328 485 484
f 1331 484 483
f 1334 483 81
f 1333 1334 512
f 1332 1333 511
f 224 1332 510
f 223 1329 1332
f 222 1326 1329
f 1336 1339 1338
f 1337 1340 1339
f 1339 1342 1341
f 1340 1343 1342
f 525 1335 542
f 526 1336 1335
f 527 1337 1336
f 527 86 545
f 1337 545 544
f 544 543 1343
f 543 84 549
f 1343 549 550
f 1342 550 551
f 1341 551 90
f 1338 1341 540
f 1335 1338 541
f 1345 1348 1347
f 1346 1349 1348
f 1348 1351 1350
f 1349 1352 1351
f 528 1344 536
f 529 1345 1344
f 530 1346 1345
f 88 548 1346
f 548 547 1349
f 547 546 1352
f 546 84 543
f 1352 543 544
f 1351 544 545
f 1350 545 86
f 1347 1350 534
f 1344 1347 535
f 1353 1354 1357
f 1354 1355 1358
f 1356 1357 1360
f 1357 1358 1361
f 89 531 1353
f 531 532 1354
f 532 533 1355
f 533 90 551
f 1355 551 550
f 1358 550 549
f 1361 549 84
f 1360 1361 546
f 1359 1360 547
f 537 1359 548
f 538 1356 1359
f 539 1353 1356
f 1363 1366 1365
f 1363 1364 1367
f 1366 1369 1368
f 1367 1370 1369
f 4 183 1362
f 183 184 1363
f 184 185 1364
f 185 18 552
f 1364 552 553
f 553 554 1370
f 554 85 560
f 1370 560 559
f 1369 559 558
f 1368 558 57
f 1365 1368 341
f 1362 1365 340
f 1371 1372 1375
f 1372 1373 1376
f 1374 1375 1378
f 1375 1376 1379
f 18 186 1371
f 186 187 1372
f 187 188 1373
f 188 19 555
f 1373 555 556
f 1376 556 557
f 1379 557 86
f 1378 1379 527
f 1378 526 525
f 1377 525 85
f 1374 1377 554
f 552 1371 1374
f 1381 1384 1383
f 1382 1385 1384
f 1384 1387 1386
f 1385 1388 1387
f 558 1380 342
f 559 1381 1380
f 560 1382 1381
f 85 542 1382
f 542 541 1385
f 541 540 1388
f 540 90 575
f 1388 575 574
f 1387 574 573
f 1386 573 58
f 1383 1386 344
f 1380 1383 343
f 1390 1393 1392
f 1391 1394 1393
f 1393 1396 1395
f 1394 1397 1396
f 243 1389 194
f 244 1390 1389
f 245 1391 1390
f 33 561 1391
f 561 562 1394
f 562 563 1397
f 563 87 569
f 1397 569 568
f 1396 568 567
f 1395 567 20
f 1392 1395 192
f 1389 1392 193
f 1399 1402 1401
f 1400 1403 1402
f 1402 1405 1404
f 1403 1406 1405
f 246 1398 561
f 247 1399 1398
f 248 1400 1399
f 34 564 1400
f 564 565 1403
f 565 566 1406
f 566 88 530
f 1406 530 529
f 1405 529 528
f 1404 528 87
f 1401 1404 563
f 1398 1401 562
f 1408 1411 1410
f 1409 1412 1411
f 1411 1414 1413
f 1412 1415 1414
f 567 1407 191
f 568 1408 1407
f 569 1409 1408
f 87 536 1409
f 536 535 1412
f 535 534 1415
f 534 86 557
f 1415 557 556
f 1414 556 555
f 1413 555 19
f 1410 1413 189
f 1407 1410 190
f 1416 1417 1420
f 1417 1418 1421
f 1419 1420 1423
f 1420 1421 1424
f 8 350 1416
f 350 349 1417
f 349 348 1418
f 348 59 570
f 1418 570 571
f 1421 571 572
f 1424 572 89
f 1423 1424 578
f 1422 1423 577
f 252 1422 576
f 253 1419 1422
f 254 1416 1419
f 1425 1426 1429
f 1426 1427 1430
f 1428 1429 1432
f 1429 1430 1433
f 59 347 1425
f 347 346 1426
f 346 345 1427
f 345 58 573
f 1427 573 574
f 1430 574 575
f 1433 575 90
f 1432 1433 533
f 1431 1432 532
f 572 1431 531
f 571 1428 1431
f 570 1425 1428
f 1434 1435 1438
f 1435 1436 1439
f 1437 1438 1441
f 1438 1439 1442
f 35 576 1434
f 576 577 1435
f 577 578 1436
f 578 89 539
f 1436 539 538
f 1439 538 537
f 1442 537 88
f 1441 1442 566
f 1440 1441 565
f 249 1440 564
f 250 1437 1440
f 251 1434 1437
f 1443 1444 1447
f 1444 1445 1448
f 1446 1447 1450
f 1447 1448 1451
f 92 579 1443
f 579 580 1444
f 580 581 1445
f 581 93 599
f 1445 599 598
f 1448 598 597
f 1451 597 91
f 1450 1451 603
f 1449 1450 604
f 594 1449 605
f 595 1446 1449
f 596 1443 1446
f 1453 1456 1455
f 1454 1457 1456
f 1456 1459 1458
f 1457 1460 1459
f 582 1452 590
f 583 1453 1452
f 584 1454 1453
f 95 602 1454
f 602 601 1457
f 601 600 1460
f 600 91 597
f 1460 597 598
f 1459 598 599
f 1458 599 93
f 1455 1458 588
f 1452 1455 589
f 1461 1462 1465
f 1462 1463 1466
f 1464 1465 1468
f 1465 1466 1469
f 96 585 1461
f 585 586 1462
f 586 587 1463
f 587 97 605
f 1463 605 604
f 1466 604 603
f 1469 603 91
f 1468 1469 600
f 1467 1468 601
f 591 1467 602
f 592 1464 1467
f 593 1461 1464
f 1470 1471 1474
f 1471 1472 1475
f 1473 1474 1477
f 1474 1475 1478
f 2 291 1470
f 291 292 1471
f 292 293 1472
f 293 45 606
f 1472 606 607
f 1475 607 608
f 1478 608 92
f 1477 1478 614
f 1476 1477 613
f 257 1476 612
f 256 1473 1476
f 255 1470 1473
f 1479 1480 1483
f 1480 1481 1484
f 1482 1483 1486
f 1483 1484 1487
f 45 294 1479
f 294 295 1480
f 295 296 1481
f 296 46 609
f 1481 609 610
f 1484 610 611
f 1487 611 93
f 1486 1487 581
f 1485 1486 580
f 608 1485 579
f 607 1482 1485
f 606 1479 1482
f 1488 1489 1492
f 1489 1490 1493
f 1491 1492 1495
f 1492 1493 1496
f 36 612 1488
f 612 613 1489
f 613 614 1490
f 614 92 596
f 1490 596 595
f 1493 595 594
f 1496 594 97
f 1495 1496 629
f 1494 1495 628
f 260 1494 627
f 259 1491 1494
f 258 1488 1491
f 1498 1501 1500
f 1499 1502 1501
f 1501 1504 1503
f 1502 1505 1504
f 254 1497 302
f 253 1498 1497
f 252 1499 1498
f 35 615 1499
f 615 616 1502
f 616 617 1505
f 617 94 623
f 1505 623 622
f 1504 622 621
f 1503 621 47
f 1500 1503 300
f 1497 1500 301
f 1507 1510 1509
f 1508 1511 1510
f 1510 1513 1512
f 1511 1514 1513
f 251 1506 615
f 250 1507 1506
f 249 1508 1507
f 34 618 1508
f 618 619 1511
f 619 620 1514
f 620 95 584
f 1514 584 583
f 1513 583 582
f 1512 582 94
f 1509 1512 617
f 1506 1509 616
f 1516 1519 1518
f 1517 1520 1519
f 1519 1522 1521
f 1520 1523 1522
f 621 1515 299
f 622 1516 1515
f 623 1517 1516
f 94 590 1517
f 590 589 1520
f 589 588 1523
f 588 93 611
f 1523 611 610
f 1522 610 609
f 1521 609 46
f 1518 1521 297
f 1515 1518 298
f 1524 1525 1528
f 1525 1526 1529
f 1527 1528 1531
f 1528 1529 1532
f 5 266 1524
f 266 265 1525
f 265 264 1526
f 264 38 624
f 1526 624 625
f 1529 625 626
f 1532 626 96
f 1531 1532 632
f 1530 1531 631
f 245 1530 630
f 244 1527 1530
f 243 1524 1527
f 1533 1534 1537
f 1534 1535 1538
f 1536 1537 1540
f 1537 1538 1541
f 263 1533 624
f 263 262 1534
f 262 261 1535
f 37 627 1535
f 627 628 1538
f 1538 628 629
f 1541 629 97
f 1540 1541 587
f 1539 1540 586
f 626 1539 585
f 625 1536 1539
f 624 1533 1536
f 1542 1543 1546
f 1543 1544 1547
f 1545 1546 1549
f 1546 1547 1550
f 33 630 1542
f 630 631 1543
f 631 632 1544
f 632 96 593
f 1544 593 592
f 1547 592 591
f 1550 591 95
f 1549 1550 620
f 1548 1549 619
f 248 1548 618
f 247 1545 1548
f 246 1542 1545
f 1552 1555 1554
f 1553 1556 1555
f 1555 1558 1557
f 1556 1559 1558
f 633 1551 650
f 634 1552 1551
f 635 1553 1552
f 100 653 1553
f 653 652 1556
f 652 651 1559
f 651 98 657
f 1559 657 658
f 1558 658 659
f 1557 659 104
f 1554 1557 648
f 1551 1554 649
f 1560 1561 1564
f 1561 1562 1565
f 1563 1564 1567
f 1564 1565 1568
f 101 636 1560
f 636 637 1561
f 637 638 1562
f 638 102 656
f 1562 656 655
f 1565 655 654
f 1568 654 98
f 1567 1568 651
f 1566 1567 652
f 642 1566 653
f 643 1563 1566
f 644 1560 1563
f 1569 1570 1573
f 1570 1571 1574
f 1573 1576 1575
f 1573 1574 1577
f 103 639 1569
f 639 640 1570
f 640 641 1571
f 641 104 659
f 1571 659 658
f 1574 658 657
f 1577 657 98
f 1577 654 655
f 1576 655 656
f 1575 656 102
f 1572 1575 645
f 1569 1572 646
f 1579 1582 1581
f 1580 1583 1582
f 1582 1585 1584
f 1583 1586 1585
f 195 1578 183
f 196 1579 1578
f 197 1580 1579
f 21 660 1580
f 660 661 1583
f 661 662 1586
f 662 99 668
f 1586 668 667
f 1585 667 666
f 1584 666 18
f 1581 1584 185
f 1578 1581 184
f 1588 1591 1590
f 1589 1592 1591
f 1591 1594 1593
f 1592 1595 1594
f 198 1587 660
f 199 1588 1587
f 200 1589 1588
f 22 663 1589
f 663 664 1592
f 664 665 1595
f 665 100 635
f 1595 635 634
f 1594 634 633
f 1593 633 99
f 1590 1593 662
f 1587 1590 661
f 1597 1600 1599
f 1598 1601 1600
f 1600 1603 1602
f 1601 1604 1603
f 666 1596 186
f 667 1597 1596
f 668 1598 1597
f 99 650 1598
f 650 649 1601
f 649 648 1604
f 648 104 683
f 1604 683 682
f 1603 682 681
f 1602 681 19
f 1599 1602 188
f 1596 1599 187
f 1605 1606 1609
f 1606 1607 1610
f 1608 1609 1612
f 1609 1610 1613
f 6 338 1605
f 338 337 1606
f 337 336 1607
f 336 56 669
f 1607 669 670
f 1610 670 671
f 1613 671 101
f 1612 1613 677
f 1611 1612 676
f 204 1611 675
f 205 1608 1611
f 206 1605 1608
f 1614 1615 1618
f 1615 1616 1619
f 1617 1618 1621
f 1618 1619 1622
f 56 335 1614
f 335 334 1615
f 333 1616 1615
f 55 672 1616
f 1616 672 673
f 1619 673 674
f 1622 674 102
f 1621 1622 638
f 1620 1621 637
f 671 1620 636
f 670 1617 1620
f 669 1614 1617
f 1623 1624 1627
f 1624 1625 1628
f 1626 1627 1630
f 1627 1628 1631
f 23 675 1623
f 675 676 1624
f 676 677 1625
f 677 101 644
f 1625 644 643
f 1628 643 642
f 1631 642 100
f 1630 1631 665
f 1629 1630 664
f 201 1629 663
f 202 1626 1629
f 203 1623 1626
f 1632 1633 1636
f 1633 1634 1637
f 1635 1636 1639
f 1636 1637 1640
f 5 194 1632
f 194 193 1633
f 193 192 1634
f 192 20 678
f 1634 678 679
f 1637 679 680
f 680 103 686
f 1640 686 685
f 1638 1639 685
f 329 1638 684
f 328 1635 1638
f 327 1632 1635
f 1641 1642 1645
f 1642 1643 1646
f 1644 1645 1648
f 1645 1646 1649
f 20 191 1641
f 191 190 1642
f 190 189 1643
f 189 19 681
f 1643 681 682
f 1646 682 683
f 1649 683 104
f 1648 1649 641
f 1647 1648 640
f 680 1647 639
f 679 1644 1647
f 678 1641 1644
f 1650 1651 1654
f 1652 1655 1654
f 1653 1654 1657
f 1655 1658 1657
f 54 684 1650
f 684 685 1651
f 686 1652 1651
f 103 647 1652
f 647 646 1655
f 646 645 1658
f 645 102 674
f 1658 674 673
f 1656 1657 673
f 332 1656 672
f 331 1653 1656
f 330 1650 1653
f 1660 1663 1662
f 1661 1664 1663
f 1663 1666 1665
f 1664 1667 1666
f 687 1659 704
f 688 1660 1659
f 689 1661 1660
f 107 707 1661
f 707 706 1664
f 706 705 1667
f 705 105 711
f 1667 711 712
f 1666 712 713
f 1665 713 111
f 1662 1665 702
f 1659 1662 703
f 1668 1669 1672
f 1669 1670 1673
f 1671 1672 1675
f 1672 1673 1676
f 108 690 1668
f 690 691 1669
f 692 1670 1669
f 109 710 1670
f 710 709 1673
f 709 708 1676
f 1676 708 105
f 1675 1676 705
f 1674 1675 706
f 696 1674 707
f 697 1671 1674
f 698 1668 1671
f 1677 1678 1681
f 1678 1679 1682
f 1680 1681 1684
f 1681 1682 1685
f 110 693 1677
f 693 694 1678
f 694 695 1679
f 695 111 713
f 1679 713 712
f 1682 712 711
f 1685 711 105
f 1684 1685 708
f 1683 1684 709
f 699 1683 710
f 700 1680 1683
f 701 1677 1680
f 1687 1690 1689
f 1688 1691 1690
f 1690 1693 1692
f 1691 1694 1693
f 207 1686 231
f 208 1687 1686
f 209 1688 1687
f 24 714 1688
f 714 715 1691
f 715 716 1694
f 716 106 722
f 1694 722 721
f 1693 721 720
f 1692 720 30
f 1689 1692 233
f 1686 1689 232
f 1696 1699 1698
f 1697 1700 1699
f 1699 1702 1701
f 1700 1703 1702
f 210 1695 714
f 211 1696 1695
f 212 1697 1696
f 25 717 1697
f 717 718 1700
f 718 719 1703
f 719 107 689
f 1703 689 688
f 1702 688 687
f 1701 687 106
f 1698 1701 716
f 1695 1698 715
f 1705 1708 1707
f 1706 1709 1708
f 1708 1711 1710
f 1709 1712 1711
f 720 1704 234
f 721 1705 1704
f 722 1706 1705
f 106 704 1706
f 704 703 1709
f 703 702 1712
f 702 111 737
f 1712 737 736
f 1711 736 735
f 1710 735 31
f 1707 1710 236
f 1704 1707 235
f 1713 1714 1717
f 1714 1715 1718
f 1716 1717 1720
f 1717 1718 1721
f 7 314 1713
f 314 313 1714
f 312 1715 1714
f 50 723 1715
f 723 724 1718
f 1718 724 725
f 1721 725 108
f 1720 1721 731
f 1719 1720 730
f 216 1719 729
f 217 1716 1719
f 218 1713 1716
f 1723 1726 1725
f 1724 1727 1726
f 1726 1729 1728
f 1727 1730 1729
f 311 1722 723
f 310 1723 1722
f 309 1724 1723
f 49 726 1724
f 726 727 1727
f 727 728 1730
f 728 109 692
f 1730 692 691
f 1729 691 690
f 725 1728 690
f 1725 1728 725
f 1722 1725 724
f 1731 1732 1735
f 1732 1733 1736
f 1734 1735 1738
f 1735 1736 1739
f 26 729 1731
f 729 730 1732
f 730 731 1733
f 731 108 698
f 1733 698 697
f 1736 697 696
f 1739 696 107
f 1738 1739 719
f 1737 1738 718
f 213 1737 717
f 214 1734 1737
f 215 1731 1734
f 1740 1741 1744
f 1741 1742 1745
f 1743 1744 1747
f 1744 1745 1748
f 3 242 1740
f 241 1741 1740
f 240 1742 1741
f 32 732 1742
f 1742 732 733
f 1745 733 734
f 1748 734 110
f 1747 1748 740
f 1746 1747 739
f 305 1746 738
f 304 1743 1746
f 303 1740 1743
f 1749 1750 1753
f 1750 1751 1754
f 1752 1753 1756
f 1753 1754 1757
f 239 1749 732
f 239 238 1750
f 238 237 1751
f 237 31 735
f 1751 735 736
f 1754 736 737
f 1757 737 111
f 1756 1757 695
f 1755 1756 694
f 734 1755 693
f 733 1752 1755
f 732 1749 1752
f 1758 1759 1762
f 1759 1760 1763
f 1761 1762 1765
f 1762 1763 1766
f 48 738 1758
f 738 739 1759
f 739 740 1760
f 740 110 701
f 1760 701 700
f 1763 700 699
f 1766 699 109
f 1765 1766 728
f 1764 1765 727
f 308 1764 726
f 307 1761 1764
f 306 1758 1761
f 1767 1768 1771
f 1768 1769 1772
f 1770 1771 1774
f 1771 1772 1775
f 113 741 1767
f 741 742 1768
f 742 743 1769
f 114 761 1769
f 1769 761 760
f 1772 760 759
f 1775 759 112
f 1774 1775 765
f 1773 1774 766
f 756 1773 767
f 757 1770 1773
f 758 1767 1770
f 1776 1777 1780
f 1777 1778 1781
f 1779 1780 1783
f 1780 1781 1784
f 115 744 1776
f 744 745 1777
f 745 746 1778
f 746 116 764
f 1778 764 763
f 1781 763 762
f 1784 762 112
f 1783 1784 759
f 1782 1783 760
f 750 1782 761
f 751 1779 1782
f 752 1776 1779
f 1786 1789 1788
f 1787 1790 1789
f 1789 1792 1791
f 1790 1793 1792
f 747 1785 755
f 748 1786 1785
f 749 1787 1786
f 118 767 1787
f 767 766 1790
f 766 765 1793
f 765 112 762
f 1793 762 763
f 1792 763 764
f 1791 764 116
f 1788 1791 753
f 1785 1788 754
f 1794 1795 1798
f 1795 1796 1799
f 1797 1798 1801
f 1798 1799 1802
f 255 1794 207
f 256 1795 1794
f 257 1796 1795
f 36 768 1796
f 1796 768 769
f 1799 769 770
f 1802 770 113
f 1801 1802 776
f 1800 1801 775
f 209 1800 774
f 208 1797 1800
f 207 1794 1797
f 1803 1804 1807
f 1805 1808 1807
f 1806 1807 1810
f 1807 1808 1811
f 258 1803 768
f 259 1804 1803
f 260 1805 1804
f 37 771 1805
f 771 772 1808
f 772 773 1811
f 773 114 743
f 1810 1811 743
f 1809 1810 742
f 770 1809 741
f 769 1806 1809
f 768 1803 1806
f 1812 1813 1816
f 1813 1814 1817
f 1815 1816 1819
f 1816 1817 1820
f 24 774 1812
f 774 775 1813
f 775 776 1814
f 776 113 758
f 1814 758 757
f 1817 757 756
f 1820 756 118
f 1819 1820 791
f 1818 1819 790
f 212 1818 789
f 211 1815 1818
f 210 1812 1815
f 1821 1822 1825
f 1822 1823 1826
f 1824 1825 1828
f 1825 1826 1829
f 351 1821 266
f 351 352 1822
f 352 353 1823
f 353 60 777
f 1823 777 778
f 1826 778 779
f 1829 779 115
f 1828 1829 785
f 1827 1828 784
f 264 1827 783
f 265 1824 1827
f 266 1821 1824
f 1830 1831 1834
f 1831 1832 1835
f 1833 1834 1837
f 1834 1835 1838
f 60 354 1830
f 354 355 1831
f 355 356 1832
f 356 61 780
f 1832 780 781
f 1835 781 782
f 1838 782 116
f 1837 1838 746
f 1836 1837 745
f 779 1836 744
f 778 1833 1836
f 777 1830 1833
f 1839 1840 1843
f 1840 1841 1844
f 1842 1843 1846
f 1843 1844 1847
f 38 783 1839
f 783 784 1840
f 784 785 1841
f 785 115 752
f 1841 752 751
f 1844 751 750
f 1847 750 114
f 1846 1847 773
f 1845 1846 772
f 261 1845 771
f 262 1842 1845
f 263 1839 1842
f 1849 1852 1851
f 1850 1853 1852
f 1852 1855 1854
f 1853 1856 1855
f 218 1848 362
f 217 1849 1848
f 216 1850 1849
f 26 786 1850
f 786 787 1853
f 787 788 1856
f 788 117 794
f 1856 794 793
f 1855 793 792
f 1854 792 62
f 1851 1854 360
f 1848 1851 361
f 1858 1861 1860
f 1859 1862 1861
f 1861 1864 1863
f 1862 1865 1864
f 215 1857 786
f 214 1858 1857
f 213 1859 1858
f 25 789 1859
f 789 790 1862
f 790 791 1865
f 791 118 749
f 1865 749 748
f 1864 748 747
f 1863 747 117
f 1860 1863 788
f 1857 1860 787
f 1867 1870 1869
f 1868 1871 1870
f 1870 1873 1872
f 1871 1874 1873
f 792 1866 359
f 793 1867 1866
f 794 1868 1867
f 117 755 1868
f 755 754 1871
f 754 753 1874
f 753 116 782
f 1874 782 781
f 1873 781 780
f 1872 780 61
f 1869 1872 357
f 1866 1869 358
f 1876 1879 1878
f 1877 1880 1879
f 1879 1882 1881
f 1880 1883 1882
f 795 1875 812
f 796 1876 1875
f 797 1877 1876
f 121 815 1877
f 815 814 1880
f 814 813 1883
f 813 119 819
f 1883 819 820
f 1882 820 821
f 1881 821 125
f 1878 1881 810
f 1875 1878 811
f 1884 1885 1888
f 1885 1886 1889
f 1887 1888 1891
f 1888 1889 1892
f 122 798 1884
f 798 799 1885
f 799 800 1886
f 800 123 818
f 1886 818 817
f 1889 817 816
f 1892 816 119
f 1891 1892 813
f 1890 1891 814
f 804 1890 815
f 805 1887 1890
f 806 1884 1887
f 1893 1894 1897
f 1894 1895 1898
f 1897 1900 1899
f 1897 1898 1901
f 124 801 1893
f 801 802 1894
f 802 803 1895
f 803 125 821
f 1895 821 820
f 1898 820 819
f 1901 819 119
f 1901 816 817
f 1900 817 818
f 1899 818 123
f 1896 1899 807
f 1893 1896 808
f 1903 1906 1905
f 1904 1907 1906
f 1906 1909 1908
f 1907 1910 1909
f 327 1902 351
f 328 1903 1902
f 329 1904 1903
f 54 822 1904
f 822 823 1907
f 823 824 1910
f 824 120 830
f 1910 830 829
f 1909 829 828
f 1908 828 60
f 1905 1908 353
f 1902 1905 352
f 1912 1915 1914
f 1913 1916 1915
f 1915 1918 1917
f 1916 1919 1918
f 330 1911 822
f 331 1912 1911
f 332 1913 1912
f 55 825 1913
f 825 826 1916
f 826 827 1919
f 827 121 797
f 1919 797 796
f 1918 796 795
f 1917 795 120
f 1914 1917 824
f 1911 1914 823
f 1921 1924 1923
f 1922 1925 1924
f 1924 1927 1926
f 1925 1928 1927
f 828 1920 354
f 829 1921 1920
f 830 1922 1921
f 120 812 1922
f 812 811 1925
f 811 810 1928
f 810 125 845
f 1928 845 844
f 1927 844 843
f 1926 843 61
f 1923 1926 356
f 1920 1923 355
f 1929 1930 1933
f 1930 1931 1934
f 1932 1933 1936
f 1933 1934 1937
f 6 279 1929
f 279 280 1930
f 280 281 1931
f 281 42 831
f 1931 831 832
f 1934 832 833
f 1937 833 122
f 1936 1937 839
f 1935 1936 838
f 336 1935 837
f 337 1932 1935
f 338 1929 1932
f 1938 1939 1942
f 1939 1940 1943
f 1941 1942 1945
f 1942 1943 1946
f 42 282 1938
f 282 283 1939
f 283 284 1940
f 284 43 834
f 1940 834 835
f 1943 835 836
f 1946 836 123
f 1945 1946 800
f 1944 1945 799
f 833 1944 798
f 832 1941 1944
f 831 1938 1941
f 1947 1948 1951
f 1948 1949 1952
f 1950 1951 1954
f 1951 1952 1955
f 56 837 1947
f 837 838 1948
f 838 839 1949
f 839 122 806
f 1949 806 805
f 1952 805 804
f 1955 804 121
f 1954 1955 827
f 1953 1954 826
f 333 1953 825
f 334 1950 1953
f 335 1947 1950
f 1956 1957 1960
f 1957 1958 1961
f 1960 1963 1962
f 1960 1961 1964
f 7 362 1956
f 362 361 1957
f 361 360 1958
f 360 62 840
f 1958 840 841
f 1961 841 842
f 842 124 848
f 1964 848 847
f 1963 847 846
f 1962 846 44
f 1959 1962 288
f 1956 1959 289
f 1965 1966 1969
f 1966 1967 1970
f 1968 1969 1972
f 1969 1970 1973
f 62 359 1965
f 359 358 1966
f 358 357 1967
f 357 61 843
f 1967 843 844
f 1970 844 845
f 1973 845 125
f 1972 1973 803
f 1971 1972 802
f 842 1971 801
f 841 1968 1971
f 840 1965 1968
f 1975 1978 1977
f 1976 1979 1978
f 1978 1981 1980
f 1979 1982 1981
f 846 1974 287
f 847 1975 1974
f 848 1976 1975
f 124 809 1976
f 809 808 1979
f 808 807 1982
f 807 123 836
f 1982 836 835
f 1981 835 834
f 1980 834 43
f 1977 1980 285
f 1974 1977 286
f 1984 1987 1986
f 1985 1988 1987
f 1987 1990 1989
f 1988 1991 1990
f 849 1983 866
f 850 1984 1983
f 851 1985 1984
f 128 869 1985
f 869 868 1988
f 868 867 1991
f 867 126 873
f 1991 873 874
f 1990 874 875
f 1989 875 132
f 1986 1989 864
f 1983 1986 865
f 1992 1993 1996
f 1993 1994 1997
f 1995 1996 1999
f 1996 1997 2000
f 852 1992 860
f 853 1993 1992
f 854 1994 1993
f 130 872 1994
f 872 871 1997
f 871 870 2000
f 2000 870 126
f 1999 2000 867
f 1998 1999 868
f 858 1998 869
f 859 1995 1998
f 860 1992 1995
f 2001 2002 2005
f 2002 2003 2006
f 2004 2005 2008
f 2005 2006 2009
f 131 855 2001
f 855 856 2002
f 856 857 2003
f 857 132 875
f 2003 875 874
f 2006 874 873
f 2009 873 126
f 2008 2009 870
f 2007 2008 871
f 861 2007 872
f 862 2004 2007
f 863 2001 2004
f 2011 2014 2013
f 2012 2015 2014
f 2014 2017 2016
f 2015 2018 2017
f 159 2010 267
f 160 2011 2010
f 161 2012 2011
f 12 876 2012
f 876 877 2015
f 877 878 2018
f 878 127 884
f 2018 884 883
f 2017 883 882
f 2016 882 39
f 2013 2016 269
f 2010 2013 268
f 2020 2023 2022
f 2021 2024 2023
f 2023 2026 2025
f 2024 2027 2026
f 162 2019 876
f 163 2020 2019
f 163 164 2021
f 164 13 879
f 879 880 2024
f 880 881 2027
f 881 128 851
f 2027 851 850
f 2026 850 849
f 2025 849 127
f 2022 2025 878
f 2019 2022 877
f 2029 2032 2031
f 2030 2033 2032
f 2032 2035 2034
f 2033 2036 2035
f 882 2028 270
f 883 2029 2028
f 884 2030 2029
f 127 866 2030
f 866 865 2033
f 865 864 2036
f 864 132 899
f 2036 899 898
f 2035 898 897
f 2034 897 40
f 2031 2034 272
f 2028 2031 271
f 2038 2041 2040
f 2039 2042 2041
f 2041 2044 2043
f 2042 2045 2044
f 303 2037 170
f 304 2038 2037
f 305 2039 2038
f 48 885 2039
f 885 886 2042
f 886 887 2045
f 887 129 893
f 2045 893 892
f 2044 892 891
f 2043 891 14
f 2040 2043 168
f 2037 2040 169
f 2047 2050 2049
f 2048 2051 2050
f 2050 2053 2052
f 2051 2054 2053
f 306 2046 885
f 307 2047 2046
f 308 2048 2047
f 49 888 2048
f 888 889 2051
f 889 890 2054
f 890 130 854
f 2054 854 853
f 2053 853 852
f 2052 852 129
f 2049 2052 887
f 2046 2049 886
f 2056 2059 2058
f 2057 2060 2059
f 2059 2062 2061
f 2060 2063 2062
f 891 2055 167
f 892 2056 2055
f 893 2057 2056
f 129 860 2057
f 2057 860 859
f 2060 859 858
f 2063 858 128
f 2062 2063 881
f 2062 880 879
f 2061 879 13
f 2058 2061 165
f 2055 2058 166
f 2064 2065 2068
f 2065 2066 2069
f 2067 2068 2071
f 2068 2069 2072
f 7 278 2064
f 278 277 2065
f 277 276 2066
f 276 41 894
f 2066 894 895
f 2069 895 896
f 2072 896 131
f 2071 2072 902
f 2070 2071 901
f 312 2070 900
f 313 2067 2070
f 314 2064 2067
f 2073 2074 2077
f 2074 2075 2078
f 2076 2077 2080
f 2077 2078 2081
f 41 275 2073
f 275 274 2074
f 274 273 2075
f 273 40 897
f 2075 897 898
f 2078 898 899
f 2081 899 132
f 2080 2081 857
f 2079 2080 856
f 896 2079 855
f 895 2076 2079
f 894 2073 2076
f 2082 2083 2086
f 2083 2084 2087
f 2085 2086 2089
f 2086 2087 2090
f 50 900 2082
f 900 901 2083
f 901 902 2084
f 902 131 863
f 2084 863 862
f 2087 862 861
f 2090 861 130
f 2089 2090 890
f 2088 2089 889
f 309 2088 888
f 310 2085 2088
f 311 2082 2085
f 2091 2092 2095
f 2092 2093 2096
f 2094 2095 2098
f 2095 2096 2099
f 134 903 2091
f 903 904 2092
f 904 905 2093
f 905 135 923
f 2093 923 922
f 2096 922 921
f 2099 921 133
f 2098 2099 927
f 2098 928 929
f 2097 929 139
f 919 2094 2097
f 920 2091 2094
f 2101 2104 2103
f 2102 2105 2104
f 2104 2107 2106
f 2105 2108 2107
f 906 2100 914
f 907 2101 2100
f 908 2102 2101
f 137 926 2102
f 926 925 2105
f 925 924 2108
f 924 133 921
f 2108 921 922
f 2107 922 923
f 2106 923 135
f 2103 2106 912
f 2100 2103 913
f 2109 2110 2113
f 2110 2111 2114
f 2112 2113 2116
f 2113 2114 2117
f 138 909 2109
f 909 910 2110
f 910 911 2111
f 911 139 929
f 2111 929 928
f 2114 928 927
f 2117 927 133
f 2116 2117 924
f 2115 2116 925
f 915 2115 926
f 916 2112 2115
f 917 2109 2112
f 2118 2119 2122
f 2119 2120 2123
f 2121 2122 2125
f 2122 2123 2126
f 1 267 2118
f 267 268 2119
f 268 269 2120
f 269 39 930
f 2120 930 931
f 2123 931 932
f 2126 932 134
f 2125 2126 938
f 2124 2125 937
f 173 2124 936
f 172 2121 2124
f 171 2118 2121
f 2127 2128 2131
f 2128 2129 2132
f 2130 2131 2134
f 2131 2132 2135
f 39 270 2127
f 270 271 2128
f 271 272 2129
f 272 40 933
f 2129 933 934
f 2132 934 935
f 2135 935 135
f 2134 2135 905
f 2133 2134 904
f 932 2133 903
f 931 2130 2133
f 930 2127 2130
f 2136 2137 2140
f 2137 2138 2141
f 2140 2143 2142
f 2141 2144 2143
f 15 936 2136
f 936 937 2137
f 937 938 2138
f 938 134 920
f 2138 920 919
f 919 918 2144
f 918 139 953
f 2144 953 952
f 2143 952 951
f 2142 951 16
f 2139 2142 176
f 174 2136 2139
f 2146 2149 2148
f 2147 2150 2149
f 2149 2152 2151
f 2150 2153 2152
f 326 2145 278
f 325 2146 2145
f 324 2147 2146
f 53 939 2147
f 939 940 2150
f 940 941 2153
f 941 136 947
f 2153 947 946
f 2152 946 945
f 2151 945 41
f 2148 2151 276
f 2145 2148 277
f 2155 2158 2157
f 2156 2159 2158
f 2158 2161 2160
f 2159 2162 2161
f 323 2154 939
f 322 2155 2154
f 321 2156 2155
f 52 942 2156
f 942 943 2159
f 943 944 2162
f 944 137 908
f 2162 908 907
f 2161 907 906
f 2160 906 136
f 2157 2160 941
f 2154 2157 940
f 2164 2167 2166
f 2165 2168 2167
f 2167 2170 2169
f 2168 2171 2170
f 945 2163 275
f 946 2164 2163
f 947 2165 2164
f 136 914 2165
f 914 913 2168
f 913 912 2171
f 912 135 935
f 2171 935 934
f 2170 934 933
f 2169 933 40
f 2166 2169 273
f 2163 2166 274
f 2172 2173 2176
f 2173 2174 2177
f 2175 2176 2179
f 2176 2177 2180
f 182 2172 315
f 182 181 2173
f 181 180 2174
f 180 17 948
f 2174 948 949
f 2177 949 950
f 2180 950 138
f 2179 2180 956
f 2178 2179 955
f 317 2178 954
f 316 2175 2178
f 315 2172 2175
f 2181 2182 2185
f 2182 2183 2186
f 2184 2185 2188
f 2185 2186 2189
f 17 179 2181
f 179 178 2182
f 178 177 2183
f 177 16 951
f 2183 951 952
f 2186 952 953
f 2189 953 139
f 2188 2189 911
f 2187 2188 910
f 950 2187 909
f 949 2184 2187
f 948 2181 2184
f 2190 2191 2194
f 2191 2192 2195
f 2193 2194 2197
f 2194 2195 2198
f 51 954 2190
f 954 955 2191
f 955 956 2192
f 956 138 917
f 2192 917 916
f 2195 916 915
f 2198 915 137
f 2197 2198 944
f 2196 2197 943
f 320 2196 942
f 319 2193 2196
f 318 2190 2193
f 2200 2203 2202
f 2201 2204 2203
f 2203 2206 2205
f 2204 2207 2206
f 957 2199 974
f 958 2200 2199
f 959 2201 2200
f 142 977 2201
f 977 976 2204
f 976 975 2207
f 975 140 981
f 2207 981 982
f 2206 982 983
f 2205 983 146
f 2202 2205 972
f 2199 2202 973
f 2208 2209 2212
f 2209 2210 2213
f 2211 2212 2215
f 2212 2213 2216
f 143 960 2208
f 960 961 2209
f 961 962 2210
f 962 144 980
f 2210 980 979
f 2213 979 978
f 2216 978 140
f 2215 2216 975
f 2214 2215 976
f 966 2214 977
f 967 2211 2214
f 968 2208 2211
f 2218 2221 2220
f 2218 2219 2222
f 2221 2224 2223
f 2221 2222 2225
f 963 2217 971
f 964 2218 2217
f 964 965 2219
f 965 146 983
f 2219 983 982
f 2222 982 981
f 2225 981 140
f 2225 978 979
f 2224 979 980
f 2223 980 144
f 2220 2223 969
f 2217 2220 970
f 2227 2230 2229
f 2228 2231 2230
f 2230 2233 2232
f 2231 2234 2233
f 4 315 2226
f 316 2227 2226
f 317 2228 2227
f 51 984 2228
f 984 985 2231
f 985 986 2234
f 986 141 992
f 2234 992 991
f 2232 2233 991
f 197 2232 990
f 196 2229 2232
f 195 2226 2229
f 2236 2239 2238
f 2237 2240 2239
f 2239 2242 2241
f 2240 2243 2242
f 318 2235 984
f 319 2236 2235
f 320 2237 2236
f 52 987 2237
f 987 988 2240
f 988 989 2243
f 989 142 959
f 2243 959 958
f 2242 958 957
f 2241 957 141
f 2238 2241 986
f 2235 2238 985
f 2245 2248 2247
f 2246 2249 2248
f 2248 2251 2250
f 2249 2252 2251
f 21 990 2244
f 991 2245 2244
f 992 2246 2245
f 141 974 2246
f 974 973 2249
f 973 972 2252
f 972 146 1007
f 2252 1007 1006
f 2250 2251 1006
f 200 2250 1005
f 199 2247 2250
f 198 2244 2247
f 2253 2254 2257
f 2254 2255 2258
f 2256 2257 2260
f 2257 2258 2261
f 7 290 2253
f 290 289 2254
f 289 288 2255
f 288 44 993
f 2255 993 994
f 2258 994 995
f 2261 995 143
f 2260 2261 1001
f 2259 2260 1000
f 324 2259 999
f 325 2256 2259
f 326 2253 2256
f 2262 2263 2266
f 2263 2264 2267
f 2265 2266 2269
f 2266 2267 2270
f 44 287 2262
f 287 286 2263
f 286 285 2264
f 285 43 996
f 2264 996 997
f 2267 997 998
f 2270 998 144
f 2269 2270 962
f 2268 2269 961
f 995 2268 960
f 994 2265 2268
f 993 2262 2265
f 2271 2272 2275
f 2272 2273 2276
f 2274 2275 2278
f 2275 2276 2279
f 53 999 2271
f 999 1000 2272
f 1000 1001 2273
f 1001 143 968
f 2273 968 967
f 2276 967 966
f 2279 966 142
f 2278 2279 989
f 2277 2278 988
f 321 2277 987
f 322 2274 2277
f 323 2271 2274
f 2281 2284 2283
f 2282 2285 2284
f 2284 2287 2286
f 2285 2288 2287
f 6 206 2280
f 205 2281 2280
f 204 2282 2281
f 23 1002 2282
f 1002 1003 2285
f 1003 1004 2288
f 1004 145 1010
f 2288 1010 1009
f 2287 1009 1008
f 2286 1008 42
f 2283 2286 281
f 2280 2283 280
f 2290 2293 2292
f 2291 2294 2293
f 2293 2296 2295
f 2294 2297 2296
f 203 2289 1002
f 202 2290 2289
f 201 2291 2290
f 22 1005 2291
f 1005 1006 2294
f 1006 1007 2297
f 2297 1007 146
f 2297 965 964
f 2296 964 963
f 2295 963 145
f 2292 2295 1004
f 2289 2292 1003
f 2299 2302 2301
f 2300 2303 2302
f 2302 2305 2304
f 2303 2306 2305
f 1008 2298 282
f 1009 2299 2298
f 1010 2300 2299
f 145 971 2300
f 971 970 2303
f 970 969 2306
f 969 144 998
f 2306 998 997
f 2305 997 996
f 2304 996 43
f 2301 2304 284
f 2298 2301 283
