{
   "M1" : 532059185640.30731,
   "M2" : 4940814359.692687,
   "semiaxes1" : [ 0.41619400000000001, 0.418765, 0.39308999999999999 ],
   "semiaxes2" : [ 0.104, 0.080000000000000002, 0.066000000000000003 ],
   "simulation name" : "testsim",
   "theory" : "order 2 expansion"
}
