# Blender 4.0.2
# www.blender.org
o ellipsoid_a1_b04_c07
v -0.003189 -0.003668 -0.377542
v 0.723607 -0.368008 -0.178888
v -0.276388 -0.595454 -0.178888
v -0.894426 0.000000 -0.178886
v -0.273044 0.592303 -0.176562
v 0.722958 0.367305 -0.178489
v 0.276388 -0.595454 0.178888
v -0.723607 -0.368008 0.178888
v -0.723607 0.368008 0.178888
v 0.276388 0.595454 0.178888
v 0.894426 0.000000 0.178886
v 0.000535 -0.000642 0.398948
v -0.257937 -0.555702 -0.220274
v -0.232822 -0.501594 -0.263008
v -0.200688 -0.432366 -0.304161
v -0.160309 -0.342637 -0.322997
v -0.119070 -0.254783 -0.357684
v -0.077607 -0.167197 -0.387180
v -0.036848 -0.079385 -0.397146
v 0.092340 -0.048637 -0.390316
v 0.199510 -0.101469 -0.381131
v 0.308291 -0.156348 -0.355906
v 0.412721 -0.207755 -0.318190
v 0.516241 -0.259793 -0.285104
v 0.603060 -0.303444 -0.245065
v 0.675300 -0.343440 -0.220274
v 0.638452 -0.422826 -0.190795
v 0.531941 -0.477199 -0.200921
v 0.405008 -0.526637 -0.207829
v 0.262869 -0.566308 -0.210295
v 0.114564 -0.592698 -0.207829
v -0.029639 -0.604929 -0.200921
v -0.161465 -0.604766 -0.190795
v 0.771771 0.294377 -0.190795
v 0.812729 0.206666 -0.200920
v 0.840673 0.106886 -0.207828
v 0.850648 0.000000 -0.210294
v 0.840673 -0.106886 -0.207828
v 0.812729 -0.206666 -0.200920
v 0.771771 -0.294377 -0.190795
v 0.085656 0.040624 -0.368539
v 0.193577 0.095442 -0.359050
v 0.307764 0.154502 -0.346765
v 0.425313 0.216300 -0.340205
v 0.525420 0.267215 -0.304161
v 0.609547 0.309999 -0.263008
v 0.675300 0.343440 -0.220274
v -0.834716 0.000000 -0.220272
v -0.753442 0.000000 -0.263006
v -0.649456 0.000000 -0.304160
v -0.515687 0.000246 -0.320834
v -0.376713 -0.000208 -0.338876
v -0.237606 -0.000569 -0.354994
v -0.110135 -0.001221 -0.376000
v -0.377183 -0.555703 -0.190795
v -0.483971 -0.501595 -0.200921
v -0.590366 -0.432368 -0.207829
v -0.688189 -0.349998 -0.210294
v -0.769872 -0.259420 -0.207828
v -0.831051 -0.167197 -0.200919
v -0.871565 -0.079386 -0.190793
v -0.256850 0.553291 -0.216202
v -0.232816 0.501578 -0.262988
v -0.200688 0.432366 -0.304161
v -0.162456 0.349997 -0.340262
v -0.120413 0.259419 -0.368382
v -0.076241 0.163850 -0.377161
v -0.035311 0.070241 -0.367582
v -0.871565 0.079385 -0.190793
v -0.831051 0.167197 -0.200919
v -0.769872 0.259420 -0.207828
v -0.688189 0.349998 -0.210294
v -0.590366 0.432367 -0.207829
v -0.483971 0.501595 -0.200921
v -0.367826 0.550319 -0.184755
v -0.161465 0.604766 -0.190795
v -0.029639 0.604929 -0.200921
v 0.113888 0.592643 -0.208580
v 0.262906 0.578614 -0.236121
v 0.417440 0.551453 -0.248469
v 0.548083 0.499534 -0.228895
v 0.639075 0.423522 -0.191598
v 0.931188 -0.049063 0.143095
v 0.955436 -0.102872 0.100969
v 0.968991 -0.163780 0.057620
v 0.948143 -0.216754 0.001389
v 0.915098 -0.267216 -0.051957
v 0.860698 -0.310000 -0.100460
v 0.794547 -0.343440 -0.143096
v 0.789664 0.338525 -0.140813
v 0.849832 0.300382 -0.098578
v 0.910653 0.263528 -0.051649
v 0.951022 0.216280 0.000000
v 0.964716 0.160331 0.051957
v 0.956626 0.103333 0.100460
v 0.931188 0.049062 0.143095
v 0.221089 -0.635090 0.143096
v 0.155172 -0.668613 0.100409
v 0.080426 -0.687401 0.051658
v 0.000057 -0.697780 0.000337
v -0.080276 -0.691791 -0.051957
v -0.155215 -0.668795 -0.100461
v -0.221089 -0.635090 -0.143096
v 0.712150 -0.422827 -0.143097
v 0.687159 -0.477201 -0.100461
v 0.648435 -0.530882 -0.050617
v 0.589293 -0.580751 0.005863
v 0.507245 -0.601840 0.061231
v 0.430254 -0.610943 0.105917
v 0.354409 -0.604767 0.143097
v -0.794547 -0.343440 0.143096
v -0.860698 -0.310000 0.100460
v -0.915098 -0.267216 0.051957
v -0.951591 -0.216254 -0.000294
v -0.970774 -0.160014 -0.053299
v -0.967178 -0.102842 -0.102319
v -0.931466 -0.048895 -0.143431
v -0.354409 -0.604767 -0.143097
v -0.436007 -0.604931 -0.100461
v -0.515946 -0.592701 -0.051958
v -0.587786 -0.566312 0.000000
v -0.645839 -0.526640 0.051958
v -0.687159 -0.477201 0.100461
v -0.712150 -0.422827 0.143097
v -0.712150 0.422827 0.143097
v -0.687159 0.477201 0.100461
v -0.645839 0.526640 0.051958
v -0.587786 0.566312 0.000000
v -0.515946 0.592701 -0.051958
v -0.434113 0.603068 -0.100273
v -0.349564 0.599934 -0.141818
v -0.931188 0.049062 -0.143095
v -0.956626 0.103333 -0.100460
v -0.964711 0.160329 -0.051957
v -0.947308 0.216406 -0.000444
v -0.912804 0.268545 0.051675
v -0.860698 0.310000 0.100460
v -0.794547 0.343440 0.143096
v 0.354409 0.604767 0.143097
v 0.436007 0.604931 0.100461
v 0.515946 0.592701 0.051958
v 0.587786 0.566312 0.000000
v 0.645829 0.526628 -0.051957
v 0.683941 0.473530 -0.099089
v 0.708391 0.418677 -0.141058
v -0.221089 0.635090 -0.143096
v -0.155215 0.668795 -0.100461
v -0.080276 0.691791 -0.051957
v 0.000000 0.700000 0.000000
v 0.080276 0.691791 0.051957
v 0.155215 0.668795 0.100461
v 0.221089 0.635090 0.143096
v 0.871565 -0.079386 0.190794
v 0.831051 -0.167197 0.200920
v 0.769872 -0.259420 0.207828
v 0.688189 -0.349998 0.210295
v 0.590366 -0.432368 0.207829
v 0.483971 -0.501595 0.200921
v 0.377183 -0.555703 0.190795
v 0.165204 -0.597245 0.185635
v 0.035440 -0.595051 0.201552
v -0.106543 -0.577811 0.209319
v -0.252550 -0.548837 0.210305
v -0.394986 -0.507091 0.200278
v -0.523138 -0.457814 0.187801
v -0.638430 -0.422450 0.190580
v -0.771771 -0.294377 0.190795
v -0.812729 -0.206666 0.200920
v -0.840673 -0.106886 0.207828
v -0.850648 0.000000 0.210294
v -0.840673 0.106886 0.207828
v -0.812729 0.206666 0.200920
v -0.771771 0.294377 0.190795
v -0.638452 0.422826 0.190795
v -0.531941 0.477199 0.200921
v -0.405008 0.526637 0.207829
v -0.260368 0.559967 0.206603
v -0.114564 0.592698 0.207829
v 0.029639 0.604929 0.200921
v 0.161465 0.604766 0.190795
v 0.375729 0.551646 0.185963
v 0.481722 0.496770 0.195902
v 0.585413 0.426155 0.198034
v 0.659984 0.322276 0.165080
v 0.755699 0.248124 0.193118
v 0.826180 0.163237 0.199105
v 0.870812 0.078465 0.190457
v 0.036848 -0.079385 0.397146
v 0.075920 -0.163220 0.382109
v 0.120595 -0.259878 0.369748
v 0.166424 -0.375062 0.390729
v 0.201485 -0.436578 0.311078
v 0.234656 -0.509412 0.275298
v 0.257937 -0.555702 0.220274
v 0.834716 0.000000 0.220272
v 0.750975 -0.000018 0.259237
v 0.646671 -0.000061 0.300599
v 0.525730 0.000000 0.340261
v 0.389673 0.000000 0.368381
v 0.251147 0.000000 0.387180
v 0.119245 0.000000 0.397146
v -0.089938 -0.046455 0.389629
v -0.200486 -0.101730 0.384642
v -0.310902 -0.158048 0.363324
v -0.427364 -0.222071 0.363805
v -0.522966 -0.265919 0.302715
v -0.605474 -0.307428 0.256611
v -0.675300 -0.343440 0.220274
v -0.088704 0.044694 0.387534
v -0.195829 0.099306 0.377210
v -0.309481 0.156955 0.359834
v -0.419503 0.212888 0.331901
v -0.525420 0.267215 0.304161
v -0.609547 0.309999 0.263008
v -0.675300 0.343440 0.220274
v 0.035871 0.077130 0.394375
v 0.075583 0.162538 0.380319
v 0.120413 0.259419 0.368382
v 0.162456 0.349997 0.340262
v 0.200688 0.432366 0.304161
v 0.232822 0.501594 0.263008
v 0.257885 0.555517 0.220022
v 0.166741 0.084755 0.387394
v 0.305788 0.088950 0.371524
v 0.215245 0.177125 0.377284
v 0.447664 0.091058 0.347541
v 0.361800 0.184004 0.357772
v 0.262862 0.272434 0.353142
v 0.582327 0.090757 0.313946
v 0.503920 0.184011 0.318794
v 0.409900 0.279675 0.327790
v 0.305014 0.363247 0.319421
v 0.706258 0.088563 0.278623
v 0.632949 0.179491 0.274369
v 0.537475 0.267830 0.255843
v 0.447108 0.367906 0.289130
v 0.338569 0.442815 0.278625
v 0.801022 0.084525 0.234532
v 0.746963 0.176779 0.244882
v 0.654155 0.255923 0.211386
v 0.567541 0.352364 0.225843
v 0.471599 0.442816 0.245738
v 0.362070 0.506213 0.233393
v -0.063612 0.136291 0.382952
v -0.025971 0.231583 0.374965
v -0.172977 0.197390 0.371952
v 0.016098 0.328558 0.353142
v -0.137615 0.296365 0.354146
v -0.284551 0.256892 0.345055
v 0.058250 0.419370 0.319421
v -0.096779 0.394973 0.327965
v -0.251459 0.357248 0.324746
v -0.392765 0.311866 0.312538
v 0.097915 0.497549 0.278625
v -0.052790 0.481729 0.289445
v -0.210088 0.452600 0.293342
v -0.356655 0.406463 0.284389
v -0.497009 0.362235 0.278625
v 0.132684 0.559390 0.234534
v -0.009708 0.552285 0.245738
v -0.162463 0.531621 0.251978
v -0.310778 0.490436 0.247920
v -0.455902 0.450799 0.245738
v -0.577066 0.397959 0.234534
v -0.205181 -0.000596 0.381361
v -0.320635 0.052734 0.365523
v -0.322647 -0.054588 0.375243
v -0.436807 0.109134 0.343734
v -0.443200 -0.000537 0.349569
v -0.439056 -0.110344 0.348468
v -0.546016 0.164963 0.312628
v -0.557772 0.055608 0.317992
v -0.559612 -0.056185 0.320319
v -0.547425 -0.165543 0.318699
v -0.642180 0.216814 0.276374
v -0.661166 0.110776 0.282195
v -0.668799 0.000069 0.285308
v -0.661707 -0.110960 0.282851
v -0.640976 -0.216106 0.274781
v -0.719015 0.261195 0.234533
v -0.747448 0.161981 0.242787
v -0.764833 0.055125 0.248298
v -0.764642 -0.055207 0.248104
v -0.748390 -0.162528 0.243264
v -0.719015 -0.261195 0.234533
v -0.063443 -0.136807 0.386053
v -0.173180 -0.197886 0.374282
v -0.026202 -0.231450 0.373292
v -0.288762 -0.267033 0.381987
v -0.138805 -0.310025 0.393360
v 0.015981 -0.348143 0.397412
v -0.400685 -0.317541 0.325490
v -0.260399 -0.375886 0.356686
v -0.102776 -0.431766 0.368322
v 0.057861 -0.435177 0.340321
v -0.493371 -0.360342 0.276275
v -0.367936 -0.422623 0.307473
v -0.214367 -0.486562 0.315924
v -0.053012 -0.500445 0.312424
v 0.100484 -0.512928 0.306734
v -0.568738 -0.393003 0.230049
v -0.450430 -0.444215 0.241240
v -0.307967 -0.485392 0.244986
v -0.157384 -0.520632 0.250735
v -0.009796 -0.546858 0.251587
v 0.130838 -0.557007 0.236651
v 0.166198 -0.084525 0.391469
v 0.215329 -0.176300 0.373311
v 0.307167 -0.088563 0.377283
v 0.263247 -0.273011 0.354642
v 0.360228 -0.183138 0.353907
v 0.451375 -0.090811 0.353141
v 0.314289 -0.377445 0.351110
v 0.409956 -0.279728 0.327978
v 0.502775 -0.185390 0.323844
v 0.587783 -0.090812 0.319420
v 0.338639 -0.442919 0.278848
v 0.447209 -0.368010 0.289446
v 0.550008 -0.279723 0.293341
v 0.632354 -0.182920 0.285954
v 0.706258 -0.088563 0.278623
v 0.362366 -0.507151 0.234534
v 0.471599 -0.442816 0.245738
v 0.577830 -0.363248 0.251977
v 0.672087 -0.272436 0.251977
v 0.742618 -0.176426 0.243882
v 0.797416 -0.084723 0.233373
v 0.899898 0.137292 0.151467
v 0.921508 0.198032 0.106425
v 0.846749 0.230658 0.157246
v 0.916791 0.257501 0.054568
v 0.854346 0.290704 0.108235
v 0.749966 0.300551 0.137582
v 0.861455 0.287750 0.000682
v 0.793744 0.309311 0.049238
v 0.734882 0.353308 0.089926
v 0.668501 0.399132 0.141132
v 0.795928 0.316146 -0.048436
v 0.745143 0.347528 -0.000255
v 0.718102 0.418902 0.048305
v 0.668229 0.478989 0.108220
v 0.578055 0.495558 0.157231
v 0.758926 0.373722 -0.093767
v 0.724449 0.419453 -0.047300
v 0.697007 0.488495 0.000438
v 0.636088 0.531624 0.054564
v 0.553820 0.552288 0.106426
v 0.464888 0.558920 0.151868
v 0.093451 0.643917 0.152360
v 0.015700 0.674679 0.106426
v -0.050816 0.640850 0.159639
v -0.068205 0.691811 0.054564
v -0.138198 0.665739 0.110559
v -0.203809 0.617658 0.161153
v -0.152509 0.691812 0.000000
v -0.226618 0.674703 0.056024
v -0.296648 0.639087 0.112047
v -0.357124 0.587747 0.163692
v -0.230948 0.674680 -0.053213
v -0.309016 0.665740 0.000000
v -0.383207 0.639087 0.056024
v -0.447215 0.595454 0.110559
v -0.497012 0.539364 0.159639
v -0.298885 0.643918 -0.101574
v -0.379680 0.640852 -0.053213
v -0.457527 0.622437 0.000000
v -0.525732 0.587749 0.054564
v -0.579229 0.539365 0.106426
v -0.616302 0.482486 0.152360
v -0.845982 0.261195 0.152360
v -0.911623 0.218851 0.106392
v -0.886396 0.164204 0.159638
v -0.956341 0.166631 0.054130
v -0.947201 0.113717 0.110556
v -0.908902 0.056124 0.163691
v -0.986486 0.111082 0.000074
v -0.989790 0.055530 0.055213
v -0.964244 -0.000795 0.110903
v -0.908902 -0.056124 0.163692
v -0.993935 0.052579 -0.051800
v -1.005376 -0.001693 0.000346
v -0.994669 -0.057987 0.054471
v -0.950555 -0.113734 0.109584
v -0.886395 -0.164204 0.159638
v -0.979100 -0.001408 -0.100194
v -0.998691 -0.055339 -0.052061
v -0.995009 -0.111507 -0.000173
v -0.965288 -0.167615 0.053583
v -0.911803 -0.218939 0.106426
v -0.845982 -0.261195 0.152360
v -0.603705 -0.470898 0.142696
v -0.567355 -0.528945 0.099206
v -0.480541 -0.522282 0.150833
v -0.519868 -0.583351 0.054305
v -0.436031 -0.586844 0.114844
v -0.344062 -0.572359 0.166720
v -0.454959 -0.619807 0.000280
v -0.379130 -0.634376 0.058823
v -0.290051 -0.629350 0.120019
v -0.198261 -0.606139 0.166558
v -0.379681 -0.640852 -0.053213
v -0.308424 -0.664393 0.000131
v -0.225312 -0.668779 0.055866
v -0.138177 -0.650690 0.109507
v -0.051809 -0.624925 0.158569
v -0.298885 -0.643918 -0.101574
v -0.230948 -0.674680 -0.053213
v -0.152509 -0.691812 0.000000
v -0.068964 -0.684157 0.052876
v 0.011832 -0.657585 0.100390
v 0.089728 -0.629956 0.145086
v 0.466217 -0.562003 0.153185
v 0.556190 -0.563627 0.112984
v 0.580755 -0.500394 0.160533
v 0.642561 -0.558343 0.070575
v 0.677431 -0.495907 0.117341
v 0.689656 -0.421257 0.164411
v 0.709998 -0.511075 0.006965
v 0.768938 -0.485474 0.067906
v 0.782801 -0.405958 0.118289
v 0.782958 -0.329093 0.163939
v 0.755748 -0.453730 -0.052050
v 0.811306 -0.420337 0.005844
v 0.862364 -0.380334 0.065001
v 0.859423 -0.300523 0.112258
v 0.854992 -0.231861 0.159637
v 0.782501 -0.397961 -0.101574
v 0.845508 -0.362463 -0.053108
v 0.890112 -0.317497 0.002510
v 0.922804 -0.268461 0.061107
v 0.918696 -0.199497 0.106975
v 0.903740 -0.136764 0.152359
v 0.298886 0.643918 0.101574
v 0.379681 0.640852 0.053213
v 0.230948 0.674680 0.053213
v 0.457527 0.622437 0.000000
v 0.309017 0.665739 0.000000
v 0.152509 0.691811 0.000000
v 0.525732 0.587749 -0.054564
v 0.383207 0.639087 -0.056024
v 0.226619 0.674702 -0.056024
v 0.068205 0.691811 -0.054564
v 0.580050 0.540345 -0.107567
v 0.447315 0.595617 -0.110759
v 0.296648 0.639087 -0.112049
v 0.138199 0.665738 -0.110559
v -0.015699 0.674679 -0.106426
v 0.620072 0.486805 -0.157371
v 0.504139 0.550530 -0.173870
v 0.358694 0.591261 -0.168749
v 0.204568 0.622497 -0.164027
v 0.050817 0.640850 -0.159639
v -0.093451 0.643917 -0.152360
v -0.782501 0.397961 0.101573
v -0.753368 0.450802 0.053213
v -0.845181 0.362341 0.053085
v -0.704293 0.496937 0.000000
v -0.805310 0.415002 -0.004009
v -0.888320 0.320328 -0.002891
v -0.636087 0.531625 -0.054564
v -0.745590 0.453181 -0.058155
v -0.841163 0.364025 -0.058692
v -0.915218 0.262752 -0.055302
v -0.553819 0.552288 -0.106426
v -0.670819 0.481733 -0.110559
v -0.774085 0.396784 -0.112861
v -0.861803 0.297727 -0.110559
v -0.921507 0.198033 -0.106425
v -0.464804 0.558440 -0.151859
v -0.579224 0.497552 -0.159638
v -0.688189 0.419374 -0.163692
v -0.782445 0.328562 -0.163692
v -0.854991 0.231862 -0.159638
v -0.903739 0.136764 -0.152359
v -0.782501 -0.397961 0.101573
v -0.845290 -0.362237 0.053213
v -0.753368 -0.450802 0.053213
v -0.892805 -0.315310 0.000000
v -0.802814 -0.405152 0.001386
v -0.704293 -0.496937 0.000000
v -0.918856 -0.259186 -0.054564
v -0.846637 -0.359342 -0.056021
v -0.743461 -0.444505 -0.054301
v -0.632856 -0.526290 -0.051967
v -0.921508 -0.198033 -0.106425
v -0.861803 -0.297727 -0.110559
v -0.776629 -0.394977 -0.112047
v -0.670644 -0.481477 -0.110448
v -0.553819 -0.552288 -0.106426
v -0.903739 -0.136764 -0.152359
v -0.854991 -0.231862 -0.159638
v -0.782445 -0.328562 -0.163692
v -0.688189 -0.419374 -0.163692
v -0.579224 -0.497553 -0.159638
v -0.465084 -0.559392 -0.152360
v 0.297093 -0.644278 0.101195
v 0.226624 -0.661906 0.049710
v 0.369471 -0.632696 0.052029
v 0.152560 -0.690369 0.000068
v 0.305740 -0.666189 0.000512
v 0.453005 -0.630165 0.002666
v 0.068206 -0.691811 -0.054564
v 0.226619 -0.674702 -0.056024
v 0.383207 -0.639087 -0.056024
v 0.526811 -0.590115 -0.053817
v -0.015699 -0.674679 -0.106426
v 0.138199 -0.665738 -0.110559
v 0.296648 -0.639086 -0.112048
v 0.447216 -0.595454 -0.110559
v 0.579229 -0.539365 -0.106426
v -0.093451 -0.643917 -0.152360
v 0.050817 -0.640850 -0.159639
v 0.204615 -0.622435 -0.163692
v 0.357124 -0.587747 -0.163692
v 0.497012 -0.539364 -0.159639
v 0.616302 -0.482486 -0.152360
v 0.967222 0.000000 0.101573
v 0.989206 -0.055101 0.053923
v 0.988624 0.054799 0.053291
v 0.984091 -0.111698 0.000650
v 1.000319 0.000003 0.000063
v 0.987871 0.112437 0.000135
v 0.961008 -0.168373 -0.054564
v 0.986715 -0.057626 -0.056023
v 0.986715 0.057626 -0.056023
v 0.961008 0.168373 -0.054564
v 0.911804 -0.218938 -0.106425
v 0.947213 -0.113720 -0.110558
v 0.959966 0.000000 -0.112047
v 0.947213 0.113720 -0.110558
v 0.911804 0.218938 -0.106425
v 0.845982 -0.261195 -0.152360
v 0.886396 -0.164204 -0.159638
v 0.908902 -0.056124 -0.163691
v 0.908902 0.056124 -0.163691
v 0.886396 0.164203 -0.159638
v 0.845982 0.261195 -0.152360
v 0.577483 0.398456 -0.235129
v 0.497009 0.362235 -0.278624
v 0.458534 0.455979 -0.253640
v 0.399272 0.315309 -0.319421
v 0.357762 0.407853 -0.287494
v 0.312608 0.500256 -0.270503
v 0.288916 0.259184 -0.353142
v 0.252977 0.358968 -0.327608
v 0.207750 0.448648 -0.301292
v 0.157995 0.538053 -0.276019
v 0.174138 0.198032 -0.377283
v 0.138197 0.297725 -0.357772
v 0.096777 0.394946 -0.327940
v 0.052791 0.481679 -0.289440
v 0.009708 0.552285 -0.245738
v 0.062217 0.135025 -0.375857
v 0.025407 0.231861 -0.377283
v -0.016099 0.328560 -0.353142
v -0.058250 0.419372 -0.319420
v -0.097915 0.497550 -0.278624
v -0.132684 0.559391 -0.234533
v -0.358403 0.496308 -0.227188
v -0.334888 0.431815 -0.269093
v -0.471601 0.442815 -0.245738
v -0.301953 0.354523 -0.308310
v -0.446547 0.367069 -0.288412
v -0.577832 0.363247 -0.251977
v -0.261426 0.268310 -0.344331
v -0.407284 0.276671 -0.322358
v -0.550010 0.279722 -0.293341
v -0.672088 0.272435 -0.251977
v -0.215245 0.177125 -0.377283
v -0.358860 0.181827 -0.347823
v -0.506730 0.186481 -0.327965
v -0.638195 0.184004 -0.289444
v -0.747367 0.177125 -0.245737
v -0.162848 0.083580 -0.362154
v -0.302236 0.088923 -0.353725
v -0.445378 0.091536 -0.339903
v -0.583640 0.091256 -0.314225
v -0.706258 0.088562 -0.278623
v -0.801022 0.084525 -0.234532
v -0.801022 -0.084525 -0.234532
v -0.700465 -0.088249 -0.274975
v -0.731813 -0.173736 -0.236455
v -0.587784 -0.090812 -0.319420
v -0.622889 -0.179442 -0.278202
v -0.654479 -0.264506 -0.240050
v -0.440971 -0.090985 -0.329548
v -0.496483 -0.182503 -0.316494
v -0.536219 -0.271793 -0.281336
v -0.566948 -0.354005 -0.242495
v -0.301424 -0.088772 -0.352266
v -0.356242 -0.180273 -0.344126
v -0.402120 -0.272691 -0.314854
v -0.441061 -0.359523 -0.280831
v -0.466915 -0.435671 -0.239923
v -0.165911 -0.084653 -0.384361
v -0.214008 -0.173743 -0.361189
v -0.260492 -0.266246 -0.338586
v -0.303155 -0.358781 -0.313361
v -0.336879 -0.437801 -0.274356
v -0.362367 -0.507152 -0.234533
v 0.719015 0.261195 -0.234533
v 0.753363 0.164203 -0.245737
v 0.645740 0.218937 -0.278624
v 0.772493 0.056124 -0.251977
v 0.670817 0.113720 -0.289444
v 0.551780 0.168372 -0.319420
v 0.772493 -0.056124 -0.251977
v 0.679849 0.000000 -0.293341
v 0.557831 0.056507 -0.312154
v 0.437130 0.109899 -0.332782
v 0.753364 -0.164204 -0.245737
v 0.670790 -0.113713 -0.289356
v 0.553967 -0.055678 -0.306131
v 0.437094 0.000647 -0.335031
v 0.317059 0.050843 -0.347630
v 0.717861 -0.260336 -0.231780
v 0.642620 -0.216511 -0.271058
v 0.544076 -0.163205 -0.306451
v 0.430470 -0.106711 -0.330011
v 0.316626 -0.051756 -0.353408
v 0.203641 -0.002129 -0.369983
v -0.132684 -0.559390 -0.234534
v -0.097915 -0.497550 -0.278624
v 0.009709 -0.552285 -0.245738
v -0.054871 -0.410547 -0.303965
v 0.053780 -0.470775 -0.277161
v 0.161196 -0.523580 -0.245919
v -0.015926 -0.323582 -0.338832
v 0.095921 -0.389053 -0.311469
v 0.208011 -0.445405 -0.282088
v 0.310495 -0.489974 -0.243837
v 0.025409 -0.231860 -0.377283
v 0.138199 -0.297724 -0.357772
v 0.247735 -0.350512 -0.312421
v 0.348370 -0.394601 -0.264617
v 0.455163 -0.449412 -0.242847
v 0.063484 -0.136764 -0.391469
v 0.174140 -0.198032 -0.377283
v 0.284030 -0.255795 -0.344213
v 0.383404 -0.302931 -0.294681
v 0.486749 -0.351943 -0.258005
v 0.576793 -0.397609 -0.233696
v -0.099010 -0.213308 -0.377781
v -0.018160 -0.038001 -0.394714
v 0.038037 -0.024021 -0.383701
v 0.639950 -0.324389 -0.235035
v 0.036260 0.015885 -0.372785
v 0.138768 0.067389 -0.364592
v -0.701449 0.000000 -0.283583
v -0.051652 -0.002439 -0.379319
v 0.802179 0.240831 0.177720
v -0.639278 -0.391183 -0.209062
v -0.141435 0.304708 -0.354322
v -0.017675 0.029074 -0.370580
v -0.537169 0.466981 -0.204375
v 0.591617 0.457691 -0.204979
v 0.188152 -0.651942 0.121779
v -0.191277 -0.619928 -0.166946
v 0.753348 -0.383134 -0.143097
v 0.666955 -0.502621 -0.075986
v 0.287749 -0.619928 0.143097
v -0.233421 0.589728 0.184203
v -0.616812 -0.546476 0.025979
v -0.717878 0.395418 0.160993
v -0.475976 0.598816 -0.076210
v -0.759077 0.355724 0.160992
v 0.851308 -0.123292 0.195857
v 0.189974 -0.618048 0.165100
v -0.034610 -0.587868 0.206327
v -0.845661 -0.053443 0.209061
v -0.747689 0.331192 0.184841
v -0.681029 0.395417 0.184841
v -0.187461 0.577559 0.207732
v 0.797316 0.208830 0.202118
v 0.246245 -0.532131 0.247072
v 0.853140 -0.039693 0.205533
v -0.140758 0.071231 0.382256
v -0.699453 0.355724 0.199581
v 0.078047 0.039692 0.397146
v -0.729850 0.044281 -0.270815
v 0.097700 0.210360 0.374924
v 0.142722 0.042262 0.394307
v 0.145301 0.171330 0.378074
v 0.288522 0.180564 0.367528
v 0.239053 0.224780 0.365213
v 0.671831 0.135952 0.282896
v 0.753640 0.086544 0.256577
v 0.726812 0.132845 0.262180
v 0.706746 0.253233 0.203632
v 0.523209 0.401407 0.244836
v 0.005809 0.150800 0.381950
v 0.025925 0.197735 0.377707
v -0.269060 0.307179 0.335830
v -0.341264 0.286056 0.331645
v -0.429407 0.386840 0.284035
v -0.212344 0.546040 0.229270
v -0.334662 0.449986 0.266720
v -0.408853 0.431122 0.267592
v -0.146800 0.023405 0.384125
v -0.261992 0.025213 0.372953
v -0.263373 -0.026812 0.376747
v -0.554785 -0.111299 0.318154
v -0.613642 -0.027922 0.301579
v -0.609944 -0.083243 0.299858
v -0.757751 0.109179 0.245889
v -0.806583 -0.081505 0.229903
v -0.797018 -0.135545 0.226783
v -0.214238 -0.286951 0.385139
v -0.344521 -0.290930 0.349942
v -0.271790 -0.313529 0.353832
v -0.295765 -0.467750 0.320693
v 0.167842 -0.509903 0.288959
v -0.409412 -0.432001 0.269164
v -0.340321 -0.463212 0.276924
v 0.012279 -0.572055 0.226885
v 0.061771 -0.554648 0.246888
v 0.142722 -0.042262 0.394307
v 0.358876 -0.323209 0.327905
v 0.286331 -0.474403 0.274257
v 0.376901 -0.366605 0.306790
v 0.298357 -0.506994 0.252874
v 0.726812 -0.132845 0.262180
v 0.752840 -0.086771 0.255786
v 0.886661 0.215314 0.132564
v 0.920147 0.228581 0.080495
v 0.891559 0.247789 0.108476
v 0.752424 0.274081 0.163929
v -0.581249 -0.395499 -0.226804
v -0.584099 0.397807 -0.229903
v 0.670122 0.440717 0.127593
v 0.627927 0.451366 0.152643
v 0.736643 0.398814 -0.117165
v 0.669222 0.513135 0.027257
v 0.590161 -0.350305 -0.239446
v -0.171407 0.644087 0.137125
v -0.182408 0.670221 0.083292
v -0.217423 0.652413 0.111303
v -0.309995 0.577025 0.186992
v -0.530984 -0.437592 -0.226783
v -0.415211 0.617270 0.083292
v -0.447813 0.616776 -0.052585
v -0.420367 0.630762 0.028012
v -0.454470 0.613418 0.055294
v -0.853340 0.285598 0.126410
v -0.886251 0.264469 0.103443
v -0.981718 0.027338 0.083064
v -0.874788 -0.081505 0.185760
v -1.001172 0.026553 0.027546
v -0.995267 -0.001499 0.054956
v -0.863534 -0.135545 0.183733
v -0.992129 -0.027999 -0.076579
v -0.938124 -0.217815 0.053253
v -0.913450 -0.243078 0.079191
v -0.554117 -0.575291 0.026991
v -0.459172 -0.555403 0.133814
v -0.414150 -0.549406 0.160643
v -0.521096 -0.592386 0.000395
v -0.344349 -0.653296 -0.026607
v -0.008584 -0.610439 0.180650
v -0.339283 -0.642385 -0.077394
v -0.305314 -0.657766 -0.053213
v -0.028557 -0.672166 0.078190
v 0.060817 -0.614893 0.174591
v 0.739562 -0.415612 0.141355
v 0.736862 -0.375679 0.164440
v 0.720559 -0.464402 -0.076692
v 0.858398 -0.264794 0.135098
v 0.734830 -0.437581 -0.101018
v 0.889287 -0.284907 0.086491
v 0.891267 -0.249745 0.109843
v 0.887653 -0.108075 0.171576
v 0.339283 0.642385 0.077394
v 0.264917 0.659299 0.077394
v -0.933078 -0.241762 0.025979
v 0.261634 0.656894 -0.084036
v 0.182409 0.670220 -0.083292
v 0.664250 0.452678 -0.147951
v 0.531623 0.533747 -0.212327
v 0.430852 0.570516 -0.171090
v -0.821599 0.353980 0.101016
v -0.852994 0.336119 0.076836
v -0.756230 0.457213 -0.002726
v -0.576016 0.562163 -0.053261
v -0.726415 0.476415 -0.029488
v -0.534882 0.572495 -0.079192
v -0.723687 0.440344 -0.112110
v -0.625021 0.489643 -0.135099
v -0.679504 0.450553 -0.137125
v -0.879365 0.184313 -0.155998
v -0.880194 -0.314727 0.052585
v -0.903952 -0.291263 0.025979
v -0.646039 -0.531624 0.000000
v -0.882758 -0.309274 -0.055294
v -0.611896 -0.548896 -0.027247
v -0.920182 -0.228610 -0.080495
v -0.890329 -0.278457 -0.082562
v -0.639278 -0.425871 -0.185760
v -0.566522 -0.524920 -0.133032
v -0.509452 -0.555840 -0.129393
v 0.259962 -0.639546 0.122345
v 0.299335 -0.649839 0.050896
v 0.191608 -0.683612 0.026805
v 0.266597 -0.672460 0.027235
v 0.486484 -0.591627 -0.082554
v 0.552551 -0.563702 -0.080449
v -0.127458 -0.624341 -0.171578
v 0.280869 -0.605091 -0.163692
v 0.651731 -0.479843 -0.126410
v 0.994163 0.056201 0.000080
v 0.993358 -0.028813 -0.028012
v 0.993358 0.028813 -0.028012
v 0.953589 0.056860 -0.111303
v 0.820265 -0.302318 -0.147728
v 0.934434 -0.028062 -0.137869
v 0.934434 0.028062 -0.137869
v 0.559016 0.443386 -0.224861
v 0.502079 0.477152 -0.241075
v 0.230270 0.403647 -0.310967
v 0.195781 0.328542 -0.342869
v 0.174770 0.376588 -0.327459
v 0.075483 0.086699 -0.367352
v 0.044445 0.184312 -0.384376
v -0.089278 0.339279 -0.346702
v -0.110353 0.384685 -0.329841
v -0.530984 0.437591 -0.226783
v -0.232626 0.353811 -0.326308
v -0.459404 0.405408 -0.267586
v -0.524716 0.403031 -0.248857
v -0.212659 0.311216 -0.346702
v -0.285598 0.179013 -0.357055
v -0.189233 0.129634 -0.366473
v -0.259398 0.133006 -0.362149
v -0.647021 0.089686 -0.299022
v -0.777232 0.042262 -0.248769
v -0.777232 -0.042262 -0.248769
v -0.729850 -0.044282 -0.270815
v -0.595133 -0.267466 -0.259325
v -0.611385 -0.309411 -0.241165
v -0.454169 -0.397339 -0.258831
v -0.167398 -0.214548 -0.358627
v -0.189324 -0.259373 -0.342935
v -0.373661 -0.361381 -0.299499
v -0.388660 -0.399162 -0.277239
v 0.736189 0.212699 -0.240135
v 0.682377 0.240066 -0.256579
v 0.633194 -0.508283 -0.103444
v 0.498169 0.083780 -0.324825
v 0.556048 0.000066 -0.307498
v 0.496641 0.027880 -0.321101
v 0.659078 -0.281297 -0.235800
v 0.621068 -0.258790 -0.254050
v 0.596762 -0.191527 -0.293912
v 0.147412 0.683257 -0.055294
v 0.145512 0.020104 -0.369891
v -0.147075 -0.582078 -0.212664
v 0.754737 0.215560 0.220911
v -0.000720 -0.442003 -0.291976
v -0.067938 -0.291474 -0.352839
v 0.019999 -0.399712 -0.307779
v -0.047502 -0.245640 -0.372833
v 0.195668 -0.328035 -0.341604
v 0.156170 -0.247878 -0.367527
v 0.213558 -0.278454 -0.355457
v 0.547156 -0.328516 -0.252263
v 0.532990 -0.374512 -0.243781
v 0.025654 0.057851 -0.367761
v -0.285782 0.527027 0.227731
v -0.028542 0.062668 0.390291
v -0.827623 0.326720 0.121778
v 0.081429 -0.577718 0.220610
v 0.156690 -0.634983 0.144131
v 0.122713 0.125480 0.385038
v 0.788524 -0.370700 -0.122335
v 0.836288 -0.081957 0.212657
v -0.486736 0.607569 -0.025979
v -0.670190 0.514281 -0.027282
v -0.078165 0.090348 0.385504
v 0.588462 0.497196 -0.197201
v -0.584795 -0.464961 -0.183733
v -0.584795 0.464960 -0.183733
v -0.639278 0.425870 -0.185760
v -0.034775 -0.366676 -0.318346
v 0.323761 -0.406142 0.305685
v 0.183429 -0.534075 0.254666
v -0.062136 0.572492 0.226783
v -0.138514 0.562159 0.229904
v -0.476456 0.406517 0.262182
v -0.537037 0.380097 0.256580
v -0.201733 0.049405 0.378071
v -0.258582 0.076922 0.371197
v -0.322451 -0.000623 0.368749
v -0.380181 0.081427 0.357708
v -0.382145 0.026856 0.358901
v -0.603425 -0.137515 0.297180
v -0.593574 -0.189982 0.293501
v -0.811570 0.028062 0.231135
v -0.766607 -0.000066 0.248704
v -0.079110 -0.091600 0.388820
v -0.062552 -0.327780 0.394469
v -0.200424 -0.342427 0.370007
v -0.125186 -0.375285 0.390214
v -0.130895 -0.493971 0.311673
v -0.262704 -0.484300 0.276995
v -0.182953 -0.494458 0.272616
v -0.059198 -0.562580 0.230132
v 0.195319 -0.557518 0.227399
v 0.458340 -0.233103 0.327965
v 0.428588 -0.323875 0.308728
v 0.479980 -0.279723 0.310653
v 0.736707 -0.484308 -0.022383
v 0.310186 -0.531542 0.227585
v 0.416983 -0.474984 0.240136
v 0.789208 -0.172161 0.223328
v 0.816036 -0.125861 0.217726
v 0.863463 0.151860 0.175366
v 0.837005 0.197635 0.178864
v 0.853633 0.262115 0.133585
v 0.803879 0.269356 0.151945
v 0.765613 0.327208 -0.023153
v 0.775534 0.357563 -0.117006
v 0.749423 0.356337 -0.046133
v 0.594954 0.541956 0.080495
v -0.082690 0.616774 0.183734
v -0.159589 0.607566 0.185760
v -0.250125 0.629619 0.137303
v -0.280663 0.604228 0.163008
v -0.472113 0.567409 0.135099
v -0.259987 0.639504 -0.122335
v -0.407812 0.622728 -0.076782
v -0.486474 0.591601 0.082562
v -0.513222 0.567410 0.108493
v -0.820265 0.302318 0.147728
v -0.878893 0.240066 0.129393
v -0.866189 0.212700 0.155999
v -0.879775 0.028062 0.186992
v -0.934560 -0.028084 0.137868
v -0.983655 -0.029770 0.082582
v -0.961499 -0.057724 0.110303
v -0.998888 -0.083194 -0.026446
v -0.960803 -0.192438 0.026397
v -0.610567 -0.531613 0.077875
v -0.585780 -0.557187 0.053261
v -0.481376 -0.588678 0.084986
v -0.487352 -0.601888 0.027489
v -0.451408 -0.610294 0.057477
v -0.152645 -0.592293 0.188102
v 0.808877 0.277786 -0.171578
v -0.267640 -0.668231 0.027984
v -0.080038 -0.602984 0.185204
v -0.269983 -0.670210 -0.026607
v -0.230763 -0.678775 0.000000
v 0.084424 -0.662456 0.098853
v 0.051557 -0.641806 0.121071
v 0.681769 -0.524004 -0.022062
v 0.737202 -0.497304 0.036072
v 0.702335 -0.492642 -0.051246
v 0.763393 -0.468155 0.006847
v 0.843022 -0.199529 0.180279
v 0.888250 -0.214953 0.133032
v 0.879366 -0.184312 0.155998
v 0.305314 0.657766 0.053213
v 0.418604 0.631644 0.026607
v 0.344349 0.653296 0.026607
v 0.103202 0.678774 -0.082562
v 0.026253 0.683245 -0.080495
v 0.629653 0.455234 -0.174564
v 0.281216 0.606359 -0.165679
v -0.157270 0.639503 -0.147728
v -0.788524 0.370700 0.122334
v -0.849609 0.369031 -0.003732
v -0.777487 0.435743 -0.031487
v -0.824904 0.391418 -0.031816
v -0.494913 0.578609 -0.103444
v -0.819816 0.348371 -0.111838
v -0.450816 0.580629 -0.125405
v -0.531597 0.499574 -0.180279
v -0.732409 0.407179 -0.137871
v -0.779536 0.361769 -0.137870
v -0.699603 -0.488721 0.052585
v -0.921932 -0.265810 0.000000
v -0.675066 -0.511788 0.025979
v -0.934957 -0.237747 -0.027282
v -0.795562 -0.403111 -0.055375
v -0.854231 -0.328544 -0.083292
v -0.811644 -0.377169 -0.084036
v -0.879365 -0.184313 -0.155998
v -0.735317 -0.339280 -0.186993
v -0.688189 -0.384686 -0.186993
v 0.226923 -0.655764 0.100674
v 0.189379 -0.661038 0.073903
v 0.340169 -0.657492 0.027968
v -0.132150 -0.549967 0.231052
v 0.587597 -0.560637 -0.052177
v 0.061250 -0.670208 -0.108493
v 0.612736 -0.533354 -0.079082
v -0.054575 -0.659298 -0.129393
v 0.017559 -0.657764 -0.133033
v -0.057227 -0.123291 -0.392163
v 0.699453 -0.355724 -0.199581
v 0.681029 -0.395417 -0.184841
v 0.867396 -0.151981 0.176639
v 0.792250 0.250521 -0.195857
v 0.747689 -0.331192 -0.184841
v 0.249978 0.124521 -0.353024
v 0.723536 0.318909 -0.205535
v -0.584885 0.000125 -0.314907
v -0.728927 -0.304616 -0.208942
v -0.099010 0.213308 -0.377781
v 0.774048 0.341297 -0.069963
v 0.759077 -0.355724 -0.160992
v 0.782572 0.318301 -0.166621
v 0.819213 0.318873 -0.119252
v 0.118728 -0.678311 0.076268
v 0.717878 -0.395418 -0.160993
v 0.622767 -0.558431 -0.022511
v -0.963171 -0.188488 -0.027105
v -0.666499 -0.501921 0.076210
v -0.392135 0.603104 -0.121924
v 0.315399 0.600111 0.160993
v 0.675110 0.422612 -0.166875
v -0.188152 0.651942 -0.121779
v 0.248738 0.615272 0.160992
v 0.800462 -0.213309 0.204374
v -0.282446 0.312198 -0.326752
v -0.179383 -0.564527 0.210348
v -0.845661 0.053443 0.209061
v -0.783159 0.318909 0.166946
v -0.042462 0.598813 0.204375
v 0.218926 0.600110 0.184841
v 0.326772 0.575532 0.184785
v 0.850466 0.119148 0.194827
v -0.811570 -0.028062 0.231135
v -0.144602 -0.073698 0.387366
v -0.093214 -0.000958 0.388775
v -0.252558 0.128133 0.370067
v 0.141435 0.304708 0.354322
v 0.267163 0.575578 0.199581
v 0.167829 0.218272 0.372833
v 0.406008 0.137380 0.353389
v 0.191637 0.265926 0.360762
v 0.516322 0.091183 0.331579
v 0.477812 0.138196 0.338370
v 0.581331 0.220291 0.253971
v -0.068256 0.293989 -0.360762
v 0.814619 0.125941 0.217704
v 0.690284 0.178418 0.261286
v 0.643916 0.218225 0.241621
v 0.416983 0.474984 0.240136
v -0.131459 0.119359 0.382940
v 0.047451 0.245625 0.372408
v -0.187055 0.149051 0.377874
v 0.068255 0.293988 0.360762
v 0.414579 -0.650873 0.032512
v -0.019265 0.407171 0.323693
v 0.078083 0.458459 0.299023
v 0.002730 0.450549 0.304433
v 0.121858 -0.650101 0.122222
v -0.976969 -0.164862 -0.000395
v -0.367176 0.623550 -0.100115
v 0.656876 -0.383133 -0.205535
v 0.255918 0.073744 -0.353015
v -0.148159 -0.024887 0.386248
v -0.474527 0.530486 -0.176634
v 0.723536 -0.318909 -0.205535
v 0.747260 0.376625 -0.139849
v 0.427068 -0.563555 -0.161665
v 0.986887 0.084937 -0.028011
v 0.974042 0.140313 -0.027281
v 0.929509 0.166329 -0.108492
v 0.928057 0.084922 -0.137125
v 0.916804 0.138961 -0.135098
v 0.819273 0.301371 -0.147333
v 0.608530 0.411278 -0.213701
v 0.537077 0.380148 -0.256642
v 0.518110 0.426763 -0.243245
v 0.183330 0.496808 -0.297101
v 0.185371 0.146319 -0.365578
v 0.152488 0.421320 -0.310063
v 0.129752 0.464587 -0.292785
v 0.129534 0.115906 -0.367200
v -0.047503 0.245640 -0.372833
v 0.004654 0.280210 -0.365213
v -0.421401 0.498695 -0.213953
v -0.477786 0.472205 -0.223329
v -0.373130 0.359061 -0.296146
v -0.191637 0.265926 -0.360762
v -0.354082 0.315771 -0.313498
v -0.167829 0.218272 -0.372833
v -0.434265 0.185243 -0.342869
v -0.331959 0.135129 -0.356427
v -0.406588 0.137407 -0.355457
v -0.617750 0.045340 -0.309859
v -0.677857 0.044281 -0.291391
v -0.753640 0.086544 -0.256577
v -0.677857 -0.044282 -0.291391
v -0.618620 -0.045406 -0.311790
v -0.671933 -0.307253 -0.224619
v -0.471324 -0.136826 -0.326807
v -0.628305 -0.352051 -0.225999
v -0.370936 -0.090076 -0.340706
v -0.400314 -0.135872 -0.337728
v -0.121932 -0.125864 -0.389122
v -0.145163 -0.170513 -0.374108
v -0.402156 -0.435840 -0.255857
v -0.414700 -0.472328 -0.237489
v 0.745393 0.277786 -0.212664
v 0.699551 0.191570 -0.262181
v 0.762928 0.110164 -0.248857
v 0.712090 0.138961 -0.267590
v 0.439043 0.055291 -0.338595
v 0.376173 0.079235 -0.339222
v 0.696555 -0.301836 -0.225929
v 0.487080 -0.134514 -0.316689
v 0.199954 0.046366 -0.361760
v 0.107857 -0.497402 -0.260919
v 0.075301 -0.429917 -0.294345
v 0.130357 -0.457375 -0.278395
v 0.788208 0.171796 0.222845
v -0.026099 -0.199529 -0.382232
v 0.297246 -0.371523 -0.285466
v -0.007062 -0.151981 -0.389324
v 0.266638 -0.304260 -0.331229
v 0.315829 -0.325895 -0.302508
v 0.626124 -0.370632 -0.227228
v -0.879775 -0.028062 0.186993
v -0.423486 0.526730 -0.191878
v 0.171407 -0.644086 -0.137125
v 0.556657 -0.510925 -0.156000
v 0.949205 -0.024532 0.122334
v 0.973862 -0.112999 -0.055294
v 0.936406 -0.193655 -0.080495
v 0.954111 -0.141046 -0.082561
v 0.885001 0.263424 -0.103284
v 0.899100 0.191570 -0.133032
v 0.878893 0.240066 -0.129393
v -0.191729 0.683246 -0.026607
v 0.476638 0.406838 -0.262648
v 0.448141 0.338772 -0.299022
v 0.429408 0.386845 -0.284043
v 0.301552 0.209187 -0.358782
v 0.242501 0.176999 -0.361561
v 0.107177 0.505025 -0.272984
v 0.085331 0.541138 -0.249869
v -0.006782 0.150847 -0.377134
v -0.026100 0.199529 -0.382232
v -0.037175 0.373966 -0.336281
v -0.365704 0.524340 -0.206112
v -0.512522 0.365628 -0.270711
v -0.427417 0.321863 -0.305055
v -0.498610 0.323866 -0.291393
v -0.145752 0.171886 -0.377632
v -0.572462 0.185243 -0.308704
v -0.121359 0.124092 -0.368824
v -0.478813 0.138638 -0.340085
v -0.547045 0.138629 -0.323180
v -0.750088 -0.216458 -0.221116
v -0.551876 -0.045382 -0.320500
v -0.712849 -0.261880 -0.222990
v -0.479578 -0.045378 -0.324293
v -0.516489 -0.227558 -0.298383
v -0.428721 -0.182801 -0.334536
v -0.449797 -0.228140 -0.315998
v -0.101523 -0.081955 -0.394307
v -0.189777 -0.128792 -0.371986
v 0.765872 0.233930 -0.217726
v 0.783046 0.185434 -0.223329
v 0.658278 0.166328 -0.284034
v 0.598760 0.193655 -0.299022
v 0.372163 0.132013 -0.338004
v 0.712091 -0.138962 -0.267590
v 0.313355 0.102236 -0.344641
v 0.735859 -0.212466 -0.239359
v 0.698562 -0.190858 -0.259843
v 0.373728 -0.078932 -0.342369
v 0.184813 -0.485407 -0.264647
v 0.238552 -0.513677 -0.251488
v 0.836132 0.082019 0.212563
v 0.401130 -0.420293 -0.249179
v 0.013318 -0.108075 -0.394307
v 0.366542 -0.348988 -0.280073
v 0.418785 -0.373156 -0.261228
v 0.607759 -0.410392 -0.212664
v 0.009965 0.578607 0.223329
v 0.627377 -0.452656 -0.171578
v -0.797018 0.135545 0.226783
v -0.205814 -0.534620 0.230131
v 0.005976 -0.687261 0.051894
v 0.409747 0.582080 0.147729
v -0.863535 0.135545 0.183733
v -0.326403 0.622770 -0.121645
v 0.212659 0.311216 0.346702
v 0.849563 0.185434 -0.180279
v -0.776159 -0.293991 -0.185760
v 0.829355 0.233930 -0.176640
v 0.651819 -0.548779 0.006985
v 0.901376 -0.064225 0.166945
v -0.550190 0.045797 -0.318237
v -0.267163 -0.575578 -0.199581
v 0.029807 -0.064242 -0.397102
v 0.585196 -0.450013 -0.195858
v -0.218926 -0.600110 -0.184841
v 0.826701 0.156776 -0.204374
v 0.367088 0.185913 -0.344674
v -0.445527 0.000153 -0.328554
v -0.078047 -0.039692 -0.397146
v -0.326786 -0.575578 -0.184841
v -0.800462 -0.213309 -0.204374
v -0.054759 0.115386 -0.369847
v 0.912807 -0.024532 0.160991
v 0.943907 -0.076198 0.121778
v 0.878758 0.280784 -0.075228
v 0.912807 0.024531 0.160991
v 0.040702 -0.694919 0.026475
v -0.248738 -0.615272 -0.160992
v 0.675301 -0.422826 -0.166946
v 0.552430 -0.603681 0.036429
v 0.931188 -0.000001 0.143095
v -0.972263 -0.131185 -0.078439
v -0.315399 -0.600111 -0.160993
v -0.699654 -0.450014 0.121779
v -0.363086 0.575361 -0.163104
v 0.395208 0.604849 0.121779
v -0.287485 0.619051 -0.141851
v -0.117745 0.680293 -0.076209
v 0.287749 0.619928 0.143097
v 0.882995 -0.039693 0.184840
v 0.729030 -0.304709 0.209062
v -0.324826 -0.529378 0.206950
v -0.826701 0.156776 0.204374
v 0.095552 0.604847 0.195858
v 0.365796 0.580235 0.166946
v 0.882995 0.039692 0.184840
v -0.480610 0.045869 -0.327272
v 0.864571 0.000000 0.199579
v 0.794160 0.000008 0.241378
v -0.254307 -0.129034 0.373697
v -0.369628 0.187891 0.353394
v -0.298483 -0.561476 0.189442
v 0.181572 0.391182 0.322212
v 0.312331 0.228219 0.355457
v 0.434164 0.185153 0.342529
v 0.385875 0.231863 0.342869
v 0.233735 0.356622 0.329841
v 0.494215 0.319482 0.277898
v 0.817869 0.042262 0.227402
v 0.593145 0.259259 0.224361
v 0.550974 0.308626 0.236327
v -0.242349 0.178014 0.365715
v 0.089277 0.339278 0.346702
v -0.298193 0.207037 0.353006
v 0.110353 0.384683 0.329841
v -0.175072 0.377165 0.327965
v -0.074785 0.438351 0.308705
v -0.153434 0.423787 0.310654
v 0.081162 0.582160 0.217727
v 0.061488 0.555838 0.240136
v -0.205510 -0.051636 0.386179
v -0.316835 0.105535 0.363630
v -0.263025 -0.079033 0.382232
v -0.377629 0.136013 0.359422
v -0.383203 -0.027896 0.363181
v -0.382145 -0.083491 0.365213
v -0.652570 0.164540 0.279354
v -0.681302 0.238985 0.255006
v -0.693938 0.188404 0.258015
v -0.806583 0.081505 0.229903
v -0.757167 -0.109308 0.245568
v -0.132413 -0.120060 0.382622
v -0.187164 -0.148961 0.377333
v -0.043792 -0.393691 0.389070
v 0.034886 -0.406729 0.384257
v 0.024470 -0.506184 0.312065
v -0.279523 -0.516801 0.227503
v -0.106528 -0.510187 0.276927
v -0.031553 -0.522053 0.278771
v 0.191183 -0.129270 0.380174
v 0.236683 -0.086544 0.384376
v 0.851818 0.284256 -0.126054
v 0.545560 -0.137949 0.321123
v 0.528368 -0.233103 0.310653
v 0.569882 -0.184687 0.305373
v 0.524715 -0.403032 0.248857
v 0.720980 -0.265928 0.229903
v 0.756943 -0.218329 0.225973
v 0.816354 -0.041695 0.226554
v 0.885650 0.107898 0.171508
v 0.886329 0.275022 0.082335
v 0.893250 0.276537 0.027448
v 0.861255 0.290151 0.054333
v 0.823927 0.309782 -0.072916
v 0.727578 0.378384 0.022757
v 0.799089 0.332652 -0.095517
v 0.731616 0.379719 -0.022609
v 0.719754 0.414633 0.000148
v 0.509453 0.555840 0.129393
v 0.061545 0.624423 0.176641
v -0.010588 0.622890 0.180280
v -0.189564 0.683257 0.028012
v -0.193081 0.671737 -0.076837
v -0.230762 0.678776 0.000000
v -0.227050 0.656356 -0.101018
v 0.189564 -0.683257 -0.028012
v -0.538121 0.539364 0.133033
v -0.556657 0.510925 0.156000
v -0.899100 0.191571 0.133032
v -0.934385 0.192646 0.080356
v -0.928144 0.166125 0.108139
v -0.874788 0.081505 0.185759
v -0.928060 -0.084922 0.137125
v -0.897648 -0.110164 0.161665
v -0.989274 -0.108092 -0.052500
v -0.986478 -0.136539 -0.026782
v -0.984216 -0.139769 0.026626
v -0.647341 -0.476587 0.122988
v -0.629050 -0.503527 0.099969
v -0.389772 -0.580871 0.141902
v -0.409668 -0.613858 0.090616
v -0.363802 -0.609735 0.119406
v -0.225715 -0.578665 0.189927
v -0.181771 -0.662095 0.084519
v -0.189564 -0.683257 0.028012
v -0.146403 -0.677301 0.053612
v 0.045625 -0.673833 0.074750
v 0.618474 -0.574954 0.037584
v 0.853140 0.039692 0.205533
v -0.417996 0.553583 -0.168868
v 0.779640 -0.447998 0.103034
v 0.776159 -0.293990 0.185759
v 0.790968 -0.452643 0.034985
v 0.823878 -0.438281 0.064724
v 0.812432 -0.245641 0.183733
v 0.813927 -0.380133 -0.077378
v 0.917464 -0.092914 0.147727
v 0.326648 0.624343 0.122336
v 0.269983 0.670210 0.026607
v 0.191729 0.683246 0.026607
v 0.513623 0.567990 -0.109189
v -0.085457 0.671737 -0.103444
v 0.600531 0.514165 -0.133165
v 0.541409 0.543792 -0.138380
v 0.127713 0.631656 -0.161686
v -0.124333 0.656356 -0.126410
v -0.867236 0.343348 -0.030743
v -0.903789 0.292860 -0.029315
v -0.891655 0.247880 -0.108492
v -0.407932 0.579414 -0.145426
v -0.822124 0.313145 -0.137125
v -0.858397 0.264794 -0.135099
v -0.734830 -0.437581 0.101017
v -0.813895 -0.380099 0.077393
v -0.767935 -0.424381 0.077393
v -0.943328 -0.209812 -0.053517
v -0.686641 -0.482912 -0.051810
v -0.947237 -0.180367 -0.079511
v -0.763250 -0.423784 -0.084034
v -0.707958 -0.463734 -0.082142
v -0.812432 -0.245641 -0.183733
v -0.818718 -0.280212 -0.161665
v 0.154435 -0.681797 0.051719
v 0.116259 -0.691670 0.026554
v 0.229635 -0.680594 0.000339
v 0.522902 -0.607311 0.004216
v 0.110661 -0.691895 -0.027303
v -0.720263 -0.464002 0.076837
v 0.560361 -0.587370 -0.024002
v 0.217423 -0.652412 -0.111304
v 0.094508 -0.653294 -0.135099
v -0.076255 -0.695906 0.000000
v -0.034506 -0.695137 0.026964
v -0.977868 -0.052695 -0.100734
v -0.987072 -0.080082 -0.077263
v -0.785075 -0.171247 -0.220000
v 0.680138 -0.311217 0.231136
v -0.127458 0.624341 -0.171578
v -1.002700 0.025790 -0.025996
v 0.554504 -0.437579 -0.217727
v -0.989519 0.024921 -0.076458
v -0.750810 -0.086453 -0.253878
v -0.867395 -0.151981 -0.176639
v 0.078047 -0.039692 0.397146
v -0.029811 -0.064223 0.397146
v -0.952233 -0.075217 -0.124348
v 0.250632 -0.630760 -0.137870
v 0.326886 -0.613416 -0.137870
v 0.514476 -0.508281 -0.180280
v 0.574121 -0.479842 -0.176641
v 0.961924 -0.051666 0.101016
v 0.971899 -0.079773 0.077824
v 0.986715 0.000000 -0.056023
v 0.938032 0.217778 -0.053260
v 0.966964 -0.085673 -0.083291
v 0.973341 -0.028813 -0.084035
v 0.912999 0.242713 -0.079169
v 0.866189 -0.212700 -0.155999
v 0.874788 0.081505 -0.185759
v 0.863535 0.135545 -0.183733
v 0.412297 0.265808 -0.329841
v 0.407450 0.430407 -0.268080
v 0.385082 0.476401 -0.259803
v 0.357120 0.237746 -0.346702
v 0.156168 0.247878 -0.367527
v 0.118764 0.167325 -0.383508
v 0.099772 0.214947 -0.377283
v -0.078083 0.458461 -0.299022
v -0.147075 0.582079 -0.212664
v -0.563921 0.321485 -0.272659
v -0.624960 0.317841 -0.251977
v -0.692781 0.180564 -0.267590
v -0.098054 0.078410 -0.366018
v -0.342573 0.044436 -0.347902
v -0.411654 0.045355 -0.338521
v -0.612989 0.137407 -0.304432
v -0.672226 0.136283 -0.284034
v -0.816036 -0.125861 -0.217726
v 0.484641 -0.628857 0.035830
v -0.767827 -0.128946 -0.235680
v -0.409134 -0.045292 -0.332725
v -0.551411 -0.312796 -0.260928
v -0.340355 -0.044836 -0.344294
v -0.472625 -0.274647 -0.301373
v -0.493039 -0.318415 -0.284798
v 0.726946 -0.043711 0.267932
v -0.237672 -0.219470 -0.350069
v 0.797018 0.135545 -0.226783
v 0.806583 0.081505 -0.229903
v 0.721655 0.084922 -0.270710
v 0.488551 0.192340 -0.329841
v 0.772493 0.000000 -0.251977
v 0.726171 0.028062 -0.272659
v 0.431427 0.162973 -0.336333
v 0.616084 -0.085063 -0.300420
v 0.658200 -0.166273 -0.283847
v 0.610949 -0.140922 -0.303525
v 0.260343 -0.025750 -0.364992
v 0.040009 -0.355340 -0.322276
v 0.004657 -0.280133 -0.364996
v 0.060968 -0.311734 -0.351437
v 0.493922 -0.463999 -0.223329
v 0.079977 -0.092913 -0.394307
v 0.472381 -0.399547 -0.247518
v 0.515779 -0.423250 -0.237710
v 0.513025 -0.565313 0.133485
v -0.305856 0.383490 0.305298
v 0.147075 0.582078 0.212664
v -0.086085 0.541953 0.248858
v -0.851308 -0.123292 -0.195856
v -0.318473 -0.106812 0.369386
v -0.429921 0.162038 0.339365
v -0.440791 0.054676 0.346173
v -0.375417 -0.134972 0.355945
v -0.482488 0.188767 0.321550
v -0.497233 0.082438 0.330407
v -0.667415 0.055948 0.284841
v -0.765872 0.233930 0.217726
v -0.704676 0.136251 0.261541
v -0.712761 0.082461 0.264349
v -0.736189 -0.212699 0.240135
v -0.013317 -0.108074 0.394307
v -0.243770 -0.179008 0.370124
v -0.302141 -0.212016 0.369300
v -0.330929 -0.345099 0.341558
v -0.448606 -0.339409 0.300586
v -0.389550 -0.375472 0.332934
v -0.420869 -0.472742 0.215618
v -0.351852 -0.495610 0.221833
v 0.043029 -0.530579 0.276393
v 0.114896 -0.534332 0.267395
v 0.101523 -0.081955 0.394307
v 0.261864 -0.132648 0.372985
v 0.239054 -0.224780 0.365214
v 0.287468 -0.180222 0.364574
v 0.610576 -0.137104 0.302543
v 0.647020 -0.089687 0.299022
v 0.633010 -0.356623 0.231136
v 0.624959 -0.317842 0.251977
v 0.773701 -0.042735 0.246999
v 0.803255 0.296949 0.126156
v 0.888246 0.277834 -0.025111
v 0.825870 0.302026 0.078031
v 0.786649 0.314827 0.097401
v 0.854120 0.291799 -0.050458
v 0.699448 0.455453 0.078227
v 0.709592 0.455322 0.026201
v 0.688859 0.487400 0.054363
v 0.494914 0.578609 0.103444
v 0.450546 0.582161 0.126410
v 0.127458 0.624341 0.171578
v -0.116393 0.691801 -0.025979
v 0.252851 0.397807 0.311791
v -0.261633 0.656895 0.084036
v -0.155612 0.683236 -0.052585
v -0.267817 0.670222 0.028012
v -0.304913 0.656895 0.056024
v -0.339283 0.642385 -0.077394
v -0.829355 0.233930 0.176640
v -0.849563 0.185435 0.180279
v -0.916804 0.138962 0.135098
v -0.897649 0.110164 0.161665
v 0.269628 0.437591 0.291393
v -0.952582 0.024583 -0.122384
v -0.999684 -0.001711 -0.051702
v -0.936747 -0.193662 0.080487
v -0.663676 -0.451889 0.147036
v -0.437732 -0.515955 0.176364
v -0.369506 -0.540545 0.184825
v -0.406678 0.262488 0.322525
v -0.317749 -0.601877 0.145231
v -0.271763 -0.591221 0.168554
v -0.094873 -0.638373 0.134954
v -0.491233 0.136508 0.326842
v -0.104383 -0.668661 0.081602
v -0.062409 -0.655376 0.105149
v 0.531546 -0.573807 0.083476
v 0.523992 -0.532392 0.157238
v 0.579152 -0.588934 0.071750
v 0.688190 -0.384686 0.186994
v 0.783788 -0.366372 0.139927
v 0.820206 -0.391956 0.092008
v 0.823613 -0.353327 0.115301
v 0.869288 -0.339022 -0.026491
v 0.939270 -0.150748 0.103693
v 0.930183 -0.120049 0.126410
v 0.367446 0.624424 0.101018
v 0.407844 0.622891 0.076837
v 0.383272 0.644088 0.000000
v 0.491629 0.605093 -0.027282
v 0.420367 0.630762 -0.028012
v -0.006035 0.691801 -0.053260
v 0.371951 0.617305 -0.111348
v -0.047987 0.683235 -0.079191
v 0.473531 0.569731 -0.138050
v 0.402741 0.592670 -0.138530
v -0.021317 0.642384 -0.156000
v -0.692856 0.492422 -0.055567
v -0.594953 0.541956 -0.080495
v -0.653453 0.506679 -0.082562
v -0.888249 0.214947 -0.133032
v -0.912623 0.167399 -0.129392
v -0.747325 -0.410394 0.122335
v -0.799329 -0.406520 0.053213
v -0.869048 -0.338773 0.026607
v -0.826589 -0.386316 0.026702
v -0.944605 -0.151101 -0.104019
v -0.648511 -0.499037 -0.079003
v -0.593467 -0.539313 -0.079212
v -0.933784 -0.121307 -0.126783
v -0.843021 -0.199529 -0.180279
v -0.735317 -0.373968 -0.163692
v 0.438067 -0.616783 0.054651
v 0.075890 -0.696367 0.000134
v 0.380369 -0.649388 0.001214
v 0.034551 -0.696370 -0.026802
v 0.267819 -0.670296 -0.027983
v 0.346098 -0.652444 -0.027998
v 0.371932 -0.617270 -0.111304
v 0.149826 -0.076197 -0.392163
v -0.783046 0.185434 0.223329
v 0.468475 -0.501918 -0.204375
v 0.845661 0.053443 -0.209061
v 0.091573 -0.003974 -0.377111
v 0.475372 0.241762 -0.322212
v -0.864571 0.000000 -0.199579
v -0.307040 -0.000384 -0.346954
v -0.882995 -0.039693 -0.184839
v -0.882995 0.039692 -0.184839
v -0.095552 0.604847 -0.195858
v 0.960341 -0.131292 0.079334
v 0.932054 0.240942 -0.025951
v -0.040138 -0.695895 -0.025979
v 0.465895 -0.599123 0.081657
v -0.912807 -0.024532 -0.160991
v -0.912807 0.024531 -0.160991
v -0.943907 0.076197 -0.121778
v 0.475976 0.598816 0.076210
v -0.191277 0.619928 -0.166946
v -0.040138 0.695895 -0.025979
v 0.639278 -0.391183 0.209062
v -0.460824 -0.481378 0.191262
v -0.675301 -0.422826 0.166946
v 0.149245 -0.027034 -0.381635
v -0.792250 0.250521 0.195857
v 0.018424 -0.039692 0.398573
v 0.055822 -0.120177 0.390618
v 0.735318 -0.339280 0.186993
v 0.700940 0.000049 0.278668
v -0.917463 0.092913 -0.147727
v 0.059623 0.000000 0.398573
v -0.043294 -0.022999 0.395965
v -0.368657 -0.188869 0.357988
v -0.041312 0.020028 0.394390
v 0.010885 0.103007 -0.369597
v -0.471284 0.239222 0.314476
v 0.017324 0.035510 0.396085
v 0.216755 0.466980 0.283585
v 0.209701 0.580234 0.205535
v 0.336406 0.276078 0.340553
v 0.283938 0.317841 0.336281
v 0.729769 0.044258 0.270715
v 0.392889 0.405412 0.284035
v 0.777232 0.042262 0.248769
v 0.509455 0.362407 0.261868
v 0.459404 0.405413 0.267592
v -0.045771 0.183616 0.380230
v -0.118810 0.167397 0.384376
v -0.354718 0.236125 0.340580
v 0.129469 0.425868 0.311791
v -0.325073 0.335722 0.320468
v 0.149301 0.464958 0.291393
v -0.231727 0.405979 0.310654
v -0.245380 -0.528648 -0.241641
v 0.252290 -0.128288 -0.366983
v 0.333938 -0.546473 -0.209062
v -0.209701 -0.580234 -0.205535
v 0.845661 -0.053443 -0.209061
v 0.492560 -0.611530 -0.025599
v -0.912624 -0.167399 -0.129392
v 0.567484 0.288607 -0.283585
v -0.171687 -0.000786 -0.366522
v -0.317560 -0.555702 -0.205535
v -0.266170 0.574952 -0.194998
v -0.851308 0.123291 -0.195856
v -0.316171 0.572865 -0.179481
v -0.218926 0.600110 -0.184841
v 0.042462 0.598814 -0.204376
v 0.961331 -0.191713 0.030761
v 0.957885 0.188319 0.025979
v -0.117745 -0.680293 -0.076209
v 0.392347 -0.607260 0.124374
v -0.901376 -0.064225 -0.166944
v -0.699654 0.450014 0.121779
v -0.308197 0.595970 -0.160266
v -0.931188 -0.000001 -0.143095
v -0.960669 0.131831 -0.076209
v -0.753348 0.383134 0.143097
v 0.551866 0.579507 0.025979
v -0.248962 0.614721 -0.161084
v 0.040138 0.695895 0.025979
v 0.537169 -0.466982 0.204375
v -0.582936 -0.437109 0.187335
v -0.675301 0.422826 0.166946
v -0.901376 0.064223 -0.166944
v 0.427903 0.522053 0.188727
v 0.099010 -0.213309 0.377784
v 0.587593 0.000000 0.322210
v -0.478666 -0.246148 0.341605
v -0.310075 0.225122 -0.344188
v -0.567484 0.288607 0.283585
v -0.723536 0.318909 0.205535
v 0.245363 0.528590 0.241561
v 0.615836 0.045036 0.307982
v 0.545778 0.137470 0.319106
v 0.674338 0.044538 0.288358
v 0.611547 0.136211 0.299974
v 0.285695 0.472205 0.270817
v 0.405084 0.442815 0.262182
v 0.350468 0.474983 0.256580
v -0.100252 0.214975 0.372778
v -0.004655 0.280208 0.365213
v -0.081107 0.264054 0.364733
v -0.458434 0.288433 0.305284
v 0.165368 0.499572 0.270817
v 0.584796 -0.464960 0.183733
v -0.376375 0.360159 0.299871
v -0.445051 0.337448 0.295324
v 0.182753 0.530492 0.248771
v -0.237313 0.511143 0.250059
v -0.444317 -0.056124 0.355457
v -0.536568 0.216967 0.308642
v -0.501314 0.027221 0.333879
v -0.502913 -0.028500 0.336501
v -0.490135 -0.194571 0.344403
v -0.585580 0.243077 0.291393
v -0.666689 -0.055781 0.284507
v -0.745393 0.277786 0.212664
v -0.716966 0.027593 0.265936
v -0.716969 -0.027807 0.265955
v 0.006934 -0.152082 0.388451
v 0.026353 -0.198116 0.377285
v -0.357459 -0.244724 0.373851
v -0.413183 -0.269919 0.346214
v -0.188343 -0.413592 0.373616
v -0.318865 -0.410636 0.353646
v -0.243683 -0.441431 0.351694
v -0.547098 -0.428641 0.210886
v -0.513675 -0.421361 0.237710
v 0.122555 -0.125185 0.385366
v 0.145255 -0.171015 0.378421
v 0.333654 -0.135145 0.363565
v 0.379271 -0.089687 0.365212
v 0.618620 -0.045406 0.311790
v 0.392945 -0.405480 0.284200
v 0.677438 -0.044313 0.291102
v 0.350468 -0.474983 0.256580
v 0.405084 -0.442815 0.262182
v 0.584098 -0.397808 0.229903
v 0.538600 0.217794 -0.311791
v 0.707898 -0.223895 0.247689
v 0.934310 0.237234 0.027288
v 0.916573 0.261374 0.000182
v 0.744312 0.327500 0.112874
v 0.700931 0.340311 0.129155
v -0.081162 0.582160 -0.217727
v 0.624587 0.489160 0.134526
v 0.653355 0.506567 0.082503
v 0.612321 0.517010 0.108493
v 0.419915 0.554514 0.168257
v 0.054575 0.659298 0.129393
v 0.021318 0.642384 0.156000
v -0.034102 0.695906 0.027282
v -0.076255 0.695906 0.000000
v -0.326886 0.613417 0.137870
v -0.339927 0.639087 0.084036
v -0.371931 0.617270 0.111303
v -0.418604 0.631644 -0.026607
v -0.664226 0.452657 0.147729
v -0.808877 0.277786 0.171578
v -0.952284 0.140178 0.082046
v -0.972056 0.139298 0.027139
v -0.972087 0.112669 0.055038
v -0.976727 0.078697 -0.076854
v -1.002207 -0.029657 0.027259
v -0.968559 0.051116 -0.100446
v -1.003870 -0.029039 -0.026165
v -1.002666 -0.056923 0.000138
v -0.878893 -0.240067 0.129393
v -0.562084 -0.464463 0.164169
v -0.500858 -0.487693 0.165785
v -0.417870 -0.627274 0.027764
v -0.418604 -0.631644 -0.026607
v -0.382574 -0.642751 0.000290
v -0.155612 -0.683236 -0.052585
v -0.116393 -0.691801 -0.025979
v -0.021018 -0.642086 0.128685
v 0.019912 -0.628849 0.152252
v 0.452351 -0.587914 0.129081
v 0.493773 -0.589195 0.109521
v 0.572217 -0.535837 0.136613
v 0.596653 -0.554087 0.089816
v 0.618032 -0.532486 0.115649
v 0.639278 -0.425871 0.185760
v 0.822846 -0.313887 0.137473
v 0.818719 -0.280211 0.161664
v 0.908307 -0.294860 0.032497
v 0.941989 -0.182158 0.081710
v 0.447813 0.616776 0.052585
v 0.486736 0.607569 0.025979
v 0.230763 0.678775 0.000000
v 0.346112 0.652413 -0.028012
v 0.267818 0.670220 -0.028012
v 0.034102 0.695906 -0.027282
v 0.217423 0.652412 -0.111304
v 0.188661 -0.150683 -0.382232
v 0.327037 0.613741 -0.138308
v 0.250645 0.630811 -0.137940
v 0.010589 0.622890 -0.180280
v -0.061545 0.624423 -0.176641
v -0.747325 0.410394 0.122335
v -0.795650 0.410996 -0.059473
v -0.710025 0.468367 -0.084445
v -0.761760 0.427052 -0.086144
v -0.939067 0.150683 -0.103443
v -0.522154 0.528472 -0.155999
v -0.930182 0.120049 -0.126410
v -0.781177 -0.431107 0.026611
v -0.728831 -0.473870 0.026607
v -0.891656 -0.247880 -0.108492
v -0.917700 -0.092936 -0.147747
v -0.888250 -0.214947 -0.133032
v -0.633707 -0.458463 -0.161665
v 0.365228 -0.629217 0.102773
v 0.399915 -0.619572 0.079162
v -0.006035 -0.691801 -0.053260
v 0.420475 -0.632367 -0.027434
v 0.316776 0.553046 0.202196
v -0.047987 -0.683235 -0.079191
v 0.513223 -0.567410 -0.108493
v 0.402170 -0.591600 -0.137125
v 0.472114 -0.567409 -0.135099
v 0.982487 -0.109650 0.055386
v 0.977623 0.027367 0.077393
v 0.980076 -0.138440 0.029564
v 0.969324 0.164369 0.000027
v 0.973862 0.112999 -0.055294
v 0.973341 0.028813 -0.084035
v 0.966964 0.085673 -0.083291
v 0.956033 0.192341 -0.027282
v 0.897649 -0.110164 -0.161665
v 0.879775 0.028062 -0.186992
v 0.511214 0.314725 -0.291393
v 0.462346 0.291262 -0.311791
v 0.380538 0.363377 -0.304433
v 0.344094 0.287246 -0.336281
v 0.326319 0.337334 -0.323693
v 0.117488 0.346350 -0.342869
v -0.009965 0.578607 -0.223329
v 0.081802 0.264793 -0.367527
v 0.061049 0.313142 -0.355457
v -0.115300 0.528471 -0.256579
v -0.333009 0.270921 -0.329578
v -0.238670 0.222983 -0.360412
v 0.076255 0.695906 0.000000
v -0.201455 0.042064 -0.357376
v -0.270397 0.043484 -0.350853
v -0.726812 0.132843 -0.262180
v -0.774194 0.130825 -0.240135
v -0.836293 -0.081955 -0.212662
v -0.715446 -0.131117 -0.254514
v -0.647021 -0.089687 -0.299022
v -0.663591 -0.133769 -0.277223
v 0.977631 -0.027323 0.077411
v -0.270790 -0.044188 -0.353768
v -0.505393 -0.356841 -0.261419
v -0.518303 -0.396356 -0.242128
v -0.203725 -0.043207 -0.368990
v -0.282288 -0.313171 -0.327233
v -0.310152 -0.531427 -0.227403
v 0.585580 0.243076 -0.291393
v 0.811571 0.028062 -0.231135
v 0.611299 0.141046 -0.304432
v 0.811571 -0.028062 -0.231135
v 0.675333 0.056860 -0.291393
v 0.618679 0.085672 -0.308704
v 0.367911 0.525935 0.206047
v 0.494819 -0.027261 -0.319019
v 0.551185 -0.110709 -0.307499
v 0.491892 -0.081651 -0.317880
v 0.257519 -0.076908 -0.365242
v 0.204048 -0.050868 -0.380845
v -0.195311 -0.557546 -0.227404
v 0.152256 -0.416519 -0.295613
v 0.359975 -0.511748 -0.229846
v 0.116819 -0.342161 -0.331306
v 0.173526 -0.370357 -0.310813
v 0.430456 -0.488718 -0.226783
v 0.133332 -0.120049 -0.389324
v 0.118812 -0.167398 -0.384376
v 0.381066 -0.557192 -0.185760
v 0.451010 -0.533000 -0.183734
v -0.486299 -0.451184 0.213526
v 0.948656 -0.216747 0.059894
v 0.576017 0.562163 0.053261
v 0.534883 0.572495 0.079192
v 0.530982 -0.437592 0.226783
v -0.887652 0.108075 -0.171576
v -0.887652 -0.108075 -0.171576
v -0.836293 0.081955 -0.212662
v 0.879775 -0.028062 -0.186992
v 0.297310 0.503367 0.247431
v -0.432341 -0.163957 0.345546
v -0.511214 0.314725 0.291393
v 0.645390 0.090050 0.296757
v -0.958998 -0.026002 -0.122827
v -0.553278 0.336117 0.270817
v 0.195311 0.557546 0.227404
v 0.044103 0.524917 0.262182
v -0.385437 0.473866 0.248858
v -0.593307 0.353979 0.248771
v -0.500407 -0.083779 0.335882
v -0.493877 -0.137868 0.332295
v -0.627643 0.264468 0.270816
v -0.653669 -0.165251 0.280287
v -0.664281 0.285597 0.248771
v -0.712673 -0.082741 0.264420
v -0.705131 -0.136864 0.262008
v -0.116832 -0.166789 0.377089
v -0.045406 -0.183323 0.379701
v 0.069817 -0.299150 0.374680
v -0.462742 -0.292013 0.314917
v -0.021598 -0.429393 0.349700
v -0.508374 -0.313189 0.289012
v -0.159990 -0.459738 0.341862
v -0.075722 -0.458170 0.328232
v -0.604883 -0.408011 0.209910
v -0.942058 0.210225 -0.053401
v -0.380251 -0.463789 0.242162
v 0.167829 -0.218272 0.372834
v 0.191787 -0.266368 0.362043
v 0.312331 -0.228219 0.355458
v 0.488553 -0.045405 0.346701
v 0.288497 -0.324973 0.353083
v 0.336688 -0.276423 0.341419
v 0.556756 -0.045406 0.329841
v 0.498608 -0.323866 0.291393
v 0.423168 -0.504373 0.217727
v 0.459404 -0.405413 0.267592
v 0.512519 -0.365629 0.270711
v 0.774194 -0.130826 0.240135
v 0.943110 0.179181 0.079191
v 0.941784 0.209757 0.053260
v 0.824143 0.295811 0.026500
v 0.823054 0.297250 -0.024682
v 0.790597 0.306944 -0.000139
v 0.527584 0.492014 0.171751
v 0.646027 0.531609 0.000000
v 0.611937 0.548968 0.027282
v 0.566523 0.524920 0.133033
v 0.521333 0.526834 0.154245
v 0.047988 0.683235 0.079191
v -0.017558 0.657764 0.133033
v 0.006035 0.691801 0.053260
v -0.061249 0.670209 0.108493
v -0.402169 0.591600 0.137125
v -0.427068 0.563555 0.161665
v -0.491629 0.605093 0.027282
v -0.633194 0.508283 0.103444
v -0.627377 0.452656 0.171578
v -0.928057 0.084922 0.137125
v -0.975716 0.136253 -0.026006
v -0.967640 0.085512 0.083210
v -0.953705 0.056855 0.111286
v -0.977885 0.107404 -0.052395
v -0.978254 -0.086211 0.082011
v -0.997026 -0.085189 0.026917
v -0.984315 -0.113464 0.054079
v 0.026253 -0.683245 -0.080495
v -0.621779 -0.445138 0.166149
v -0.335789 -0.635579 0.091955
v -0.344023 -0.649431 0.027975
v -0.303279 -0.654143 0.057783
v -0.326647 -0.624343 -0.122336
v -0.264916 -0.659299 -0.077394
v 0.409936 -0.582536 0.147872
v 0.531669 -0.499718 0.180325
v 0.630922 -0.499332 0.138196
v 0.634869 -0.460252 0.162245
v -0.115300 -0.528470 -0.256579
v 0.787279 -0.439286 -0.023291
v 0.768080 -0.424547 -0.077323
v 0.800837 -0.408161 -0.052483
v 0.921406 -0.267162 0.001928
v 0.937456 -0.243500 0.031880
v 0.917842 -0.233152 0.084103
v 0.155612 0.683236 0.052585
v 0.522657 0.594375 0.000000
v 0.116393 0.691801 0.025979
v 0.556759 0.577031 -0.027282
v 0.189564 0.683257 -0.028012
v 0.110357 0.691811 -0.027282
v -0.026252 0.683245 0.080495
v 0.171407 0.644087 -0.137126
v 0.094508 0.653294 -0.135099
v -0.734830 0.437581 0.101017
v -0.720263 0.464002 0.076837
v -0.813895 0.380099 0.077393
v -0.881496 0.314399 -0.057135
v -0.810180 0.382059 -0.086280
v -0.853766 0.333013 -0.084851
v -0.943109 0.179181 -0.079191
v -0.633707 0.458463 -0.161665
v -0.843021 0.199529 -0.180279
v -0.867395 0.151981 -0.176639
v -0.850160 -0.362687 0.000117
v -0.905831 -0.287248 -0.027282
v -0.869732 -0.337336 -0.028012
v -0.819216 -0.346352 -0.111303
v -0.858397 -0.264794 -0.135099
v -0.822124 -0.313145 -0.137125
v -0.522154 -0.528472 -0.155999
v 0.326933 -0.624712 0.122427
v 0.147413 -0.683257 -0.055294
v -0.085457 -0.671737 -0.103444
v 0.103202 -0.678774 -0.082562
v -0.124333 -0.656356 -0.126410
v 0.369349 -0.131571 -0.341687
v -0.216755 -0.466980 -0.283585
v 0.361833 -0.182664 -0.339405
v 0.188717 -0.579503 -0.209062
v 0.747553 0.331047 -0.184760
v 0.826701 -0.156776 -0.204374
v -0.285695 -0.472205 -0.270816
v 0.699453 0.355724 -0.199581
v -0.245195 0.528023 -0.239335
v 0.471519 0.523646 0.169549
v -0.075484 0.035942 -0.369206
v -0.800462 0.213309 -0.204374
v -0.313406 0.549521 -0.199733
v -0.209701 0.580234 -0.205535
v 0.185402 0.583461 -0.218757
v 0.680970 0.395350 -0.184809
v 0.933078 -0.241762 -0.025979
v 0.756652 0.353157 -0.159622
v 0.960669 0.131831 0.076209
v -0.188152 -0.651942 -0.121779
v -0.395208 -0.604849 -0.121779
v -0.666499 0.501921 0.076210
v -0.607759 0.410392 0.212664
v -0.957075 0.187951 -0.026217
v 0.616812 0.546476 -0.025979
v 0.715746 0.393092 -0.159752
v 0.117745 0.680293 0.076209
v 0.061250 0.670208 -0.108493
v 0.430577 -0.528649 0.195858
v -0.409746 -0.582080 -0.147729
v -0.585196 0.450013 0.195858
v 0.535433 0.463871 0.200705
v 0.142978 -0.311119 0.370312
v 0.457702 0.000000 0.354321
v -0.565584 -0.287073 0.277282
v -0.656877 -0.383133 0.205535
v 0.312900 -0.103900 -0.352914
v -0.642424 0.326719 0.241641
v 0.487902 0.045366 0.344827
v 0.554001 0.045293 0.327452
v 0.456830 0.231719 0.322961
v 0.566421 0.179963 0.289891
v 0.520427 0.225850 0.285657
v 0.774194 0.130826 0.240135
v 0.477785 0.472206 0.223329
v 0.308796 0.526738 0.221365
v -0.156256 0.246347 0.363116
v -0.228903 0.227476 0.359278
v 0.022562 0.489639 0.284035
v -0.767935 0.424381 0.077393
v -0.227050 -0.656356 -0.101018
v -0.193081 -0.671737 -0.076837
v -0.651731 0.479843 0.126410
v 0.976464 0.107551 0.052602
v 0.434348 -0.053465 -0.331755
v 0.477785 -0.472206 0.223329
v 0.159084 0.607840 -0.186831
v 0.299211 -0.207207 -0.354674
v 0.082688 0.616784 -0.183749
v 0.288920 -0.531621 -0.231136
v 0.047409 -0.246143 0.371791
v -0.656876 0.383133 0.205535
v -0.539207 -0.218701 0.321418
v -0.580758 -0.239811 0.286942
v 0.233742 -0.594371 -0.186994
v 0.309996 -0.577027 -0.186994
v 0.538121 -0.539364 -0.133033
v 0.597766 -0.510926 -0.129393
v 0.989985 -0.000002 0.053618
v 0.968666 -0.165121 0.000973
v 1.001273 -0.028056 0.028293
v 0.977908 0.136924 0.026231
v 0.956033 -0.192341 -0.027282
v 0.954111 0.141046 -0.082561
v 0.936406 0.193655 -0.080495
v 0.863535 -0.135545 -0.183733
v 0.874788 -0.081505 -0.185759
v 0.908902 0.000000 -0.163691
v 0.593307 0.353980 -0.248772
v 0.553278 0.336117 -0.270816
v 0.333829 0.450447 -0.272278
v 0.306286 0.384250 -0.307926
v 0.283016 0.427362 -0.292690
v 0.136156 0.564403 -0.237162
v 0.074802 0.438135 -0.308543
v 0.062117 0.572566 -0.226901
v 0.040340 0.361768 -0.340553
v 0.019264 0.407174 -0.323693
v -0.195311 0.557546 -0.227403
v -0.305761 0.524115 -0.220826
v -0.479981 0.279722 -0.310653
v -0.384177 0.229466 -0.336663
v -0.458341 0.233102 -0.327965
v -0.789209 0.172161 -0.223328
v -0.136679 0.039805 -0.365028
v -0.230649 0.086806 -0.356310
v -0.816036 0.125861 -0.217726
v -0.678224 -0.176589 -0.256625
v -0.694570 -0.219145 -0.238372
v -0.330224 -0.134318 -0.351231
v 0.642424 0.326719 -0.241641
v -0.142001 -0.042104 -0.391110
v -0.259227 -0.131912 -0.361641
v -0.321718 -0.401484 -0.297024
v -0.297594 -0.504373 -0.248771
v 0.664281 0.285597 -0.248771
v 0.627643 0.264468 -0.270816
v 0.993628 -0.084096 0.028810
v 0.806583 -0.081505 -0.229903
v 0.559160 0.112999 -0.323693
v 0.495747 0.139931 -0.332287
v 0.797019 -0.135545 -0.226783
v 0.377770 0.026690 -0.343106
v 0.422854 0.503588 0.216861
v 0.376766 -0.025898 -0.344410
v -0.182753 -0.530492 -0.248771
v -0.165368 -0.499572 -0.270816
v -0.061488 -0.555838 -0.240136
v 0.212704 -0.548598 -0.230821
v 0.258978 -0.467006 -0.260886
v 0.227043 -0.395699 -0.291014
v 0.277929 -0.417827 -0.269906
v 0.244694 -0.179180 -0.372826
v 0.231529 -0.228608 -0.365213
v 0.365796 -0.580235 0.166946
v 0.115300 0.528470 0.256580
v 0.474683 -0.530854 0.176755
v -0.232641 -0.086882 -0.367529
v 0.159589 -0.607566 -0.185760
v 0.961924 0.051666 0.101016
v 0.972324 0.079033 0.076836
v 1.001998 0.027824 0.027951
v 0.992591 0.084308 0.027365
v 0.938053 -0.217795 -0.053260
v -0.347890 0.465677 -0.248294
v 0.913451 -0.243077 -0.079191
v 0.929509 -0.166329 -0.108492
v 0.878893 -0.240066 -0.129393
v 0.899100 -0.191571 -0.133032
v 0.897649 0.110164 -0.161665
v 0.626199 0.370717 -0.227423
v -0.720980 0.265927 -0.229903
v 0.291951 0.554885 -0.274909
v 0.261241 0.474284 -0.291525
v 0.236514 0.527525 -0.291810
v 0.031248 0.517010 -0.267596
v -0.002730 0.450551 -0.304432
v -0.022563 0.489640 -0.284034
v -0.182753 0.530493 -0.248771
v -0.295284 0.496279 -0.242577
v -0.282402 0.465122 -0.263984
v -0.413589 0.469308 -0.235606
v -0.611049 0.276079 -0.272659
v -0.528370 0.233102 -0.310653
v -0.594103 0.231863 -0.291393
v -0.758620 0.218273 -0.226783
v -0.377261 0.090238 -0.357799
v -0.612268 -0.137221 -0.303802
v -0.514097 -0.091296 -0.324439
v -0.543586 -0.137075 -0.318879
v -0.379656 -0.226413 -0.329684
v -0.285113 -0.178593 -0.356936
v -0.308812 -0.224490 -0.343551
v -0.252851 -0.397807 -0.311791
v -0.269628 -0.437591 -0.291393
v -0.350231 -0.472708 -0.253895
v 0.697158 0.302318 -0.227403
v 0.726171 -0.028062 -0.272659
v 0.552543 0.563633 -0.080583
v 0.783046 -0.185435 -0.223329
v 0.721655 -0.084922 -0.270710
v 0.765872 -0.233930 -0.217726
v 0.477644 -0.185058 -0.310585
v 0.424176 -0.158296 -0.327334
v 0.318288 -0.000164 -0.352242
v 0.259575 0.023864 -0.358380
v -0.149301 -0.464958 -0.291393
v -0.044103 -0.524917 -0.262181
v -0.128779 -0.422128 -0.303385
v -0.022312 -0.484107 -0.276769
v 0.138191 -0.561161 -0.228883
v 0.329451 -0.441396 -0.251851
v 0.381955 -0.467945 -0.240478
v 0.348400 -0.231255 -0.328861
v 0.332951 -0.279113 -0.316993
v -0.554504 0.437579 0.217727
v 0.062137 -0.572492 -0.226783
v -0.745393 -0.277786 0.212664
v 0.762928 -0.110164 -0.248857
v 0.082690 -0.616774 -0.183734
v 0.880193 -0.314727 -0.052585
v -0.820265 -0.302318 0.147728
v 0.903952 -0.291264 -0.025979
v -0.259987 -0.639504 -0.122335
v -0.612534 0.533002 0.079192
v 0.692792 0.480847 -0.050695
v 0.235151 0.087070 0.379566
v -0.421133 -0.557547 -0.171578
v -0.776159 0.293991 -0.185760
v 0.829355 -0.233930 -0.176640
v 0.849563 -0.185435 -0.180279
v -0.075936 -0.454410 -0.291297
v -0.626183 0.370699 0.227404
v -0.365796 -0.580235 -0.166946
v -0.664281 -0.285597 0.248771
v -0.181006 -0.388519 -0.314093
v 0.464999 -0.233827 -0.300884
v 0.042462 -0.598813 -0.204375
v 0.398928 -0.255930 -0.307458
v 0.792250 -0.250521 -0.195857
v -0.728831 0.473870 0.026607
v -0.430577 -0.528649 -0.195858
v -0.216755 0.466980 -0.283585
v -0.729030 0.304709 -0.209061
v 0.420524 -0.045405 0.360761
v 0.342998 0.567546 -0.245850
v 0.656895 0.383153 -0.205558
v 0.887898 -0.288608 -0.076209
v 0.943907 0.076197 0.121778
v 0.248738 -0.615272 0.160992
v 0.315399 -0.600111 0.160993
v -0.827623 -0.326720 0.121778
v -0.287749 -0.619928 -0.143097
v -0.475976 -0.598816 -0.076210
v -0.753348 -0.383134 0.143097
v -0.616812 0.546476 0.025979
v -0.932555 0.244040 0.025622
v 0.665451 0.500707 -0.075850
v 0.188152 0.651942 0.121779
v 0.326786 -0.575578 0.184841
v 0.218971 -0.600089 0.184824
v -0.783159 -0.318909 0.166946
v -0.792250 -0.250521 0.195857
v -0.468475 0.501918 0.204375
v 0.623626 0.374458 0.180382
v 0.317560 -0.555702 0.205535
v -0.165368 0.499572 -0.270816
v 0.183749 -0.410490 0.353961
v 0.267163 -0.575578 0.199581
v 0.320410 0.000000 0.377780
v -0.642424 -0.326719 0.241641
v 0.348456 0.044525 0.370516
v 0.191021 0.129782 0.379931
v 0.419340 0.045190 0.359101
v 0.357482 0.321485 0.323693
v 0.476317 0.276229 0.298904
v 0.428402 0.323691 0.308121
v 0.702769 0.218789 0.233758
v 0.577587 0.390555 0.214964
v 0.530764 0.437352 0.226238
v -0.061049 0.313141 0.355457
v 0.037174 0.373964 0.336281
v -0.040340 0.361766 0.340553
v -0.131439 0.467165 0.291394
v -0.031249 0.517007 0.267592
v -0.107626 0.506675 0.270712
v -0.493922 0.463999 0.223329
v -0.516484 0.424379 0.240136
v 0.209650 0.565423 -0.266540
v -0.552483 0.110609 0.314676
v -0.597345 0.192334 0.296566
v -0.605810 0.138461 0.298411
v -0.624339 -0.263123 0.267116
v -0.697158 0.302318 0.227403
v -0.699551 -0.191570 0.262181
v -0.682377 -0.240066 0.256579
v -0.099794 -0.215185 0.372143
v -0.231634 -0.231165 0.374474
v -0.155863 -0.250735 0.377361
v 0.093328 -0.362556 0.394231
v 0.111906 -0.413659 0.373825
v -0.549312 -0.332771 0.265957
v 0.003062 -0.463889 0.323810
v 0.080378 -0.471679 0.323312
v -0.587056 -0.350787 0.244662
v -0.232651 -0.503512 0.247584
v 0.348420 -0.044282 0.372832
v 0.214938 -0.317668 0.362364
v 0.405898 -0.136889 0.351626
v 0.241004 -0.376910 0.372021
v 0.385875 -0.231863 0.342869
v 0.432618 -0.184869 0.339901
v 0.594101 -0.231864 0.291393
v 0.369774 -0.531427 0.212664
v -0.723536 -0.318909 0.205535
v 0.563919 -0.321485 0.272659
v 0.611048 -0.276079 0.272659
v 0.930179 0.120052 0.126408
v 0.939067 0.150683 0.103443
v 0.761282 0.327800 0.069205
v 0.626812 0.411109 0.165162
v 0.763558 0.322961 0.023087
v 0.740680 0.348186 0.044634
v 0.579465 0.456648 0.173433
v -0.369775 -0.531428 -0.212664
v 0.737881 0.392663 -0.069309
v 0.673149 0.509530 -0.025654
v 0.124333 0.656356 0.126410
v 0.085457 0.671737 0.103444
v -0.094507 0.653295 0.135099
v -0.127715 0.631642 0.161665
v -0.269982 0.670210 -0.026607
v -0.514476 0.508281 0.180280
v -0.264916 0.659299 -0.077394
v -0.305314 0.657766 -0.053213
v -0.585786 0.557194 0.053261
v -0.552480 0.563557 0.080495
v -0.574121 0.479842 0.176641
v -0.954045 0.191451 0.026733
v -0.966951 0.163951 -0.000006
v -0.934434 0.028062 0.137869
v -0.908902 0.000000 0.163691
v -0.916804 -0.138963 0.135099
v -0.962516 -0.141278 0.081394
v -0.929543 -0.166339 0.108487
v -0.808877 -0.277786 0.171578
v -0.585412 -0.498923 0.120456
v -0.542308 -0.493587 0.142310
v -0.243969 -0.618668 0.144069
v -0.407844 -0.622891 -0.076837
v -0.259630 -0.652256 0.088213
v -0.214412 -0.642617 0.114925
v -0.367446 -0.624424 -0.101018
v -0.191729 -0.683246 -0.026607
v 0.421167 -0.557628 0.171603
v 0.662589 -0.531205 0.097477
v 0.679483 -0.540024 0.036638
v 0.711171 -0.530330 0.071904
v 0.836013 -0.400429 0.034225
v 0.830119 -0.389968 -0.025153
v 0.853052 -0.369038 0.004018
v 0.912624 -0.167399 0.129392
v 0.227050 0.656356 0.101018
v 0.193081 0.671737 0.076837
v 0.585787 0.557197 -0.053263
v 0.454470 0.613418 -0.055294
v 0.612622 0.533102 -0.079305
v 0.486480 0.591611 -0.082572
v 0.311336 0.584379 -0.200144
v 0.233910 0.596237 -0.192431
v 0.017559 0.657764 -0.133033
v -0.054575 0.659298 -0.129393
v -0.699603 0.488721 0.052585
v -0.799329 0.406520 0.053213
v -0.675066 0.511788 0.025979
v -0.781089 0.433044 0.025398
v -0.921134 0.269353 -0.001740
v -0.934068 0.240652 -0.027699
v -0.890929 0.282106 -0.083006
v -0.920347 0.229755 -0.080793
v -0.735317 0.373968 -0.163692
v -0.812432 0.245641 -0.183733
v -0.788524 -0.370700 0.122334
v -0.754663 -0.451837 0.000446
v -0.822194 -0.379977 -0.026918
v -0.770459 -0.421899 -0.025935
v -0.723724 -0.438356 -0.111303
v -0.494913 -0.578609 -0.103444
v -0.779537 -0.361769 -0.137870
v -0.732409 -0.407175 -0.137870
v -0.450545 -0.582161 -0.126410
v 0.304913 -0.656895 -0.056024
v 0.182409 -0.670220 -0.083292
v 0.261634 -0.656894 -0.084036
v -0.157270 -0.639503 -0.147728
v -0.021317 -0.642384 -0.156000
v 0.821599 -0.353980 -0.101017
v -0.886250 -0.264470 0.103443
v -0.533018 -0.378002 0.252900
v -0.522657 0.594375 0.000000
v 0.501064 -0.305914 -0.271537
v 0.463091 0.554164 -0.212493
v -0.531597 -0.499574 -0.180279
v -0.853340 -0.285598 0.126410
v 0.808877 -0.277786 -0.171578
v 0.127716 -0.631642 -0.161665
v 0.664226 -0.452657 -0.147729
v 0.949205 0.024531 0.122334
v 0.993711 -0.056387 0.000174
v 0.974033 -0.140311 -0.027282
v 0.986887 -0.084937 -0.028012
v 0.886251 -0.264469 -0.103443
v 0.953589 -0.056860 -0.111303
v 0.853340 -0.285598 -0.126410
v 0.916804 -0.138962 -0.135098
v 0.928057 -0.084922 -0.137125
v 0.866189 0.212699 -0.155999
v 0.437396 0.505537 -0.254090
v 0.366034 0.528872 -0.263191
v 0.271141 0.309272 -0.340553
v 0.231527 0.228608 -0.365213
v 0.213556 0.278454 -0.355457
v -0.129469 0.425869 -0.311791
v -0.044104 0.524917 -0.262181
v -0.061488 0.555838 -0.240135
v -0.267614 0.430926 -0.285196
v -0.403009 0.436600 -0.257029
v -0.251111 0.393894 -0.306345
v -0.389646 0.400132 -0.277975
v -0.633011 0.356623 -0.231135
v -0.680139 0.311217 -0.231135
v -0.655141 0.228220 -0.270710
v -0.709728 0.224780 -0.248857
v -0.514586 0.091956 -0.325601
v -0.817869 0.042262 -0.227402
v 0.661670 0.357965 0.150918
v -0.638092 -0.222111 -0.258199
v -0.561819 -0.181418 -0.298099
v -0.578762 -0.225002 -0.278363
v -0.424911 -0.319457 -0.301890
v -0.477786 -0.472206 -0.223329
v -0.331033 -0.269865 -0.327251
v -0.352690 -0.315596 -0.312603
v -0.423169 -0.504374 -0.217727
v 0.619933 0.028728 -0.304247
v 0.675266 -0.056843 -0.291184
v 0.618245 -0.028160 -0.300425
v 0.745394 -0.277786 -0.212664
v 0.677597 -0.236400 -0.245051
v 0.531479 -0.212748 -0.297678
v -0.081162 -0.582160 -0.217727
v -0.009965 -0.578607 -0.223329
v 0.614156 0.337204 0.190994
v 0.031729 -0.511553 -0.260929
v 0.085394 -0.537694 -0.245005
v -0.088042 -0.333031 -0.328524
v 0.081804 -0.264792 -0.367527
v 0.044446 -0.184312 -0.384376
v 0.099775 -0.214946 -0.377283
v 0.450640 -0.281183 -0.289393
v 0.435211 -0.327344 -0.275757
v -0.829355 -0.233930 0.176640
v -0.284673 0.429209 0.288430
v -0.186275 0.492110 0.272660
v -0.261537 0.471621 0.269681
v -0.430455 0.488718 0.226783
v -0.560235 -0.000332 0.319934
v -0.612344 0.083758 0.301123
v -0.614950 0.027943 0.302230
v 0.101523 0.081954 0.394307
v -0.735096 0.212435 0.239450
v -0.783046 -0.185434 0.223329
v -0.697158 -0.302318 0.227403
v -0.081384 -0.267302 0.375878
v -0.004710 -0.283994 0.377164
v 0.130967 -0.436757 0.329172
v -0.575980 -0.562097 -0.053230
v -0.430704 -0.388565 0.288168
v -0.903713 0.295225 0.024573
v 0.153416 -0.475963 0.313400
v -0.623692 -0.368349 0.225475
v -0.476471 -0.406539 0.262235
v -0.083104 -0.535446 0.252624
v 0.147011 -0.577976 0.210367
v 0.208672 -0.042262 0.389324
v 0.279157 -0.044282 0.382232
v 0.256113 -0.408419 0.330995
v 0.476871 -0.137890 0.337459
v 0.519579 -0.090811 0.336281
v 0.269986 -0.438738 0.293359
v 0.671891 -0.136147 0.283763
v 0.654315 -0.228132 0.270175
v 0.690517 -0.180095 0.265283
v 0.917409 0.092888 0.147694
v 0.911771 0.167421 0.129431
v 0.875757 0.183647 0.154608
v 0.702239 0.308263 0.148308
v 0.702197 0.376916 0.112842
v 0.722605 0.382077 0.068413
v 0.702382 0.416365 0.097368
v 0.721812 0.423164 -0.095525
v 0.708429 0.450606 -0.072671
v 0.710666 0.453476 -0.024113
v 0.157270 0.639503 0.147728
v -0.103202 0.678775 0.082562
v -0.110357 0.691812 0.027282
v -0.147411 0.683257 0.055294
v -0.381066 0.557192 0.185760
v -0.346111 0.652413 0.028012
v -0.451010 0.533000 0.183734
v -0.344348 0.653296 -0.026607
v -0.383272 0.644089 0.000000
v -0.556759 0.577031 0.027282
v -0.597766 0.510926 0.129393
v -0.913378 0.243021 0.079161
v -0.935901 0.217451 0.052954
v -0.991637 0.083508 0.027436
v -0.993382 0.081434 -0.026291
v -1.001049 0.054245 0.000443
v -0.849562 -0.185435 0.180279
v -0.899099 -0.191572 0.133032
v -0.866189 -0.212700 0.155999
v -0.523469 -0.524884 0.121871
v -0.550099 -0.561643 0.079849
v -0.504869 -0.559237 0.105756
v -0.486736 -0.607569 -0.025979
v -0.447813 -0.616776 -0.052585
v -0.169436 -0.630701 0.139930
v -0.124742 -0.617076 0.162963
v -0.110358 -0.691812 0.027282
v 0.127222 -0.615196 0.166382
v 0.685990 -0.459493 0.140309
v 0.722767 -0.491845 0.100299
v 0.732488 -0.453412 0.118657
v 0.855701 -0.337385 0.088734
v 0.747325 -0.410394 -0.122336
v 0.852993 -0.336119 -0.076837
v 0.874870 -0.348472 0.033895
v 0.900274 -0.327136 0.064773
v -0.817869 -0.042262 -0.227402
v 0.259988 0.639504 0.122335
v 0.304913 0.656895 -0.056024
v 0.633541 0.508672 -0.103888
v 0.415212 0.617271 -0.083292
v 0.339927 0.639086 -0.084036
v 0.652111 0.480265 -0.126954
v 0.566994 0.524084 -0.171784
v 0.387629 0.570747 -0.207070
v -0.881431 0.316817 0.051314
v -0.646039 0.531624 0.000000
v -0.827624 0.389851 0.024593
v -0.868951 0.344157 0.024215
v -0.611937 0.548968 -0.027282
v -0.612319 0.517011 -0.108493
v -0.509452 0.555840 -0.129393
v -0.566522 0.524920 -0.133032
v -0.688189 0.384686 -0.186993
v -0.735317 0.339280 -0.186993
v -0.818718 0.280212 -0.161665
v -0.821599 -0.353980 0.101016
v -0.852994 -0.336119 0.076836
v -0.722034 -0.467933 -0.026245
v -0.669447 -0.513188 -0.026814
v -0.611386 -0.515392 -0.107696
v -0.679504 -0.450554 -0.137125
v -0.625021 -0.489644 -0.135099
v -0.474527 -0.530493 -0.176641
v 0.261718 -0.649006 0.075133
v 0.332050 -0.635865 0.077133
v 0.454647 -0.613845 -0.055159
v 0.339927 -0.639086 -0.084036
v 0.415211 -0.617270 -0.083292
v -0.061545 -0.624423 -0.176641
v 0.010589 -0.622890 -0.180280
v -0.211026 -0.305655 -0.330839
v -0.139505 -0.297698 -0.336630
v -0.232604 -0.353288 -0.323242
v 0.562665 -0.283306 -0.267123
v -0.095552 -0.604847 -0.195858
v -0.794079 0.000000 -0.241639
v -0.537169 -0.466982 -0.204375
v -0.853140 -0.039693 -0.205532
v -0.181572 0.391182 -0.322212
v -0.853140 0.039692 -0.205532
v -0.639278 0.391182 -0.209062
v 0.485136 0.530623 -0.243628
v 0.783159 -0.318909 -0.166946
v -0.534882 -0.572495 -0.079192
v -0.319579 0.394731 -0.289279
v 0.699654 -0.450014 -0.121779
v -0.759077 -0.355724 0.160992
v -0.887898 -0.288608 0.076209
v 0.827623 -0.326720 -0.121778
v -0.551842 -0.579494 -0.025985
v -0.717878 -0.395418 0.160993
v -0.551866 0.579507 -0.025979
v -0.887898 0.288608 0.076209
v -0.359989 0.511785 0.229904
v 0.695430 0.445277 -0.119698
v -0.108191 -0.377377 -0.314292
v 0.102650 -0.598095 0.194158
v -0.681030 -0.395417 0.184841
v -0.747689 -0.331192 0.184841
v -0.826701 -0.156776 0.204374
v -0.333938 0.546473 0.209062
v 0.191277 0.619928 0.166946
v 0.580258 -0.238586 -0.280509
v 0.703712 0.280957 0.172968
v 0.901373 0.064230 0.166942
v -0.765872 -0.233930 0.217726
v 0.217504 -0.469515 0.287950
v 0.209627 -0.580124 0.205486
v -0.149301 0.464958 -0.291393
v 0.185196 0.000000 0.392163
v -0.699453 -0.355724 0.199581
v 0.054928 0.117921 0.387271
v 0.209059 0.042498 0.387983
v 0.278496 0.043854 0.379535
v 0.261330 0.132976 0.376285
v 0.376858 0.090327 0.360825
v 0.334107 0.136043 0.366446
v 0.376112 0.365629 0.304433
v 0.321791 0.403031 0.299023
v 0.656536 0.288731 0.185047
v 0.605018 0.298263 0.203673
v -0.012423 0.105988 0.386331
v -0.212995 0.277302 0.350624
v -0.117488 0.346349 0.342869
v -0.195524 0.328299 0.342181
v -0.088308 -0.190253 -0.382481
v -0.027636 -0.059539 -0.397859
v 0.064267 -0.035949 -0.386781
v 0.658296 -0.334570 -0.229480
v 0.060308 0.027910 -0.370791
v 0.165988 0.081322 -0.362221
v -0.675453 0.000000 -0.293871
v -0.080454 -0.001720 -0.378675
v 0.824994 0.236390 0.168262
v -0.663733 -0.370591 -0.209678
v -0.130924 0.282063 -0.361352
v -0.026258 0.049051 -0.368439
v -0.510570 0.484288 -0.202648
v 0.614250 0.439211 -0.196591
v 0.171673 -0.660323 0.111107
v -0.206183 -0.627509 -0.155021
v 0.732749 -0.402980 -0.143097
v 0.657502 -0.516390 -0.063415
v 0.321079 -0.612348 0.143097
v -0.218889 0.603709 0.172617
v -0.631326 -0.536558 0.038968
v -0.715014 0.409122 0.152045
v -0.455992 0.601874 -0.088335
v -0.776812 0.349582 0.152044
v 0.841179 -0.145244 0.198389
v 0.176339 -0.607822 0.175244
v -0.070411 -0.583267 0.208100
v -0.848154 -0.026721 0.209677
v -0.759730 0.312785 0.187818
v -0.659741 0.409121 0.187818
v -0.151640 0.586100 0.208446
v 0.812561 0.186126 0.201132
v 0.251827 -0.542829 0.231975
v 0.843928 -0.019847 0.212903
v -0.167886 0.085056 0.379659
v -0.687377 0.349582 0.209927
v 0.057447 0.059539 0.397146
v -0.718054 0.066421 -0.274719
v 0.109711 0.236364 0.373082
v 0.154460 0.063393 0.392888
v 0.180053 0.174154 0.376841
v 0.325161 0.182284 0.362650
v 0.250958 0.248607 0.359177
v 0.653059 0.158327 0.280592
v 0.777331 0.085534 0.245555
v 0.737063 0.154963 0.253899
v 0.680295 0.254463 0.207444
v 0.498091 0.422854 0.247117
v -0.028949 0.143835 0.382333
v 0.000345 0.215674 0.379692
v -0.260598 0.332375 0.330726
v -0.366985 0.299105 0.322042
v -0.463208 0.374537 0.281330
v -0.187564 0.540293 0.241557
v -0.322928 0.470640 0.257431
v -0.432378 0.440960 0.256665
v -0.176453 0.011968 0.383874
v -0.291078 0.038747 0.369033
v -0.292932 -0.040434 0.375591
v -0.550870 -0.138361 0.317062
v -0.641123 -0.013909 0.293219
v -0.635587 -0.096979 0.290915
v -0.761795 0.082211 0.247318
v -0.789517 -0.068813 0.240928
v -0.775191 -0.149874 0.236260
v -0.175702 -0.298410 0.388655
v -0.372646 -0.303840 0.336135
v -0.264901 -0.341153 0.348831
v -0.255625 -0.478602 0.318774
v 0.134533 -0.511810 0.298792
v -0.431730 -0.440141 0.256085
v -0.323584 -0.473926 0.259594
v 0.001159 -0.559631 0.239173
v 0.096682 -0.556403 0.242437
v 0.154460 -0.063394 0.392888
v 0.383893 -0.300809 0.326344
v 0.312190 -0.457668 0.274984
v 0.411719 -0.366887 0.297110
v 0.330023 -0.505907 0.241879
v 0.735517 -0.154935 0.253164
v 0.775175 -0.085996 0.244230
v 0.867189 0.223477 0.145080
v 0.919004 0.243486 0.067531
v 0.874994 0.271173 0.109096
v 0.750947 0.286954 0.150269
v -0.574279 -0.374770 -0.234350
v -0.580966 0.380527 -0.240940
v 0.669757 0.460446 0.118627
v 0.604223 0.474765 0.156649
v 0.748769 0.387083 -0.105236
v 0.653069 0.522869 0.040919
v 0.583788 -0.374244 -0.237417
v -0.188031 0.630947 0.149247
v -0.204513 0.672462 0.069658
v -0.257035 0.645750 0.111675
v -0.333560 0.582387 0.175343
v -0.498954 -0.436074 -0.232824
v -0.431213 0.606362 0.096925
v -0.413746 0.628814 -0.052899
v -0.438947 0.626599 0.014006
v -0.490101 0.600583 0.054929
v -0.849661 0.273396 0.139385
v -0.899027 0.241703 0.104934
v -0.973816 0.013236 0.097003
v -0.891845 -0.068815 0.174726
v -1.003738 0.012358 0.013885
v -0.995017 -0.029763 0.054752
v -0.874964 -0.149875 0.171686
v -0.995288 -0.041503 -0.064396
v -0.951895 -0.193290 0.053469
v -0.912627 -0.231008 0.092809
v -0.537032 -0.579451 0.040589
v -0.447916 -0.571419 0.124627
v -0.379308 -0.561014 0.163793
v -0.488237 -0.606229 0.000396
v -0.326683 -0.659517 -0.013303
v -0.030249 -0.617795 0.169769
v -0.319084 -0.643152 -0.089484
v -0.268131 -0.666223 -0.053213
v -0.008323 -0.665106 0.089578
v 0.074771 -0.623132 0.160189
v 0.762292 -0.411780 0.130240
v 0.759979 -0.352433 0.164222
v 0.737877 -0.458771 -0.064505
v 0.856695 -0.248327 0.147367
v 0.758666 -0.417771 -0.101296
v 0.904675 -0.276359 0.073550
v 0.905539 -0.224574 0.108564
v 0.895696 -0.122420 0.161968
v 0.359482 0.641618 0.065303
v 0.247933 0.666990 0.065303
v -0.942219 -0.229079 0.012987
v 0.279141 0.647990 -0.098042
v 0.160304 0.667979 -0.096925
v 0.641597 0.469066 -0.151763
v 0.517698 0.542121 -0.193156
v 0.394694 0.580876 -0.169889
v -0.802050 0.375971 0.101295
v -0.849142 0.349178 0.065025
v -0.780944 0.436301 -0.003527
v -0.606052 0.546894 -0.053912
v -0.736004 0.464849 -0.043835
v -0.544351 0.562391 -0.092809
v -0.749053 0.418877 -0.112621
v -0.602123 0.493597 -0.147368
v -0.683847 0.434964 -0.150409
v -0.891552 0.160538 -0.154179
v -0.862742 -0.338482 0.052899
v -0.898378 -0.303286 0.012989
v -0.675166 -0.514281 0.000000
v -0.864708 -0.334318 -0.055659
v -0.623055 -0.538644 -0.040112
v -0.920845 -0.213321 -0.093460
v -0.876066 -0.288092 -0.096560
v -0.663733 -0.422623 -0.174726
v -0.572873 -0.511237 -0.146335
v -0.487268 -0.557616 -0.140877
v 0.278696 -0.642404 0.111891
v 0.333986 -0.641520 0.051519
v 0.172454 -0.687815 0.013636
v 0.286057 -0.670158 0.014114
v 0.466845 -0.593528 -0.096560
v 0.565855 -0.551461 -0.093461
v -0.110454 -0.634129 -0.161969
v 0.318997 -0.596419 -0.163692
v 0.634016 -0.481165 -0.139385
v 0.991189 0.084339 0.000140
v 0.990036 -0.043219 -0.042017
v 0.990036 0.043219 -0.042017
v 0.950401 0.085290 -0.110930
v 0.833123 -0.281756 -0.150044
v 0.921668 -0.042093 -0.150780
v 0.921668 0.042093 -0.150780
v 0.567427 0.419807 -0.228604
v 0.479991 0.466186 -0.246950
v 0.218999 0.425777 -0.304809
v 0.166989 0.313133 -0.350320
v 0.135767 0.385707 -0.327627
v 0.069215 0.110542 -0.370394
v 0.034926 0.208087 -0.380830
v -0.052688 0.333919 -0.349922
v -0.084302 0.402028 -0.324630
v -0.501292 0.440203 -0.236261
v -0.267093 0.353759 -0.316723
v -0.453215 0.386559 -0.278298
v -0.551274 0.383139 -0.250417
v -0.237085 0.289763 -0.345119
v -0.321873 0.180273 -0.351499
v -0.175987 0.106369 -0.363240
v -0.280950 0.111024 -0.357250
v -0.676639 0.089124 -0.288822
v -0.789127 0.063394 -0.241650
v -0.789127 -0.063394 -0.241650
v -0.718038 -0.066419 -0.274706
v -0.565603 -0.269411 -0.269924
v -0.589352 -0.331799 -0.241896
v -0.460586 -0.416419 -0.248959
v -0.190871 -0.194141 -0.359828
v -0.224809 -0.262653 -0.340257
v -0.338124 -0.359912 -0.305882
v -0.362620 -0.418510 -0.275565
v 0.744776 0.188451 -0.242936
v 0.664059 0.229501 -0.267601
v 0.606211 -0.523824 -0.104935
v 0.468757 0.097133 -0.328727
v 0.555058 -0.027892 -0.306427
v 0.466891 0.014149 -0.328191
v 0.688403 -0.270861 -0.233772
v 0.631534 -0.237502 -0.261948
v 0.571278 -0.177578 -0.301239
v 0.107809 0.687534 -0.054929
v 0.174893 0.009122 -0.370163
v -0.139879 -0.570734 -0.223599
v 0.751582 0.196496 0.233464
v 0.026525 -0.456701 -0.284950
v -0.041862 -0.307557 -0.345842
v 0.057787 -0.394892 -0.310642
v -0.011046 -0.238750 -0.375058
v 0.224046 -0.342313 -0.331679
v 0.165155 -0.222955 -0.372405
v 0.251196 -0.268777 -0.354186
v 0.519018 -0.341092 -0.256283
v 0.555184 -0.386554 -0.239766
v -0.004606 0.064661 -0.367698
v -0.298364 0.509229 0.237999
v 0.003275 0.070196 0.391507
v -0.811085 0.335080 0.132437
v 0.105605 -0.567903 0.229119
v 0.123590 -0.632008 0.143476
v 0.145063 0.105425 0.386982
v 0.785513 -0.384331 -0.111955
v 0.817665 -0.083398 0.222669
v -0.472132 0.615003 -0.012989
v -0.653139 0.522953 -0.040923
v -0.071300 0.113222 0.384249
v 0.603691 0.491078 -0.176100
v -0.582009 -0.481257 -0.171686
v -0.582009 0.481256 -0.171686
v -0.663733 0.422622 -0.174726
v -0.025228 -0.344874 -0.326939
v 0.330699 -0.423730 0.290541
v 0.157532 -0.545251 0.243087
v -0.035922 0.562388 0.236261
v -0.150488 0.546890 0.240941
v -0.466179 0.428658 0.253960
v -0.557052 0.389028 0.245557
v -0.203814 0.024472 0.379620
v -0.289561 0.064962 0.368101
v -0.322776 -0.027509 0.371740
v -0.409653 0.095779 0.352803
v -0.412880 0.013368 0.354941
v -0.632418 -0.124234 0.289699
v -0.617029 -0.202765 0.283116
v -0.792031 0.042093 0.241556
v -0.766224 -0.027808 0.248660
v -0.071795 -0.114179 0.387899
v -0.023644 -0.337609 0.395513
v -0.229856 -0.356548 0.357179
v -0.115810 -0.408134 0.385365
v -0.091840 -0.497111 0.312080
v -0.285595 -0.483233 0.259340
v -0.169926 -0.506237 0.260492
v -0.034823 -0.554786 0.240658
v 0.163842 -0.556217 0.229970
v 0.481648 -0.209471 0.326695
v 0.437897 -0.345941 0.299083
v 0.514994 -0.279723 0.301997
v 0.745829 -0.468361 -0.037603
v 0.336259 -0.519289 0.230969
v 0.444291 -0.458900 0.242937
v 0.766732 -0.174349 0.233328
v 0.808443 -0.105216 0.226098
v 0.881916 0.145018 0.163465
v 0.842146 0.214381 0.168290
v 0.855807 0.277506 0.121142
v 0.777145 0.285075 0.145329
v 0.754343 0.336328 -0.011464
v 0.767317 0.365795 -0.105207
v 0.734905 0.385436 -0.046205
v 0.574387 0.547122 0.093461
v -0.066753 0.628812 0.171687
v -0.181352 0.612080 0.173229
v -0.273640 0.634924 0.124958
v -0.318997 0.596419 0.163692
v -0.484563 0.553386 0.147369
v -0.279436 0.641711 -0.111955
v -0.393762 0.631872 -0.065025
v -0.506103 0.589675 0.068563
v -0.546225 0.553387 0.107459
v -0.833123 0.281756 0.150044
v -0.895349 0.229502 0.117909
v -0.876292 0.188452 0.157818
v -0.894338 0.042093 0.175342
v -0.921668 -0.042093 0.150781
v -0.989958 -0.043964 0.068481
v -0.956712 -0.085868 0.109975
v -0.996675 -0.097225 -0.013335
v -0.963617 -0.180156 0.039915
v -0.589158 -0.530648 0.088561
v -0.553193 -0.570201 0.053800
v -0.458755 -0.588009 0.099985
v -0.471158 -0.610978 0.013917
v -0.415724 -0.622828 0.058708
v -0.175468 -0.599296 0.177360
v 0.827429 0.269491 -0.161969
v -0.246855 -0.669902 0.041938
v -0.066193 -0.614426 0.172236
v -0.250465 -0.672445 -0.039910
v -0.191636 -0.685294 0.000000
v 0.048434 -0.658254 0.098073
v 0.070814 -0.635303 0.132598
v 0.696370 -0.518330 -0.007550
v 0.756919 -0.497416 0.050226
v 0.729070 -0.473212 -0.051634
v 0.788005 -0.444667 0.006449
v 0.849007 -0.215695 0.169958
v 0.904422 -0.207585 0.120040
v 0.891553 -0.160538 0.154179
v 0.268131 0.666223 0.053213
v 0.438066 0.627041 0.013303
v 0.326683 0.659517 0.013303
v 0.120701 0.672256 -0.096560
v 0.005277 0.678962 -0.093461
v 0.625096 0.471279 -0.166267
v 0.242785 0.614243 -0.164595
v -0.125361 0.641710 -0.150044
v -0.785513 0.384331 0.111954
v -0.869519 0.344878 -0.003318
v -0.762143 0.444884 -0.044902
v -0.833286 0.378013 -0.045299
v -0.524366 0.565449 -0.104935
v -0.840823 0.322694 -0.111052
v -0.457844 0.569351 -0.138436
v -0.555411 0.498563 -0.169959
v -0.710299 0.413275 -0.150781
v -0.780991 0.345166 -0.150781
v -0.726486 -0.469761 0.052899
v -0.907368 -0.290560 0.000000
v -0.689680 -0.504363 0.012989
v -0.926907 -0.248467 -0.040923
v -0.769551 -0.424096 -0.054997
v -0.858017 -0.313136 -0.096925
v -0.794136 -0.386073 -0.098041
v -0.867178 -0.208088 -0.157818
v -0.758881 -0.333921 -0.175343
v -0.688189 -0.402030 -0.175343
v 0.262263 -0.650704 0.100799
v 0.206961 -0.654488 0.059920
v 0.323465 -0.662765 0.014534
v -0.144815 -0.535434 0.241184
v 0.557221 -0.575486 -0.052960
v 0.099725 -0.667973 -0.109526
v 0.595881 -0.536184 -0.092809
v -0.074013 -0.651608 -0.140877
v 0.034188 -0.649307 -0.146336
v -0.047038 -0.101338 -0.394654
v 0.687377 -0.349582 -0.209927
v 0.659741 -0.409121 -0.187818
v 0.885568 -0.144372 0.164499
v 0.802490 0.228594 -0.198389
v 0.759730 -0.312785 -0.187818
v 0.278695 0.139407 -0.349880
v 0.699418 0.331174 -0.212904
v -0.550610 0.000205 -0.317835
v -0.749430 -0.282045 -0.208418
v -0.088251 0.190129 -0.382247
v 0.766131 0.357015 -0.081462
v 0.776812 -0.349582 -0.152044
v 0.786763 0.329042 -0.153943
v 0.834099 0.309251 -0.108838
v 0.099806 -0.683158 0.064035
v 0.715014 -0.409122 -0.152045
v 0.607939 -0.571066 -0.008316
v -0.967456 -0.174342 -0.040316
v -0.676829 -0.489561 0.088335
v -0.371010 0.602063 -0.132062
v 0.334904 0.602439 0.152045
v 0.692327 0.421277 -0.154219
v -0.171683 0.660369 -0.111120
v 0.234914 0.625181 0.152044
v 0.785167 -0.236364 0.206101
v -0.272079 0.290351 -0.335522
v -0.215979 -0.557108 0.210592
v -0.843167 0.080164 0.208445
v -0.777465 0.306643 0.178870
v -0.006412 0.601871 0.202648
v 0.190196 0.602438 0.187818
v 0.351505 0.564177 0.186045
v 0.861139 0.098407 0.192683
v -0.792031 -0.042093 0.241556
v -0.176449 -0.089738 0.389628
v -0.091791 0.021856 0.387989
v -0.280733 0.142360 0.364701
v 0.151945 0.327353 0.347292
v 0.262537 0.565594 0.209865
v 0.191537 0.197699 0.375059
v 0.384194 0.160706 0.356614
v 0.227250 0.269180 0.356952
v 0.549577 0.090980 0.322722
v 0.491825 0.161646 0.330729
v 0.558150 0.242908 0.251184
v -0.042177 0.311275 -0.356952
v 0.808364 0.105252 0.226142
v 0.718790 0.177736 0.253666
v 0.649033 0.237130 0.225906
v 0.389674 0.491067 0.237335
v -0.098101 0.128303 0.384195
v 0.011047 0.238749 0.375059
v -0.180318 0.173126 0.375125
v 0.042177 0.311273 0.356952
v 0.433739 -0.641149 0.018016
v -0.058022 0.401072 0.325829
v 0.087999 0.478004 0.288824
v -0.025030 0.466139 0.296939
v 0.105440 -0.638539 0.132248
v -0.987282 -0.138355 -0.000267
v -0.333165 0.634171 -0.101296
v 0.647664 -0.402979 -0.198165
v 0.286614 0.062442 -0.350298
v -0.177312 -0.012822 0.385355
v -0.469810 0.544716 -0.164335
v 0.747653 -0.306643 -0.198165
v 0.727391 0.397148 -0.140210
v 0.462040 -0.551460 -0.160652
v 0.986801 0.071282 -0.042017
v 0.967521 0.154342 -0.040923
v 0.920656 0.192633 -0.107458
v 0.918480 0.070523 -0.150408
v 0.901600 0.151582 -0.147368
v 0.833031 0.281672 -0.150014
v 0.593044 0.404913 -0.224471
v 0.517026 0.371169 -0.267606
v 0.488437 0.441320 -0.248123
v 0.170249 0.519437 -0.290023
v 0.180901 0.173391 -0.375460
v 0.124773 0.408162 -0.318623
v 0.091318 0.472579 -0.290111
v 0.096364 0.125709 -0.372259
v -0.011048 0.238750 -0.375058
v -0.005723 0.304385 -0.359177
v -0.390174 0.497707 -0.220710
v -0.474694 0.457510 -0.234534
v -0.409420 0.362628 -0.291828
v -0.226902 0.268508 -0.355545
v -0.380559 0.296346 -0.317554
v -0.191537 0.197699 -0.375058
v -0.470498 0.185862 -0.335417
v -0.317816 0.112182 -0.357756
v -0.427710 0.114291 -0.350383
v -0.601012 0.068094 -0.311522
v -0.692057 0.066421 -0.285007
v -0.777331 0.085534 -0.245555
v -0.692057 -0.066422 -0.285007
v -0.603202 -0.068109 -0.315605
v -0.663245 -0.285842 -0.232021
v -0.485181 -0.159814 -0.323842
v -0.597841 -0.353011 -0.234090
v -0.336295 -0.089463 -0.346489
v -0.379145 -0.158225 -0.342140
v -0.144332 -0.105201 -0.386644
v -0.179310 -0.171939 -0.366773
v -0.369545 -0.436519 -0.264716
v -0.388540 -0.489981 -0.236207
v 0.732204 0.269491 -0.223599
v 0.672646 0.205253 -0.270402
v 0.767711 0.083144 -0.250417
v 0.691454 0.126341 -0.278517
v 0.438182 0.027921 -0.336980
v 0.346385 0.064858 -0.343201
v 0.706991 -0.280917 -0.228329
v 0.458749 -0.120574 -0.323413
v 0.202175 0.022085 -0.365265
v 0.134658 -0.510624 -0.253505
v 0.085725 -0.409702 -0.303396
v 0.169035 -0.451218 -0.280075
v 0.768228 0.174593 0.234415
v -0.000345 -0.215694 -0.379757
v 0.322653 -0.382971 -0.274708
v 0.028211 -0.144372 -0.390397
v 0.275470 -0.280105 -0.338090
v 0.349671 -0.314272 -0.298378
v 0.601472 -0.384143 -0.230505
v -0.894338 -0.042093 0.175343
v -0.395645 0.538965 -0.188445
v 0.188011 -0.633261 -0.150409
v 0.586480 -0.496706 -0.154180
v 0.958213 -0.012266 0.111953
v 0.980288 -0.085313 -0.055658
v 0.924105 -0.206297 -0.093460
v 0.950662 -0.127383 -0.096560
v 0.898982 0.241668 -0.104933
v 0.892748 0.177887 -0.146335
v 0.862437 0.250631 -0.140876
v -0.211338 0.678963 -0.039910
v 0.467119 0.430359 -0.256461
v 0.423706 0.327040 -0.309222
v 0.394708 0.398130 -0.286253
v 0.295500 0.234470 -0.356952
v 0.209374 0.188564 -0.374642
v 0.080286 0.492731 -0.280030
v 0.047887 0.547157 -0.247360
v 0.027664 0.143448 -0.377275
v -0.000347 0.215695 -0.379757
v -0.047712 0.396669 -0.327851
v -0.362552 0.510588 -0.216599
v -0.545177 0.364438 -0.261344
v -0.417618 0.299430 -0.313810
v -0.524310 0.301794 -0.292367
v -0.180834 0.174643 -0.379751
v -0.605329 0.184623 -0.299074
v -0.142522 0.103933 -0.365434
v -0.461887 0.114949 -0.339765
v -0.565507 0.114823 -0.317915
v -0.740665 -0.195060 -0.228401
v -0.572271 -0.068109 -0.324630
v -0.683833 -0.263219 -0.231302
v -0.460657 -0.068203 -0.326550
v -0.526542 -0.249928 -0.290033
v -0.392352 -0.181398 -0.338822
v -0.426275 -0.250753 -0.316026
v -0.133860 -0.083240 -0.392887
v -0.201944 -0.151249 -0.366768
v 0.742444 0.247563 -0.226130
v 0.768205 0.174819 -0.234533
v 0.664548 0.140024 -0.286739
v 0.575270 0.181013 -0.309221
v 0.404376 0.120770 -0.334822
v 0.691454 -0.126341 -0.278517
v 0.315493 0.076486 -0.345779
v 0.726737 -0.236320 -0.235286
v 0.670234 -0.203453 -0.264642
v 0.345075 -0.065185 -0.347818
v 0.196551 -0.465972 -0.274164
v 0.275496 -0.503196 -0.249221
v 0.818640 0.083249 0.223587
v 0.428321 -0.434763 -0.245446
v 0.038401 -0.122419 -0.392888
v 0.375134 -0.326044 -0.287510
v 0.453373 -0.362724 -0.259999
v 0.592413 -0.404176 -0.223599
v 0.000129 0.565446 0.234534
v 0.621840 -0.467571 -0.161969
v -0.775191 0.149874 0.236260
v -0.181881 -0.527368 0.240118
v -0.031245 -0.686112 0.052290
v 0.437387 0.570664 0.149968
v -0.874965 0.149875 0.171686
v -0.312772 0.633990 -0.111888
v 0.237760 0.291825 0.349922
v 0.867979 0.174819 -0.169959
v -0.779302 -0.311276 -0.174726
v 0.837669 0.247563 -0.164500
v 0.681582 -0.530499 0.007025
v 0.886471 -0.071805 0.178869
v -0.567041 0.068536 -0.316464
v -0.262550 -0.565640 -0.209927
v 0.061630 -0.057166 -0.393649
v 0.558569 -0.463606 -0.198390
v -0.190196 -0.602438 -0.187818
v 0.833687 0.131831 -0.206101
v 0.397513 0.202095 -0.345606
v -0.411023 0.000011 -0.333440
v -0.095835 -0.020728 -0.386146
v -0.351984 -0.565641 -0.187818
v -0.815756 -0.190253 -0.202646
v -0.044815 0.092419 -0.367881
v 0.921997 -0.036797 0.152043
v 0.950266 -0.089765 0.111119
v 0.894573 0.272072 -0.063477
v 0.921997 0.036796 0.152043
v 0.020453 -0.697086 0.013529
v -0.234914 -0.625181 -0.152044
v 0.693725 -0.422827 -0.155021
v 0.531297 -0.611521 0.053691
v 0.931188 0.024531 0.143095
v -0.970746 -0.116952 -0.090565
v -0.334904 -0.602439 -0.152045
v -0.705902 -0.436421 0.132438
v -0.357701 0.587786 -0.152294
v 0.415608 0.604890 0.111120
v -0.254415 0.627497 -0.143077
v -0.099011 0.686042 -0.064083
v 0.254419 0.627509 0.143096
v 0.877280 -0.059540 0.187817
v 0.708610 -0.327354 0.209678
v -0.360321 -0.518806 0.204272
v -0.819715 0.181721 0.202647
v 0.128509 0.604807 0.193327
v 0.371096 0.566862 0.177544
v 0.877277 0.059444 0.187797
v -0.463000 0.068711 -0.332308
v 0.849643 0.000000 0.209926
v 0.773971 -0.000034 0.250154
v -0.282304 -0.143376 0.368329
v -0.394274 0.200220 0.342218
v -0.321275 -0.567161 0.178312
v 0.191130 0.411774 0.313186
v 0.287596 0.250327 0.354299
v 0.469493 0.184979 0.332071
v 0.397911 0.255791 0.335409
v 0.269375 0.359935 0.324631
v 0.471511 0.344509 0.286080
v 0.809446 0.063394 0.230967
v 0.622977 0.256933 0.215915
v 0.558961 0.330181 0.230319
v -0.207725 0.187754 0.368299
v 0.052687 0.333918 0.349922
v -0.291553 0.231891 0.349036
v 0.084302 0.402027 0.324631
v -0.214219 0.368262 0.327965
v -0.063787 0.460040 0.299075
v -0.181761 0.438193 0.301998
v 0.106923 0.570775 0.226131
v 0.025890 0.554061 0.242937
v -0.206061 -0.025879 0.384459
v -0.319072 0.079253 0.364674
v -0.292943 -0.066883 0.379744
v -0.407264 0.122679 0.351678
v -0.413529 -0.014174 0.357172
v -0.410607 -0.096609 0.356524
v -0.657058 0.137817 0.280747
v -0.700696 0.250631 0.245556
v -0.720454 0.174939 0.250112
v -0.789537 0.068815 0.240940
v -0.752780 -0.136124 0.244260
v -0.097923 -0.128582 0.383463
v -0.180294 -0.173174 0.375126
v -0.073176 -0.412828 0.379377
v 0.045972 -0.422719 0.362399
v 0.062689 -0.510804 0.312324
v -0.293466 -0.500379 0.235224
v -0.132223 -0.514332 0.262108
v -0.020687 -0.534226 0.264682
v 0.203293 -0.152496 0.376206
v 0.271925 -0.087554 0.380830
v 0.849509 0.273264 -0.139348
v 0.567519 -0.114729 0.321556
v 0.539188 -0.256413 0.301997
v 0.601524 -0.183928 0.295750
v 0.551272 -0.383140 0.250417
v 0.696533 -0.269182 0.240940
v 0.750101 -0.197566 0.234972
v 0.807285 -0.062891 0.229765
v 0.892911 0.122595 0.161670
v 0.870724 0.283264 0.095699
v 0.877692 0.282526 0.014017
v 0.826215 0.298891 0.052294
v 0.809613 0.312834 -0.060468
v 0.722104 0.397692 0.034914
v 0.777311 0.351559 -0.094231
v 0.727536 0.398900 -0.034542
v 0.711002 0.453835 0.000349
v 0.487269 0.557616 0.140877
v 0.077498 0.634170 0.164500
v -0.030702 0.631870 0.169960
v -0.208091 0.678980 0.042018
v -0.212015 0.673209 -0.065025
v -0.269889 0.672258 0.000000
v -0.262967 0.650137 -0.101296
v 0.208091 -0.678980 -0.042018
v -0.558675 0.539365 0.119729
v -0.586480 0.496706 0.154180
v -0.892748 0.177887 0.146335
v -0.946623 0.179995 0.067310
v -0.937416 0.139863 0.109281
v -0.891845 0.068815 0.174725
v -0.939082 -0.099383 0.123659
v -0.892022 -0.137184 0.160652
v -0.994993 -0.081818 -0.052254
v -0.990710 -0.124099 -0.013490
v -0.975925 -0.153737 0.040122
v -0.625354 -0.474020 0.132839
v -0.598157 -0.515772 0.099191
v -0.366744 -0.576546 0.154157
v -0.395261 -0.625208 0.075596
v -0.327079 -0.619881 0.120105
v -0.212107 -0.592702 0.178612
v -0.159958 -0.656641 0.097136
v -0.171037 -0.687534 0.014006
v -0.107387 -0.681070 0.053203
v 0.028663 -0.665264 0.087037
v 0.632077 -0.568732 0.054443
v 0.843928 0.019846 0.212903
v -0.441296 0.555403 -0.160204
v 0.780504 -0.425970 0.109446
v 0.779334 -0.311308 0.174740
v 0.799517 -0.434538 0.020817
v 0.845013 -0.407700 0.064687
v 0.833712 -0.238751 0.171685
v 0.829728 -0.371309 -0.065238
v 0.910602 -0.114839 0.150043
v 0.312767 0.634130 0.111955
v 0.289500 0.667974 0.013303
v 0.172119 0.687528 0.013303
v 0.480416 0.581746 -0.109908
v -0.050578 0.673208 -0.104935
v 0.610673 0.500920 -0.145775
v 0.522645 0.546744 -0.155474
v 0.089266 0.636246 -0.160653
v -0.108892 0.650136 -0.139385
v -0.854895 0.354077 -0.044762
v -0.909956 0.278043 -0.042345
v -0.906581 0.222957 -0.107459
v -0.435697 0.568238 -0.148076
v -0.802284 0.320853 -0.150409
v -0.856694 0.248328 -0.147368
v -0.758666 -0.417771 0.101295
v -0.829593 -0.371168 0.065303
v -0.760651 -0.437592 0.065303
v -0.930320 -0.234472 -0.053912
v -0.659642 -0.504512 -0.051650
v -0.933356 -0.189017 -0.092850
v -0.769942 -0.409384 -0.098041
v -0.689563 -0.472969 -0.096345
v -0.833711 -0.238752 -0.171686
v -0.800582 -0.304387 -0.162678
v 0.189372 -0.667297 0.049186
v 0.134337 -0.691492 0.013459
v 0.267744 -0.673647 0.000286
v 0.488358 -0.619125 0.003392
v 0.089282 -0.691811 -0.040923
v -0.736816 -0.457402 0.065025
v 0.543699 -0.587594 -0.039279
v 0.257036 -0.645749 -0.111676
v 0.072663 -0.647072 -0.147369
v -0.114382 -0.693859 0.000000
v -0.051269 -0.692944 0.040595
v -0.979772 -0.027203 -0.100337
v -0.992949 -0.067848 -0.064675
v -0.758504 -0.172477 -0.227800
v 0.676113 -0.291826 0.241556
v -0.110454 0.634129 -0.161969
v -1.003513 0.012194 -0.012824
v 0.565785 -0.417768 -0.226129
v -0.984981 0.011589 -0.088436
v -0.725433 -0.087421 -0.263915
v -0.885567 -0.144372 -0.164499
v 0.098646 -0.019846 0.397146
v -0.060658 -0.056061 0.392852
v -0.941502 -0.061852 -0.134250
v 0.227623 -0.626598 -0.150781
v 0.342005 -0.600582 -0.150781
v 0.505744 -0.523823 -0.169960
v 0.595212 -0.481164 -0.164500
v 0.964573 -0.025833 0.101295
v 0.979540 -0.067561 0.065731
v 0.986715 0.028813 -0.056023
v 0.949530 0.193084 -0.053912
v 0.957088 -0.099697 -0.096924
v 0.966653 -0.014407 -0.098041
v 0.912608 0.230992 -0.092808
v 0.876292 -0.188452 -0.157818
v 0.891845 0.068815 -0.174725
v 0.874965 0.149874 -0.171686
v 0.405785 0.290559 -0.324631
v 0.382683 0.419122 -0.277475
v 0.348809 0.487652 -0.263795
v 0.323018 0.248465 -0.349922
v 0.147182 0.272802 -0.362650
v 0.090204 0.151127 -0.381236
v 0.062590 0.223404 -0.377283
v -0.087999 0.478005 -0.288823
v -0.139879 0.570735 -0.223599
v -0.556965 0.300603 -0.283000
v -0.648524 0.295138 -0.251977
v -0.720074 0.178845 -0.256664
v -0.130140 0.081284 -0.364604
v -0.322895 0.066689 -0.350500
v -0.428640 0.068357 -0.339300
v -0.600340 0.114112 -0.311871
v -0.689242 0.112422 -0.281328
v -0.808529 -0.105193 -0.226129
v 0.468670 -0.628813 0.018506
v -0.749867 -0.151244 -0.235990
v -0.425140 -0.068073 -0.330854
v -0.559034 -0.333274 -0.251302
v -0.321106 -0.066905 -0.347666
v -0.437617 -0.273970 -0.308537
v -0.467192 -0.339220 -0.282945
v 0.716675 -0.066041 0.273508
v -0.249189 -0.242814 -0.344543
v 0.775191 0.149874 -0.236260
v 0.789538 0.068815 -0.240940
v 0.696236 0.099321 -0.280077
v 0.520166 0.180356 -0.324630
v 0.772493 -0.028062 -0.251977
v 0.703010 0.014031 -0.283000
v 0.434004 0.136186 -0.332538
v 0.584713 -0.070087 -0.302206
v 0.650997 -0.191883 -0.278916
v 0.578143 -0.152516 -0.306435
v 0.232120 -0.013748 -0.368487
v 0.067964 -0.371981 -0.316076
v 0.015033 -0.256035 -0.371248
v 0.099597 -0.305165 -0.355848
v 0.474833 -0.457253 -0.234228
v 0.071731 -0.114839 -0.392888
v 0.479585 -0.375314 -0.252046
v 0.546262 -0.410449 -0.235705
v 0.534947 -0.565630 0.123848
v -0.331193 0.394906 0.294557
v 0.139879 0.570734 0.223599
v -0.124274 0.536787 0.250418
v -0.861436 -0.101339 -0.193325
v -0.320964 -0.081133 0.375058
v -0.433788 0.135828 0.341949
v -0.442103 0.027118 0.347573
v -0.407187 -0.122775 0.352146
v -0.514648 0.177108 0.317610
v -0.528270 0.069200 0.325114
v -0.668733 0.028074 0.285386
v -0.742444 0.247563 0.226130
v -0.726053 0.149031 0.251793
v -0.738500 0.068667 0.256037
v -0.727602 -0.236947 0.237334
v -0.038400 -0.122419 0.392888
v -0.209063 -0.188614 0.372691
v -0.295547 -0.239568 0.375984
v -0.294831 -0.359419 0.348583
v -0.472674 -0.350642 0.289162
v -0.380071 -0.400210 0.324728
v -0.435160 -0.458336 0.228108
v -0.329968 -0.489889 0.232954
v 0.016093 -0.538783 0.263319
v 0.122889 -0.545532 0.250957
v 0.133860 -0.083240 0.392888
v 0.284716 -0.110650 0.374486
v 0.250995 -0.248661 0.359328
v 0.323823 -0.181752 0.359631
v 0.621382 -0.160045 0.293939
v 0.676639 -0.089125 0.288822
v 0.605420 -0.359935 0.241556
v 0.648523 -0.295139 0.251977
v 0.785585 -0.063781 0.240161
v 0.776098 0.298573 0.132372
v 0.874978 0.282992 -0.012056
v 0.809059 0.305062 0.063281
v 0.757126 0.330571 0.092070
v 0.823546 0.303069 -0.049613
v 0.685204 0.468713 0.093349
v 0.703891 0.472439 0.013665
v 0.664082 0.511338 0.054830
v 0.524367 0.565449 0.104935
v 0.457815 0.570777 0.139385
v 0.110454 0.634129 0.161969
v -0.134451 0.691807 -0.012989
v 0.278933 0.380527 0.315606
v -0.279141 0.647991 0.098041
v -0.193280 0.678958 -0.052899
v -0.288417 0.667981 0.014006
v -0.344060 0.647991 0.056024
v -0.359481 0.641618 -0.065303
v -0.837669 0.247563 0.164500
v -0.867979 0.174819 0.169959
v -0.932009 0.126341 0.122828
v -0.903275 0.083144 0.162678
v 0.304099 0.440203 0.285009
v -0.966880 0.011778 -0.111525
v -0.999300 -0.028549 -0.051794
v -0.924104 -0.206298 0.093461
v -0.634053 -0.461142 0.144565
v -0.459133 -0.519569 0.164019
v -0.356800 -0.556581 0.176012
v -0.399791 0.287155 0.317566
v -0.304150 -0.616008 0.133336
v -0.235051 -0.599179 0.167859
v -0.073317 -0.631691 0.146897
v -0.519032 0.150815 0.319843
v -0.086839 -0.676737 0.067327
v -0.025114 -0.656950 0.102988
v 0.544924 -0.571005 0.098788
v 0.552427 -0.516494 0.158919
v 0.612578 -0.574975 0.073627
v 0.688429 -0.402328 0.175460
v 0.782880 -0.347167 0.151693
v 0.837749 -0.383675 0.077887
v 0.841781 -0.326565 0.113691
v 0.881076 -0.327237 -0.013209
v 0.930114 -0.174786 0.105279
v 0.916961 -0.128406 0.139384
v 0.333166 0.634171 0.101296
v 0.393762 0.631872 0.065025
v 0.346144 0.654914 0.000000
v 0.508681 0.596421 -0.040923
v 0.401787 0.634925 -0.042018
v 0.031085 0.691806 -0.053912
v 0.334295 0.628187 -0.111687
v -0.031843 0.678957 -0.092809
v 0.488051 0.558990 -0.154525
v 0.380688 0.591764 -0.153248
v -0.057384 0.643150 -0.154180
v -0.719403 0.473198 -0.057083
v -0.574386 0.547122 -0.093461
v -0.662136 0.494206 -0.096560
v -0.871620 0.223405 -0.146335
v -0.908181 0.152081 -0.140875
v -0.764913 -0.404177 0.111954
v -0.776349 -0.428661 0.053213
v -0.880926 -0.327042 0.013303
v -0.815119 -0.396265 0.013899
v -0.931736 -0.174480 -0.105052
v -0.659827 -0.490731 -0.094997
v -0.574233 -0.546845 -0.093329
v -0.917104 -0.128469 -0.139398
v -0.849006 -0.215696 -0.169958
v -0.711753 -0.396671 -0.163692
v 0.403935 -0.625352 0.053185
v 0.114127 -0.693872 0.000079
v 0.417088 -0.640824 0.002083
v 0.051154 -0.693858 -0.040923
v 0.247219 -0.672461 -0.042018
v 0.364659 -0.645750 -0.042018
v 0.409574 -0.606362 -0.110931
v 0.176297 -0.089656 -0.389480
v -0.768205 0.174819 0.234533
v 0.436741 -0.514278 -0.206102
v 0.848154 0.026721 -0.209677
v 0.089225 0.018225 -0.372131
v 0.500396 0.254488 -0.313186
v -0.849643 0.000000 -0.209926
v -0.272008 -0.000478 -0.350492
v -0.877280 -0.059540 -0.187816
v -0.877280 0.059539 -0.187816
v -0.062596 0.604888 -0.198390
v 0.962892 -0.146638 0.068111
v 0.941728 0.228767 -0.012985
v -0.060207 -0.693843 -0.038968
v 0.448717 -0.607881 0.094648
v -0.922004 -0.036793 -0.152050
v -0.921997 0.036796 -0.152043
v -0.950266 0.089765 -0.111119
v 0.495961 0.595759 0.064084
v -0.206183 0.627509 -0.155021
v -0.020069 0.697948 -0.012989
v 0.614822 -0.411776 0.208446
v -0.492318 -0.469267 0.188972
v -0.656877 -0.422826 0.178870
v 0.176369 -0.014804 -0.375884
v -0.782011 0.272449 0.193326
v 0.027636 -0.059539 0.397859
v 0.065547 -0.140925 0.386177
v 0.759048 -0.334092 0.175422
v 0.674271 -0.000000 0.289272
v -0.910601 0.114839 -0.150043
v 0.089434 0.000000 0.397859
v -0.065587 -0.034317 0.392660
v -0.398479 -0.205742 0.360952
v -0.064048 0.032005 0.390337
v 0.035896 0.119108 -0.371979
v -0.497948 0.252897 0.307910
v 0.026224 0.056528 0.395565
v 0.224789 0.484287 0.273296
v 0.233819 0.567968 0.212904
v 0.373179 0.277901 0.334259
v 0.294476 0.340544 0.327851
v 0.718054 0.066422 0.274719
v 0.365729 0.424114 0.281330
v 0.789127 0.063394 0.241650
v 0.538997 0.357913 0.244475
v 0.465501 0.424114 0.256665
v -0.036157 0.207470 0.377456
v -0.146456 0.182708 0.380770
v -0.319605 0.246391 0.342218
v 0.093860 0.422619 0.315606
v -0.359106 0.323638 0.316260
v 0.123608 0.481253 0.285009
v -0.220908 0.429290 0.301998
v -0.239101 -0.515121 -0.252324
v 0.280055 -0.142224 -0.361113
v 0.298404 -0.556390 -0.209679
v -0.185583 -0.592500 -0.198165
v 0.843167 -0.080164 -0.208445
v 0.510372 -0.600200 -0.039730
v -0.908181 -0.152081 -0.140875
v 0.588515 0.299303 -0.273296
v -0.140474 -0.000947 -0.371872
v -0.347372 -0.555703 -0.198165
v -0.262062 0.564490 -0.205471
v -0.841179 0.145244 -0.198388
v -0.341063 0.561696 -0.181794
v -0.190196 0.602438 -0.187818
v 0.078496 0.595828 -0.206213
v 0.953622 -0.203861 0.015862
v 0.961305 0.174327 0.038968
v -0.136480 -0.674544 -0.088335
v 0.374816 -0.604827 0.132444
v -0.916284 -0.056644 -0.155020
v -0.693407 0.463607 0.111120
v -0.328451 0.597760 -0.151187
v -0.931188 0.024531 -0.143095
v -0.962690 0.146080 -0.064083
v -0.773948 0.363287 0.143096
v 0.569826 0.572909 0.012989
v -0.234914 0.625181 -0.152044
v 0.060207 0.693843 0.038968
v 0.510570 -0.484288 0.202648
v -0.611818 -0.428879 0.188586
v -0.656876 0.422826 0.178870
v -0.916282 0.056643 -0.155019
v 0.454883 0.509511 0.192547
v 0.109738 -0.236421 0.373254
v 0.556661 0.000000 0.331236
v -0.500926 -0.255646 0.319807
v -0.334515 0.203581 -0.345695
v -0.588515 0.299303 0.273296
v -0.699418 0.331174 0.212904
v 0.251599 0.541962 0.230667
v 0.599473 0.067818 0.311192
v 0.524707 0.160596 0.318397
v 0.689940 0.066629 0.283633
v 0.622550 0.158136 0.287822
v 0.312132 0.457510 0.274721
v 0.438341 0.442816 0.253960
v 0.356417 0.491067 0.245557
v -0.137301 0.206535 0.374176
v 0.005722 0.304383 0.359177
v -0.109281 0.280254 0.359814
v -0.425526 0.299928 0.308345
v 0.131642 0.498560 0.274721
v 0.582339 -0.481856 0.171875
v -0.366870 0.383594 0.292366
v -0.472339 0.350440 0.288556
v 0.157719 0.544941 0.241652
v -0.274023 0.500368 0.248746
v -0.442870 -0.084186 0.354299
v -0.542439 0.191805 0.312022
v -0.530402 0.041416 0.326695
v -0.532391 -0.042490 0.329455
v -0.518923 -0.179793 0.331833
v -0.615660 0.231007 0.285008
v -0.664440 -0.083456 0.283690
v -0.732204 0.269491 0.223599
v -0.740632 0.041321 0.256684
v -0.740534 -0.041497 0.256694
v -0.028211 -0.144372 0.390397
v 0.000383 -0.214712 0.374671
v -0.323412 -0.255814 0.378116
v -0.406310 -0.292571 0.332088
v -0.146826 -0.426868 0.374468
v -0.345048 -0.418925 0.333293
v -0.229651 -0.466175 0.333398
v -0.559291 -0.413406 0.222356
v -0.483620 -0.433889 0.240283
v 0.144954 -0.105081 0.387796
v 0.180107 -0.173796 0.376392
v 0.346872 -0.158957 0.358307
v 0.415323 -0.090249 0.359177
v 0.603201 -0.068109 0.315605
v 0.420060 -0.386724 0.286772
v 0.692057 -0.066422 0.285007
v 0.356417 -0.491067 0.245557
v 0.438341 -0.442816 0.253960
v 0.580964 -0.380528 0.240940
v 0.545190 0.193083 -0.315605
v 0.724953 -0.199865 0.245596
v 0.925602 0.247415 0.040931
v 0.891838 0.277298 0.000528
v 0.739412 0.340236 0.100996
v 0.682657 0.367575 0.132576
v -0.106923 0.570776 -0.226130
v 0.601986 0.493395 0.147123
v 0.644771 0.519151 0.068563
v 0.583070 0.534649 0.107459
v 0.442362 0.556640 0.160032
v 0.035138 0.666988 0.117910
v -0.014749 0.641617 0.157819
v -0.051154 0.693858 0.040923
v -0.114382 0.693859 0.000000
v -0.342005 0.600582 0.150781
v -0.361567 0.639087 0.070030
v -0.409573 0.606362 0.110931
v -0.438065 0.627041 -0.013303
v -0.640264 0.467571 0.150044
v -0.827429 0.269491 0.161969
v -0.949388 0.126769 0.096203
v -0.979133 0.125394 0.013508
v -0.982231 0.084365 0.055139
v -0.986197 0.065763 -0.064486
v -0.998300 -0.043725 0.040868
v -0.974682 0.024758 -0.100215
v -1.001683 -0.042330 -0.039182
v -0.998934 -0.084239 0.000024
v -0.862437 -0.250631 0.140877
v -0.582557 -0.467694 0.153129
v -0.490780 -0.505117 0.158510
v -0.398605 -0.630344 0.041684
v -0.399143 -0.636248 -0.039910
v -0.345522 -0.653700 0.000237
v -0.193280 -0.678958 -0.052899
v -0.134451 -0.691807 -0.012989
v -0.004659 -0.649178 0.113533
v 0.055116 -0.629526 0.148572
v 0.459409 -0.574456 0.140547
v 0.524919 -0.576326 0.111123
v 0.576286 -0.517726 0.148379
v 0.619330 -0.555543 0.081721
v 0.648223 -0.514905 0.116416
v 0.663924 -0.422880 0.174820
v 0.842167 -0.307354 0.124802
v 0.836856 -0.256036 0.160651
v 0.922804 -0.284577 0.048221
v 0.930932 -0.191375 0.094447
v 0.413747 0.628814 0.052899
v 0.472132 0.615003 0.012989
v 0.191636 0.685293 0.000000
v 0.364659 0.645750 -0.042018
v 0.247219 0.672461 -0.042018
v 0.051154 0.693858 -0.040923
v 0.177811 0.659075 -0.110931
v 0.181400 -0.174357 -0.379757
v 0.342608 0.601885 -0.152574
v 0.227639 0.626735 -0.150979
v 0.030703 0.631870 -0.169960
v -0.077498 0.634170 -0.164500
v -0.764913 0.404177 0.111954
v -0.818862 0.387902 -0.059253
v -0.690610 0.474638 -0.097092
v -0.768076 0.412179 -0.099597
v -0.930287 0.174358 -0.104934
v -0.550689 0.513012 -0.157818
v -0.916961 0.128406 -0.139384
v -0.793118 -0.419184 0.013784
v -0.716562 -0.485403 0.013303
v -0.876729 -0.272803 -0.109526
v -0.910601 -0.114839 -0.150043
v -0.871620 -0.223405 -0.146335
v -0.606465 -0.478008 -0.160652
v 0.331529 -0.637191 0.101800
v 0.383936 -0.621558 0.064693
v 0.031085 -0.691806 -0.053912
v 0.401787 -0.634925 -0.042018
v 0.287350 0.554300 0.211050
v -0.031843 -0.678957 -0.092809
v 0.546226 -0.553387 -0.107459
v 0.379647 -0.589674 -0.150409
v 0.484563 -0.553386 -0.147369
v 0.986327 -0.082427 0.054491
v 0.982876 0.041055 0.065311
v 0.980897 -0.124669 0.014737
v 0.979405 0.138698 0.000159
v 0.967435 0.140686 -0.054929
v 0.966653 0.014407 -0.098041
v 0.957088 0.099697 -0.096924
v 0.958521 0.180357 -0.040923
v 0.903275 -0.083144 -0.162678
v 0.894338 0.042093 -0.175342
v 0.504112 0.338480 -0.285008
v 0.430809 0.303285 -0.315606
v 0.369864 0.386494 -0.296439
v 0.316505 0.273215 -0.344712
v 0.289844 0.348348 -0.325838
v 0.107133 0.370663 -0.335417
v -0.000129 0.565446 -0.234534
v 0.053605 0.248327 -0.372405
v 0.022475 0.320851 -0.354299
v -0.123992 0.543931 -0.245556
v -0.369832 0.273439 -0.325292
v -0.227127 0.200874 -0.371004
v 0.114382 0.693858 0.000000
v -0.182441 0.062964 -0.359270
v -0.286442 0.066034 -0.351532
v -0.716535 0.110703 -0.270402
v -0.787608 0.107675 -0.237333
v -0.818658 -0.083240 -0.223597
v -0.723496 -0.152483 -0.245396
v -0.617402 -0.090250 -0.309221
v -0.644454 -0.156904 -0.278665
v 0.982573 -0.040849 0.065548
v -0.286367 -0.066354 -0.353095
v -0.473536 -0.358142 -0.270979
v -0.492756 -0.416308 -0.241073
v -0.186573 -0.064086 -0.380407
v -0.292787 -0.335902 -0.320025
v -0.336259 -0.519289 -0.230968
v 0.615660 0.231007 -0.285008
v 0.792032 0.042093 -0.241556
v 0.581539 0.154709 -0.311926
v 0.792032 -0.042093 -0.241556
v 0.677591 0.028430 -0.292367
v 0.589369 0.071204 -0.311966
v 0.364993 0.516005 0.219622
v 0.465860 -0.013230 -0.326840
v 0.548464 -0.137439 -0.308179
v 0.461141 -0.094221 -0.324110
v 0.286923 -0.064412 -0.358813
v 0.204322 -0.026387 -0.375593
v -0.163997 -0.558468 -0.230969
v 0.180218 -0.430435 -0.287915
v 0.335826 -0.501234 -0.236572
v 0.127667 -0.320990 -0.347440
v 0.212934 -0.363206 -0.315783
v 0.443116 -0.469638 -0.236010
v 0.098408 -0.128406 -0.390397
v 0.146476 -0.182715 -0.380830
v 0.369095 -0.572469 -0.174726
v 0.474011 -0.536182 -0.171687
v -0.468404 -0.447914 0.227266
v 0.936402 -0.242659 0.060782
v 0.606053 0.546893 0.053912
v 0.544352 0.562391 0.092809
v 0.501291 -0.440204 0.236261
v -0.895695 0.122419 -0.161967
v -0.895695 -0.122420 -0.161967
v -0.818658 0.083240 -0.223597
v 0.894338 -0.042093 -0.175342
v 0.329588 0.504420 0.239954
v -0.435451 -0.136789 0.345126
v -0.504112 0.338480 0.285009
v 0.676639 0.089125 0.288822
v -0.969932 -0.013905 -0.111632
v -0.525144 0.349176 0.274721
v 0.163997 0.558468 0.230969
v 0.017198 0.538601 0.253960
v -0.420669 0.462332 0.247298
v -0.585186 0.375969 0.241652
v -0.530653 -0.070165 0.328534
v -0.520973 -0.151793 0.325938
v -0.636692 0.241703 0.274720
v -0.647983 -0.191160 0.277768
v -0.691648 0.273396 0.241652
v -0.738280 -0.068854 0.255859
v -0.726847 -0.149733 0.252362
v -0.144582 -0.182101 0.374677
v -0.036014 -0.207158 0.376037
v 0.043841 -0.322731 0.385925
v -0.431235 -0.304235 0.318878
v 0.017845 -0.432072 0.344562
v -0.501013 -0.336750 0.282813
v -0.186917 -0.472861 0.328652
v -0.064072 -0.480424 0.321721
v -0.586767 -0.400439 0.219628
v -0.929675 0.236555 -0.054339
v -0.344423 -0.474434 0.243137
v 0.191543 -0.197697 0.375008
v 0.227500 -0.269666 0.358290
v 0.337065 -0.206111 0.356615
v 0.469964 -0.068108 0.349921
v 0.303143 -0.353882 0.358554
v 0.373256 -0.277990 0.334486
v 0.572270 -0.068109 0.324630
v 0.524308 -0.301795 0.292367
v 0.392767 -0.505762 0.226131
v 0.465501 -0.424114 0.256665
v 0.545175 -0.364439 0.261344
v 0.787522 -0.107651 0.237298
v 0.932309 0.188606 0.092808
v 0.930013 0.234228 0.053916
v 0.808139 0.301873 0.038266
v 0.808098 0.305499 -0.036718
v 0.764528 0.323992 -0.000312
v 0.552466 0.493285 0.163745
v 0.673526 0.512341 0.000162
v 0.624013 0.540296 0.040923
v 0.560171 0.538604 0.119729
v 0.493122 0.542836 0.153049
v 0.031844 0.678957 0.092809
v -0.034187 0.649307 0.146336
v -0.031085 0.691806 0.053912
v -0.099724 0.667974 0.109526
v -0.424692 0.593527 0.123842
v -0.462040 0.551460 0.160652
v -0.508681 0.596421 0.040923
v -0.606211 0.523824 0.104935
v -0.621840 0.467571 0.161969
v -0.918480 0.070523 0.150408
v -0.981353 0.124075 -0.013071
v -0.980633 0.070416 0.069133
v -0.960299 0.027986 0.111082
v -0.986818 0.080061 -0.052107
v -0.965524 -0.100036 0.095851
v -0.996379 -0.098450 0.013324
v -0.975983 -0.140716 0.053887
v 0.005277 -0.678962 -0.093461
v -0.612792 -0.457778 0.154348
v -0.312973 -0.633048 0.106441
v -0.326230 -0.657007 0.014051
v -0.264541 -0.662514 0.057180
v -0.312766 -0.634130 -0.111955
v -0.247932 -0.666990 -0.065303
v 0.438010 -0.572138 0.150487
v 0.555938 -0.499592 0.170284
v 0.656612 -0.499754 0.127838
v 0.662172 -0.440632 0.163278
v -0.106607 -0.513010 -0.267601
v 0.799958 -0.430488 -0.008679
v 0.775218 -0.411171 -0.089484
v 0.823091 -0.385201 -0.052835
v 0.906483 -0.292341 0.002199
v 0.937369 -0.259135 0.048496
v 0.918721 -0.216570 0.095840
v 0.193280 0.678958 0.052899
v 0.490092 0.608406 0.000000
v 0.134451 0.691806 0.012989
v 0.541245 0.582390 -0.040923
v 0.208091 0.678979 -0.042018
v 0.089281 0.691811 -0.040923
v -0.047229 0.687528 0.067529
v 0.188008 0.633293 -0.150457
v 0.072663 0.647072 -0.147369
v -0.758666 0.417771 0.101295
v -0.736816 0.457402 0.065025
v -0.829593 0.371168 0.065303
v -0.899062 0.288670 -0.056230
v -0.792869 0.389985 -0.099778
v -0.858234 0.315822 -0.097670
v -0.932308 0.188607 -0.092808
v -0.660948 0.438919 -0.162678
v -0.849006 0.215696 -0.169958
v -0.885567 0.144372 -0.164499
v -0.825444 -0.383103 0.000849
v -0.912343 -0.273217 -0.040923
v -0.858195 -0.348349 -0.042018
v -0.797922 -0.370664 -0.111675
v -0.856694 -0.248328 -0.147368
v -0.802284 -0.320853 -0.150409
v -0.493619 -0.543932 -0.154180
v 0.313166 -0.635186 0.111971
v 0.187016 -0.678979 -0.055659
v -0.050578 -0.673208 -0.104935
v 0.120701 -0.672256 -0.096560
v -0.108892 -0.650136 -0.139385
v 0.399926 -0.119180 -0.335773
v -0.208722 -0.449673 -0.293873
v 0.387043 -0.195051 -0.328120
v 0.151640 -0.586100 -0.208446
v 0.759729 0.312784 -0.187818
v 0.819715 -0.181721 -0.202647
v -0.311623 -0.456759 -0.273932
v 0.687377 0.349582 -0.209927
v -0.239077 0.514886 -0.251522
v 0.468339 0.541512 0.160940
v -0.056205 0.053377 -0.367777
v -0.785167 0.236364 -0.206101
v -0.340761 0.549465 -0.192197
v -0.185583 0.592500 -0.198165
v 0.223073 0.580743 -0.227061
v 0.659862 0.409254 -0.187969
v 0.924088 -0.254489 -0.038968
v 0.773276 0.345911 -0.150173
v 0.958647 0.117582 0.088334
v -0.204621 -0.643516 -0.132437
v -0.415608 -0.604890 -0.111120
v -0.656169 0.514280 0.064084
v -0.592412 0.404176 0.223599
v -0.953032 0.202158 -0.013444
v 0.631326 0.536558 -0.038969
v 0.712046 0.405867 -0.150367
v 0.136480 0.674544 0.088335
v 0.022776 0.672444 -0.107459
v 0.403880 -0.542176 0.193327
v -0.437415 -0.570736 -0.150044
v -0.558569 0.463606 0.198390
v 0.561577 0.446357 0.201618
v 0.154882 -0.342578 0.381646
v 0.423687 0.000000 0.361351
v -0.585803 -0.297336 0.266431
v -0.666088 -0.363286 0.212904
v 0.314934 -0.077809 -0.352899
v -0.658862 0.335080 0.230958
v 0.467952 0.068164 0.345883
v 0.567713 0.067992 0.320336
v 0.433583 0.255885 0.326088
v 0.599097 0.179211 0.280300
v 0.528655 0.246616 0.269584
v 0.760780 0.153976 0.242936
v 0.474692 0.457511 0.234534
v 0.335167 0.515631 0.226411
v -0.146989 0.271129 0.358126
v -0.256925 0.242406 0.352714
v -0.015114 0.485684 0.286740
v -0.760651 0.437592 0.065303
v -0.262967 -0.650137 -0.101296
v -0.212015 -0.673209 -0.065025
v -0.634016 0.481165 0.139385
v 0.982486 0.081177 0.052941
v 0.432597 -0.080227 -0.330733
v 0.474692 -0.457511 0.234534
v 0.181826 0.615202 -0.175464
v 0.291914 -0.231460 -0.349590
v 0.066754 0.628812 -0.171687
v 0.301084 -0.513254 -0.240125
v 0.010670 -0.238919 0.372216
v -0.666088 0.363286 0.212904
v -0.545210 -0.193274 0.325042
v -0.610133 -0.227448 0.279863
v 0.219178 -0.608403 -0.175343
v 0.333560 -0.582387 -0.175343
v 0.517566 -0.539364 -0.146336
v 0.607034 -0.496706 -0.140877
v 0.989222 0.027427 0.053423
v 0.977014 -0.138651 0.000832
v 0.999319 -0.013718 0.013762
v 0.983991 0.124991 0.013347
v 0.958521 -0.180357 -0.040923
v 0.950662 0.127383 -0.096560
v 0.924105 0.206297 -0.093460
v 0.874965 -0.149875 -0.171686
v 0.891845 -0.068815 -0.174725
v 0.908902 0.028062 -0.163691
v 0.585236 0.376026 -0.241720
v 0.525144 0.349176 -0.274720
v 0.322814 0.473986 -0.269252
v 0.279947 0.371989 -0.318041
v 0.245876 0.438042 -0.298691
v 0.146933 0.551834 -0.256320
v 0.063790 0.459877 -0.298970
v 0.035921 0.562394 -0.236269
v 0.012121 0.345164 -0.346848
v -0.019493 0.413273 -0.321556
v -0.163997 0.558469 -0.230968
v -0.331658 0.510088 -0.223802
v -0.514996 0.279722 -0.301997
v -0.371807 0.205614 -0.342594
v -0.482536 0.209791 -0.327965
v -0.768288 0.174643 -0.234533
v -0.149761 0.061369 -0.362763
v -0.266004 0.087960 -0.354663
v -0.808529 0.105193 -0.226129
v -0.651386 -0.178222 -0.267821
v -0.674944 -0.241896 -0.239411
v -0.343874 -0.157269 -0.350380
v 0.658862 0.335080 -0.230958
v -0.154460 -0.063394 -0.392887
v -0.236809 -0.153086 -0.362048
v -0.329457 -0.419789 -0.285423
v -0.329981 -0.505763 -0.241652
v 0.691648 0.273396 -0.241652
v 0.636692 0.241702 -0.274720
v 0.987533 -0.097597 0.014500
v 0.789538 -0.068815 -0.240940
v 0.559061 0.084931 -0.317789
v 0.466046 0.124874 -0.330552
v 0.775191 -0.149875 -0.236260
v 0.347405 0.038939 -0.345179
v 0.392518 0.505080 0.225321
v 0.346578 -0.038919 -0.348662
v -0.157719 -0.544941 -0.241652
v -0.131642 -0.498561 -0.274720
v -0.025889 -0.554061 -0.242937
v 0.187296 -0.536186 -0.238121
v 0.284772 -0.478585 -0.252205
v 0.237351 -0.372565 -0.300538
v 0.313139 -0.405917 -0.267002
v 0.209418 -0.188606 -0.375058
v 0.260224 -0.243897 -0.359177
v 0.371489 -0.567969 0.178870
v 0.123992 0.543930 0.245557
v 0.470378 -0.546266 0.164918
v -0.199017 -0.085796 -0.375453
v 0.182102 -0.615001 -0.174726
v 0.964573 0.025833 0.101295
v 0.980192 0.066886 0.065027
v 0.999885 0.013775 0.013843
v 0.990834 0.098568 0.013908
v 0.949530 -0.193084 -0.053912
v -0.341676 0.449141 -0.258684
v 0.912628 -0.231007 -0.092808
v 0.938361 -0.140024 -0.109525
v 0.862437 -0.250631 -0.140876
v 0.892748 -0.177887 -0.146335
v 0.892022 0.137183 -0.160651
v 0.601740 0.384460 -0.231122
v -0.696534 0.269181 -0.240940
v 0.302642 0.528375 -0.274184
v 0.234992 0.461815 -0.299437
v 0.196084 0.536867 -0.292285
v 0.020478 0.534647 -0.256665
v -0.030490 0.434961 -0.311926
v -0.060239 0.493595 -0.281329
v -0.157719 0.544942 -0.241652
v -0.326794 0.495815 -0.234513
v -0.308363 0.448270 -0.266198
v -0.441872 0.455424 -0.240097
v -0.641569 0.274257 -0.262318
v -0.517550 0.209791 -0.319309
v -0.616149 0.207933 -0.290418
v -0.752993 0.197699 -0.236260
v -0.411298 0.090941 -0.348861
v -0.616309 -0.158123 -0.289792
v -0.477026 -0.091212 -0.326004
v -0.519937 -0.159724 -0.317509
v -0.390914 -0.249480 -0.322212
v -0.249261 -0.176059 -0.357958
v -0.285007 -0.246490 -0.343321
v -0.278909 -0.380489 -0.315537
v -0.303962 -0.439696 -0.284659
v -0.356425 -0.490250 -0.244499
v 0.708086 0.281756 -0.230968
v 0.703010 -0.014031 -0.283000
v 0.566151 0.551819 -0.093876
v 0.768205 -0.174819 -0.234533
v 0.696237 -0.099321 -0.280077
v 0.742296 -0.247458 -0.225782
v 0.510614 -0.174061 -0.307968
v 0.427805 -0.132805 -0.329204
v 0.317865 -0.025752 -0.353773
v 0.231393 0.010746 -0.364044
v -0.123608 -0.481254 -0.285008
v -0.017197 -0.538601 -0.253959
v -0.091956 -0.416368 -0.303402
v 0.015663 -0.477319 -0.276702
v 0.149501 -0.542288 -0.236875
v 0.338944 -0.417675 -0.257560
v 0.418860 -0.458923 -0.242132
v 0.316253 -0.243322 -0.335708
v 0.358007 -0.290971 -0.305470
v -0.565785 0.417769 0.226131
v 0.035923 -0.562388 -0.236261
v -0.732204 -0.269491 0.223599
v 0.758146 -0.137184 -0.247297
v 0.066754 -0.628812 -0.171687
v 0.862749 -0.338490 -0.052896
v -0.833123 -0.281756 0.150044
v 0.898378 -0.303288 -0.012989
v -0.279436 -0.641711 -0.111955
v -0.595881 0.536184 0.092809
v 0.710953 0.452234 -0.048889
v 0.270305 0.088064 0.375896
v -0.443109 -0.558470 -0.161969
v -0.779302 0.311276 -0.174726
v 0.837669 -0.247563 -0.164500
v 0.867979 -0.174819 -0.169959
v -0.065292 -0.432491 -0.297505
v -0.601624 0.384329 0.230969
v -0.360103 -0.592501 -0.155021
v -0.691648 -0.273396 0.241652
v -0.170714 -0.365611 -0.318181
v 0.491464 -0.247205 -0.293898
v 0.006412 -0.601871 -0.202648
v 0.391352 -0.279570 -0.301357
v 0.782011 -0.272449 -0.193326
v -0.716562 0.485403 0.013303
v -0.457274 -0.515122 -0.198390
v -0.208722 0.449673 -0.293873
v -0.708610 0.327354 -0.209677
v 0.435950 -0.068108 0.356951
v 0.380848 0.559894 -0.248000
v 0.647816 0.403145 -0.198355
v 0.874298 -0.299304 -0.088334
v 0.937548 0.062630 0.132436
v 0.234914 -0.625181 0.152044
v 0.334904 -0.602439 0.152045
v -0.844160 -0.318360 0.111119
v -0.321079 -0.612348 -0.143097
v -0.495961 -0.595759 -0.064084
v -0.732749 -0.402980 0.143097
v -0.602299 0.556394 0.012989
v -0.923231 0.256772 0.038673
v 0.674727 0.487142 -0.087519
v 0.204621 0.643516 0.132437
v 0.351984 -0.565641 0.187818
v 0.193774 -0.599583 0.185614
v -0.777465 -0.306643 0.178870
v -0.802490 -0.228594 0.198389
v -0.436741 0.514278 0.206102
v 0.640680 0.347097 0.170043
v 0.287749 -0.555702 0.212904
v -0.131642 0.498561 -0.274720
v 0.192355 -0.421813 0.329219
v 0.262550 -0.565640 0.209927
v 0.285779 0.000000 0.382480
v -0.658862 -0.335080 0.230958
v 0.327307 0.066800 0.370618
v 0.203139 0.153053 0.377968
v 0.433279 0.067984 0.353023
v 0.331248 0.342366 0.321557
v 0.507137 0.272251 0.277579
v 0.437728 0.345771 0.298540
v 0.678380 0.237456 0.222730
v 0.572635 0.371463 0.220793
v 0.501291 0.440204 0.236261
v -0.099623 0.305432 0.356615
v 0.047712 0.396667 0.327851
v -0.068560 0.378369 0.334259
v -0.170763 0.459882 0.292368
v -0.020479 0.534646 0.256665
v -0.135045 0.519148 0.261345
v -0.474912 0.457399 0.234534
v -0.546775 0.411169 0.237335
v 0.183138 0.554773 -0.276830
v -0.555576 0.083318 0.316603
v -0.622250 0.206297 0.288823
v -0.633640 0.124645 0.290407
v -0.632852 -0.239948 0.271175
v -0.708086 0.281756 0.230968
v -0.723013 -0.176322 0.251756
v -0.700696 -0.250631 0.245556
v -0.063066 -0.223470 0.372758
v -0.260219 -0.249273 0.378690
v -0.146737 -0.279476 0.384464
v 0.055316 -0.355312 0.395346
v 0.084332 -0.424401 0.355667
v -0.521766 -0.346490 0.271178
v -0.025213 -0.483874 0.321522
v 0.091252 -0.496430 0.323417
v -0.577915 -0.372050 0.237533
v -0.194867 -0.511767 0.248668
v 0.327793 -0.066422 0.375058
v 0.238937 -0.294104 0.355691
v 0.428720 -0.113892 0.352264
v 0.278849 -0.378791 0.364856
v 0.397914 -0.255794 0.335419
v 0.468040 -0.185294 0.332186
v 0.613003 -0.207053 0.288149
v 0.366070 -0.519289 0.223599
v -0.699418 -0.331174 0.212904
v 0.570875 -0.342367 0.262318
v 0.641567 -0.274258 0.262318
v 0.916298 0.128737 0.139177
v 0.930287 0.174357 0.104934
v 0.747656 0.339958 0.079179
v 0.648661 0.406292 0.153708
v 0.753067 0.333981 0.011241
v 0.726208 0.379918 0.045259
v 0.578513 0.475493 0.164710
v -0.366071 -0.519290 -0.223599
v 0.730200 0.405023 -0.058059
v 0.685594 0.499577 -0.012423
v 0.108892 0.650136 0.139385
v 0.050579 0.673208 0.104935
v -0.116352 0.659517 0.122829
v -0.166150 0.626973 0.162636
v -0.289499 0.667975 -0.013303
v -0.505744 0.523823 0.169960
v -0.281901 0.651608 -0.089484
v -0.342497 0.649309 -0.053213
v -0.555759 0.572472 0.053912
v -0.565855 0.551461 0.093461
v -0.595212 0.481164 0.164500
v -0.955536 0.179042 0.040359
v -0.975723 0.137822 0.000043
v -0.947952 0.013963 0.124872
v -0.908902 -0.028062 0.163692
v -0.901599 -0.151583 0.147368
v -0.964847 -0.154625 0.067415
v -0.920655 -0.192635 0.107459
v -0.827429 -0.269491 0.161969
v -0.576295 -0.513673 0.109688
v -0.511524 -0.506707 0.144244
v -0.221064 -0.612552 0.155422
v -0.393762 -0.631872 -0.065025
v -0.242745 -0.661369 0.072549
v -0.176365 -0.647401 0.112333
v -0.333165 -0.634171 -0.101296
v -0.172119 -0.687529 -0.013303
v 0.443452 -0.559281 0.162225
v 0.669763 -0.512078 0.106277
v 0.694084 -0.523079 0.021806
v 0.739741 -0.506480 0.069619
v 0.856080 -0.395010 0.049408
v 0.837293 -0.375661 -0.039393
v 0.872066 -0.342979 0.003073
v 0.908182 -0.152081 0.140875
v 0.262968 0.650137 0.101296
v 0.212015 0.673209 0.065025
v 0.555759 0.572472 -0.053913
v 0.418838 0.626253 -0.055659
v 0.596199 0.536551 -0.093231
v 0.466875 0.593577 -0.096619
v 0.334894 0.587590 -0.183750
v 0.219453 0.608683 -0.177017
v 0.034188 0.649307 -0.146336
v -0.074013 0.651608 -0.140877
v -0.726486 0.469761 0.052899
v -0.822309 0.384378 0.053213
v -0.689680 0.504363 0.012989
v -0.793754 0.424719 0.010500
v -0.905654 0.295203 -0.002386
v -0.925411 0.252061 -0.041481
v -0.876749 0.290454 -0.096786
v -0.920844 0.213321 -0.093460
v -0.758881 0.351265 -0.163692
v -0.833711 0.238752 -0.171686
v -0.785513 -0.384331 0.111954
v -0.730096 -0.475068 0.000111
v -0.835602 -0.370841 -0.041732
v -0.756517 -0.432674 -0.040133
v -0.697271 -0.460045 -0.110931
v -0.524366 -0.565449 -0.104935
v -0.780991 -0.345166 -0.150781
v -0.710299 -0.413275 -0.150781
v -0.457815 -0.570777 -0.139385
v 0.344060 -0.647991 -0.056024
v 0.160304 -0.667979 -0.096925
v 0.279141 -0.647990 -0.098042
v -0.125361 -0.641710 -0.150044
v 0.014750 -0.641617 -0.157819
v 0.802050 -0.375971 -0.101296
v -0.899027 -0.241704 0.104934
v -0.550836 -0.385574 0.241179
v -0.490092 0.608406 0.000000
v 0.493891 -0.328959 -0.264679
v 0.483531 0.552050 -0.192555
v -0.555411 -0.498563 -0.169959
v -0.849661 -0.273396 0.139385
v 0.827429 -0.269491 -0.161969
v 0.166166 -0.627039 -0.162679
v 0.640264 -0.467571 -0.150044
v 0.958213 0.012265 0.111953
v 0.996962 -0.028070 0.000037
v 0.967521 -0.154342 -0.040923
v 0.986801 -0.071282 -0.042017
v 0.899027 -0.241703 -0.104934
v 0.956778 -0.028430 -0.111675
v 0.849661 -0.273396 -0.139385
v 0.901600 -0.151583 -0.147368
v 0.918480 -0.070523 -0.150408
v 0.856086 0.236947 -0.154180
v 0.447451 0.479899 -0.252524
v 0.339284 0.514617 -0.266263
v 0.262254 0.334315 -0.334260
v 0.202832 0.213320 -0.371248
v 0.175877 0.288090 -0.356615
v -0.093860 0.422620 -0.315605
v -0.071009 0.511234 -0.270402
v -0.097086 0.557615 -0.237334
v -0.301139 0.430885 -0.276686
v -0.436920 0.438845 -0.250876
v -0.276349 0.374069 -0.306981
v -0.417497 0.383165 -0.282461
v -0.605421 0.359935 -0.241556
v -0.676113 0.291826 -0.241556
v -0.646668 0.206112 -0.280077
v -0.728547 0.200953 -0.247297
v -0.549127 0.091760 -0.319922
v -0.809446 0.063394 -0.230967
v 0.664520 0.377928 0.145797
v -0.646206 -0.243371 -0.249068
v -0.529516 -0.182065 -0.307433
v -0.557248 -0.248244 -0.279550
v -0.434466 -0.340923 -0.293375
v -0.473220 -0.455210 -0.232211
v -0.295925 -0.268943 -0.334796
v -0.327845 -0.337066 -0.312503
v -0.392768 -0.505763 -0.226130
v 0.588663 0.042747 -0.307734
v 0.672970 -0.085263 -0.290092
v 0.585789 -0.042050 -0.302178
v 0.732014 -0.269353 -0.223147
v 0.659270 -0.225798 -0.256014
v 0.538616 -0.188537 -0.303505
v -0.106923 -0.570775 -0.226131
v -0.000128 -0.565446 -0.234534
v 0.590968 0.344776 0.207595
v 0.042786 -0.491213 -0.268909
v 0.123167 -0.530022 -0.244843
v -0.051981 -0.328391 -0.333043
v 0.110002 -0.281258 -0.362650
v 0.053965 -0.160538 -0.387922
v 0.136957 -0.206489 -0.377283
v 0.417045 -0.291883 -0.291574
v 0.461170 -0.339700 -0.266865
v -0.837669 -0.247563 0.164500
v -0.320661 0.417532 0.286137
v -0.174369 0.511866 0.262319
v -0.286216 0.480912 0.258571
v -0.443179 0.469759 0.236261
v -0.560384 -0.028322 0.320486
v -0.636985 0.097341 0.291626
v -0.641570 0.014038 0.293443
v 0.133860 0.083239 0.392888
v -0.741165 0.187334 0.240948
v -0.768205 -0.174819 0.234533
v -0.708086 -0.281756 0.230968
v -0.110193 -0.288340 0.385662
v 0.005721 -0.314206 0.386177
v 0.094518 -0.435799 0.334817
v -0.604796 -0.544669 -0.052831
v -0.399341 -0.404357 0.298203
v -0.896850 0.308077 0.010876
v 0.127435 -0.497353 0.315766
v -0.596073 -0.380178 0.227293
v -0.466186 -0.428668 0.253984
v -0.046290 -0.541490 0.252437
v 0.138735 -0.568022 0.223517
v 0.187435 -0.063394 0.390397
v 0.293162 -0.066422 0.379757
v 0.285776 -0.394671 0.344179
v 0.489744 -0.161579 0.330389
v 0.553681 -0.090812 0.327850
v 0.304335 -0.440678 0.285916
v 0.689242 -0.112424 0.281328
v 0.663614 -0.250328 0.261344
v 0.716814 -0.178229 0.254416
v 0.909710 0.114748 0.149721
v 0.917026 0.182716 0.117912
v 0.861996 0.207233 0.156082
v 0.725135 0.303617 0.142552
v 0.685070 0.387794 0.126143
v 0.719537 0.399600 0.058386
v 0.687941 0.450272 0.103913
v 0.739909 0.397677 -0.094106
v 0.717822 0.436294 -0.059590
v 0.704324 0.471418 -0.012094
v 0.125361 0.641710 0.150044
v -0.120700 0.672257 0.096560
v -0.131433 0.691812 0.013641
v -0.187015 0.678980 0.055659
v -0.369095 0.572469 0.174726
v -0.364659 0.645750 0.042018
v -0.474011 0.536182 0.171687
v -0.362014 0.647074 -0.039910
v -0.420399 0.633263 0.000000
v -0.541245 0.582390 0.040923
v -0.607034 0.496706 0.140877
v -0.912466 0.230888 0.092755
v -0.945965 0.192131 0.053555
v -0.991057 0.069538 0.041319
v -0.994531 0.066855 -0.039174
v -1.003236 0.026230 0.000475
v -0.867978 -0.174819 0.169959
v -0.905451 -0.205255 0.119729
v -0.856085 -0.236947 0.154180
v -0.501923 -0.523993 0.136755
v -0.536010 -0.573592 0.067490
v -0.470798 -0.573296 0.110501
v -0.471927 -0.614759 -0.012995
v -0.413747 -0.628814 -0.052899
v -0.154205 -0.641497 0.125244
v -0.088158 -0.621411 0.160932
v -0.089453 -0.690191 0.040473
v 0.108509 -0.623309 0.156356
v 0.687459 -0.439769 0.152177
v 0.747412 -0.490123 0.088036
v 0.758976 -0.430803 0.119417
v 0.858151 -0.319336 0.100798
v 0.764913 -0.404177 -0.111955
v 0.849146 -0.349184 -0.065023
v 0.880880 -0.331851 0.018031
v 0.915622 -0.298385 0.063886
v -0.809446 -0.063394 -0.230967
v 0.279437 0.641711 0.111955
v 0.265766 0.665798 -0.056024
v 0.606884 0.524597 -0.105825
v 0.431225 0.606382 -0.096949
v 0.318288 0.639086 -0.098042
v 0.635499 0.482835 -0.141308
v 0.536126 0.538235 -0.173972
v 0.372535 0.579885 -0.186127
v -0.863782 0.340143 0.051851
v -0.675166 0.514281 0.000000
v -0.817317 0.402905 0.010242
v -0.878965 0.332662 0.010568
v -0.624012 0.540297 -0.040923
v -0.641569 0.499372 -0.109526
v -0.487268 0.557616 -0.140877
v -0.572873 0.511236 -0.146335
v -0.688189 0.402030 -0.175343
v -0.758881 0.333921 -0.175343
v -0.836855 0.256037 -0.160652
v -0.802050 -0.375971 0.101295
v -0.849142 -0.349178 0.065025
v -0.730696 -0.453495 -0.039628
v -0.651223 -0.519996 -0.039542
v -0.582891 -0.534328 -0.107306
v -0.683847 -0.434964 -0.150409
v -0.602123 -0.493598 -0.147368
v -0.469806 -0.544943 -0.164500
v 0.242853 -0.649425 0.060860
v 0.349101 -0.629904 0.063820
v 0.490692 -0.601949 -0.054498
v 0.318288 -0.639086 -0.098042
v 0.431214 -0.606362 -0.096925
v -0.077498 -0.634170 -0.164500
v 0.030703 -0.631870 -0.169960
v -0.235923 -0.286197 -0.334653
v -0.129258 -0.276175 -0.346419
v -0.268516 -0.357899 -0.321812
v 0.582279 -0.292720 -0.255668
v -0.128509 -0.604807 -0.193327
v -0.773760 0.000000 -0.252322
v -0.563767 -0.449675 -0.206102
v -0.862353 -0.059540 -0.198163
v -0.172014 0.370589 -0.331237
v -0.862353 0.059539 -0.198163
v -0.614822 0.411775 -0.208445
v 0.517059 0.516177 -0.237417
v 0.788853 -0.331174 -0.155021
v -0.544351 -0.562391 -0.092809
v -0.311020 0.374927 -0.298804
v 0.693407 -0.463607 -0.111120
v -0.776812 -0.349582 0.152044
v -0.901498 -0.277912 0.064083
v 0.811085 -0.335080 -0.132437
v -0.569764 -0.572869 -0.012999
v -0.715014 -0.409122 0.152045
v -0.533906 0.586104 -0.038968
v -0.874298 0.299304 0.088334
v -0.335350 0.500581 0.238205
v 0.701721 0.431768 -0.130269
v -0.081649 -0.394171 -0.309478
v 0.069468 -0.597314 0.198322
v -0.659742 -0.409121 0.187818
v -0.759730 -0.312785 0.187818
v -0.833687 -0.131831 0.206101
v -0.297265 0.552410 0.207105
v 0.176371 0.612347 0.178870
v 0.613098 -0.228882 -0.278999
v 0.729901 0.264482 0.183392
v 0.886344 0.071921 0.178815
v -0.742444 -0.247563 0.226130
v 0.226184 -0.490198 0.282769
v 0.233819 -0.567968 0.212904
v -0.123608 0.481254 -0.285008
v 0.152221 0.000000 0.394654
v -0.687377 -0.349582 0.209927
v 0.065061 0.139767 0.383567
v 0.188048 0.063885 0.387594
v 0.292061 0.066196 0.375227
v 0.238225 0.154985 0.377284
v 0.412413 0.090745 0.354443
v 0.348142 0.160144 0.362650
v 0.411660 0.366819 0.296939
v 0.330180 0.422923 0.288824
v 0.655345 0.272376 0.197541
v 0.585309 0.324157 0.211911
v -0.037583 0.120998 0.384161
v -0.249704 0.267588 0.349137
v -0.107133 0.370661 0.335417
v -0.224574 0.343949 0.335417
v -0.109347 -0.235189 -0.371054
v -0.009807 -0.018284 -0.383975
v 0.014706 -0.012833 -0.380511
v 0.621133 -0.313620 -0.239131
v 0.014286 0.004958 -0.375131
v 0.111897 0.053829 -0.366755
v -0.727445 0.000000 -0.273295
v -0.024746 -0.003198 -0.378498
v 0.778885 0.244562 0.185867
v -0.614822 -0.411776 -0.208445
v -0.151945 0.327353 -0.347292
v -0.009713 0.010841 -0.373923
v -0.563767 0.449674 -0.206102
v 0.570488 0.478705 -0.216727
v 0.204621 -0.643516 0.132437
v -0.176371 -0.612347 -0.178870
v 0.773948 -0.363287 -0.143096
v 0.676871 -0.489623 -0.088315
v 0.254419 -0.627509 0.143096
v -0.247242 0.575243 0.195613
v -0.602299 -0.556394 0.012989
v -0.720743 0.381713 0.169940
v -0.495961 0.595759 -0.064084
v -0.741342 0.361866 0.169940
v 0.861436 -0.101339 0.193326
v 0.206041 -0.627388 0.154884
v 0.000705 -0.591866 0.204203
v -0.843167 -0.080164 0.208445
v -0.735648 0.349600 0.181865
v -0.702318 0.381712 0.181865
v -0.223638 0.568380 0.206856
v 0.778265 0.229492 0.199284
v 0.240697 -0.521762 0.262708
v 0.862353 -0.059540 0.198164
v -0.114281 0.057750 0.384781
v -0.711530 0.361866 0.189234
v 0.098646 0.019846 0.397146
v -0.741646 0.022140 -0.266910
v 0.086446 0.186085 0.377676
v 0.130983 0.021131 0.395727
v 0.110598 0.167771 0.379916
v 0.251884 0.178845 0.372406
v 0.227149 0.200952 0.371248
v 0.689242 0.112424 0.281328
v 0.729949 0.087554 0.267600
v 0.716535 0.110704 0.270402
v 0.731836 0.251073 0.198976
v 0.546421 0.377880 0.237782
v 0.040634 0.156926 0.380979
v 0.051021 0.180207 0.378424
v -0.277052 0.281979 0.340624
v -0.312543 0.271362 0.337751
v -0.392862 0.396093 0.283476
v -0.236430 0.552687 0.217687
v -0.345916 0.428590 0.275791
v -0.382446 0.418455 0.275264
v -0.117591 0.034327 0.385349
v -0.233351 0.012096 0.377114
v -0.234177 -0.013529 0.378962
v -0.557717 -0.083859 0.319429
v -0.586602 -0.042050 0.310733
v -0.584738 -0.069692 0.309715
v -0.753005 0.135913 0.244333
v -0.823628 -0.094196 0.218865
v -0.818846 -0.121215 0.217305
v -0.251459 -0.276801 0.383137
v -0.316732 -0.279315 0.367751
v -0.280001 -0.290363 0.368992
v -0.333005 -0.446516 0.315912
v 0.200879 -0.508897 0.280599
v -0.387716 -0.425324 0.285242
v -0.354965 -0.444966 0.292012
v 0.023667 -0.583874 0.214373
v 0.026253 -0.551423 0.249883
v 0.130983 -0.021131 0.395727
v 0.336703 -0.349581 0.338675
v 0.260853 -0.492856 0.276215
v 0.344596 -0.369821 0.324505
v 0.266983 -0.509525 0.266099
v 0.716535 -0.110704 0.270402
v 0.729949 -0.087554 0.267600
v 0.904779 0.206529 0.119700
v 0.920845 0.213320 0.093460
v 0.906582 0.222955 0.107459
v 0.754148 0.261420 0.178366
v -0.587232 -0.415088 -0.218866
v -0.587232 0.415087 -0.218866
v 0.669465 0.420023 0.134953
v 0.650156 0.427023 0.148255
v 0.722891 0.409105 -0.129177
v 0.683925 0.501723 0.013712
v 0.596393 -0.326504 -0.241434
v -0.154802 0.654913 0.123842
v -0.160303 0.667980 0.096925
v -0.177810 0.659076 0.110931
v -0.284625 0.567956 0.196246
v -0.560675 -0.434980 -0.217306
v -0.399209 0.628179 0.069658
v -0.481879 0.604739 -0.052272
v -0.401787 0.634925 0.042018
v -0.418838 0.626253 0.055659
v -0.857019 0.297799 0.113435
v -0.873474 0.287234 0.101951
v -0.987482 0.041441 0.069120
v -0.857730 -0.094196 0.196794
v -0.996438 0.040933 0.041349
v -0.994448 0.026889 0.055120
v -0.852103 -0.121215 0.195781
v -0.987039 -0.014653 -0.088496
v -0.926576 -0.242505 0.052609
v -0.914274 -0.255147 0.065574
v -0.571258 -0.571007 0.013505
v -0.469908 -0.538827 0.142367
v -0.448052 -0.536356 0.155880
v -0.554342 -0.579114 0.000257
v -0.362015 -0.647074 -0.039910
v 0.013254 -0.602997 0.191345
v -0.359482 -0.641618 -0.065303
v -0.342498 -0.649309 -0.053213
v -0.048798 -0.678671 0.066084
v 0.047760 -0.605473 0.188351
v 0.714371 -0.418243 0.152769
v 0.713385 -0.398593 0.164487
v 0.703728 -0.470625 -0.088641
v 0.859702 -0.282335 0.123673
v 0.710994 -0.457391 -0.100739
v 0.875027 -0.293291 0.099564
v 0.875947 -0.275017 0.111001
v 0.879609 -0.093731 0.181185
v 0.319085 0.643152 0.089484
v 0.281902 0.651608 0.089484
v -0.924088 -0.254489 0.038968
v 0.244126 0.665798 -0.070030
v 0.204514 0.672461 -0.069658
v 0.686662 0.436040 -0.144582
v 0.542646 0.520481 -0.225356
v 0.467289 0.560371 -0.172405
v -0.841149 0.331990 0.100738
v -0.856846 0.323059 0.088648
v -0.730590 0.477243 -0.001456
v -0.545981 0.577432 -0.052609
v -0.715685 0.486835 -0.014756
v -0.525414 0.582598 -0.065575
v -0.697363 0.460505 -0.111098
v -0.647920 0.485688 -0.122829
v -0.675161 0.466143 -0.123842
v -0.867178 0.208088 -0.157818
v -0.897646 -0.290971 0.052271
v -0.909525 -0.279239 0.038968
v -0.616913 -0.548968 0.000000
v -0.900807 -0.284230 -0.054929
v -0.599861 -0.557640 -0.013641
v -0.919519 -0.243898 -0.067529
v -0.904593 -0.268821 -0.068563
v -0.614822 -0.429120 -0.196795
v -0.560170 -0.538604 -0.119729
v -0.531635 -0.554064 -0.117910
v 0.240538 -0.637297 0.132715
v 0.262992 -0.656694 0.050227
v 0.209750 -0.675360 0.038915
v 0.246776 -0.670303 0.039255
v 0.506375 -0.590298 -0.068366
v 0.539567 -0.576639 -0.067218
v -0.144462 -0.614554 -0.181186
v 0.242742 -0.613763 -0.163692
v 0.669445 -0.478522 -0.113436
v 0.997227 0.028092 0.000074
v 0.996680 -0.014407 -0.014006
v 0.996683 0.014407 -0.014005
v 0.956778 0.028430 -0.111675
v 0.807406 -0.322879 -0.145412
v 0.947200 -0.014031 -0.124958
v 0.947200 0.014031 -0.124958
v 0.552820 0.470176 -0.225201
v 0.524957 0.488617 -0.235477
v 0.241635 0.381510 -0.318906
v 0.224574 0.343951 -0.335420
v 0.213888 0.367727 -0.327525
v 0.081011 0.063415 -0.366883
v 0.053999 0.160322 -0.386385
v -0.125867 0.344638 -0.343482
v -0.136404 0.367341 -0.335052
v -0.560675 0.434979 -0.217306
v -0.198096 0.353309 -0.335052
v -0.465504 0.424114 -0.256665
v -0.498159 0.422923 -0.247298
v -0.187558 0.330606 -0.343482
v -0.250044 0.178018 -0.365413
v -0.202553 0.153272 -0.372276
v -0.237683 0.154894 -0.370447
v -0.617350 0.090266 -0.309128
v -0.765337 0.021131 -0.255888
v -0.765337 -0.021131 -0.255888
v -0.741646 -0.022141 -0.266910
v -0.624799 -0.265859 -0.249399
v -0.633125 -0.286956 -0.240535
v -0.447646 -0.378360 -0.269403
v -0.143553 -0.235025 -0.358174
v -0.154077 -0.256711 -0.348406
v -0.407986 -0.360967 -0.290962
v -0.414832 -0.379524 -0.279020
v 0.727602 0.236947 -0.237334
v 0.700696 0.250630 -0.245556
v 0.660177 -0.492742 -0.101952
v 0.527800 0.070183 -0.318486
v 0.556990 0.028207 -0.309519
v 0.526794 0.041966 -0.315340
v 0.630725 -0.292214 -0.239750
v 0.611607 -0.280727 -0.248386
v 0.621439 -0.205585 -0.286754
v 0.187016 0.678979 -0.055659
v 0.115627 0.030693 -0.369472
v -0.154270 -0.593422 -0.201730
v 0.755820 0.232874 0.207282
v -0.027875 -0.426515 -0.298132
v -0.094069 -0.275107 -0.359241
v -0.017544 -0.404962 -0.305525
v -0.083951 -0.252489 -0.370474
v 0.166974 -0.313054 -0.350114
v 0.147184 -0.272801 -0.362650
v 0.175879 -0.288089 -0.356615
v 0.575079 -0.315884 -0.248409
v 0.511529 -0.363247 -0.249818
v 0.055670 0.049785 -0.367993
v -0.273116 0.543900 0.217265
v -0.059161 0.054108 0.389286
v -0.844160 0.318360 0.111119
v 0.058091 -0.586784 0.211429
v 0.189201 -0.636321 0.144570
v 0.099484 0.144368 0.382700
v 0.791535 -0.357070 -0.132715
v 0.853929 -0.080671 0.201728
v -0.501341 0.600135 -0.038968
v -0.687241 0.505609 -0.013641
v -0.084199 0.067570 0.386949
v 0.570088 0.500324 -0.215224
v -0.587581 -0.448664 -0.195781
v -0.587581 0.448663 -0.195781
v -0.614822 0.429119 -0.196795
v -0.044671 -0.388649 -0.311019
v 0.318499 -0.391140 0.326609
v 0.209155 -0.522793 0.266706
v -0.088350 0.582595 0.217306
v -0.126539 0.577429 0.218866
v -0.486732 0.384376 0.270403
v -0.517023 0.371166 0.267602
v -0.199091 0.074348 0.377278
v -0.227655 0.088574 0.374866
v -0.321710 0.026090 0.366654
v -0.350809 0.067262 0.362949
v -0.351685 0.040162 0.363271
v -0.575052 -0.151162 0.306304
v -0.570705 -0.177755 0.306217
v -0.831109 0.014031 0.220715
v -0.766284 0.027692 0.248583
v -0.085287 -0.069043 0.389495
v -0.101118 -0.318662 0.393863
v -0.169478 -0.327309 0.384073
v -0.131621 -0.340203 0.390045
v -0.171581 -0.490209 0.312554
v -0.238963 -0.486563 0.296377
v -0.197604 -0.490403 0.292851
v -0.083067 -0.570239 0.219716
v 0.226624 -0.556624 0.223839
v 0.434146 -0.256413 0.327965
v 0.419275 -0.301805 0.318362
v 0.444965 -0.279723 0.319309
v 0.724075 -0.498441 -0.007578
v 0.284070 -0.543653 0.223977
v 0.389674 -0.491067 0.237335
v 0.810130 -0.169679 0.212124
v 0.823544 -0.146529 0.209323
v 0.844814 0.157886 0.187223
v 0.831649 0.180623 0.189135
v 0.850490 0.246463 0.145622
v 0.827508 0.251539 0.156110
v 0.779362 0.320428 -0.035447
v 0.783015 0.348490 -0.128965
v 0.769481 0.333156 -0.046966
v 0.615521 0.536790 0.067529
v -0.098627 0.604736 0.195781
v -0.137077 0.600132 0.196795
v -0.226640 0.623267 0.149024
v -0.241998 0.610079 0.161224
v -0.459664 0.581432 0.122829
v -0.240538 0.637297 -0.132715
v -0.421767 0.613148 -0.088362
v -0.466844 0.593528 0.096560
v -0.480218 0.581432 0.109526
v -0.807406 0.322879 0.145412
v -0.862437 0.250631 0.140876
v -0.856086 0.236947 0.154180
v -0.865211 0.014031 0.198643
v -0.949934 -0.014474 0.124633
v -0.974227 -0.015322 0.096749
v -0.964134 -0.029322 0.110629
v -0.999562 -0.069220 -0.039371
v -0.956853 -0.204470 0.012987
v -0.629187 -0.529821 0.065575
v -0.615812 -0.541917 0.052609
v -0.502330 -0.586995 0.068453
v -0.503587 -0.592689 0.040952
v -0.486119 -0.596632 0.054936
v -0.129699 -0.585123 0.198750
v 0.790324 0.286081 -0.181186
v -0.288208 -0.666391 0.014018
v -0.093451 -0.590739 0.197543
v -0.289500 -0.667974 -0.013303
v -0.269832 -0.672113 0.000040
v 0.120175 -0.667997 0.100770
v 0.031816 -0.649953 0.110963
v 0.665108 -0.526601 -0.036604
v 0.722255 -0.502522 0.021834
v 0.675469 -0.511888 -0.050906
v 0.737330 -0.490419 0.006982
v 0.837036 -0.183363 0.190599
v 0.871621 -0.223404 0.146334
v 0.867179 -0.208087 0.157817
v 0.342498 0.649309 0.053213
v 0.399143 0.636248 0.039910
v 0.362015 0.647074 0.039910
v 0.085703 0.685293 -0.068563
v 0.047229 0.687528 -0.067529
v 0.634228 0.439220 -0.182897
v 0.319898 0.598746 -0.167095
v -0.189180 0.637297 -0.145412
v -0.791535 0.357070 0.132715
v -0.828296 0.392493 -0.003991
v -0.791910 0.425875 -0.017909
v -0.815752 0.403942 -0.018126
v -0.465460 0.591770 -0.101952
v -0.797699 0.373064 -0.112480
v -0.443553 0.592235 -0.112599
v -0.507784 0.500584 -0.190600
v -0.754045 0.402679 -0.125616
v -0.777994 0.379136 -0.125288
v -0.672721 -0.507681 0.052272
v -0.936495 -0.241059 0.000000
v -0.660452 -0.519214 0.038968
v -0.943378 -0.227126 -0.013660
v -0.821290 -0.381548 -0.055798
v -0.850445 -0.343953 -0.069658
v -0.829152 -0.368266 -0.070030
v -0.891552 -0.160538 -0.154179
v -0.711753 -0.344639 -0.198644
v -0.688189 -0.367342 -0.198644
v 0.190954 -0.661664 0.100488
v 0.172889 -0.667822 0.088087
v 0.355472 -0.647894 0.040565
v -0.119401 -0.564109 0.220408
v 0.618033 -0.545819 -0.051386
v 0.022776 -0.672444 -0.107459
v 0.630245 -0.531605 -0.065017
v -0.035137 -0.666988 -0.117910
v 0.000930 -0.666222 -0.119729
v -0.067417 -0.145244 -0.389672
v 0.711530 -0.361866 -0.189234
v 0.702318 -0.381712 -0.181865
v 0.849223 -0.159589 0.188780
v 0.782011 0.272449 -0.193326
v 0.735648 -0.349600 -0.181865
v 0.221589 0.109894 -0.356218
v 0.747653 0.306643 -0.198165
v -0.618286 0.000016 -0.312248
v -0.708608 -0.327352 -0.209675
v -0.109711 0.236364 -0.373082
v 0.783779 0.327517 -0.059047
v 0.741342 -0.361866 -0.169940
v 0.777428 0.306605 -0.178850
v 0.804528 0.328726 -0.129911
v 0.137005 -0.673647 0.088416
v 0.720743 -0.381713 -0.169940
v 0.635580 -0.543781 -0.036693
v -0.957933 -0.202453 -0.013750
v -0.656169 -0.514280 0.064084
v -0.412646 0.603168 -0.111407
v 0.295893 0.597782 0.169940
v 0.657148 0.423124 -0.179211
v -0.204621 0.643516 -0.132437
v 0.262563 0.605363 0.169940
v 0.815756 -0.190253 0.202647
v -0.292422 0.333612 -0.317680
v -0.142882 -0.571441 0.209950
v -0.848154 0.026721 0.209677
v -0.788853 0.331174 0.155021
v -0.078513 0.595756 0.206102
v 0.247657 0.597782 0.181865
v 0.301587 0.585516 0.181865
v 0.838790 0.140806 0.196965
v -0.831109 -0.014031 0.220715
v -0.116270 -0.059552 0.387723
v -0.092646 -0.023750 0.389476
v -0.224708 0.114061 0.375280
v 0.130924 0.282063 0.361352
v 0.271775 0.585516 0.189234
v 0.144121 0.238845 0.370607
v 0.426993 0.114150 0.349957
v 0.156025 0.262673 0.364572
v 0.482326 0.091234 0.339995
v 0.462376 0.114472 0.342708
v 0.606702 0.199572 0.263000
v -0.094334 0.276704 -0.364572
v 0.820486 0.145119 0.208661
v 0.661653 0.179010 0.268150
v 0.638631 0.199075 0.258039
v 0.444291 0.458900 0.242937
v -0.163787 0.109572 0.379919
v 0.083958 0.252529 0.370607
v -0.191872 0.124236 0.377495
v 0.094334 0.276704 0.364572
v 0.391489 -0.640835 0.041669
v 0.019493 0.413271 0.321557
v 0.068166 0.438915 0.309222
v 0.030490 0.434960 0.311927
v 0.139278 -0.662056 0.112939
v -0.964404 -0.190888 -0.000458
v -0.400654 0.613153 -0.099789
v 0.666088 -0.363286 -0.212904
v 0.224897 0.084794 -0.356119
v -0.119048 -0.036066 0.387614
v -0.479249 0.516044 -0.188781
v 0.699418 -0.331174 -0.212904
v 0.768052 0.357149 -0.140081
v 0.392096 -0.575651 -0.162679
v 0.987061 0.098610 -0.013990
v 0.980711 0.126330 -0.013620
v 0.938361 0.140024 -0.109525
v 0.937635 0.099321 -0.123841
v 0.932009 0.126341 -0.122828
v 0.804679 0.320199 -0.144205
v 0.623874 0.417479 -0.202740
v 0.557225 0.389242 -0.245816
v 0.547756 0.412446 -0.238919
v 0.195990 0.472543 -0.299642
v 0.189639 0.120523 -0.360703
v 0.180159 0.434891 -0.303982
v 0.168575 0.457251 -0.297764
v 0.161842 0.105821 -0.362747
v -0.083958 0.252530 -0.370607
v 0.015030 0.256036 -0.371248
v -0.452495 0.499907 -0.207280
v -0.480879 0.486900 -0.212125
v -0.337265 0.356224 -0.301321
v -0.156025 0.262673 -0.364572
v -0.327860 0.335096 -0.310358
v -0.144121 0.238845 -0.370607
v -0.396984 0.184082 -0.347345
v -0.345543 0.158296 -0.352568
v -0.382833 0.159676 -0.350466
v -0.634032 0.022702 -0.307960
v -0.663657 0.022140 -0.297776
v -0.729949 0.087553 -0.267600
v -0.663657 -0.022141 -0.297776
v -0.634038 -0.022703 -0.307975
v -0.679794 -0.328499 -0.217093
v -0.456458 -0.113892 -0.328503
v -0.658301 -0.350962 -0.218000
v -0.405688 -0.090622 -0.334765
v -0.420855 -0.113487 -0.333451
v -0.099755 -0.146529 -0.388252
v -0.111988 -0.169665 -0.384603
v -0.434629 -0.435586 -0.247641
v -0.440983 -0.454481 -0.238938
v 0.758582 0.286081 -0.201730
v 0.726457 0.177887 -0.253959
v 0.758146 0.137183 -0.247297
v 0.732727 0.151582 -0.256664
v 0.438976 0.082587 -0.336442
v 0.406473 0.094161 -0.335979
v 0.686098 -0.322769 -0.223513
v 0.515327 -0.148689 -0.310536
v 0.197041 0.070811 -0.359754
v 0.080904 -0.484230 -0.268915
v 0.064639 -0.450310 -0.285635
v 0.091968 -0.463954 -0.277470
v 0.807345 0.167881 0.210971
v -0.051853 -0.183363 -0.384706
v 0.272220 -0.360507 -0.297588
v -0.042334 -0.159589 -0.388252
v 0.257511 -0.327909 -0.323063
v 0.281868 -0.337909 -0.307239
v 0.650732 -0.357060 -0.223813
v -0.865211 -0.014031 0.198644
v -0.452387 0.514064 -0.195878
v 0.154803 -0.654912 -0.123842
v 0.526834 -0.525144 -0.157819
v 0.940197 -0.036797 0.132715
v 0.967435 -0.140686 -0.054929
v 0.948707 -0.181014 -0.067529
v 0.957559 -0.154710 -0.068563
v 0.868661 0.283086 -0.101220
v 0.905452 0.205254 -0.119728
v 0.895349 0.229502 -0.117909
v -0.172119 0.687529 -0.013303
v 0.486743 0.384395 -0.270430
v 0.472575 0.350504 -0.288823
v 0.463208 0.374538 -0.281330
v 0.304600 0.181368 -0.351142
v 0.275294 0.165715 -0.352990
v 0.133125 0.519795 -0.271232
v 0.122022 0.536707 -0.257150
v -0.041360 0.157691 -0.376923
v -0.051912 0.182874 -0.381814
v -0.026637 0.351263 -0.344711
v -0.367563 0.537534 -0.195493
v -0.479866 0.366818 -0.280078
v -0.437095 0.344395 -0.296570
v -0.472911 0.345937 -0.290419
v -0.111071 0.168589 -0.377034
v -0.539596 0.185862 -0.318335
v -0.099287 0.144059 -0.372633
v -0.492892 0.162564 -0.334259
v -0.526994 0.162564 -0.325829
v -0.759670 -0.237855 -0.214239
v -0.533381 -0.022564 -0.319620
v -0.741005 -0.260512 -0.214876
v -0.497839 -0.022562 -0.322387
v -0.506452 -0.205031 -0.307104
v -0.462897 -0.182786 -0.325812
v -0.473127 -0.205347 -0.316052
v -0.069186 -0.080670 -0.395727
v -0.177693 -0.106559 -0.377626
v 0.789301 0.220298 -0.209323
v 0.797888 0.196050 -0.212124
v 0.652009 0.192633 -0.281329
v 0.622250 0.206296 -0.288823
v 0.340034 0.143352 -0.342281
v 0.732728 -0.151583 -0.256664
v 0.310735 0.128238 -0.345006
v 0.744758 -0.188438 -0.242891
v 0.726355 -0.177816 -0.253718
v 0.402225 -0.092872 -0.336369
v 0.173021 -0.504636 -0.255202
v 0.199568 -0.518018 -0.247905
v 0.853603 0.080579 0.201504
v 0.374472 -0.406772 -0.255711
v -0.011765 -0.093730 -0.395727
v 0.357604 -0.371789 -0.272311
v 0.383607 -0.383705 -0.262677
v 0.623106 -0.416609 -0.201730
v 0.019802 0.591768 0.212125
v 0.632915 -0.437741 -0.181186
v -0.818846 0.121215 0.217305
v -0.229309 -0.541818 0.220213
v 0.043157 -0.687446 0.051593
v 0.382078 0.593423 0.145413
v -0.852104 0.121215 0.195781
v -0.339205 0.611809 -0.131691
v 0.187558 0.330606 0.343482
v 0.831146 0.196050 -0.190600
v -0.773015 -0.276706 -0.196794
v 0.821042 0.220298 -0.188780
v 0.621041 -0.565508 0.006547
v 0.916282 -0.056644 0.155020
v -0.533014 0.023024 -0.319711
v -0.271775 -0.585516 -0.189234
v -0.003518 -0.071804 -0.397146
v 0.611824 -0.436419 -0.193327
v -0.247657 -0.597782 -0.181865
v 0.819715 0.181721 -0.202647
v 0.337187 0.170026 -0.345055
v -0.480474 0.000217 -0.324696
v -0.057447 -0.059539 -0.397146
v -0.301587 -0.585516 -0.181865
v -0.785167 -0.236364 -0.206101
v -0.065206 0.139145 -0.373066
v 0.903616 -0.012266 0.169938
v 0.937548 -0.062630 0.132436
v 0.863714 0.290096 -0.086894
v 0.903616 0.012265 0.169938
v 0.060702 -0.691503 0.039172
v -0.262563 -0.605363 -0.169940
v 0.656876 -0.422826 -0.178870
v 0.570660 -0.591020 0.020310
v 0.931188 -0.024532 0.143095
v -0.972252 -0.145550 -0.066002
v -0.295893 -0.597782 -0.169940
v -0.693407 -0.463607 0.111120
v -0.366236 0.562911 -0.173968
v 0.374808 0.604808 0.132438
v -0.319089 0.609733 -0.141392
v -0.136480 0.674544 -0.088335
v 0.321079 0.612348 0.143097
v 0.888711 -0.019847 0.181863
v 0.749451 -0.282064 0.208445
v -0.288883 -0.539471 0.209041
v -0.833687 0.131831 0.206101
v 0.062596 0.604888 0.198390
v 0.360103 0.592501 0.155021
v 0.888711 0.019846 0.181863
v -0.498057 0.023039 -0.323814
v 0.879498 0.000000 0.189232
v 0.814398 0.000000 0.230956
v -0.227071 -0.115114 0.379366
v -0.339031 0.172065 0.355927
v -0.275595 -0.555355 0.200070
v 0.172014 0.370589 0.331237
v 0.337065 0.206111 0.356615
v 0.398032 0.184623 0.350320
v 0.373838 0.207934 0.350320
v 0.198096 0.353310 0.335052
v 0.515630 0.293363 0.266057
v 0.826293 0.021131 0.223837
v 0.564686 0.262931 0.237646
v 0.543789 0.287834 0.244699
v -0.275866 0.167534 0.362405
v 0.125867 0.344637 0.343482
v -0.304273 0.182127 0.356727
v 0.136404 0.367340 0.335052
v -0.135926 0.386069 0.327965
v -0.085782 0.416662 0.318335
v -0.125106 0.409380 0.319309
v 0.055400 0.593544 0.209324
v 0.097086 0.557614 0.237335
v -0.203744 -0.077500 0.388252
v -0.313660 0.131432 0.362084
v -0.233067 -0.091173 0.384655
v -0.343515 0.146532 0.358971
v -0.352904 -0.041496 0.369162
v -0.352507 -0.069112 0.371248
v -0.647613 0.190968 0.277963
v -0.661837 0.227671 0.265299
v -0.667832 0.202341 0.266738
v -0.823628 0.094196 0.218865
v -0.761361 -0.082299 0.246970
v -0.167178 -0.111369 0.383678
v -0.193930 -0.125132 0.380452
v -0.014285 -0.370991 0.394134
v 0.025540 -0.379410 0.394073
v -0.014930 -0.501436 0.310108
v -0.265942 -0.532975 0.219230
v -0.080169 -0.506336 0.293881
v -0.042418 -0.510659 0.294551
v 0.178988 -0.106611 0.385117
v 0.201440 -0.085534 0.387922
v 0.851940 0.293313 -0.112408
v 0.524059 -0.161534 0.321908
v 0.515941 -0.209311 0.317599
v 0.536735 -0.185154 0.314828
v 0.498157 -0.422924 0.247298
v 0.745426 -0.262674 0.218865
v 0.764023 -0.238858 0.217206
v 0.825846 -0.020956 0.223605
v 0.878250 0.093185 0.181099
v 0.901579 0.266325 0.068535
v 0.906427 0.268282 0.040967
v 0.892489 0.277167 0.054846
v 0.837675 0.305906 -0.085684
v 0.735206 0.361640 0.011208
v 0.823719 0.316067 -0.097156
v 0.737456 0.362597 -0.011246
v 0.729796 0.377937 -0.000091
v 0.531636 0.554064 0.117910
v 0.045592 0.614676 0.188781
v 0.009525 0.613909 0.190600
v -0.171036 0.687535 0.014006
v -0.174148 0.670266 -0.088649
v -0.191636 0.685294 0.000000
v -0.191132 0.662576 -0.100739
v 0.170901 -0.687550 -0.013762
v -0.517566 0.539364 0.146336
v -0.526834 0.525144 0.157819
v -0.905452 0.205254 0.119728
v -0.922232 0.205409 0.093352
v -0.919665 0.192474 0.107201
v -0.857730 0.094196 0.196794
v -0.918480 -0.070523 0.150409
v -0.903275 -0.083144 0.162678
v -0.981406 -0.134163 -0.052837
v -0.980010 -0.148537 -0.040035
v -0.990572 -0.125667 0.013179
v -0.669262 -0.478419 0.113291
v -0.659830 -0.492225 0.101571
v -0.412893 -0.584405 0.128939
v -0.423127 -0.600720 0.103263
v -0.400188 -0.598887 0.117876
v -0.239166 -0.564039 0.200489
v -0.203564 -0.666334 0.070871
v -0.207938 -0.678189 0.041812
v -0.185828 -0.673340 0.054462
v 0.062798 -0.682620 0.063643
v 0.603007 -0.576306 0.021010
v 0.862319 0.059550 0.198168
v -0.393945 0.551998 -0.177253
v 0.774644 -0.467068 0.086747
v 0.773015 -0.276705 0.196794
v 0.785443 -0.475237 0.049601
v 0.795918 -0.462643 0.066531
v 0.791152 -0.252530 0.195780
v 0.798198 -0.389030 -0.089484
v 0.924326 -0.070988 0.145411
v 0.340528 0.614555 0.132716
v 0.250465 0.672445 0.039910
v 0.211338 0.678963 0.039910
v 0.546922 0.554287 -0.108521
v -0.120336 0.670266 -0.101952
v 0.590189 0.527149 -0.120245
v 0.560504 0.541669 -0.122456
v 0.166150 0.627128 -0.162812
v -0.139774 0.662575 -0.113436
v -0.878448 0.332122 -0.016778
v -0.896692 0.307078 -0.016188
v -0.876729 0.272803 -0.109526
v -0.379657 0.590160 -0.143190
v -0.841964 0.305436 -0.123842
v -0.860100 0.281261 -0.122829
v -0.710994 -0.457391 0.100739
v -0.798198 -0.389030 0.089483
v -0.775218 -0.411171 0.089483
v -0.957590 -0.185154 -0.053448
v -0.714433 -0.462601 -0.052809
v -0.959621 -0.170666 -0.066406
v -0.754399 -0.435551 -0.069511
v -0.725891 -0.454117 -0.068120
v -0.791152 -0.252531 -0.195781
v -0.836855 -0.256037 -0.160652
v 0.117756 -0.686458 0.051969
v 0.098275 -0.690360 0.039284
v 0.191101 -0.686055 0.000185
v 0.556590 -0.594635 0.005061
v 0.131962 -0.691646 -0.013671
v -0.703711 -0.470601 0.088649
v 0.576058 -0.585539 -0.008968
v 0.177811 -0.659075 -0.110931
v 0.116353 -0.659516 -0.122829
v -0.037876 -0.697228 0.000314
v -0.017325 -0.696771 0.013605
v -0.973712 -0.077903 -0.101405
v -0.978710 -0.091782 -0.089785
v -0.810130 -0.169679 -0.212123
v 0.684164 -0.330608 0.220715
v -0.144462 0.614554 -0.181186
v -0.999932 0.039228 -0.038986
v 0.543223 -0.457389 -0.209324
v -0.992444 0.038590 -0.064238
v -0.777211 -0.085534 -0.245432
v -0.849223 -0.159589 -0.188779
v 0.057447 -0.059539 0.397146
v 0.003518 -0.071804 0.397146
v -0.960875 -0.088865 -0.113612
v 0.273640 -0.634923 -0.124959
v 0.311767 -0.626251 -0.124959
v 0.523209 -0.492740 -0.190600
v 0.553031 -0.478521 -0.188781
v 0.959446 -0.077579 0.100728
v 0.964133 -0.091573 0.089694
v 0.986715 -0.028813 -0.056023
v 0.925783 0.241869 -0.052579
v 0.976840 -0.071650 -0.069657
v 0.980028 -0.043219 -0.070029
v 0.912371 0.253583 -0.065436
v 0.856086 -0.236947 -0.154180
v 0.857730 0.094196 -0.196794
v 0.852104 0.121215 -0.195781
v 0.418810 0.241058 -0.335052
v 0.432574 0.442442 -0.259928
v 0.421724 0.465950 -0.256639
v 0.391221 0.227027 -0.343482
v 0.165153 0.222955 -0.372405
v 0.146470 0.182709 -0.380758
v 0.136955 0.206489 -0.377283
v -0.068166 0.438917 -0.309221
v -0.154270 0.593422 -0.201730
v -0.570876 0.342366 -0.262318
v -0.601396 0.340544 -0.251977
v -0.665488 0.182284 -0.278517
v -0.066483 0.074792 -0.366877
v -0.360049 0.022137 -0.343570
v -0.394341 0.022494 -0.338292
v -0.625592 0.160706 -0.296938
v -0.655211 0.160143 -0.286739
v -0.823544 -0.146529 -0.209322
v 0.498319 -0.622938 0.052493
v -0.786333 -0.107173 -0.236357
v -0.393006 -0.022678 -0.335323
v -0.544014 -0.292432 -0.271167
v -0.358685 -0.022697 -0.341013
v -0.505615 -0.273907 -0.292357
v -0.515191 -0.295411 -0.283598
v 0.738403 -0.021711 0.263217
v -0.225932 -0.196451 -0.355625
v 0.818846 0.121215 -0.217305
v 0.823628 0.094196 -0.218865
v 0.747074 0.070523 -0.261344
v 0.456924 0.204314 -0.334978
v 0.772493 0.028062 -0.251977
v 0.749332 0.042093 -0.262318
v 0.428784 0.189888 -0.340393
v 0.643996 -0.099504 -0.296716
v 0.664549 -0.140024 -0.286739
v 0.640831 -0.127324 -0.296229
v 0.288390 -0.038579 -0.359110
v 0.012042 -0.339217 -0.330015
v -0.005664 -0.302407 -0.353528
v 0.022414 -0.317660 -0.345286
v 0.512931 -0.470599 -0.212125
v 0.088224 -0.070988 -0.395727
v 0.463900 -0.424511 -0.245290
v 0.485411 -0.436197 -0.240020
v 0.489856 -0.563404 0.142704
v -0.278630 0.370381 0.314735
v 0.154270 0.593422 0.201730
v -0.047897 0.547119 0.247298
v -0.841179 -0.145244 -0.198388
v -0.314893 -0.132355 0.365578
v -0.425127 0.187696 0.335941
v -0.439087 0.082049 0.345009
v -0.343414 -0.146754 0.359728
v -0.450833 0.200719 0.326347
v -0.466710 0.095713 0.336532
v -0.664744 0.083504 0.283665
v -0.789301 0.220298 0.209323
v -0.683252 0.123575 0.271905
v -0.687284 0.096529 0.273255
v -0.744776 -0.188451 0.242936
v 0.011765 -0.093729 0.395727
v -0.277721 -0.168843 0.366949
v -0.306783 -0.184434 0.364303
v -0.366240 -0.331295 0.333845
v -0.424807 -0.328579 0.313105
v -0.394310 -0.345217 0.326084
v -0.407755 -0.489585 0.207302
v -0.373498 -0.501608 0.211327
v 0.071112 -0.521760 0.290907
v 0.107618 -0.523346 0.285844
v 0.069186 -0.080670 0.395727
v 0.238734 -0.154503 0.372594
v 0.227149 -0.200952 0.371248
v 0.251189 -0.178469 0.369218
v 0.600386 -0.114110 0.311926
v 0.617402 -0.090250 0.309221
v 0.660599 -0.353310 0.220715
v 0.601394 -0.340545 0.251977
v 0.761952 -0.021480 0.253354
v 0.829797 0.294467 0.118186
v 0.900306 0.271470 -0.038374
v 0.841914 0.298110 0.093198
v 0.821106 0.303526 0.103723
v 0.884444 0.279679 -0.051226
v 0.710112 0.438460 0.062975
v 0.714129 0.437279 0.037723
v 0.706964 0.456471 0.052090
v 0.465460 0.591770 0.101952
v 0.443276 0.593546 0.113436
v 0.144462 0.614554 0.181186
v -0.098334 0.691796 -0.038968
v 0.226770 0.415086 0.307976
v -0.244126 0.665799 0.070030
v -0.117944 0.687513 -0.052271
v -0.247218 0.672462 0.042018
v -0.265765 0.665799 0.056024
v -0.319084 0.643152 -0.089484
v -0.821042 0.220298 0.188780
v -0.831146 0.196050 0.190600
v -0.901600 0.151583 0.147368
v -0.892022 0.137184 0.160651
v 0.235158 0.434978 0.297777
v -0.940198 0.036797 -0.132714
v -0.998304 0.025301 -0.051672
v -0.951875 -0.180886 0.067150
v -0.688188 -0.437742 0.145413
v -0.416281 -0.511623 0.188298
v -0.382155 -0.523907 0.192763
v -0.413281 0.237770 0.327372
v -0.330965 -0.587121 0.156097
v -0.308118 -0.582234 0.168129
v -0.116501 -0.644827 0.122590
v -0.463879 0.122656 0.334953
v -0.121494 -0.659805 0.095472
v -0.100088 -0.653152 0.107137
v 0.517509 -0.581577 0.069533
v 0.495238 -0.547541 0.155319
v 0.543061 -0.597326 0.066606
v 0.688189 -0.367342 0.198644
v 0.784754 -0.386683 0.129326
v 0.801545 -0.398750 0.105076
v 0.804116 -0.379932 0.116872
v 0.857437 -0.350782 -0.039781
v 0.947829 -0.126855 0.102230
v 0.943404 -0.111691 0.113435
v 0.401727 0.614678 0.100739
v 0.421925 0.613911 0.088649
v 0.420399 0.633263 0.000000
v 0.474578 0.613765 -0.013641
v 0.438947 0.626599 -0.014006
v -0.043156 0.691796 -0.052609
v 0.409623 0.606449 -0.111040
v -0.064132 0.687513 -0.065574
v 0.460115 0.582176 -0.123762
v 0.424961 0.593995 -0.124435
v 0.014750 0.641617 -0.157819
v -0.664536 0.511870 -0.054929
v -0.615520 0.536791 -0.067529
v -0.644770 0.519152 -0.068563
v -0.904878 0.206490 -0.119728
v -0.917065 0.182716 -0.117909
v -0.729738 -0.416611 0.132716
v -0.822309 -0.384378 0.053213
v -0.857169 -0.350505 0.039910
v -0.836222 -0.374540 0.039910
v -0.956152 -0.127263 -0.103208
v -0.639393 -0.510568 -0.064460
v -0.612356 -0.531315 -0.064845
v -0.951271 -0.112901 -0.114626
v -0.837036 -0.183363 -0.190599
v -0.758881 -0.351265 -0.163692
v 0.472598 -0.608401 0.056925
v 0.037896 -0.697689 0.000245
v 0.343415 -0.658190 0.000828
v 0.017437 -0.697856 -0.013044
v 0.287283 -0.668803 -0.013663
v 0.325725 -0.660487 -0.013487
v 0.334290 -0.628178 -0.111676
v 0.123104 -0.062618 -0.394608
v -0.797888 0.196050 0.212124
v 0.500208 -0.489559 -0.202648
v 0.843167 0.080164 -0.208445
v 0.092677 -0.026222 -0.383260
v 0.450347 0.229035 -0.331237
v -0.879498 0.000000 -0.189232
v -0.342526 -0.000288 -0.344275
v -0.888711 -0.019847 -0.181863
v -0.888711 0.019846 -0.181863
v -0.128509 0.604807 -0.193327
v 0.958233 -0.116730 0.090438
v 0.921588 0.252442 -0.038840
v -0.020275 -0.697583 -0.012890
v 0.483408 -0.592492 0.068097
v -0.903616 -0.012266 -0.169938
v -0.903616 0.012265 -0.169938
v -0.937548 0.062630 -0.132436
v 0.455992 0.601874 0.088335
v -0.176371 0.612347 -0.178870
v -0.060207 0.693843 -0.038968
v 0.663733 -0.370591 0.209679
v -0.428478 -0.494350 0.195651
v -0.693726 -0.422827 0.155021
v 0.121630 -0.038487 -0.386682
v -0.802490 0.228594 0.198389
v 0.009212 -0.019846 0.399287
v 0.047038 -0.101338 0.394654
v 0.711753 -0.344639 0.198644
v 0.726473 0.000054 0.268690
v -0.924326 0.070988 -0.145411
v 0.029811 0.000000 0.399287
v -0.022149 -0.011931 0.398521
v -0.339753 -0.173181 0.359607
v -0.018636 0.008307 0.396243
v -0.012897 0.086761 -0.368079
v -0.445139 0.225894 0.322611
v 0.009116 0.015599 0.397181
v 0.208722 0.449673 0.293873
v 0.185583 0.592500 0.198165
v 0.299634 0.274256 0.346848
v 0.273400 0.295137 0.344712
v 0.740086 0.021823 0.264638
v 0.420049 0.386711 0.286740
v 0.765337 0.021131 0.255888
v 0.478811 0.365727 0.276892
v 0.453276 0.386680 0.278426
v -0.055100 0.159679 0.381355
v -0.090616 0.151790 0.383106
v -0.387762 0.224888 0.337102
v 0.165079 0.429117 0.307976
v -0.288017 0.346005 0.321531
v 0.174995 0.448662 0.297777
v -0.242420 0.382516 0.319081
v -0.251658 -0.542175 -0.230958
v 0.225403 -0.114725 -0.373779
v 0.369473 -0.536555 -0.208446
v -0.233819 -0.567968 -0.212904
v 0.848154 -0.026721 -0.209677
v 0.473194 -0.621566 -0.011447
v -0.917066 -0.182716 -0.117909
v 0.546452 0.277911 -0.293873
v -0.204082 -0.000661 -0.360776
v -0.287749 -0.555702 -0.212904
v -0.269681 0.584711 -0.184937
v -0.861436 0.101338 -0.193325
v -0.293060 0.583527 -0.177762
v -0.249017 0.596805 -0.181066
v 0.006412 0.601871 -0.202648
v 0.972094 -0.180514 0.046213
v 0.954471 0.202314 0.012989
v -0.099011 -0.686042 -0.064083
v 0.411458 -0.609681 0.115500
v -0.886471 -0.071805 -0.178869
v -0.705902 0.436421 0.132438
v -0.289124 0.594149 -0.169033
v -0.931497 -0.024582 -0.143108
v -0.958647 0.117582 -0.088334
v -0.732749 0.402980 0.143097
v 0.533906 0.586104 0.038968
v -0.262778 0.602396 -0.170161
v 0.020069 0.697948 0.012989
v 0.563767 -0.449675 0.206102
v -0.553348 -0.447019 0.187269
v -0.693725 0.422827 0.155021
v -0.886471 0.071804 -0.178869
v 0.401394 0.535766 0.186013
v 0.086951 -0.187021 0.378939
v 0.618451 -0.000006 0.313032
v -0.453769 -0.235591 0.358839
v -0.285675 0.246633 -0.343628
v -0.546452 0.277911 0.293873
v -0.747653 0.306643 0.198165
v 0.239101 0.515121 0.252324
v 0.631432 0.022420 0.304557
v 0.564229 0.113918 0.316265
v 0.659973 0.022299 0.293860
v 0.597623 0.113601 0.308208
v 0.259259 0.486899 0.266912
v 0.371826 0.442815 0.270403
v 0.344518 0.458899 0.267602
v -0.063168 0.223345 0.373022
v -0.015031 0.256034 0.371248
v -0.053226 0.247801 0.369690
v -0.491598 0.277421 0.303556
v 0.199095 0.500583 0.266912
v 0.587581 -0.448664 0.195781
v -0.385160 0.336317 0.306860
v -0.418545 0.324489 0.303270
v 0.207787 0.516043 0.255890
v -0.200590 0.522949 0.251978
v -0.444387 -0.028203 0.353002
v -0.530917 0.242083 0.305923
v -0.472351 0.013248 0.341710
v -0.473542 -0.014547 0.343925
v -0.460018 -0.209084 0.355635
v -0.555500 0.255146 0.297777
v -0.668064 -0.027886 0.285020
v -0.758582 0.286081 0.201730
v -0.693671 0.013875 0.275935
v -0.693787 -0.014008 0.275953
v 0.041328 -0.158135 0.384533
v 0.051562 -0.181096 0.380102
v -0.392108 -0.233487 0.368983
v -0.420707 -0.247861 0.362492
v -0.224904 -0.393475 0.364086
v -0.289895 -0.395097 0.359487
v -0.254430 -0.411963 0.362953
v -0.534950 -0.443312 0.199341
v -0.541498 -0.406809 0.233677
v 0.099521 -0.144560 0.383596
v 0.110574 -0.167547 0.380161
v 0.320482 -0.111664 0.369704
v 0.343219 -0.089125 0.371248
v 0.634038 -0.022703 0.307975
v 0.365828 -0.424242 0.281627
v 0.661846 -0.022324 0.295984
v 0.344521 -0.458904 0.267612
v 0.371833 -0.442823 0.270422
v 0.587232 -0.415088 0.218866
v 0.532010 0.242504 -0.307976
v 0.690907 -0.248608 0.250417
v 0.942738 0.226815 0.013645
v 0.935513 0.240275 0.000017
v 0.747960 0.314195 0.125203
v 0.724027 0.318238 0.131351
v -0.055400 0.593544 -0.209324
v 0.646719 0.484402 0.121468
v 0.661312 0.493319 0.095890
v 0.641389 0.499177 0.109315
v 0.397727 0.552921 0.176936
v 0.074013 0.651608 0.140877
v 0.057384 0.643150 0.154180
v -0.017051 0.697953 0.013641
v -0.038127 0.697953 0.000000
v -0.311767 0.626252 0.124958
v -0.318288 0.639087 0.098041
v -0.334290 0.628179 0.111675
v -0.399142 0.636248 -0.039910
v -0.688188 0.437742 0.145413
v -0.790324 0.286081 0.181186
v -0.955744 0.153872 0.068050
v -0.965136 0.153248 0.040760
v -0.965154 0.140223 0.054594
v -0.965164 0.091190 -0.088681
v -1.004372 -0.015620 0.013756
v -0.960331 0.077458 -0.100640
v -1.004564 -0.015443 -0.012948
v -1.005002 -0.029419 0.000235
v -0.895348 -0.229503 0.117910
v -0.542352 -0.461277 0.175880
v -0.511826 -0.472660 0.176739
v -0.436695 -0.623802 0.013942
v -0.437994 -0.626999 -0.013294
v -0.419562 -0.631788 0.000262
v -0.117944 -0.687513 -0.052271
v -0.098334 -0.691796 -0.038968
v -0.036765 -0.634138 0.143994
v -0.015745 -0.627301 0.155584
v 0.442750 -0.600308 0.117668
v 0.462310 -0.601118 0.107755
v 0.565357 -0.551047 0.125423
v 0.576631 -0.559147 0.100901
v 0.587191 -0.548830 0.114457
v 0.614822 -0.429119 0.196795
v 0.803017 -0.321610 0.150761
v 0.800682 -0.304487 0.162725
v 0.897956 -0.306039 0.017455
v 0.953767 -0.172642 0.069217
v 0.481880 0.604739 0.052272
v 0.501341 0.600135 0.038968
v 0.269890 0.672257 0.000000
v 0.327565 0.659076 -0.014006
v 0.288418 0.667980 -0.014006
v 0.017051 0.697953 -0.013641
v 0.257036 0.645749 -0.111676
v 0.195457 -0.126654 -0.383571
v 0.311786 0.626294 -0.125016
v 0.273644 0.634935 -0.124975
v -0.009525 0.613909 -0.190600
v -0.045592 0.614676 -0.188781
v -0.729738 0.416611 0.132716
v -0.771430 0.432828 -0.059080
v -0.728298 0.461059 -0.071350
v -0.754400 0.440794 -0.072329
v -0.947846 0.127008 -0.101951
v -0.493619 0.543932 -0.154180
v -0.943404 0.111691 -0.113435
v -0.767281 -0.440964 0.039910
v -0.741099 -0.462336 0.039910
v -0.906582 -0.222957 -0.107459
v -0.925073 -0.071013 -0.145518
v -0.904879 -0.206490 -0.119728
v -0.660948 -0.438919 -0.162678
v 0.397958 -0.620198 0.104158
v 0.415880 -0.617694 0.093083
v -0.043155 -0.691796 -0.052609
v 0.437164 -0.632038 -0.012263
v 0.346273 0.552261 0.193979
v -0.064132 -0.687513 -0.065574
v 0.480219 -0.581432 -0.109526
v 0.424693 -0.593527 -0.123842
v 0.459665 -0.581432 -0.122829
v 0.976712 -0.136746 0.056431
v 0.972422 0.013683 0.089483
v 0.981335 -0.153208 0.045202
v 0.960058 0.190294 0.000000
v 0.980288 0.085313 -0.055658
v 0.980028 0.043219 -0.070029
v 0.976840 0.071650 -0.069657
v 0.953545 0.204325 -0.013641
v 0.892022 -0.137184 -0.160651
v 0.865211 0.014031 -0.198643
v 0.518317 0.290970 -0.297777
v 0.493883 0.279239 -0.307976
v 0.389905 0.339343 -0.311927
v 0.371683 0.301278 -0.327851
v 0.362795 0.326321 -0.321557
v 0.127843 0.322038 -0.350320
v -0.019802 0.591768 -0.212125
v 0.110000 0.281259 -0.362650
v 0.099623 0.305434 -0.356615
v -0.106607 0.513010 -0.267601
v -0.296853 0.269197 -0.335741
v -0.250292 0.245857 -0.352620
v 0.038127 0.697953 0.000000
v -0.219895 0.020889 -0.356343
v -0.254130 0.021285 -0.352119
v -0.737090 0.154984 -0.253958
v -0.760781 0.153975 -0.242936
v -0.853929 -0.080671 -0.201728
v -0.707759 -0.109721 -0.264366
v -0.676072 -0.089116 -0.288324
v -0.682401 -0.110852 -0.276097
v 0.972422 -0.013683 0.089483
v -0.254575 -0.022263 -0.354319
v -0.536579 -0.355504 -0.252004
v -0.543225 -0.375638 -0.242725
v -0.220803 -0.022053 -0.360719
v -0.271777 -0.290724 -0.335135
v -0.284045 -0.543564 -0.223839
v 0.555500 0.255145 -0.297777
v 0.831109 0.014031 -0.220715
v 0.641058 0.127383 -0.296938
v 0.831109 -0.014031 -0.220715
v 0.673075 0.085290 -0.290418
v 0.644748 0.099696 -0.299074
v 0.371431 0.537707 0.194715
v 0.524076 -0.041425 -0.311903
v 0.552652 -0.083304 -0.306319
v 0.522755 -0.068854 -0.311675
v 0.228437 -0.089297 -0.372788
v 0.202606 -0.076460 -0.380513
v -0.226624 -0.556624 -0.223839
v 0.124116 -0.403514 -0.304632
v 0.382499 -0.519211 -0.218866
v 0.106122 -0.364056 -0.317121
v 0.134522 -0.378981 -0.309177
v 0.417732 -0.507677 -0.217306
v 0.168257 -0.111691 -0.388252
v 0.091148 -0.152081 -0.387922
v 0.393037 -0.541914 -0.196795
v 0.428009 -0.529819 -0.195781
v -0.504514 -0.454501 0.200424
v 0.959499 -0.190483 0.058797
v 0.545982 0.577432 0.052609
v 0.525414 0.582598 0.065575
v 0.560674 -0.434980 0.217306
v -0.879609 0.093730 -0.181185
v -0.879609 -0.093731 -0.181185
v -0.853929 0.080670 -0.201728
v 0.865211 -0.014031 -0.198643
v 0.265180 0.502884 0.255754
v -0.429891 -0.192473 0.352017
v -0.518317 0.290970 0.297777
v 0.614444 0.090507 0.305542
v -0.944622 -0.037637 -0.133419
v -0.581413 0.323058 0.266912
v 0.226624 0.556624 0.223839
v 0.071009 0.511233 0.270403
v -0.347807 0.481394 0.247751
v -0.601427 0.331989 0.255890
v -0.471061 -0.097661 0.344474
v -0.467054 -0.124201 0.340612
v -0.618595 0.287234 0.266912
v -0.658129 -0.138303 0.281853
v -0.636914 0.297798 0.255889
v -0.686959 -0.096719 0.273356
v -0.683299 -0.123905 0.272028
v -0.089769 -0.151686 0.380834
v -0.054500 -0.159776 0.382889
v 0.095049 -0.278511 0.369732
v -0.493493 -0.279221 0.309702
v -0.061026 -0.428636 0.357019
v -0.515550 -0.289546 0.295332
v -0.132000 -0.446875 0.355236
v -0.088636 -0.443541 0.344647
v -0.622865 -0.416197 0.201305
v -0.953247 0.185043 -0.052609
v -0.415755 -0.454079 0.241809
v 0.144136 -0.238891 0.370746
v 0.156156 -0.263107 0.365866
v 0.287640 -0.250383 0.354449
v 0.507141 -0.022703 0.343481
v 0.275071 -0.297726 0.351044
v 0.300060 -0.274823 0.348277
v 0.541243 -0.022703 0.335051
v 0.472909 -0.345938 0.290419
v 0.453570 -0.502984 0.209324
v 0.453306 -0.386712 0.278518
v 0.479864 -0.366820 0.280078
v 0.760180 -0.153735 0.242641
v 0.953910 0.169755 0.065574
v 0.953247 0.185043 0.052609
v 0.841883 0.291102 0.013925
v 0.840857 0.291336 -0.012137
v 0.823254 0.295350 0.000318
v 0.504144 0.493311 0.182784
v 0.616913 0.548968 0.000000
v 0.599862 0.557640 0.013641
v 0.572825 0.511148 0.146231
v 0.549654 0.511101 0.155615
v 0.064132 0.687513 0.065574
v -0.000929 0.666222 0.119729
v 0.043156 0.691796 0.052609
v -0.022775 0.672444 0.107459
v -0.379647 0.589674 0.150409
v -0.392096 0.575651 0.162679
v -0.474578 0.613765 0.013641
v -0.660177 0.492742 0.101952
v -0.632915 0.437741 0.181186
v -0.937635 0.099321 0.123841
v -0.970298 0.148309 -0.038968
v -0.957088 0.099697 0.096924
v -0.950401 0.085290 0.110930
v -0.970539 0.133930 -0.052271
v -0.987772 -0.072144 0.068203
v -0.995821 -0.071635 0.040659
v -0.990547 -0.085869 0.054265
v 0.047230 -0.687528 -0.067529
v -0.630500 -0.433181 0.178250
v -0.358217 -0.636141 0.075625
v -0.361621 -0.641446 0.041840
v -0.341518 -0.644709 0.058377
v -0.340528 -0.614555 -0.132716
v -0.281901 -0.651608 -0.089484
v 0.382085 -0.593440 0.145418
v 0.507785 -0.500584 0.190600
v 0.605441 -0.499385 0.149192
v 0.607742 -0.480177 0.161334
v -0.123992 -0.543930 -0.245556
v 0.771619 -0.446113 -0.037795
v 0.761571 -0.438683 -0.064855
v 0.778447 -0.431065 -0.052192
v 0.935274 -0.241940 0.001678
v 0.941603 -0.229511 0.016242
v 0.917931 -0.249988 0.072314
v 0.117944 0.687513 0.052271
v 0.555221 0.580343 0.000000
v 0.098334 0.691796 0.038968
v 0.572273 0.571671 -0.013641
v 0.171037 0.687534 -0.014006
v 0.131433 0.691811 -0.013641
v -0.005276 0.678962 0.093461
v 0.154803 0.654912 -0.123842
v 0.116353 0.659516 -0.122829
v -0.710994 0.457391 0.100739
v -0.703711 0.470601 0.088649
v -0.798198 0.389030 0.089483
v -0.862217 0.339623 -0.058000
v -0.826275 0.373367 -0.072549
v -0.848094 0.349101 -0.071894
v -0.953910 0.169755 -0.065574
v -0.606465 0.478007 -0.160652
v -0.837036 0.183363 -0.190599
v -0.849223 0.159589 -0.188779
v -0.871858 -0.339345 0.000000
v -0.899318 -0.301279 -0.013641
v -0.881269 -0.326323 -0.014006
v -0.840510 -0.322039 -0.110931
v -0.860100 -0.281261 -0.122829
v -0.841964 -0.305436 -0.123842
v -0.550689 -0.513013 -0.157818
v 0.340528 -0.614555 0.132716
v 0.107809 -0.687534 -0.054929
v -0.120336 -0.670266 -0.101952
v 0.085704 -0.685293 -0.068563
v -0.139774 -0.662575 -0.113436
v 0.338760 -0.143941 -0.348305
v -0.224789 -0.484287 -0.273296
v 0.336134 -0.170149 -0.349552
v 0.225793 -0.572906 -0.209679
v 0.735235 0.349155 -0.181613
v 0.833687 -0.131831 -0.206101
v -0.259259 -0.486899 -0.266912
v 0.711420 0.361744 -0.189164
v -0.251085 0.541008 -0.227496
v 0.475851 0.508531 0.180995
v -0.093343 0.017757 -0.372171
v -0.815756 0.190253 -0.202646
v -0.285541 0.550742 -0.207712
v -0.233819 0.567968 -0.212904
v 0.149286 0.587225 -0.212121
v 0.702024 0.381388 -0.181678
v 0.942068 -0.229036 -0.012989
v 0.739923 0.360343 -0.169096
v 0.962690 0.146080 0.064083
v -0.171683 -0.660369 -0.111120
v -0.374808 -0.604808 -0.132438
v -0.676829 0.489561 0.088335
v -0.623106 0.416609 0.201730
v -0.961197 0.174276 -0.038995
v 0.602299 0.556394 -0.012989
v 0.719425 0.380282 -0.169152
v 0.099011 0.686042 0.064083
v 0.099725 0.667973 -0.109526
v 0.457274 -0.515122 0.198390
v -0.382078 -0.593423 -0.145413
v -0.611824 0.436419 0.193327
v 0.508612 0.480483 0.198480
v 0.131553 -0.284052 0.366888
v 0.491716 0.000000 0.347291
v -0.545041 -0.276814 0.289779
v -0.647665 -0.402979 0.198165
v 0.310638 -0.130057 -0.353860
v -0.625985 0.318359 0.252324
v 0.507141 0.022703 0.343481
v 0.541243 0.022703 0.335051
v 0.480084 0.207593 0.319916
v 0.534879 0.181722 0.303270
v 0.512345 0.205125 0.302613
v 0.787608 0.107675 0.237333
v 0.480393 0.485869 0.211055
v 0.283407 0.541315 0.220852
v -0.165386 0.222008 0.369374
v -0.200741 0.212388 0.365460
v 0.060239 0.493594 0.281330
v -0.775218 0.411171 0.089483
v -0.191132 -0.662576 -0.100739
v -0.174148 -0.670266 -0.088649
v -0.669445 0.478522 0.113436
v 0.970573 0.133941 0.052275
v 0.435829 -0.026492 -0.333235
v 0.480878 -0.486900 0.212125
v 0.136439 0.600400 -0.197944
v 0.306249 -0.183049 -0.359744
v 0.098598 0.604862 -0.195974
v 0.275894 -0.548964 -0.220715
v 0.084127 -0.252915 0.371768
v -0.647664 0.402979 0.198165
v -0.531056 -0.242488 0.311962
v -0.552355 -0.252997 0.295463
v 0.248305 -0.580340 -0.198644
v 0.286433 -0.571668 -0.198644
v 0.558675 -0.539365 -0.119729
v 0.588497 -0.525145 -0.117910
v 0.990757 -0.027620 0.053649
v 0.959149 -0.191193 0.001133
v 1.000267 -0.042149 0.042234
v 0.970615 0.148413 0.039004
v 0.953545 -0.204325 -0.013640
v 0.957559 0.154710 -0.068563
v 0.948707 0.181014 -0.067529
v 0.852104 -0.121215 -0.195781
v 0.857730 -0.094196 -0.196794
v 0.908902 -0.028062 -0.163691
v 0.601427 0.331989 -0.255890
v 0.581413 0.323058 -0.266912
v 0.345572 0.428774 -0.278896
v 0.332251 0.396172 -0.297687
v 0.320258 0.417367 -0.289027
v 0.125105 0.578063 -0.221498
v 0.085800 0.416530 -0.318228
v 0.088303 0.582862 -0.217786
v 0.068559 0.378371 -0.334259
v 0.058022 0.401074 -0.325829
v -0.226624 0.556624 -0.223839
v -0.280848 0.538509 -0.218400
v -0.444966 0.279722 -0.319309
v -0.396137 0.253401 -0.330212
v -0.434147 0.256412 -0.327965
v -0.810130 0.169679 -0.212123
v -0.123538 0.018929 -0.369400
v -0.196278 0.085387 -0.358967
v -0.823544 0.146529 -0.209322
v -0.705071 -0.175126 -0.246243
v -0.713462 -0.196396 -0.237318
v -0.316027 -0.111439 -0.351751
v 0.625985 0.318359 -0.252324
v -0.126182 -0.021162 -0.382158
v -0.280999 -0.110414 -0.358544
v -0.313163 -0.382063 -0.307704
v -0.265208 -0.502984 -0.255889
v 0.636914 0.297798 -0.255889
v 0.618595 0.287233 -0.266912
v 0.998285 -0.070270 0.042821
v 0.823628 -0.094196 -0.218865
v 0.555470 0.140685 -0.321556
v 0.524191 0.154341 -0.327850
v 0.818846 -0.121215 -0.217305
v 0.408168 0.014214 -0.342174
v 0.452711 0.500962 0.207221
v 0.407209 -0.012666 -0.341126
v -0.207787 -0.516043 -0.255890
v -0.199095 -0.500583 -0.266912
v -0.097086 -0.557614 -0.237335
v 0.237768 -0.557636 -0.220715
v 0.233275 -0.455681 -0.270418
v 0.217333 -0.420237 -0.285114
v 0.242864 -0.431041 -0.274490
v 0.277321 -0.168394 -0.364341
v 0.202835 -0.213320 -0.371248
v 0.360103 -0.592501 0.155021
v 0.106607 0.513009 0.267602
v 0.479250 -0.516045 0.188781
v -0.266714 -0.087905 -0.358968
v 0.137077 -0.600132 -0.196795
v 0.959275 0.077500 0.100738
v 0.964475 0.091183 0.088648
v 0.994933 0.041372 0.040483
v 0.990233 0.069439 0.040232
v 0.926576 -0.242505 -0.052609
v -0.353478 0.481370 -0.237761
v 0.914275 -0.255147 -0.065574
v 0.920656 -0.192633 -0.107458
v 0.895349 -0.229502 -0.117909
v 0.905452 -0.205254 -0.119728
v 0.903275 0.083144 -0.162678
v 0.650742 0.357070 -0.223839
v -0.745426 0.262674 -0.218865
v 0.278438 0.571569 -0.261838
v 0.286517 0.486607 -0.278730
v 0.275591 0.514231 -0.281508
v 0.042017 0.499377 -0.278532
v 0.025029 0.466141 -0.296938
v 0.015113 0.485685 -0.286739
v -0.207787 0.516043 -0.255889
v -0.263908 0.498018 -0.251971
v -0.257144 0.482683 -0.262851
v -0.385815 0.482845 -0.231192
v -0.580530 0.277900 -0.283000
v -0.539190 0.256412 -0.301997
v -0.572056 0.255792 -0.292367
v -0.764246 0.238846 -0.217305
v -0.339309 0.089699 -0.354196
v -0.600387 -0.114110 -0.311926
v -0.552605 -0.091025 -0.325539
v -0.567520 -0.114729 -0.321556
v -0.368120 -0.203333 -0.336995
v -0.320698 -0.179439 -0.351231
v -0.332540 -0.202379 -0.343700
v -0.226770 -0.415087 -0.307976
v -0.235158 -0.434979 -0.297777
v -0.343799 -0.455334 -0.263893
v 0.686229 0.322879 -0.223839
v 0.749332 -0.042093 -0.262318
v 0.539110 0.575658 -0.067535
v 0.797888 -0.196050 -0.212124
v 0.747074 -0.070523 -0.261344
v 0.789301 -0.220298 -0.209323
v 0.445069 -0.196298 -0.314114
v 0.418798 -0.183198 -0.322940
v 0.317996 0.025348 -0.350141
v 0.288137 0.037213 -0.352863
v -0.174995 -0.448662 -0.297777
v -0.071009 -0.511234 -0.270402
v -0.165115 -0.427713 -0.304196
v -0.060161 -0.491193 -0.277891
v 0.126539 -0.577429 -0.218866
v 0.319944 -0.465646 -0.247375
v 0.345822 -0.478069 -0.240643
v 0.380537 -0.219422 -0.323127
v 0.308281 -0.267399 -0.329794
v -0.543222 0.457389 0.209324
v 0.088350 -0.582595 -0.217306
v -0.758582 -0.286081 0.201730
v 0.767711 -0.083144 -0.250417
v 0.098627 -0.604736 -0.195781
v 0.897646 -0.290972 -0.052271
v -0.807406 -0.322879 0.145412
v 0.909525 -0.279240 -0.038968
v -0.240538 -0.637297 -0.132715
v -0.629187 0.529821 0.065575
v 0.670975 0.505640 -0.051828
v 0.200663 0.085961 0.383324
v -0.399158 -0.556625 -0.181186
v -0.773015 0.276706 -0.196794
v 0.821042 -0.220298 -0.188780
v 0.831146 -0.196050 -0.190600
v -0.086776 -0.476345 -0.285479
v -0.650742 0.357070 0.223839
v -0.371489 -0.567969 -0.178870
v -0.634716 -0.296079 0.253123
v -0.191028 -0.410959 -0.309908
v 0.438724 -0.220679 -0.309039
v 0.078513 -0.595756 -0.206102
v 0.406064 -0.231989 -0.312986
v 0.802490 -0.228594 -0.198389
v -0.741099 0.462336 0.039910
v -0.403880 -0.542176 -0.193327
v -0.224789 0.484287 -0.273296
v -0.749451 0.282064 -0.208445
v 0.405098 -0.022703 0.364571
v 0.303427 0.574218 -0.242307
v 0.666089 0.363287 -0.212905
v 0.901498 -0.277912 -0.064083
v 0.950266 0.089765 0.111119
v 0.262563 -0.605363 0.169940
v 0.295893 -0.597782 0.169940
v -0.811085 -0.335080 0.132437
v -0.254419 -0.627509 -0.143096
v -0.455992 -0.601874 -0.088335
v -0.773948 -0.363287 0.143096
v -0.631326 0.536558 0.038968
v -0.940639 0.230515 0.012579
v 0.655892 0.513956 -0.064009
v 0.171683 0.660369 0.111120
v 0.301587 -0.585516 0.181865
v 0.247657 -0.597782 0.181865
v -0.788853 -0.331174 0.155021
v -0.782011 -0.272449 0.193326
v -0.500208 0.489559 0.202648
v 0.605600 0.401167 0.190688
v 0.347372 -0.555703 0.198165
v -0.199095 0.500583 -0.266912
v 0.175375 -0.396891 0.377901
v 0.271775 -0.585516 0.189234
v 0.355042 0.000000 0.373081
v -0.624473 -0.317285 0.248067
v 0.369047 0.022141 0.370606
v 0.178871 0.107013 0.383058
v 0.405098 0.022703 0.364571
v 0.383717 0.300604 0.325829
v 0.443948 0.278750 0.315957
v 0.419138 0.301671 0.317908
v 0.725713 0.198521 0.241197
v 0.582310 0.409522 0.208233
v 0.559345 0.433451 0.214302
v -0.022476 0.320849 0.354299
v 0.026636 0.351261 0.344712
v -0.012121 0.345162 0.346848
v -0.092115 0.474447 0.290419
v -0.042020 0.499368 0.278518
v -0.080208 0.494202 0.280078
v -0.512931 0.470599 0.212125
v -0.486193 0.437589 0.242937
v 0.236776 0.573642 -0.252978
v -0.549114 0.137729 0.313109
v -0.571867 0.178609 0.304535
v -0.575493 0.151570 0.304981
v -0.615033 -0.285522 0.262107
v -0.686229 0.322879 0.223839
v -0.672646 -0.205254 0.270402
v -0.664059 -0.229502 0.267601
v -0.136472 -0.206725 0.372836
v -0.202866 -0.214196 0.374399
v -0.165073 -0.223889 0.375667
v 0.129735 -0.369485 0.393481
v 0.139553 -0.397472 0.386808
v -0.577073 -0.319711 0.260915
v 0.030569 -0.447053 0.328577
v 0.069107 -0.449695 0.326163
v -0.596188 -0.329214 0.251042
v -0.270503 -0.495176 0.246779
v 0.369047 -0.022141 0.370606
v 0.190907 -0.345217 0.376654
v 0.383106 -0.159980 0.352229
v 0.202754 -0.375380 0.380522
v 0.373835 -0.207931 0.350313
v 0.396562 -0.184181 0.347249
v 0.572055 -0.255794 0.292367
v 0.373479 -0.543565 0.201730
v -0.747653 -0.306643 0.198165
v 0.556964 -0.300604 0.283000
v 0.580528 -0.277901 0.283000
v 0.943404 0.111690 0.113435
v 0.947847 0.127008 0.101951
v 0.776493 0.317476 0.059373
v 0.605446 0.417378 0.179735
v 0.776960 0.314659 0.035646
v 0.763028 0.324727 0.046138
v 0.582001 0.440674 0.185130
v -0.373479 -0.543565 -0.201730
v 0.747523 0.382323 -0.081205
v 0.659918 0.518584 -0.038871
v 0.139774 0.662575 0.113436
v 0.120336 0.670266 0.101952
v -0.072662 0.647072 0.147369
v -0.089266 0.636246 0.160652
v -0.250465 0.672445 -0.039910
v -0.523209 0.492740 0.190600
v -0.247932 0.666990 -0.065303
v -0.268131 0.666223 -0.053213
v -0.615812 0.541917 0.052609
v -0.539106 0.575653 0.067529
v -0.553031 0.478521 0.188781
v -0.951796 0.203890 0.013080
v -0.957987 0.189922 -0.000083
v -0.921668 0.042093 0.150780
v -0.908902 0.028062 0.163691
v -0.932184 -0.126372 0.122814
v -0.957924 -0.127615 0.095476
v -0.940055 -0.140376 0.109215
v -0.790324 -0.286081 0.181186
v -0.594607 -0.484769 0.131591
v -0.573069 -0.481752 0.142012
v -0.266988 -0.624359 0.132356
v -0.421925 -0.613911 -0.088649
v -0.275254 -0.641412 0.104638
v -0.252330 -0.636687 0.117700
v -0.401726 -0.614678 -0.100739
v -0.211338 -0.678963 -0.039910
v 0.399158 -0.556625 0.181186
v 0.653643 -0.548651 0.086377
v 0.661826 -0.551580 0.052727
v 0.675021 -0.544353 0.070679
v 0.822017 -0.409478 0.020233
v 0.822036 -0.405557 -0.009572
v 0.832912 -0.394991 0.005010
v 0.917046 -0.182766 0.117964
v 0.191133 0.662576 0.100739
v 0.174148 0.670266 0.088649
v 0.615815 0.541920 -0.052612
v 0.490101 0.600583 -0.054929
v 0.629201 0.529837 -0.065593
v 0.506103 0.589676 -0.068563
v 0.287567 0.581594 -0.217815
v 0.248146 0.586053 -0.211857
v 0.000930 0.666222 -0.119729
v -0.035137 0.666988 -0.117910
v -0.672721 0.507681 0.052272
v -0.776349 0.428661 0.053213
v -0.660452 0.519214 0.038968
v -0.767281 0.440964 0.039910
v -0.934956 0.242996 -0.001047
v -0.941432 0.228744 -0.014024
v -0.903783 0.272836 -0.069162
v -0.918828 0.246684 -0.068125
v -0.711753 0.396671 -0.163692
v -0.791152 0.252531 -0.195781
v -0.791535 -0.357070 0.132715
v -0.778616 -0.428154 0.000996
v -0.810206 -0.390307 -0.012283
v -0.785790 -0.412676 -0.012007
v -0.750176 -0.416666 -0.111675
v -0.465460 -0.591770 -0.101952
v -0.778083 -0.378373 -0.124958
v -0.754519 -0.401076 -0.124958
v -0.443276 -0.593546 -0.113436
v 0.265766 -0.665798 -0.056024
v 0.204514 -0.672461 -0.069658
v 0.244126 -0.665798 -0.070030
v -0.189180 -0.637297 -0.145412
v -0.057384 -0.643150 -0.154180
v 0.841149 -0.331990 -0.100738
v -0.873474 -0.287235 0.101951
v -0.513682 -0.369461 0.264466
v -0.555221 0.580343 0.000000
v 0.508550 -0.282874 -0.278339
v 0.441375 0.555644 -0.232546
v -0.507784 -0.500584 -0.190600
v -0.857019 -0.297799 0.113435
v 0.790324 -0.286081 -0.181186
v 0.089267 -0.636246 -0.160652
v 0.688188 -0.437742 -0.145413
v 0.940197 0.036796 0.132715
v 0.989732 -0.084284 0.000446
v 0.980154 -0.125996 -0.013343
v 0.986506 -0.098598 -0.013565
v 0.873474 -0.287234 -0.101951
v 0.950401 -0.085290 -0.110930
v 0.857019 -0.297799 -0.113435
v 0.932009 -0.126341 -0.122828
v 0.937635 -0.099321 -0.123841
v 0.876292 0.188451 -0.157818
v 0.427933 0.530862 -0.254832
v 0.392192 0.541663 -0.258078
v 0.280028 0.284228 -0.346848
v 0.260221 0.243896 -0.359177
v 0.251236 0.268819 -0.354299
v -0.165079 0.429118 -0.307976
v -0.017198 0.538601 -0.253959
v -0.025890 0.554062 -0.242937
v -0.234428 0.432273 -0.295343
v -0.368877 0.433789 -0.262612
v -0.226486 0.414510 -0.307153
v -0.361970 0.415743 -0.272885
v -0.660600 0.353310 -0.220715
v -0.684164 0.330607 -0.220715
v -0.663615 0.250327 -0.261344
v -0.690908 0.248608 -0.250417
v -0.479846 0.091886 -0.331862
v -0.826293 0.021131 -0.223837
v 0.660137 0.339405 0.157220
v -0.630246 -0.200799 -0.267848
v -0.592984 -0.180530 -0.288402
v -0.600680 -0.202069 -0.277894
v -0.413522 -0.296130 -0.308144
v -0.480879 -0.486900 -0.212125
v -0.366456 -0.271116 -0.320646
v -0.377497 -0.294178 -0.313404
v -0.453570 -0.502984 -0.209324
v 0.651522 0.014406 -0.301997
v 0.677591 -0.028430 -0.292367
v 0.651453 -0.014389 -0.301783
v 0.758582 -0.286081 -0.201730
v 0.697561 -0.248252 -0.238027
v 0.523947 -0.236440 -0.291455
v -0.055400 -0.593544 -0.209324
v -0.019802 -0.591768 -0.212125
v 0.637138 0.329722 0.176700
v 0.020686 -0.531810 -0.253215
v 0.047429 -0.544432 -0.244853
v -0.124175 -0.337729 -0.325056
v 0.053607 -0.248326 -0.372405
v 0.034928 -0.208086 -0.380830
v 0.062592 -0.223403 -0.377283
v 0.484269 -0.270867 -0.288297
v 0.409144 -0.315044 -0.284745
v -0.821042 -0.220298 0.188780
v -0.247085 0.440002 0.290057
v -0.198182 0.472355 0.283001
v -0.235716 0.461541 0.280786
v -0.417731 0.507677 0.217306
v -0.559308 0.027682 0.319010
v -0.584670 0.069575 0.309042
v -0.586237 0.041747 0.309790
v 0.068291 0.079977 0.394182
v -0.727602 0.236947 0.237334
v -0.797888 -0.196050 0.212124
v -0.686229 -0.322879 0.223839
v -0.053470 -0.249036 0.374313
v -0.015756 -0.256806 0.373500
v 0.166672 -0.436837 0.320882
v -0.545981 -0.577432 -0.052609
v -0.463406 -0.374810 0.281991
v -0.909111 0.282030 0.038159
v 0.176978 -0.453732 0.307576
v -0.650742 -0.357070 0.223839
v -0.486655 -0.384354 0.270395
v -0.120143 -0.528474 0.252003
v 0.155715 -0.587012 0.197015
v 0.229910 -0.021131 0.388252
v 0.265152 -0.022141 0.384706
v 0.227868 -0.421602 0.318700
v 0.464305 -0.114378 0.345365
v 0.485477 -0.090811 0.344711
v 0.235552 -0.437113 0.301218
v 0.651810 -0.159179 0.284204
v 0.643098 -0.205585 0.277882
v 0.662257 -0.181656 0.275933
v 0.924326 0.070987 0.145411
v 0.906037 0.152205 0.140682
v 0.888352 0.160350 0.153048
v 0.680568 0.314502 0.155594
v 0.718799 0.365355 0.100812
v 0.727677 0.366632 0.078767
v 0.716153 0.382159 0.091641
v 0.703259 0.448665 -0.097420
v 0.696820 0.462755 -0.085951
v 0.717008 0.435773 -0.035759
v 0.189180 0.637297 0.145412
v -0.085703 0.685293 0.068563
v -0.089281 0.691811 0.040923
v -0.107808 0.687534 0.054929
v -0.393037 0.541914 0.196795
v -0.327564 0.659077 0.014006
v -0.428009 0.529819 0.195781
v -0.326682 0.659518 -0.013303
v -0.346144 0.654914 0.000000
v -0.572273 0.571671 0.013641
v -0.588497 0.525145 0.117910
v -0.914461 0.255262 0.065376
v -0.925672 0.243422 0.052305
v -0.990123 0.097434 0.013630
v -0.990618 0.096229 -0.013179
v -0.995498 0.082622 0.000226
v -0.831146 -0.196050 0.190600
v -0.892747 -0.177888 0.146335
v -0.876292 -0.188452 0.157818
v -0.545352 -0.526921 0.110171
v -0.558720 -0.545058 0.089384
v -0.536710 -0.543351 0.100438
v -0.501341 -0.600135 -0.038968
v -0.481880 -0.604739 -0.052272
v -0.184065 -0.618790 0.153625
v -0.161470 -0.612007 0.164827
v -0.131433 -0.691812 0.013641
v 0.145993 -0.605827 0.175553
v 0.684311 -0.479727 0.129173
v 0.698970 -0.492673 0.107720
v 0.705493 -0.475370 0.118076
v 0.855419 -0.356700 0.076777
v 0.729738 -0.416611 -0.132716
v 0.856846 -0.323059 -0.088648
v 0.875615 -0.369850 0.050708
v 0.881284 -0.354618 0.065270
v -0.826293 -0.021131 -0.223837
v 0.240538 0.637297 0.132715
v 0.344060 0.647991 -0.056024
v 0.659807 0.492315 -0.101866
v 0.399209 0.628179 -0.069658
v 0.361567 0.639087 -0.070030
v 0.668514 0.477460 -0.113065
v 0.594607 0.506380 -0.165546
v 0.403439 0.562944 -0.230122
v -0.897822 0.292837 0.051268
v -0.616913 0.548968 0.000000
v -0.836697 0.376354 0.038829
v -0.857675 0.354168 0.038293
v -0.599861 0.557640 -0.013641
v -0.583069 0.534649 -0.107459
v -0.531635 0.554064 -0.117910
v -0.560170 0.538604 -0.119729
v -0.688189 0.367342 -0.198644
v -0.711753 0.344639 -0.198644
v -0.800582 0.304387 -0.162678
v -0.841149 -0.331990 0.100738
v -0.856846 -0.323059 0.088648
v -0.714449 -0.484117 -0.013510
v -0.687143 -0.505466 -0.013586
v -0.640832 -0.498198 -0.108956
v -0.675161 -0.466144 -0.123842
v -0.647920 -0.485689 -0.122829
v -0.479249 -0.516044 -0.188781
v 0.280038 -0.648899 0.088957
v 0.314908 -0.641901 0.089775
v 0.418841 -0.626259 -0.055657
v 0.361567 -0.639087 -0.070030
v 0.399209 -0.628179 -0.069658
v -0.045592 -0.614676 -0.188781
v -0.009525 -0.613909 -0.190600
v -0.185806 -0.324504 -0.327281
v -0.149868 -0.319949 -0.329302
v -0.196406 -0.347820 -0.322630
v 0.540044 -0.271844 -0.275836
v -0.062596 -0.604888 -0.198390
v -0.814398 0.000000 -0.230956
v -0.510570 -0.484288 -0.202648
v -0.843928 -0.019847 -0.212902
v -0.191130 0.411774 -0.313186
v -0.843928 0.019846 -0.212902
v -0.663733 0.370590 -0.209678
v 0.453060 0.542480 -0.247470
v 0.777465 -0.306643 -0.178870
v -0.525414 -0.582598 -0.065575
v -0.327533 0.413701 -0.279354
v 0.705902 -0.436421 -0.132438
v -0.741342 -0.361866 0.169940
v -0.874298 -0.299304 0.088334
v 0.844160 -0.318360 -0.111119
v -0.533906 -0.586104 -0.038968
v -0.720743 -0.381713 0.169940
v -0.569826 0.572909 -0.012989
v -0.901188 0.278917 0.064305
v -0.382499 0.519211 0.218866
v 0.689517 0.459208 -0.109326
v -0.134432 -0.360220 -0.318715
v 0.134669 -0.597489 0.189249
v -0.702319 -0.381712 0.181865
v -0.735648 -0.349600 0.181865
v -0.819715 -0.181721 0.202647
v -0.369473 0.536555 0.208446
v 0.206183 0.627509 0.155021
v 0.548106 -0.248972 -0.282529
v 0.679936 0.299965 0.166095
v 0.916282 0.056643 0.155020
v -0.789301 -0.220298 0.209323
v 0.209330 -0.451482 0.297152
v 0.185785 -0.589088 0.196021
v -0.174995 0.448662 -0.297777
v 0.218172 0.000000 0.389672
v -0.711530 -0.361866 0.189234
v 0.045266 0.097158 0.391267
v 0.229910 0.021131 0.388252
v 0.265152 0.022141 0.384706
v 0.283851 0.111054 0.373361
v 0.341316 0.089747 0.366596
v 0.319727 0.112202 0.368675
v 0.340563 0.364438 0.311927
v 0.313403 0.383139 0.309222
v 0.657902 0.305173 0.174182
v 0.627857 0.275512 0.203521
v 0.011872 0.091499 0.389867
v -0.175477 0.286863 0.351991
v -0.127843 0.322036 0.350320
v -0.166258 0.312269 0.347808
v 0.668953 -0.389275 -0.195188
v 0.678165 -0.369428 -0.202558
v 0.690241 -0.375570 -0.192211
v 0.632318 -0.396763 -0.209099
v 0.616971 -0.390546 -0.220034
v 0.641530 -0.376916 -0.216469
v 0.608642 -0.361075 -0.234835
v 0.615030 -0.337354 -0.237176
v 0.633472 -0.347862 -0.232204
v 0.561495 -0.362385 -0.241455
v 0.539639 -0.350898 -0.246651
v 0.567966 -0.338640 -0.243836
v 0.525210 -0.317787 -0.262669
v 0.532344 -0.294728 -0.269307
v 0.554824 -0.305852 -0.260678
v 0.468888 -0.316897 -0.274187
v 0.442987 -0.304372 -0.282762
v 0.476587 -0.294006 -0.281463
v 0.424677 -0.268487 -0.298047
v 0.431923 -0.244753 -0.303807
v 0.458044 -0.257714 -0.295597
v 0.365958 -0.267369 -0.311837
v 0.340914 -0.255288 -0.323212
v 0.373486 -0.243519 -0.317699
v 0.323714 -0.219187 -0.341375
v 0.330726 -0.194986 -0.346727
v 0.355409 -0.207081 -0.334391
v 0.266807 -0.219182 -0.362987
v 0.238112 -0.203894 -0.369022
v 0.273390 -0.194468 -0.366797
v 0.216678 -0.164931 -0.377531
v 0.221575 -0.140048 -0.375626
v 0.248935 -0.153926 -0.369516
v 0.153736 -0.159040 -0.383304
v 0.126072 -0.143723 -0.386850
v 0.160996 -0.135366 -0.385778
v 0.106655 -0.106481 -0.391816
v 0.114902 -0.084555 -0.393235
v 0.141579 -0.098123 -0.390744
v 0.046648 -0.100494 -0.394307
v 0.021565 -0.086149 -0.395727
v 0.054894 -0.078568 -0.395727
v 0.569850 -0.443796 -0.206793
v 0.581132 -0.423986 -0.215196
v 0.596478 -0.430202 -0.204261
v 0.524213 -0.450789 -0.220528
v 0.505141 -0.444081 -0.231505
v 0.535471 -0.430944 -0.228855
v 0.494134 -0.411552 -0.242867
v 0.502611 -0.386893 -0.245402
v 0.524547 -0.398965 -0.241104
v 0.437126 -0.410327 -0.249202
v 0.410103 -0.396539 -0.254778
v 0.445445 -0.386259 -0.254020
v 0.392470 -0.360898 -0.270247
v 0.400976 -0.338035 -0.277654
v 0.427183 -0.350223 -0.268547
v 0.331972 -0.360158 -0.282763
v 0.306708 -0.348794 -0.294190
v 0.340994 -0.337310 -0.290754
v 0.291079 -0.314913 -0.316020
v 0.299866 -0.291339 -0.323426
v 0.324588 -0.302709 -0.310290
v 0.233248 -0.318535 -0.341057
v 0.204671 -0.303498 -0.349163
v 0.242197 -0.293657 -0.347630
v 0.184864 -0.263166 -0.361492
v 0.193849 -0.238243 -0.366370
v 0.222544 -0.253531 -0.360335
v 0.118987 -0.256335 -0.367527
v 0.090789 -0.239869 -0.372405
v 0.127972 -0.231412 -0.372405
v 0.072111 -0.199629 -0.380830
v 0.081629 -0.175855 -0.384376
v 0.109293 -0.191172 -0.380830
v 0.009174 -0.191920 -0.383304
v -0.016580 -0.175755 -0.385778
v 0.018692 -0.168146 -0.386850
v 0.449465 -0.495318 -0.215579
v 0.462189 -0.476358 -0.225056
v 0.481198 -0.482958 -0.213852
v 0.395222 -0.500252 -0.228343
v 0.371406 -0.490490 -0.235743
v 0.407901 -0.481201 -0.237657
v 0.355599 -0.454286 -0.245070
v 0.365135 -0.430334 -0.249846
v 0.391834 -0.444406 -0.244875
v 0.294100 -0.453664 -0.255473
v 0.268378 -0.442078 -0.264490
v 0.303582 -0.429388 -0.260415
v 0.252483 -0.406767 -0.280430
v 0.262323 -0.383308 -0.288299
v 0.287611 -0.394511 -0.277305
v 0.190928 -0.408183 -0.294341
v 0.162660 -0.393379 -0.301332
v 0.201492 -0.383955 -0.300854
v 0.145147 -0.356161 -0.320664
v 0.156181 -0.335264 -0.337149
v 0.184614 -0.349297 -0.326496
v 0.078346 -0.348378 -0.325564
v 0.050443 -0.332941 -0.335153
v 0.088990 -0.327061 -0.341518
v 0.032838 -0.296149 -0.358852
v 0.043230 -0.272501 -0.366370
v 0.071427 -0.288959 -0.361471
v -0.031719 -0.286153 -0.360172
v -0.057837 -0.269491 -0.365782
v -0.021423 -0.262924 -0.369022
v 0.311429 -0.539047 -0.220099
v 0.324448 -0.521690 -0.230494
v 0.346964 -0.529129 -0.219483
v 0.250793 -0.540293 -0.231136
v 0.225573 -0.530807 -0.240756
v 0.263819 -0.522949 -0.241556
v 0.211679 -0.499227 -0.257903
v 0.223612 -0.480033 -0.267804
v 0.249779 -0.492505 -0.259310
v 0.146205 -0.491160 -0.262491
v 0.119158 -0.477508 -0.269722
v 0.157694 -0.471448 -0.271559
v 0.102905 -0.443716 -0.286281
v 0.113644 -0.423502 -0.295209
v 0.141393 -0.437042 -0.287067
v 0.037191 -0.436049 -0.293308
v 0.009768 -0.420919 -0.299874
v 0.047621 -0.415627 -0.302177
v -0.007486 -0.383296 -0.313102
v 0.002259 -0.361425 -0.321016
v 0.029994 -0.378141 -0.315522
v -0.071538 -0.371992 -0.316089
v -0.098050 -0.355047 -0.320783
v -0.061652 -0.349991 -0.323700
v 0.163615 -0.570830 -0.219480
v 0.175348 -0.553949 -0.228825
v 0.200691 -0.564234 -0.220099
v 0.100325 -0.567325 -0.228343
v 0.074039 -0.556750 -0.237279
v 0.111857 -0.549572 -0.236888
v 0.058651 -0.524847 -0.252932
v 0.069791 -0.504600 -0.260830
v 0.096569 -0.517414 -0.252740
v -0.006263 -0.518551 -0.261408
v -0.033259 -0.505050 -0.269722
v 0.004713 -0.497991 -0.268907
v -0.049214 -0.469658 -0.284350
v -0.038439 -0.448072 -0.291081
v -0.011429 -0.463069 -0.284272
v -0.113129 -0.460422 -0.292080
v -0.139194 -0.444140 -0.298198
v -0.102441 -0.438503 -0.297691
v 0.016249 -0.588710 -0.213852
v 0.026086 -0.575549 -0.225056
v 0.052299 -0.585652 -0.215579
v -0.045563 -0.580383 -0.220528
v -0.071325 -0.568999 -0.228932
v -0.035726 -0.567222 -0.231733
v -0.088394 -0.542154 -0.248357
v -0.079701 -0.526694 -0.259380
v -0.052795 -0.540377 -0.251158
v -0.149026 -0.529481 -0.252675
v -0.174061 -0.515032 -0.259793
v -0.140334 -0.514021 -0.263698
v -0.121313 -0.593463 -0.204261
v -0.114118 -0.582119 -0.215196
v -0.088357 -0.593503 -0.206793
v -0.178388 -0.581156 -0.209100
v -0.202506 -0.568890 -0.216469
v -0.171192 -0.569812 -0.220034
v -0.032145 -0.137636 -0.390744
v -0.021955 -0.115683 -0.393235
v 0.003128 -0.130028 -0.391816
v -0.073256 -0.229474 -0.375307
v -0.062555 -0.206418 -0.380006
v -0.036800 -0.222584 -0.377532
v -0.113962 -0.315711 -0.333048
v -0.103847 -0.294547 -0.343537
v -0.078027 -0.311688 -0.338684
v -0.154944 -0.405473 -0.308879
v -0.144691 -0.382903 -0.313627
v -0.118422 -0.399828 -0.308804
v -0.191062 -0.483276 -0.277200
v -0.183028 -0.465969 -0.287489
v -0.157335 -0.482265 -0.281104
v -0.220345 -0.543097 -0.234522
v -0.214066 -0.529570 -0.245206
v -0.189032 -0.544019 -0.238088
v -0.243044 -0.587844 -0.192211
v -0.238432 -0.577906 -0.202558
v -0.214314 -0.590172 -0.195188
v 0.063452 0.006515 -0.374591
v 0.064794 -0.014674 -0.380215
v 0.038555 -0.004058 -0.377463
v 0.118475 0.007707 -0.373662
v 0.147699 -0.003391 -0.375032
v 0.120397 -0.015256 -0.379519
v 0.177055 -0.038856 -0.383192
v 0.176991 -0.063851 -0.389869
v 0.150146 -0.050880 -0.390242
v 0.231936 -0.038221 -0.372648
v 0.259268 -0.051229 -0.365348
v 0.230603 -0.063792 -0.372587
v 0.284984 -0.090283 -0.358849
v 0.282639 -0.116208 -0.359421
v 0.255184 -0.102597 -0.365847
v 0.343247 -0.091456 -0.347356
v 0.371739 -0.105348 -0.341846
v 0.341138 -0.117716 -0.347548
v 0.397056 -0.145131 -0.335286
v 0.392913 -0.170391 -0.332959
v 0.366438 -0.157541 -0.341818
v 0.455593 -0.146336 -0.322088
v 0.482888 -0.160025 -0.314301
v 0.450747 -0.171529 -0.318506
v 0.504756 -0.198854 -0.303916
v 0.498166 -0.223139 -0.298809
v 0.471585 -0.209628 -0.306066
v 0.563932 -0.202003 -0.295275
v 0.588858 -0.215585 -0.287495
v 0.556165 -0.225762 -0.288961
v 0.602694 -0.250271 -0.270947
v 0.592273 -0.271391 -0.262847
v 0.571280 -0.260964 -0.273667
v 0.648441 -0.246991 -0.247536
v 0.667630 -0.258316 -0.238744
v 0.638900 -0.269075 -0.242000
v 0.678082 -0.291819 -0.231579
v 0.668280 -0.313228 -0.230698
v 0.649403 -0.302697 -0.235062
v 0.721183 -0.289983 -0.219813
v 0.734465 -0.298347 -0.209099
v 0.710346 -0.310612 -0.216467
v 0.169639 0.057065 -0.363163
v 0.172607 0.033067 -0.366032
v 0.142475 0.043681 -0.366528
v 0.227699 0.059959 -0.357569
v 0.258064 0.048754 -0.355326
v 0.229886 0.035316 -0.360376
v 0.288993 0.012046 -0.355683
v 0.289129 -0.013101 -0.358175
v 0.260371 -0.000972 -0.361799
v 0.347825 0.013079 -0.347171
v 0.377696 0.000522 -0.344876
v 0.347621 -0.012743 -0.348942
v 0.405794 -0.039576 -0.339119
v 0.404150 -0.066318 -0.337523
v 0.375388 -0.052413 -0.343358
v 0.464579 -0.040458 -0.325590
v 0.493521 -0.054580 -0.318328
v 0.463037 -0.067480 -0.324719
v 0.521095 -0.096008 -0.311750
v 0.518846 -0.122706 -0.311594
v 0.489839 -0.108352 -0.317627
v 0.583521 -0.098156 -0.303844
v 0.613675 -0.113034 -0.302409
v 0.583101 -0.126280 -0.308601
v 0.634788 -0.153687 -0.294230
v 0.628488 -0.179968 -0.291447
v 0.604010 -0.166511 -0.299396
v 0.685179 -0.152641 -0.275797
v 0.705727 -0.165201 -0.264665
v 0.678325 -0.178527 -0.271714
v 0.717063 -0.201557 -0.249253
v 0.707216 -0.224858 -0.243439
v 0.688159 -0.213732 -0.252688
v 0.759618 -0.199067 -0.231732
v 0.774459 -0.209683 -0.220527
v 0.750984 -0.223282 -0.228821
v 0.281792 0.113433 -0.348307
v 0.284463 0.087854 -0.348787
v 0.253175 0.099008 -0.352319
v 0.342597 0.116980 -0.341162
v 0.374428 0.105593 -0.337985
v 0.344765 0.090868 -0.341733
v 0.407696 0.067442 -0.338237
v 0.408118 0.040744 -0.340055
v 0.377270 0.052960 -0.341254
v 0.468196 0.069258 -0.329699
v 0.497327 0.055686 -0.322504
v 0.467661 0.041643 -0.329293
v 0.526107 0.014024 -0.313958
v 0.525196 -0.013781 -0.312735
v 0.495882 0.000250 -0.320132
v 0.587805 0.014338 -0.304679
v 0.619451 0.000242 -0.302046
v 0.586851 -0.013932 -0.302894
v 0.648609 -0.042674 -0.298953
v 0.645964 -0.071006 -0.296760
v 0.616815 -0.056513 -0.299765
v 0.700752 -0.042461 -0.282026
v 0.723913 -0.056492 -0.271685
v 0.698494 -0.070891 -0.281052
v 0.742292 -0.097543 -0.259784
v 0.737510 -0.124563 -0.258224
v 0.716873 -0.111942 -0.269150
v 0.784756 -0.095835 -0.239380
v 0.801801 -0.108525 -0.228343
v 0.779974 -0.122855 -0.237820
v 0.399785 0.174655 -0.340210
v 0.401954 0.147490 -0.336427
v 0.369698 0.158823 -0.340557
v 0.460437 0.177973 -0.335573
v 0.492382 0.166222 -0.332127
v 0.463311 0.151348 -0.333176
v 0.527761 0.126615 -0.329445
v 0.529353 0.098620 -0.325348
v 0.498404 0.111966 -0.329838
v 0.585229 0.127022 -0.314062
v 0.614989 0.113359 -0.306568
v 0.588908 0.099335 -0.316166
v 0.647006 0.071266 -0.300049
v 0.649264 0.042836 -0.301023
v 0.620275 0.057216 -0.308167
v 0.698494 0.070891 -0.281052
v 0.723913 0.056492 -0.271685
v 0.700752 0.042461 -0.282026
v 0.749332 0.014031 -0.262318
v 0.749332 -0.014031 -0.262318
v 0.726171 0.000000 -0.272659
v 0.792032 0.014031 -0.241556
v 0.811571 0.000000 -0.231135
v 0.792032 -0.014031 -0.241556
v 0.506986 0.229778 -0.317001
v 0.513576 0.205067 -0.320816
v 0.481961 0.217051 -0.326026
v 0.562090 0.230435 -0.301592
v 0.592170 0.218365 -0.295207
v 0.568680 0.205724 -0.305406
v 0.628519 0.179991 -0.291528
v 0.634789 0.153687 -0.294233
v 0.605029 0.167350 -0.301727
v 0.678915 0.178949 -0.273107
v 0.705821 0.165266 -0.264885
v 0.685184 0.152645 -0.275812
v 0.737509 0.124563 -0.258224
v 0.742292 0.097543 -0.259784
v 0.716873 0.111942 -0.269150
v 0.779973 0.122854 -0.237820
v 0.801801 0.108525 -0.228343
v 0.784756 0.095834 -0.239380
v 0.597564 0.276537 -0.277200
v 0.606612 0.253772 -0.281104
v 0.576532 0.265841 -0.287489
v 0.645962 0.275032 -0.259793
v 0.673329 0.262832 -0.252675
v 0.655010 0.252267 -0.263697
v 0.709283 0.226382 -0.248357
v 0.717870 0.202134 -0.251158
v 0.690964 0.215818 -0.259380
v 0.751031 0.223315 -0.228931
v 0.774459 0.209682 -0.220527
v 0.759618 0.199067 -0.231732
v 0.669791 0.314519 -0.234522
v 0.680719 0.293957 -0.238087
v 0.653352 0.306158 -0.245206
v 0.710347 0.310613 -0.216469
v 0.734464 0.298347 -0.209099
v 0.721275 0.290052 -0.220034
v 0.779061 -0.242226 -0.206792
v 0.768822 -0.264154 -0.204261
v 0.755633 -0.255858 -0.215195
v 0.811860 -0.146160 -0.215578
v 0.804874 -0.171106 -0.213851
v 0.790033 -0.160490 -0.225056
v 0.828616 -0.040753 -0.220098
v 0.826122 -0.067474 -0.219482
v 0.809077 -0.054784 -0.230519
v 0.826122 0.067474 -0.219482
v 0.828616 0.040753 -0.220098
v 0.809077 0.054784 -0.230519
v 0.804874 0.171105 -0.213851
v 0.811860 0.146160 -0.215578
v 0.790032 0.160489 -0.225056
v 0.768822 0.264154 -0.204261
v 0.779061 0.242226 -0.206792
v 0.755633 0.255858 -0.215195
v 0.723542 0.343425 -0.192192
v 0.735612 0.325051 -0.195188
v 0.711495 0.337316 -0.202558
v -0.322173 -0.565640 -0.195188
v -0.292361 -0.565640 -0.202558
v -0.296974 -0.575578 -0.192211
v -0.343668 -0.543565 -0.209099
v -0.339963 -0.531427 -0.220034
v -0.313856 -0.543565 -0.216469
v -0.303873 -0.517900 -0.238087
v -0.271487 -0.516510 -0.245206
v -0.277766 -0.530038 -0.234522
v -0.324031 -0.489676 -0.252670
v -0.318028 -0.473367 -0.263367
v -0.291645 -0.488289 -0.259793
v -0.277662 -0.454898 -0.281104
v -0.243192 -0.452286 -0.287489
v -0.251225 -0.469593 -0.277200
v -0.295710 -0.420312 -0.295207
v -0.287322 -0.400420 -0.305406
v -0.261240 -0.417699 -0.301592
v -0.243293 -0.377215 -0.320816
v -0.206908 -0.371214 -0.319054
v -0.217136 -0.394133 -0.315763
v -0.257984 -0.334959 -0.328416
v -0.246913 -0.310090 -0.330322
v -0.221831 -0.329424 -0.326892
v -0.200192 -0.282337 -0.336364
v -0.164629 -0.278902 -0.339938
v -0.175198 -0.301490 -0.333007
v -0.213624 -0.239476 -0.346461
v -0.202310 -0.216633 -0.353070
v -0.178394 -0.236808 -0.350678
v -0.156328 -0.192604 -0.366653
v -0.122290 -0.191707 -0.375362
v -0.132979 -0.213556 -0.367503
v -0.167591 -0.149641 -0.373158
v -0.155801 -0.127353 -0.379607
v -0.133677 -0.148282 -0.381246
v -0.111713 -0.103908 -0.391815
v -0.079375 -0.102623 -0.393235
v -0.089565 -0.124576 -0.390743
v -0.122122 -0.062109 -0.394307
v -0.110384 -0.040978 -0.395727
v -0.089785 -0.060824 -0.395727
v -0.426873 -0.516511 -0.206793
v -0.396472 -0.517901 -0.215196
v -0.400176 -0.530038 -0.204261
v -0.450478 -0.488290 -0.220528
v -0.447126 -0.473238 -0.231285
v -0.420068 -0.489668 -0.228915
v -0.408599 -0.454211 -0.246441
v -0.376182 -0.454502 -0.254820
v -0.382491 -0.472348 -0.245323
v -0.428169 -0.416830 -0.257355
v -0.421583 -0.398177 -0.267916
v -0.395529 -0.417548 -0.266313
v -0.381613 -0.380782 -0.288829
v -0.347910 -0.382117 -0.298924
v -0.355405 -0.400357 -0.287023
v -0.399436 -0.340628 -0.300697
v -0.388548 -0.317405 -0.306859
v -0.363343 -0.338589 -0.306032
v -0.341911 -0.292679 -0.319717
v -0.306688 -0.291548 -0.327019
v -0.317332 -0.314261 -0.319569
v -0.355341 -0.248165 -0.328207
v -0.344079 -0.225296 -0.336037
v -0.320023 -0.247167 -0.335309
v -0.297399 -0.201751 -0.351980
v -0.261500 -0.199323 -0.353729
v -0.273517 -0.223145 -0.349699
v -0.308075 -0.156379 -0.355712
v -0.294828 -0.133255 -0.358146
v -0.272221 -0.155006 -0.358856
v -0.246100 -0.109220 -0.365035
v -0.211588 -0.107918 -0.370593
v -0.224230 -0.130374 -0.366257
v -0.252032 -0.065678 -0.359876
v -0.236772 -0.043728 -0.360607
v -0.218457 -0.064898 -0.368448
v -0.534076 -0.452287 -0.215579
v -0.504385 -0.454899 -0.225056
v -0.507477 -0.469594 -0.213852
v -0.556966 -0.417019 -0.227389
v -0.549985 -0.396076 -0.234422
v -0.524830 -0.416637 -0.233942
v -0.511813 -0.376482 -0.251374
v -0.479971 -0.377378 -0.260296
v -0.486396 -0.396764 -0.250349
v -0.528963 -0.335132 -0.261486
v -0.521987 -0.315239 -0.272267
v -0.499141 -0.337531 -0.272717
v -0.486627 -0.299229 -0.297388
v -0.449640 -0.297611 -0.302439
v -0.460887 -0.320512 -0.295881
v -0.494408 -0.250987 -0.299540
v -0.483590 -0.228095 -0.307372
v -0.460808 -0.251187 -0.308142
v -0.439257 -0.205418 -0.325132
v -0.404015 -0.204548 -0.331631
v -0.415464 -0.227892 -0.324633
v -0.449927 -0.159648 -0.329760
v -0.435639 -0.136469 -0.331909
v -0.414513 -0.159074 -0.335791
v -0.385783 -0.112896 -0.339355
v -0.350973 -0.112210 -0.345595
v -0.365250 -0.135134 -0.344359
v -0.390246 -0.067837 -0.336360
v -0.374597 -0.045182 -0.338521
v -0.355817 -0.067370 -0.342543
v -0.635648 -0.373401 -0.219384
v -0.605040 -0.373959 -0.226577
v -0.611688 -0.394495 -0.219482
v -0.650504 -0.329738 -0.225304
v -0.641886 -0.308315 -0.232620
v -0.619966 -0.330685 -0.233299
v -0.603151 -0.288408 -0.249980
v -0.573426 -0.290205 -0.260195
v -0.581263 -0.310932 -0.250735
v -0.616687 -0.244746 -0.258639
v -0.608636 -0.223499 -0.268132
v -0.587074 -0.246399 -0.268921
v -0.570332 -0.203330 -0.288107
v -0.538908 -0.204346 -0.297922
v -0.548187 -0.226461 -0.288728
v -0.585630 -0.158883 -0.299504
v -0.577161 -0.136863 -0.310327
v -0.553025 -0.159342 -0.308470
v -0.530103 -0.114208 -0.323394
v -0.492782 -0.114096 -0.325168
v -0.507399 -0.136967 -0.322775
v -0.534250 -0.068324 -0.323425
v -0.515582 -0.045406 -0.321872
v -0.496946 -0.068293 -0.323997
v -0.721023 -0.283173 -0.215571
v -0.692762 -0.284614 -0.223934
v -0.700571 -0.305891 -0.216414
v -0.732050 -0.239185 -0.222148
v -0.722459 -0.217759 -0.229336
v -0.703590 -0.240520 -0.230455
v -0.686140 -0.197865 -0.247177
v -0.658733 -0.199455 -0.257686
v -0.666576 -0.220668 -0.248251
v -0.697099 -0.153793 -0.255570
v -0.689529 -0.132380 -0.265434
v -0.670753 -0.155261 -0.266713
v -0.656560 -0.112129 -0.288677
v -0.630005 -0.113548 -0.301727
v -0.637782 -0.135431 -0.290179
v -0.662439 -0.066984 -0.295206
v -0.648239 -0.044844 -0.301591
v -0.632820 -0.067547 -0.305406
v -0.794821 -0.192731 -0.213835
v -0.767758 -0.193827 -0.220517
v -0.777412 -0.215249 -0.213818
v -0.802506 -0.148978 -0.220400
v -0.794015 -0.127985 -0.227828
v -0.776265 -0.150099 -0.227653
v -0.759485 -0.107721 -0.244593
v -0.733372 -0.108687 -0.253998
v -0.741562 -0.129999 -0.244780
v -0.765436 -0.064403 -0.252673
v -0.753541 -0.043272 -0.259792
v -0.741740 -0.065412 -0.263690
v -0.843801 -0.102624 -0.204259
v -0.826165 -0.103908 -0.215194
v -0.833672 -0.124576 -0.206791
v -0.844717 -0.060824 -0.209097
v -0.835505 -0.040978 -0.216467
v -0.827081 -0.062109 -0.220032
v -0.188095 -0.021813 -0.368100
v -0.156734 -0.021539 -0.376000
v -0.171982 -0.042649 -0.379170
v -0.324051 -0.022530 -0.345607
v -0.289065 -0.022415 -0.349606
v -0.305388 -0.044554 -0.348731
v -0.462492 -0.022573 -0.325962
v -0.427594 -0.022602 -0.330344
v -0.444142 -0.045335 -0.328117
v -0.602569 -0.022675 -0.315381
v -0.568407 -0.022608 -0.317702
v -0.587282 -0.045395 -0.319806
v -0.715649 -0.022141 -0.277199
v -0.689653 -0.022141 -0.287487
v -0.703853 -0.044282 -0.281103
v -0.805974 -0.021131 -0.234520
v -0.785655 -0.021131 -0.245204
v -0.797550 -0.042262 -0.238086
v -0.873783 -0.019847 -0.192209
v -0.858856 -0.019847 -0.202556
v -0.868068 -0.039693 -0.195186
v -0.868068 0.039692 -0.195186
v -0.858856 0.019846 -0.202556
v -0.873783 0.019846 -0.192209
v -0.844717 0.060824 -0.209097
v -0.827081 0.062109 -0.220032
v -0.835505 0.040978 -0.216467
v -0.797550 0.042262 -0.238086
v -0.785655 0.021131 -0.245204
v -0.805974 0.021131 -0.234520
v -0.765436 0.064403 -0.252673
v -0.741745 0.065412 -0.263696
v -0.753541 0.043272 -0.259792
v -0.703853 0.044281 -0.281103
v -0.689653 0.022140 -0.287487
v -0.715649 0.022140 -0.277199
v -0.662439 0.066984 -0.295206
v -0.632820 0.067546 -0.305406
v -0.648239 0.044843 -0.301591
v -0.584229 0.045586 -0.313850
v -0.567550 0.022932 -0.315963
v -0.601068 0.022793 -0.312038
v -0.532446 0.068799 -0.321527
v -0.497727 0.068854 -0.326766
v -0.515362 0.045899 -0.322807
v -0.445889 0.045685 -0.332550
v -0.428596 0.022794 -0.332699
v -0.463166 0.022962 -0.328119
v -0.394612 0.067815 -0.346684
v -0.360284 0.067202 -0.352296
v -0.377439 0.044869 -0.344513
v -0.306117 0.044011 -0.348868
v -0.289161 0.021618 -0.348758
v -0.324817 0.021910 -0.346561
v -0.250831 0.065216 -0.353341
v -0.216123 0.064214 -0.355944
v -0.235468 0.042851 -0.353907
v -0.168560 0.041077 -0.361518
v -0.154569 0.019771 -0.365476
v -0.186672 0.020398 -0.361082
v -0.117896 0.059327 -0.365324
v -0.086741 0.056725 -0.366844
v -0.105695 0.038121 -0.367844
v -0.833672 0.124576 -0.206791
v -0.826165 0.103908 -0.215194
v -0.843801 0.102623 -0.204259
v -0.802623 0.149011 -0.220527
v -0.781702 0.151493 -0.231731
v -0.795115 0.128343 -0.228930
v -0.750503 0.131834 -0.251157
v -0.740226 0.109693 -0.259379
v -0.763917 0.108684 -0.248356
v -0.709797 0.156704 -0.264885
v -0.682504 0.158424 -0.275812
v -0.699520 0.134563 -0.273107
v -0.642608 0.136845 -0.294233
v -0.630005 0.113547 -0.301727
v -0.659624 0.112985 -0.291528
v -0.592726 0.161325 -0.306568
v -0.559860 0.161944 -0.316198
v -0.580123 0.138027 -0.314062
v -0.512713 0.138726 -0.330771
v -0.496444 0.115233 -0.331529
v -0.530851 0.115195 -0.324425
v -0.456659 0.161944 -0.341711
v -0.420427 0.161325 -0.349163
v -0.442821 0.138027 -0.348005
v -0.369041 0.136062 -0.354827
v -0.354785 0.112887 -0.356995
v -0.392722 0.113470 -0.359336
v -0.308905 0.157123 -0.356493
v -0.272951 0.156014 -0.362349
v -0.295619 0.134192 -0.360247
v -0.223958 0.131528 -0.364616
v -0.210129 0.108273 -0.360857
v -0.245107 0.109778 -0.358787
v -0.167868 0.150854 -0.372628
v -0.133465 0.147876 -0.372551
v -0.155086 0.127182 -0.367887
v -0.779541 0.215791 -0.215578
v -0.773914 0.195217 -0.225055
v -0.794835 0.192735 -0.213851
v -0.739800 0.242100 -0.228343
v -0.715354 0.245354 -0.239380
v -0.734174 0.221526 -0.237820
v -0.682434 0.226500 -0.259784
v -0.673961 0.204392 -0.269150
v -0.701254 0.202672 -0.258224
v -0.633095 0.252149 -0.271685
v -0.602576 0.253971 -0.282026
v -0.624622 0.230041 -0.281052
v -0.561236 0.232482 -0.301023
v -0.550416 0.209172 -0.309679
v -0.583282 0.208553 -0.300049
v -0.504176 0.256412 -0.310653
v -0.469161 0.256412 -0.319309
v -0.493356 0.233102 -0.319309
v -0.422109 0.232482 -0.335417
v -0.409994 0.208472 -0.342542
v -0.446303 0.209172 -0.335417
v -0.358556 0.250293 -0.332603
v -0.321771 0.248111 -0.337122
v -0.346766 0.226957 -0.339393
v -0.274105 0.223882 -0.351396
v -0.262199 0.201050 -0.358890
v -0.298015 0.202090 -0.351090
v -0.215345 0.245353 -0.362987
v -0.179733 0.242099 -0.366797
v -0.203441 0.221526 -0.369022
v -0.704584 0.307963 -0.220098
v -0.700559 0.288572 -0.230519
v -0.725005 0.285318 -0.219482
v -0.656574 0.333920 -0.231135
v -0.628985 0.337232 -0.241556
v -0.652549 0.314529 -0.241556
v -0.594440 0.319663 -0.262318
v -0.587485 0.298782 -0.272659
v -0.618005 0.296960 -0.262318
v -0.538221 0.343556 -0.271685
v -0.505566 0.344747 -0.281052
v -0.531266 0.322675 -0.282026
v -0.463596 0.323866 -0.300049
v -0.454281 0.301794 -0.309679
v -0.489296 0.301794 -0.301023
v -0.400373 0.341082 -0.300809
v -0.363885 0.337664 -0.305039
v -0.390807 0.319146 -0.309746
v -0.317985 0.313533 -0.319261
v -0.307639 0.291540 -0.327735
v -0.343801 0.293518 -0.321820
v -0.257469 0.333037 -0.326528
v -0.223145 0.333773 -0.338012
v -0.247430 0.311650 -0.336081
v -0.611688 0.394495 -0.219482
v -0.608555 0.377215 -0.230519
v -0.636144 0.373902 -0.220098
v -0.557541 0.417699 -0.228343
v -0.527850 0.420311 -0.237821
v -0.554408 0.400419 -0.239380
v -0.492061 0.404222 -0.258224
v -0.485964 0.385520 -0.269151
v -0.518619 0.384329 -0.259784
v -0.430987 0.420971 -0.261648
v -0.396660 0.418814 -0.267703
v -0.424535 0.402454 -0.272313
v -0.354426 0.396824 -0.282953
v -0.346162 0.376891 -0.292306
v -0.381820 0.380138 -0.287491
v -0.293410 0.412741 -0.286957
v -0.259669 0.412942 -0.296002
v -0.285146 0.393792 -0.297054
v -0.507477 0.469593 -0.213852
v -0.504385 0.454898 -0.225056
v -0.534076 0.452286 -0.215579
v -0.449500 0.485508 -0.218237
v -0.417861 0.484310 -0.224862
v -0.445881 0.470724 -0.229200
v -0.380811 0.467322 -0.241794
v -0.375171 0.451000 -0.252254
v -0.408688 0.453501 -0.246482
v -0.321253 0.480787 -0.245117
v -0.289145 0.481191 -0.253379
v -0.315089 0.464938 -0.255675
v -0.395508 0.525796 -0.199568
v -0.393568 0.511980 -0.210205
v -0.423239 0.512800 -0.203062
v -0.338885 0.536864 -0.202646
v -0.310030 0.537130 -0.210195
v -0.335754 0.523754 -0.213162
v -0.087941 0.120166 -0.369612
v -0.077024 0.097070 -0.367619
v -0.109568 0.100866 -0.366940
v -0.133419 0.215790 -0.375307
v -0.122718 0.192735 -0.380006
v -0.157127 0.195217 -0.377532
v -0.177047 0.307962 -0.350512
v -0.166536 0.285317 -0.357542
v -0.202148 0.288571 -0.353732
v -0.217212 0.394494 -0.317001
v -0.207654 0.373902 -0.326026
v -0.242005 0.373997 -0.316378
v -0.249756 0.466148 -0.273587
v -0.242136 0.449232 -0.284267
v -0.275205 0.448342 -0.274730
v -0.275605 0.525611 -0.229546
v -0.269972 0.512120 -0.240856
v -0.300823 0.510575 -0.231815
v -0.291834 0.573194 -0.187255
v -0.289225 0.562284 -0.197342
v -0.315481 0.561410 -0.189515
v -0.214314 0.590172 -0.195188
v -0.238424 0.577879 -0.202489
v -0.242974 0.587694 -0.191800
v -0.178388 0.581156 -0.209099
v -0.171192 0.569813 -0.220034
v -0.202506 0.568890 -0.216469
v -0.189032 0.544020 -0.238087
v -0.214066 0.529570 -0.245206
v -0.220345 0.543097 -0.234522
v -0.149026 0.529482 -0.252675
v -0.140334 0.514021 -0.263697
v -0.174061 0.515032 -0.259793
v -0.157335 0.482265 -0.281104
v -0.183028 0.465969 -0.287489
v -0.191062 0.483276 -0.277200
v -0.113692 0.461709 -0.295207
v -0.103776 0.442165 -0.305406
v -0.139385 0.445414 -0.301592
v -0.119911 0.405277 -0.320816
v -0.145963 0.387933 -0.326026
v -0.155520 0.408525 -0.317001
v -0.073764 0.379325 -0.333061
v -0.063226 0.356622 -0.341491
v -0.099815 0.361982 -0.338271
v -0.078767 0.316634 -0.353732
v -0.104845 0.299349 -0.357542
v -0.115356 0.321993 -0.350512
v -0.031801 0.287100 -0.362987
v -0.021425 0.262925 -0.369022
v -0.057880 0.269815 -0.366797
v -0.036802 0.222584 -0.377532
v -0.062555 0.206418 -0.380006
v -0.073257 0.229474 -0.375307
v 0.009172 0.191921 -0.383304
v 0.018624 0.167913 -0.382867
v -0.016495 0.175470 -0.381369
v 0.002395 0.126643 -0.372880
v -0.021799 0.109670 -0.369931
v -0.031292 0.133306 -0.373079
v 0.043295 0.095361 -0.368698
v 0.049918 0.072257 -0.367379
v 0.018652 0.080068 -0.367744
v -0.088357 0.593504 -0.206793
v -0.114118 0.582119 -0.215196
v -0.121313 0.593463 -0.204261
v -0.045564 0.580383 -0.220528
v -0.035727 0.567222 -0.231732
v -0.071325 0.568999 -0.228931
v -0.052796 0.540378 -0.251158
v -0.079702 0.526694 -0.259380
v -0.088394 0.542154 -0.248357
v -0.006428 0.520962 -0.264886
v 0.004343 0.503324 -0.275813
v -0.033333 0.507279 -0.273107
v -0.012647 0.470096 -0.294233
v -0.040406 0.454506 -0.301727
v -0.050323 0.474050 -0.291528
v 0.036027 0.444452 -0.306568
v 0.047024 0.422763 -0.316198
v 0.008267 0.428862 -0.314062
v 0.029802 0.384471 -0.332123
v 0.001583 0.367867 -0.338417
v -0.008955 0.390570 -0.329987
v 0.078914 0.354059 -0.341711
v 0.089268 0.329746 -0.349163
v 0.050694 0.337455 -0.348005
v 0.071425 0.288968 -0.361492
v 0.043228 0.272502 -0.366370
v 0.032851 0.296676 -0.360335
v 0.118985 0.256336 -0.367527
v 0.127970 0.231413 -0.372405
v 0.090787 0.239870 -0.372405
v 0.109291 0.191172 -0.380830
v 0.081627 0.175855 -0.384376
v 0.072108 0.199630 -0.380830
v 0.152314 0.156840 -0.373261
v 0.157234 0.130956 -0.366390
v 0.124221 0.141214 -0.373559
v 0.052296 0.585666 -0.215599
v 0.026085 0.575550 -0.225057
v 0.016249 0.588710 -0.213852
v 0.099856 0.567814 -0.229790
v 0.111037 0.552412 -0.242860
v 0.074019 0.557461 -0.238294
v 0.096189 0.523436 -0.261554
v 0.069392 0.511548 -0.269375
v 0.058635 0.529571 -0.258414
v 0.144711 0.500690 -0.282893
v 0.156669 0.479471 -0.291315
v 0.118376 0.485388 -0.283454
v 0.141156 0.443074 -0.301444
v 0.113623 0.429828 -0.309167
v 0.102454 0.451331 -0.299694
v 0.191491 0.412700 -0.311052
v 0.202716 0.390423 -0.319051
v 0.163700 0.399250 -0.318804
v 0.185425 0.352851 -0.335416
v 0.156635 0.337446 -0.342869
v 0.146280 0.361759 -0.335417
v 0.233461 0.318907 -0.341711
v 0.242349 0.293863 -0.348005
v 0.204669 0.303498 -0.349163
v 0.222542 0.253531 -0.360335
v 0.193847 0.238243 -0.366370
v 0.184862 0.263166 -0.361492
v 0.266805 0.219182 -0.362987
v 0.271708 0.192771 -0.359289
v 0.238111 0.203894 -0.369021
v 0.197431 0.574105 -0.241254
v 0.171834 0.565297 -0.252571
v 0.160848 0.575167 -0.229753
v 0.251293 0.564936 -0.277708
v 0.263966 0.542255 -0.283566
v 0.222928 0.551129 -0.285321
v 0.249450 0.500510 -0.292829
v 0.223148 0.487067 -0.301285
v 0.209911 0.513032 -0.299594
v 0.297300 0.461476 -0.278340
v 0.308496 0.438726 -0.281968
v 0.271937 0.449762 -0.289745
v 0.294569 0.405844 -0.299464
v 0.268430 0.394016 -0.309508
v 0.256949 0.415744 -0.302429
v 0.343799 0.374175 -0.306423
v 0.353428 0.350355 -0.314063
v 0.316947 0.361364 -0.316208
v 0.335206 0.312290 -0.329987
v 0.307617 0.298259 -0.338417
v 0.298730 0.323303 -0.332123
v 0.378196 0.276527 -0.333061
v 0.384708 0.251777 -0.338272
v 0.350607 0.262496 -0.341492
v 0.356423 0.552698 -0.260818
v 0.329897 0.541645 -0.268513
v 0.318583 0.563339 -0.262708
v 0.401549 0.516907 -0.258590
v 0.411187 0.490768 -0.256578
v 0.375113 0.502174 -0.260866
v 0.395987 0.452605 -0.262272
v 0.370700 0.440358 -0.269801
v 0.359285 0.462898 -0.264833
v 0.442922 0.419382 -0.265793
v 0.452960 0.396736 -0.273201
v 0.418930 0.408890 -0.275906
v 0.438774 0.362806 -0.291528
v 0.414339 0.351074 -0.301728
v 0.404972 0.375108 -0.294234
v 0.479677 0.326748 -0.295208
v 0.486780 0.302994 -0.301592
v 0.455243 0.315017 -0.305407
v 0.494085 0.504626 -0.243410
v 0.471225 0.492564 -0.248250
v 0.462648 0.519567 -0.250611
v 0.530898 0.460343 -0.232756
v 0.538453 0.435019 -0.234027
v 0.509316 0.450522 -0.240144
v 0.527144 0.402770 -0.249037
v 0.506841 0.393450 -0.259572
v 0.497105 0.416462 -0.252543
v 0.565182 0.367050 -0.252689
v 0.573292 0.345048 -0.259793
v 0.545158 0.358107 -0.263698
v 0.599038 0.433207 -0.207810
v 0.583370 0.426680 -0.218417
v 0.575670 0.450989 -0.215468
v 0.632494 0.396958 -0.209325
v 0.641550 0.376938 -0.216494
v 0.617133 0.390728 -0.220245
v 0.134416 0.091406 -0.364628
v 0.107350 0.077299 -0.366078
v 0.102123 0.101218 -0.367744
v 0.246396 0.150481 -0.355935
v 0.217861 0.135490 -0.358798
v 0.213804 0.161758 -0.364627
v 0.363658 0.212998 -0.350245
v 0.334038 0.197156 -0.350025
v 0.329601 0.223751 -0.353732
v 0.468859 0.266512 -0.317001
v 0.443834 0.253785 -0.326026
v 0.437322 0.278535 -0.320816
v 0.560381 0.312362 -0.277200
v 0.539349 0.301666 -0.287489
v 0.532246 0.325421 -0.281104
v 0.634303 0.348710 -0.234523
v 0.617865 0.340349 -0.245206
v 0.609751 0.362346 -0.238095
v 0.690221 0.375547 -0.192198
v 0.678165 0.369429 -0.202558
v 0.668969 0.389292 -0.195208
v 0.769669 0.335800 -0.163152
v 0.765072 0.324679 -0.175687
v 0.752503 0.342522 -0.172394
v 0.800925 0.309826 -0.156953
v 0.814499 0.289980 -0.159617
v 0.795953 0.298281 -0.169226
v 0.819116 0.255858 -0.174109
v 0.810803 0.242226 -0.186249
v 0.800563 0.264154 -0.183718
v 0.847772 0.223315 -0.166320
v 0.857876 0.199067 -0.168139
v 0.839459 0.209682 -0.178459
v 0.856549 0.160489 -0.182006
v 0.845118 0.146160 -0.194054
v 0.838132 0.171105 -0.192327
v 0.880592 0.122854 -0.172699
v 0.886218 0.095834 -0.173712
v 0.869161 0.108525 -0.184746
v 0.877281 0.054784 -0.186376
v 0.862718 0.040753 -0.198027
v 0.860224 0.067474 -0.197410
v 0.894338 0.014031 -0.175342
v 0.894338 -0.014031 -0.175342
v 0.879775 0.000000 -0.186992
v 0.877281 -0.054784 -0.186376
v 0.860224 -0.067474 -0.197410
v 0.862718 -0.040753 -0.198027
v 0.886218 -0.095835 -0.173712
v 0.880592 -0.122855 -0.172699
v 0.869161 -0.108525 -0.184746
v 0.856549 -0.160490 -0.182006
v 0.838132 -0.171106 -0.192327
v 0.845118 -0.146160 -0.194054
v 0.857876 -0.199067 -0.168139
v 0.847772 -0.223315 -0.166320
v 0.839459 -0.209683 -0.178459
v 0.819116 -0.255858 -0.174109
v 0.800563 -0.264154 -0.183718
v 0.810803 -0.242226 -0.186249
v 0.814571 -0.290052 -0.159653
v 0.801712 -0.310613 -0.157337
v 0.796018 -0.298347 -0.169262
v 0.836008 0.302095 -0.122904
v 0.835542 0.292801 -0.136666
v 0.820359 0.311136 -0.133491
v 0.868287 0.273746 -0.114674
v 0.882453 0.252168 -0.116401
v 0.865955 0.262693 -0.127868
v 0.888996 0.215818 -0.131212
v 0.882645 0.202135 -0.144515
v 0.872541 0.226383 -0.142696
v 0.914304 0.178950 -0.120761
v 0.923156 0.152645 -0.121795
v 0.907952 0.165266 -0.134065
v 0.922431 0.111942 -0.136111
v 0.912853 0.097543 -0.149395
v 0.907227 0.124563 -0.148381
v 0.940823 0.070891 -0.124214
v 0.944012 0.042461 -0.124586
v 0.931246 0.056492 -0.137497
v 0.934434 0.000000 -0.137869
v 0.921668 -0.014031 -0.150780
v 0.921668 0.014031 -0.150780
v 0.944012 -0.042461 -0.124586
v 0.940823 -0.070891 -0.124214
v 0.931246 -0.056492 -0.137497
v 0.922431 -0.111942 -0.136111
v 0.907227 -0.124563 -0.148381
v 0.912853 -0.097543 -0.149395
v 0.923156 -0.152645 -0.121795
v 0.914304 -0.178950 -0.120761
v 0.907952 -0.165266 -0.134065
v 0.888996 -0.215819 -0.131212
v 0.872541 -0.226383 -0.142696
v 0.882645 -0.202135 -0.144515
v 0.882572 -0.252268 -0.116418
v 0.869796 -0.275033 -0.114926
v 0.866117 -0.262832 -0.127901
v 0.897590 0.263275 -0.077414
v 0.898958 0.253037 -0.091231
v 0.882912 0.273017 -0.089332
v 0.925585 0.230304 -0.066224
v 0.937230 0.205725 -0.066877
v 0.924929 0.218366 -0.079843
v 0.945258 0.167351 -0.081528
v 0.941810 0.153688 -0.095526
v 0.932957 0.179992 -0.094493
v 0.963986 0.127023 -0.068927
v 0.970413 0.099336 -0.069292
v 0.960537 0.113360 -0.082926
v 0.970152 0.057243 -0.083663
v 0.963465 0.042837 -0.097669
v 0.960277 0.071267 -0.097297
v 0.980028 0.014407 -0.070029
v 0.980028 -0.014407 -0.070029
v 0.973341 0.000000 -0.084035
v 0.970152 -0.057243 -0.083663
v 0.960277 -0.071267 -0.097297
v 0.963465 -0.042837 -0.097669
v 0.970413 -0.099336 -0.069292
v 0.963986 -0.127023 -0.068927
v 0.960537 -0.113360 -0.082926
v 0.945258 -0.167351 -0.081528
v 0.932957 -0.179992 -0.094493
v 0.941810 -0.153688 -0.095526
v 0.937230 -0.205725 -0.066877
v 0.925752 -0.230436 -0.066226
v 0.924929 -0.218366 -0.079843
v 0.944499 0.217007 -0.026629
v 0.947043 0.205068 -0.040271
v 0.935261 0.229538 -0.039615
v 0.962547 0.178310 -0.013641
v 0.971701 0.152347 -0.013625
v 0.965034 0.166326 -0.027282
v 0.980461 0.112624 -0.027647
v 0.980374 0.098968 -0.041653
v 0.973948 0.126655 -0.041288
v 0.990253 0.070537 -0.014000
v 0.993457 0.042470 -0.014004
v 0.990122 0.056875 -0.028012
v 0.993358 0.000000 -0.028012
v 0.990036 -0.014407 -0.042017
v 0.990036 0.014407 -0.042017
v 0.993444 -0.042469 -0.014006
v 0.990720 -0.070670 -0.013833
v 0.990122 -0.056875 -0.028012
v 0.980460 -0.112624 -0.027647
v 0.973948 -0.126655 -0.041288
v 0.980374 -0.098968 -0.041653
v 0.971868 -0.152450 -0.013413
v 0.962624 -0.178360 -0.013593
v 0.965033 -0.166326 -0.027282
v 0.967244 0.162425 0.026016
v 0.974772 0.151053 0.013236
v 0.963526 0.176317 0.012995
v 0.976633 0.122043 0.039359
v 0.983284 0.095760 0.039816
v 0.984358 0.110459 0.026749
v 0.996880 0.056135 0.027377
v 0.996626 0.042004 0.013703
v 0.993986 0.070286 0.013768
v 0.997314 0.013842 0.041130
v 0.998984 -0.013842 0.041539
v 1.002140 0.000032 0.028254
v 0.998238 -0.056287 0.028541
v 0.992704 -0.070104 0.014274
v 0.996365 -0.042107 0.013985
v 0.994265 -0.098173 0.043487
v 0.988338 -0.125649 0.044184
v 0.987431 -0.111390 0.029108
v 0.966496 0.105432 0.076522
v 0.974348 0.093283 0.064711
v 0.968518 0.119681 0.064397
v 0.967124 0.065350 0.088926
v 0.969773 0.039517 0.089205
v 0.974973 0.053200 0.077115
v 0.977624 -0.000000 0.077393
v 0.983106 -0.013690 0.065363
v 0.982965 0.013686 0.065332
v 0.969858 -0.039532 0.089227
v 0.967854 -0.065783 0.089382
v 0.975339 -0.053580 0.077539
v 0.946556 0.050364 0.122056
v 0.955564 0.038099 0.111675
v 0.952915 0.063932 0.111397
v 0.940197 0.012265 0.132715
v 0.940197 -0.012266 0.132715
v 0.949205 -0.000000 0.122334
v 0.840481 -0.306159 -0.124094
v 0.823943 -0.314519 -0.134753
v 0.836802 -0.293958 -0.137069
v 0.900674 -0.265842 -0.077700
v 0.887074 -0.276538 -0.089826
v 0.899851 -0.253773 -0.091317
v 0.944556 -0.217052 -0.026630
v 0.935565 -0.229778 -0.039619
v 0.947043 -0.205068 -0.040271
v 0.971284 -0.165242 0.030131
v 0.963837 -0.177768 0.015410
v 0.972911 -0.151360 0.015021
v 0.966827 -0.105603 0.078377
v 0.969927 -0.120377 0.067036
v 0.975359 -0.094021 0.066215
v 0.946556 -0.050365 0.122056
v 0.952915 -0.063932 0.111397
v 0.955564 -0.038099 0.111675
v 0.912807 -0.000000 0.160991
v 0.921997 -0.012266 0.152043
v 0.921997 0.012265 0.152043
v 0.696590 -0.409122 -0.163969
v 0.678165 -0.409122 -0.175894
v 0.699454 -0.395417 -0.172917
v 0.669763 -0.437742 -0.157337
v 0.645802 -0.452656 -0.159653
v 0.651339 -0.437741 -0.169262
v 0.600749 -0.466249 -0.174109
v 0.579659 -0.464927 -0.186249
v 0.606287 -0.451334 -0.183718
v 0.565389 -0.495384 -0.166320
v 0.535567 -0.509603 -0.168140
v 0.544299 -0.494062 -0.178460
v 0.482743 -0.520641 -0.182007
v 0.459742 -0.517459 -0.194054
v 0.491475 -0.505100 -0.192327
v 0.439039 -0.548278 -0.172700
v 0.404067 -0.560374 -0.173713
v 0.416038 -0.545096 -0.184747
v 0.345531 -0.567110 -0.186377
v 0.321967 -0.561750 -0.198028
v 0.357502 -0.551832 -0.197411
v 0.295433 -0.591059 -0.175343
v 0.257306 -0.599731 -0.175343
v 0.271869 -0.585699 -0.186994
v 0.196666 -0.600969 -0.186377
v 0.174153 -0.593535 -0.197411
v 0.211229 -0.586937 -0.198028
v 0.143653 -0.619604 -0.173713
v 0.105203 -0.624208 -0.172700
v 0.121140 -0.612170 -0.184747
v 0.046640 -0.619832 -0.182007
v 0.026526 -0.610852 -0.192327
v 0.062577 -0.607794 -0.194054
v -0.005364 -0.632637 -0.168140
v -0.041431 -0.633403 -0.166320
v -0.025478 -0.623656 -0.178460
v -0.094502 -0.624382 -0.174109
v -0.111505 -0.614594 -0.183718
v -0.078548 -0.614635 -0.186249
v -0.142364 -0.631922 -0.159653
v -0.174273 -0.629716 -0.157337
v -0.159368 -0.622135 -0.169262
v 0.675692 -0.464929 -0.124095
v 0.657978 -0.466250 -0.137069
v 0.681940 -0.451335 -0.134754
v 0.642462 -0.494063 -0.114927
v 0.615480 -0.509604 -0.116418
v 0.624748 -0.495385 -0.127902
v 0.567943 -0.525145 -0.131213
v 0.547389 -0.525145 -0.144516
v 0.577211 -0.510925 -0.142696
v 0.525671 -0.553387 -0.120762
v 0.492668 -0.567409 -0.121796
v 0.505117 -0.553387 -0.134066
v 0.437142 -0.579505 -0.136112
v 0.414619 -0.577578 -0.149395
v 0.449591 -0.565482 -0.148382
v 0.387051 -0.604435 -0.124215
v 0.349409 -0.615343 -0.124587
v 0.364528 -0.602508 -0.137498
v 0.288759 -0.622088 -0.137870
v 0.265750 -0.617926 -0.150781
v 0.303878 -0.609254 -0.150781
v 0.234028 -0.641586 -0.124587
v 0.194415 -0.648249 -0.124215
v 0.211019 -0.637424 -0.137498
v 0.132958 -0.648690 -0.136112
v 0.111112 -0.642468 -0.148382
v 0.149561 -0.637864 -0.149395
v 0.077879 -0.661751 -0.121796
v 0.039405 -0.663986 -0.120762
v 0.056033 -0.655529 -0.134066
v -0.018508 -0.658531 -0.131213
v -0.037946 -0.650841 -0.142696
v -0.001879 -0.650074 -0.144516
v -0.070016 -0.665517 -0.116418
v -0.104895 -0.664046 -0.114927
v -0.089454 -0.657827 -0.127902
v 0.639856 -0.518013 -0.077529
v 0.622870 -0.520652 -0.091315
v 0.649873 -0.505144 -0.089814
v 0.599972 -0.546578 -0.065762
v 0.569736 -0.561567 -0.066502
v 0.582625 -0.548504 -0.079773
v 0.519510 -0.577652 -0.081505
v 0.499848 -0.579506 -0.095527
v 0.532851 -0.565483 -0.094494
v 0.470562 -0.602726 -0.068860
v 0.434841 -0.615346 -0.069292
v 0.450843 -0.604436 -0.082926
v 0.377569 -0.628178 -0.083664
v 0.355930 -0.628178 -0.097670
v 0.393572 -0.617270 -0.097298
v 0.322420 -0.647990 -0.070030
v 0.283273 -0.656894 -0.070030
v 0.300781 -0.647990 -0.084036
v 0.222021 -0.663557 -0.083664
v 0.199916 -0.661316 -0.097298
v 0.239529 -0.654653 -0.097670
v 0.164911 -0.676738 -0.069293
v 0.125308 -0.681015 -0.068928
v 0.142806 -0.674497 -0.082926
v 0.064728 -0.681010 -0.081528
v 0.043752 -0.676727 -0.094494
v 0.082226 -0.674491 -0.095527
v 0.010109 -0.687523 -0.066878
v -0.027011 -0.687518 -0.066226
v -0.010867 -0.683240 -0.079843
v 0.591842 -0.573489 -0.023135
v 0.574378 -0.573271 -0.038329
v 0.604979 -0.558571 -0.037503
v 0.542958 -0.598670 -0.009755
v 0.508454 -0.610498 -0.010589
v 0.527274 -0.599824 -0.024820
v 0.456686 -0.621979 -0.026552
v 0.437627 -0.622593 -0.041494
v 0.473866 -0.611160 -0.040686
v 0.400455 -0.641904 -0.012921
v 0.363448 -0.651381 -0.013314
v 0.383334 -0.642067 -0.027895
v 0.306989 -0.661470 -0.027968
v 0.286366 -0.663558 -0.042018
v 0.325512 -0.654654 -0.042018
v 0.248694 -0.675998 -0.013763
v 0.209888 -0.682193 -0.013834
v 0.228691 -0.676739 -0.028012
v 0.149962 -0.687539 -0.027646
v 0.128885 -0.687534 -0.041288
v 0.168488 -0.683257 -0.041653
v 0.093382 -0.694915 -0.013493
v 0.055241 -0.696868 -0.013324
v 0.072298 -0.694735 -0.027236
v 0.517713 -0.614137 0.035621
v 0.503055 -0.615798 0.018541
v 0.536818 -0.602866 0.019061
v 0.463221 -0.630620 0.048871
v 0.427465 -0.637035 0.044639
v 0.450324 -0.642830 0.035413
v 0.376458 -0.649318 0.028597
v 0.360264 -0.654527 0.014859
v 0.397232 -0.648154 0.016109
v 0.319833 -0.656339 0.040175
v 0.283681 -0.663863 0.039636
v 0.303617 -0.665209 0.027587
v 0.229266 -0.678526 0.027084
v 0.210592 -0.683257 0.013918
v 0.248414 -0.676992 0.013914
v 0.172591 -0.681790 0.039023
v 0.135820 -0.688029 0.039487
v 0.153992 -0.688221 0.026682
v 0.432950 -0.610316 0.080414
v 0.416769 -0.613114 0.065735
v 0.450685 -0.602829 0.066874
v 0.382991 -0.626571 0.091872
v 0.349291 -0.634938 0.090773
v 0.366650 -0.628341 0.078142
v 0.297369 -0.642227 0.076033
v 0.279504 -0.643571 0.061659
v 0.314528 -0.636816 0.062816
v 0.244589 -0.655286 0.088430
v 0.208869 -0.661342 0.088056
v 0.225970 -0.654991 0.074338
v 0.361006 -0.615694 0.122438
v 0.347404 -0.627271 0.112207
v 0.379830 -0.618620 0.113593
v 0.307198 -0.622136 0.132716
v 0.273868 -0.629716 0.132716
v 0.293377 -0.632333 0.122419
v -0.156242 -0.654149 -0.124095
v -0.172711 -0.645723 -0.134753
v -0.140801 -0.647930 -0.137069
v -0.082866 -0.681764 -0.077700
v -0.101601 -0.676015 -0.089826
v -0.066722 -0.677486 -0.091318
v -0.002915 -0.696747 -0.026356
v -0.023086 -0.693848 -0.039619
v 0.014034 -0.693853 -0.040271
v 0.078434 -0.693672 0.026431
v 0.058277 -0.696230 0.013419
v 0.096250 -0.694284 0.013389
v 0.154807 -0.674222 0.076099
v 0.136723 -0.681458 0.064358
v 0.170588 -0.665663 0.061177
v 0.224070 -0.645723 0.122057
v 0.207592 -0.654080 0.111380
v 0.243555 -0.648284 0.111712
v 0.282068 -0.607691 0.160992
v 0.268244 -0.617600 0.152044
v 0.301574 -0.610020 0.152045
v -0.340597 -0.590173 -0.163969
v -0.346291 -0.577907 -0.175894
v -0.321092 -0.587844 -0.172917
v -0.387771 -0.581157 -0.157337
v -0.415440 -0.569813 -0.159653
v -0.393465 -0.568891 -0.169262
v -0.447830 -0.544020 -0.174109
v -0.452552 -0.529571 -0.186249
v -0.425855 -0.543098 -0.183718
v -0.498341 -0.529483 -0.166320
v -0.526876 -0.514023 -0.168139
v -0.503062 -0.515034 -0.178460
v -0.558196 -0.482267 -0.182006
v -0.560982 -0.465971 -0.194054
v -0.534383 -0.483278 -0.192327
v -0.609251 -0.461712 -0.172699
v -0.636492 -0.442167 -0.173713
v -0.612036 -0.445416 -0.184747
v -0.663733 -0.405279 -0.186377
v -0.663733 -0.387935 -0.198027
v -0.639278 -0.408527 -0.197411
v -0.711753 -0.379327 -0.175343
v -0.735317 -0.356624 -0.175343
v -0.711753 -0.361983 -0.186993
v -0.755738 -0.316635 -0.186376
v -0.752594 -0.299350 -0.197410
v -0.732174 -0.321995 -0.198027
v -0.797438 -0.287102 -0.173712
v -0.815575 -0.262926 -0.172699
v -0.794295 -0.269816 -0.184747
v -0.827726 -0.222585 -0.182006
v -0.821741 -0.206419 -0.192326
v -0.806447 -0.229475 -0.194053
v -0.861193 -0.191921 -0.168139
v -0.873380 -0.168147 -0.166319
v -0.855208 -0.175755 -0.178459
v -0.877523 -0.130028 -0.174107
v -0.869480 -0.115683 -0.183716
v -0.859352 -0.137636 -0.186247
v -0.902558 -0.100494 -0.159651
v -0.909420 -0.078569 -0.157335
v -0.894514 -0.086150 -0.169260
v -0.422877 -0.593505 -0.124095
v -0.430146 -0.582121 -0.137069
v -0.402477 -0.593464 -0.134754
v -0.472729 -0.580385 -0.114927
v -0.502182 -0.567225 -0.116418
v -0.479998 -0.569001 -0.127902
v -0.537987 -0.540380 -0.131213
v -0.544338 -0.526696 -0.144515
v -0.515803 -0.542156 -0.142696
v -0.589410 -0.520948 -0.120754
v -0.618639 -0.503275 -0.121769
v -0.595771 -0.507282 -0.134065
v -0.652263 -0.470099 -0.136112
v -0.656605 -0.454509 -0.149395
v -0.629364 -0.474054 -0.148382
v -0.701614 -0.444455 -0.124214
v -0.728067 -0.422765 -0.124586
v -0.705957 -0.428865 -0.137497
v -0.755973 -0.384472 -0.137870
v -0.757427 -0.367869 -0.150781
v -0.733863 -0.390572 -0.150781
v -0.799376 -0.354061 -0.124586
v -0.820670 -0.329748 -0.124214
v -0.800830 -0.337457 -0.137497
v -0.840261 -0.288970 -0.136112
v -0.838557 -0.272503 -0.148382
v -0.820421 -0.296678 -0.149395
v -0.875026 -0.256337 -0.121795
v -0.889953 -0.231414 -0.120762
v -0.873323 -0.239871 -0.134065
v -0.900437 -0.191173 -0.131212
v -0.895994 -0.175856 -0.142695
v -0.883807 -0.199630 -0.144515
v -0.927504 -0.159303 -0.116632
v -0.940049 -0.136229 -0.115590
v -0.922313 -0.143901 -0.128030
v -0.505430 -0.585655 -0.077701
v -0.514898 -0.575552 -0.091318
v -0.485445 -0.588713 -0.089827
v -0.555449 -0.567329 -0.066226
v -0.584921 -0.551046 -0.066392
v -0.564903 -0.557200 -0.079831
v -0.619995 -0.517209 -0.078042
v -0.629923 -0.506969 -0.093146
v -0.601839 -0.526327 -0.092950
v -0.667121 -0.490370 -0.065067
v -0.696004 -0.471473 -0.066376
v -0.677806 -0.480933 -0.080478
v -0.736143 -0.444599 -0.083452
v -0.743490 -0.431073 -0.097669
v -0.716970 -0.452666 -0.097267
v -0.780138 -0.414187 -0.069885
v -0.804903 -0.391521 -0.070017
v -0.787449 -0.400480 -0.084036
v -0.832937 -0.352857 -0.083664
v -0.836724 -0.337448 -0.097297
v -0.815430 -0.361761 -0.097669
v -0.868494 -0.318909 -0.069293
v -0.886544 -0.293865 -0.068928
v -0.872280 -0.303501 -0.082926
v -0.905256 -0.253533 -0.081528
v -0.905919 -0.238245 -0.094493
v -0.890993 -0.263168 -0.095527
v -0.930986 -0.219184 -0.066878
v -0.945830 -0.195074 -0.066634
v -0.932090 -0.203994 -0.079884
v -0.581901 -0.564237 -0.026630
v -0.593838 -0.555314 -0.040152
v -0.563941 -0.570835 -0.039620
v -0.628988 -0.540296 -0.013641
v -0.658115 -0.522953 -0.013641
v -0.640918 -0.531393 -0.027168
v -0.696263 -0.491101 -0.026445
v -0.704168 -0.475099 -0.038973
v -0.677882 -0.497785 -0.039103
v -0.738188 -0.459835 -0.013030
v -0.761700 -0.435773 -0.012565
v -0.745673 -0.444118 -0.026153
v -0.794557 -0.399289 -0.025922
v -0.807658 -0.390299 -0.040850
v -0.781760 -0.411227 -0.040343
v -0.836118 -0.371336 -0.013435
v -0.860227 -0.350271 -0.013992
v -0.847904 -0.360557 -0.027872
v -0.887781 -0.312292 -0.027647
v -0.894294 -0.298261 -0.041288
v -0.876245 -0.323305 -0.041653
v -0.913881 -0.276529 -0.013641
v -0.928444 -0.251778 -0.013641
v -0.920394 -0.262498 -0.027282
v -0.645939 -0.529132 0.025979
v -0.660553 -0.521706 0.012989
v -0.631426 -0.539050 0.012989
v -0.687335 -0.500255 0.039282
v -0.714217 -0.481295 0.039596
v -0.701948 -0.492829 0.026293
v -0.755012 -0.452497 0.026607
v -0.768300 -0.441950 0.013443
v -0.742731 -0.464016 0.013306
v -0.790261 -0.418822 0.039910
v -0.813242 -0.396681 0.039910
v -0.803810 -0.408619 0.026688
v -0.848078 -0.362787 0.026610
v -0.859980 -0.351076 0.013303
v -0.837813 -0.373978 0.013505
v -0.874621 -0.326750 0.039596
v -0.892073 -0.302995 0.039282
v -0.886500 -0.315018 0.026292
v -0.693381 -0.482961 0.076523
v -0.709934 -0.476361 0.064711
v -0.683051 -0.495321 0.064397
v -0.727547 -0.450791 0.088927
v -0.751382 -0.430981 0.089205
v -0.744099 -0.444192 0.077115
v -0.790915 -0.402240 0.077393
v -0.806612 -0.393309 0.065303
v -0.783632 -0.415451 0.065303
v -0.817747 -0.367040 0.089205
v -0.837297 -0.345050 0.088926
v -0.833445 -0.358109 0.077115
v -0.723490 -0.430204 0.122057
v -0.741078 -0.423988 0.111676
v -0.717242 -0.443797 0.111398
v -0.750337 -0.396764 0.132716
v -0.770936 -0.376917 0.132715
v -0.767925 -0.390547 0.122335
v -0.944036 -0.098697 -0.125480
v -0.934246 -0.084728 -0.135657
v -0.925745 -0.106808 -0.137403
v -0.959995 -0.156124 -0.079058
v -0.958742 -0.141629 -0.091328
v -0.946630 -0.165680 -0.091993
v -0.949328 -0.213421 -0.027036
v -0.953893 -0.199389 -0.040294
v -0.938745 -0.223813 -0.040310
v -0.918515 -0.266513 0.025979
v -0.927505 -0.253786 0.012989
v -0.912942 -0.278536 0.012989
v -0.870446 -0.312363 0.076522
v -0.884046 -0.301667 0.064397
v -0.866594 -0.325423 0.064711
v -0.808073 -0.348710 0.122056
v -0.824611 -0.340350 0.111397
v -0.805062 -0.362340 0.111676
v -0.738478 -0.375571 0.160992
v -0.756213 -0.369429 0.152044
v -0.735613 -0.389275 0.152045
v -0.907092 0.044377 -0.163967
v -0.892186 0.051958 -0.175892
v -0.897901 0.032112 -0.172915
v -0.909420 0.078568 -0.157335
v -0.902558 0.100494 -0.159651
v -0.894514 0.086149 -0.169260
v -0.877523 0.130028 -0.174107
v -0.859352 0.137636 -0.186247
v -0.869480 0.115683 -0.183716
v -0.873380 0.168147 -0.166319
v -0.861193 0.191921 -0.168139
v -0.855208 0.175755 -0.178459
v -0.827726 0.222585 -0.182006
v -0.806447 0.229475 -0.194053
v -0.821741 0.206419 -0.192326
v -0.815575 0.262926 -0.172699
v -0.797438 0.287102 -0.173712
v -0.794295 0.269816 -0.184747
v -0.755738 0.316635 -0.186376
v -0.732174 0.321995 -0.198027
v -0.752594 0.299350 -0.197410
v -0.735317 0.356624 -0.175343
v -0.711753 0.379327 -0.175343
v -0.711753 0.361983 -0.186993
v -0.663733 0.405278 -0.186377
v -0.639278 0.408526 -0.197411
v -0.663733 0.387934 -0.198027
v -0.636492 0.442167 -0.173713
v -0.609251 0.461711 -0.172699
v -0.612036 0.445415 -0.184747
v -0.558196 0.482267 -0.182006
v -0.534383 0.483277 -0.192327
v -0.560982 0.465970 -0.194054
v -0.526876 0.514023 -0.168139
v -0.498341 0.529483 -0.166320
v -0.503062 0.515033 -0.178460
v -0.445897 0.542012 -0.172233
v -0.421333 0.540170 -0.180363
v -0.449562 0.528131 -0.184111
v -0.413466 0.566698 -0.157272
v -0.385885 0.577580 -0.154562
v -0.390619 0.564864 -0.165963
v -0.937045 0.098123 -0.124094
v -0.923823 0.106481 -0.137068
v -0.930685 0.084555 -0.134752
v -0.934624 0.135366 -0.114926
v -0.925845 0.159041 -0.116417
v -0.921403 0.143724 -0.127901
v -0.900436 0.191173 -0.131212
v -0.883807 0.199630 -0.144515
v -0.895994 0.175856 -0.142695
v -0.889952 0.231414 -0.120762
v -0.875026 0.256337 -0.121795
v -0.873323 0.239871 -0.134065
v -0.840261 0.288970 -0.136112
v -0.820421 0.296678 -0.149395
v -0.838557 0.272503 -0.148382
v -0.820670 0.329748 -0.124214
v -0.799424 0.354128 -0.124608
v -0.800830 0.337457 -0.137497
v -0.755973 0.384472 -0.137870
v -0.733863 0.390572 -0.150781
v -0.757427 0.367869 -0.150781
v -0.728573 0.424416 -0.125248
v -0.701715 0.444629 -0.124284
v -0.705956 0.428864 -0.137497
v -0.652263 0.470098 -0.136112
v -0.629364 0.474053 -0.148382
v -0.656605 0.454508 -0.149395
v -0.618670 0.503327 -0.121796
v -0.589420 0.520965 -0.120762
v -0.595771 0.507281 -0.134065
v -0.537987 0.540380 -0.131213
v -0.515803 0.542156 -0.142696
v -0.544338 0.526696 -0.144515
v -0.502182 0.567225 -0.116418
v -0.472729 0.580385 -0.114927
v -0.479998 0.569001 -0.127902
v -0.951889 0.155506 -0.077700
v -0.941088 0.164932 -0.091317
v -0.949867 0.141257 -0.089826
v -0.942447 0.194469 -0.066226
v -0.931650 0.220241 -0.067094
v -0.931646 0.203896 -0.079843
v -0.906350 0.255987 -0.081909
v -0.892369 0.264455 -0.095707
v -0.906230 0.238472 -0.094531
v -0.886801 0.298578 -0.070113
v -0.868146 0.323975 -0.070997
v -0.873161 0.307641 -0.083940
v -0.832519 0.357726 -0.085615
v -0.815919 0.365902 -0.099228
v -0.837518 0.340940 -0.098446
v -0.803209 0.396963 -0.073011
v -0.779022 0.419183 -0.072834
v -0.786224 0.404978 -0.086432
v -0.736066 0.447873 -0.085365
v -0.717445 0.454890 -0.098417
v -0.742684 0.433539 -0.099044
v -0.701532 0.480781 -0.070226
v -0.673218 0.499397 -0.068928
v -0.681906 0.486932 -0.082931
v -0.624203 0.524318 -0.081528
v -0.603636 0.529483 -0.094494
v -0.632886 0.511845 -0.095527
v -0.585485 0.552060 -0.066878
v -0.555449 0.567329 -0.066226
v -0.564918 0.557225 -0.079843
v -0.946572 0.214123 -0.026905
v -0.938924 0.225655 -0.040571
v -0.950248 0.199355 -0.039711
v -0.927971 0.255172 -0.014745
v -0.912962 0.281244 -0.015475
v -0.919625 0.266881 -0.028517
v -0.886252 0.318342 -0.030039
v -0.874893 0.329306 -0.044008
v -0.893047 0.303763 -0.043168
v -0.858711 0.356541 -0.017313
v -0.837742 0.380415 -0.017745
v -0.846607 0.367591 -0.031326
v -0.801779 0.414262 -0.031981
v -0.787022 0.423838 -0.045592
v -0.810622 0.401476 -0.045721
v -0.766982 0.446642 -0.017129
v -0.741713 0.467124 -0.016139
v -0.751940 0.456062 -0.030526
v -0.698721 0.494741 -0.027773
v -0.681587 0.503198 -0.041288
v -0.709552 0.484566 -0.042668
v -0.658115 0.522953 -0.013641
v -0.628988 0.540296 -0.013641
v -0.641063 0.531625 -0.027282
v -0.918872 0.269876 0.025053
v -0.913027 0.282747 0.011367
v -0.927420 0.256754 0.011988
v -0.893271 0.306652 0.037880
v -0.876102 0.330743 0.037926
v -0.886931 0.319920 0.024307
v -0.849054 0.367372 0.024352
v -0.839339 0.380231 0.010198
v -0.859778 0.356705 0.010357
v -0.813838 0.397545 0.039514
v -0.790261 0.418822 0.039910
v -0.804852 0.411657 0.024956
v -0.755271 0.452982 0.026359
v -0.743409 0.465825 0.012169
v -0.769007 0.445601 0.011154
v -0.714217 0.481295 0.039596
v -0.687335 0.500255 0.039282
v -0.701948 0.492829 0.026293
v -0.870446 0.312363 0.076522
v -0.866594 0.325423 0.064711
v -0.884411 0.302044 0.064296
v -0.837297 0.345050 0.088926
v -0.817747 0.367040 0.089205
v -0.833445 0.358109 0.077115
v -0.790915 0.402240 0.077393
v -0.783632 0.415451 0.065303
v -0.806612 0.393309 0.065303
v -0.751382 0.430981 0.089205
v -0.727547 0.450791 0.088927
v -0.744099 0.444192 0.077115
v -0.808073 0.348710 0.122056
v -0.805062 0.362340 0.111676
v -0.824611 0.340350 0.111397
v -0.770936 0.376917 0.132715
v -0.750337 0.396764 0.132716
v -0.767925 0.390547 0.122335
v -0.421966 0.591966 -0.123263
v -0.400665 0.591531 -0.133680
v -0.429131 0.580122 -0.135664
v -0.505430 0.585655 -0.077701
v -0.485445 0.588713 -0.089827
v -0.514898 0.575552 -0.091318
v -0.581901 0.564237 -0.026630
v -0.563941 0.570835 -0.039620
v -0.593976 0.555566 -0.040271
v -0.645939 0.529132 0.025979
v -0.631426 0.539050 0.012989
v -0.660553 0.521706 0.012989
v -0.693381 0.482961 0.076523
v -0.683051 0.495321 0.064397
v -0.709934 0.476361 0.064711
v -0.723490 0.430204 0.122057
v -0.717242 0.443797 0.111398
v -0.741078 0.423988 0.111676
v -0.738478 0.375571 0.160992
v -0.735613 0.389275 0.152045
v -0.756213 0.369429 0.152044
v -0.220008 0.617600 -0.163969
v -0.205102 0.610019 -0.175894
v -0.233832 0.607691 -0.172917
v -0.174273 0.629716 -0.157337
v -0.142364 0.631922 -0.159653
v -0.159368 0.622135 -0.169262
v -0.094502 0.624382 -0.174109
v -0.078549 0.614635 -0.186249
v -0.111505 0.614594 -0.183718
v -0.041431 0.633403 -0.166320
v -0.005364 0.632637 -0.168140
v -0.025478 0.623656 -0.178460
v 0.046640 0.619832 -0.182007
v 0.062575 0.607798 -0.194061
v 0.026526 0.610852 -0.192327
v 0.105200 0.624224 -0.172724
v 0.143621 0.619755 -0.173940
v 0.121103 0.612339 -0.185004
v 0.196162 0.602119 -0.189197
v 0.209790 0.590223 -0.205835
v 0.172775 0.595034 -0.201108
v 0.257717 0.601624 -0.179012
v 0.296345 0.594664 -0.181369
v 0.272466 0.590465 -0.196366
v 0.349816 0.577756 -0.203611
v 0.365643 0.569555 -0.226548
v 0.326958 0.575897 -0.222500
v 0.409372 0.570918 -0.188435
v 0.446326 0.561370 -0.190500
v 0.425328 0.563094 -0.210178
v 0.497158 0.544370 -0.213072
v 0.509364 0.534123 -0.230168
v 0.475994 0.545565 -0.232250
v 0.549987 0.529185 -0.192132
v 0.579356 0.512681 -0.186920
v 0.562811 0.518289 -0.207919
v 0.607612 0.474223 -0.183437
v 0.610719 0.456465 -0.189722
v 0.590261 0.477667 -0.201365
v 0.646768 0.453735 -0.160892
v 0.669630 0.437589 -0.157372
v 0.651910 0.438374 -0.169988
v -0.156242 0.654149 -0.124095
v -0.140801 0.647930 -0.137069
v -0.172711 0.645723 -0.134753
v -0.104895 0.664046 -0.114927
v -0.070016 0.665517 -0.116418
v -0.089454 0.657827 -0.127902
v -0.018508 0.658531 -0.131213
v -0.001879 0.650074 -0.144516
v -0.037946 0.650841 -0.142696
v 0.039405 0.663986 -0.120762
v 0.077879 0.661751 -0.121796
v 0.056033 0.655529 -0.134066
v 0.132958 0.648690 -0.136112
v 0.149560 0.637870 -0.149404
v 0.111112 0.642468 -0.148382
v 0.194415 0.648249 -0.124215
v 0.234028 0.641588 -0.124589
v 0.211020 0.637432 -0.137510
v 0.288817 0.622242 -0.138079
v 0.304185 0.610041 -0.151876
v 0.265859 0.618323 -0.151339
v 0.349472 0.615466 -0.124747
v 0.387193 0.604702 -0.124557
v 0.364848 0.603145 -0.138345
v 0.438069 0.581119 -0.138203
v 0.452023 0.569676 -0.153887
v 0.416261 0.580640 -0.153493
v 0.493460 0.568641 -0.123315
v 0.527019 0.555266 -0.123031
v 0.507378 0.556791 -0.138286
v 0.571579 0.529644 -0.136535
v 0.583178 0.518169 -0.151241
v 0.553710 0.533425 -0.154495
v 0.616593 0.510876 -0.117884
v 0.642920 0.494574 -0.115510
v 0.626195 0.497027 -0.129794
v -0.082866 0.681764 -0.077700
v -0.066722 0.677486 -0.091318
v -0.101601 0.676015 -0.089826
v -0.027011 0.687518 -0.066226
v 0.010109 0.687523 -0.066878
v -0.010867 0.683240 -0.079843
v 0.064728 0.681010 -0.081528
v 0.082226 0.674491 -0.095527
v 0.043752 0.676727 -0.094494
v 0.125307 0.681015 -0.068928
v 0.164910 0.676738 -0.069293
v 0.142806 0.674497 -0.082926
v 0.222021 0.663557 -0.083664
v 0.239529 0.654653 -0.097670
v 0.199916 0.661316 -0.097298
v 0.283273 0.656894 -0.070030
v 0.322420 0.647990 -0.070030
v 0.300781 0.647990 -0.084036
v 0.377569 0.628178 -0.083664
v 0.393575 0.617277 -0.097305
v 0.355930 0.628179 -0.097671
v 0.434841 0.615344 -0.069293
v 0.470472 0.602510 -0.068928
v 0.450844 0.604438 -0.082929
v 0.519499 0.577610 -0.081564
v 0.533031 0.565723 -0.094774
v 0.499922 0.579619 -0.095661
v 0.569149 0.560394 -0.066899
v 0.599183 0.545125 -0.066256
v 0.582610 0.548399 -0.079980
v -0.003018 0.695900 -0.026630
v 0.014034 0.693853 -0.040271
v -0.023087 0.693848 -0.039619
v 0.055179 0.695906 -0.013641
v 0.093306 0.693858 -0.013641
v 0.072230 0.693858 -0.027282
v 0.149961 0.687534 -0.027647
v 0.168488 0.683257 -0.041653
v 0.128884 0.687534 -0.041288
v 0.210164 0.681016 -0.014006
v 0.249290 0.674498 -0.014006
v 0.228691 0.676739 -0.028012
v 0.306965 0.661317 -0.028012
v 0.325512 0.654654 -0.042018
v 0.286366 0.663558 -0.042018
v 0.364692 0.648251 -0.014006
v 0.401819 0.637425 -0.014006
v 0.383240 0.641587 -0.028012
v 0.455998 0.617927 -0.027647
v 0.473049 0.609255 -0.041288
v 0.437418 0.622090 -0.041653
v 0.507143 0.599734 -0.013641
v 0.539708 0.585703 -0.013641
v 0.524194 0.591062 -0.027282
v 0.078265 0.693848 0.025979
v 0.096324 0.693853 0.012989
v 0.058196 0.695900 0.012989
v 0.136002 0.687518 0.039282
v 0.173670 0.683241 0.039596
v 0.154060 0.687523 0.026292
v 0.230856 0.676728 0.026607
v 0.250373 0.674492 0.013303
v 0.211246 0.681010 0.013303
v 0.287648 0.663988 0.039910
v 0.324832 0.655531 0.039910
v 0.307166 0.661753 0.026607
v 0.381477 0.642470 0.026607
v 0.400938 0.637866 0.013303
v 0.363810 0.648692 0.013303
v 0.433209 0.624210 0.039596
v 0.467275 0.612173 0.039282
v 0.452670 0.619607 0.026293
v 0.155413 0.676015 0.076523
v 0.174347 0.677487 0.064711
v 0.136679 0.681764 0.064397
v 0.210066 0.664047 0.088927
v 0.245984 0.657828 0.089206
v 0.228999 0.665518 0.077115
v 0.302100 0.650842 0.077394
v 0.322299 0.650075 0.065303
v 0.285116 0.658533 0.065303
v 0.353365 0.633405 0.089206
v 0.387645 0.623658 0.088927
v 0.373564 0.632638 0.077115
v 0.224070 0.645723 0.122057
v 0.243519 0.647930 0.111676
v 0.207601 0.654149 0.111398
v 0.273868 0.629716 0.132716
v 0.307198 0.622136 0.132716
v 0.293317 0.631923 0.122335
v 0.674423 0.463488 -0.123517
v 0.680450 0.449659 -0.134003
v 0.658198 0.466490 -0.137488
v 0.639558 0.517507 -0.077752
v 0.649847 0.505098 -0.089893
v 0.623070 0.520875 -0.091582
v 0.586786 0.561753 -0.026630
v 0.601299 0.551835 -0.039620
v 0.571272 0.567113 -0.040271
v 0.519301 0.593538 0.025979
v 0.537261 0.586941 0.012989
v 0.504696 0.600972 0.012989
v 0.441910 0.610854 0.076523
v 0.461895 0.607796 0.064397
v 0.427829 0.619834 0.064711
v 0.360928 0.614596 0.122057
v 0.381327 0.614637 0.111398
v 0.347047 0.624383 0.111676
v 0.282068 0.607691 0.160992
v 0.301574 0.610020 0.152045
v 0.268244 0.617600 0.152044
v 0.892186 -0.051959 0.175892
v 0.907092 -0.044378 0.163968
v 0.897901 -0.032112 0.172915
v 0.894515 -0.086150 0.169261
v 0.902558 -0.100494 0.159652
v 0.909420 -0.078569 0.157336
v 0.923823 -0.106481 0.137068
v 0.937045 -0.098123 0.124094
v 0.930686 -0.084556 0.134752
v 0.921404 -0.143724 0.127901
v 0.925846 -0.159041 0.116417
v 0.934625 -0.135366 0.114926
v 0.941430 -0.166381 0.092983
v 0.952008 -0.156781 0.080493
v 0.950449 -0.141553 0.091593
v 0.930431 -0.207535 0.082887
v 0.930918 -0.224098 0.071287
v 0.942872 -0.198352 0.070236
v 0.950070 -0.233178 0.048035
v 0.950139 -0.217775 0.031380
v 0.961507 -0.207015 0.047121
v 0.923137 -0.268898 0.032042
v 0.913450 -0.280309 0.016923
v 0.927973 -0.254849 0.016533
v 0.912942 -0.278537 -0.012990
v 0.918515 -0.266513 -0.025979
v 0.927505 -0.253786 -0.012990
v 0.886499 -0.315019 -0.026293
v 0.874623 -0.326754 -0.039595
v 0.892072 -0.302995 -0.039282
v 0.866593 -0.325423 -0.064711
v 0.870446 -0.312364 -0.076523
v 0.884046 -0.301668 -0.064397
v 0.833444 -0.358109 -0.077116
v 0.817747 -0.367040 -0.089206
v 0.837296 -0.345050 -0.088927
v 0.805062 -0.362340 -0.111676
v 0.808073 -0.348710 -0.122056
v 0.824611 -0.340350 -0.111397
v 0.767925 -0.390547 -0.122335
v 0.750337 -0.396764 -0.132716
v 0.770936 -0.376917 -0.132716
v 0.859352 -0.137636 0.186248
v 0.877524 -0.130028 0.174108
v 0.869480 -0.115683 0.183717
v 0.855209 -0.175755 0.178459
v 0.861194 -0.191921 0.168138
v 0.873381 -0.168146 0.166319
v 0.883808 -0.199630 0.144515
v 0.900437 -0.191173 0.131212
v 0.895995 -0.175856 0.142695
v 0.873324 -0.239870 0.134064
v 0.875642 -0.257446 0.122616
v 0.890467 -0.232467 0.121522
v 0.890622 -0.267491 0.098336
v 0.904020 -0.258883 0.085267
v 0.905151 -0.241918 0.097109
v 0.872922 -0.310950 0.087564
v 0.873468 -0.330132 0.075832
v 0.890939 -0.303729 0.075061
v 0.893426 -0.342254 0.050045
v 0.892459 -0.321799 0.033209
v 0.910288 -0.313759 0.049590
v 0.856048 -0.374653 0.034395
v 0.842632 -0.383568 0.019497
v 0.862147 -0.357570 0.018691
v 0.842596 -0.379728 -0.010747
v 0.849618 -0.364293 -0.025941
v 0.861988 -0.353405 -0.011999
v 0.809192 -0.414798 -0.024102
v 0.793767 -0.422758 -0.038208
v 0.815525 -0.399142 -0.038805
v 0.784377 -0.416274 -0.064942
v 0.791016 -0.402348 -0.077345
v 0.807050 -0.393772 -0.065092
v 0.744303 -0.444447 -0.077015
v 0.727549 -0.450794 -0.088926
v 0.751382 -0.430981 -0.089206
v 0.806447 -0.229475 0.194053
v 0.827727 -0.222585 0.182006
v 0.821742 -0.206419 0.192326
v 0.794296 -0.269816 0.184746
v 0.797439 -0.287101 0.173712
v 0.815575 -0.262926 0.172698
v 0.820544 -0.296803 0.149453
v 0.840337 -0.289046 0.136148
v 0.838558 -0.272502 0.148381
v 0.803046 -0.339789 0.138568
v 0.804833 -0.360324 0.127863
v 0.823692 -0.333575 0.126333
v 0.821495 -0.372265 0.103558
v 0.837318 -0.363840 0.089919
v 0.840319 -0.345743 0.102137
v 0.799399 -0.418757 0.093804
v 0.799253 -0.441248 0.083116
v 0.825924 -0.417129 0.081569
v 0.810476 -0.449648 0.048121
v 0.813974 -0.426620 0.034313
v 0.834082 -0.421254 0.047823
v 0.765721 -0.476813 0.035511
v 0.749701 -0.481438 0.021549
v 0.775258 -0.458386 0.021189
v 0.750792 -0.477047 -0.007716
v 0.762981 -0.462590 -0.022744
v 0.776096 -0.454274 -0.008087
v 0.709280 -0.504442 -0.022185
v 0.692212 -0.507490 -0.036881
v 0.719121 -0.488069 -0.037209
v 0.732174 -0.321994 0.198027
v 0.755738 -0.316635 0.186376
v 0.752595 -0.299350 0.197410
v 0.711753 -0.361983 0.186993
v 0.712044 -0.379656 0.175483
v 0.735611 -0.356936 0.175484
v 0.737783 -0.395063 0.152687
v 0.762056 -0.391306 0.140823
v 0.760530 -0.371266 0.152284
v 0.713040 -0.437811 0.140958
v 0.711239 -0.458142 0.129991
v 0.737517 -0.435479 0.130406
v 0.726832 -0.471147 0.107968
v 0.752256 -0.471088 0.102423
v 0.755047 -0.450119 0.110282
v 0.693309 -0.512648 0.100449
v 0.686758 -0.532600 0.089421
v 0.718061 -0.511886 0.089695
v 0.697557 -0.541392 0.053061
v 0.709324 -0.519180 0.036459
v 0.727360 -0.516937 0.051418
v 0.648806 -0.556852 0.037227
v 0.634378 -0.559839 0.021582
v 0.664546 -0.542009 0.021724
v 0.639278 -0.408527 0.197411
v 0.663734 -0.405278 0.186377
v 0.663733 -0.387934 0.198028
v 0.612037 -0.445415 0.184747
v 0.609436 -0.462018 0.172795
v 0.636634 -0.442375 0.173781
v 0.632567 -0.479162 0.150025
v 0.658337 -0.479243 0.139156
v 0.659887 -0.459284 0.151016
v 0.601502 -0.517549 0.137301
v 0.595644 -0.534581 0.126491
v 0.625726 -0.517160 0.127389
v 0.608237 -0.544914 0.102646
v 0.629377 -0.543002 0.092795
v 0.639408 -0.529490 0.104435
v 0.564447 -0.564564 0.085963
v 0.553628 -0.577111 0.074545
v 0.586111 -0.565778 0.078362
v 0.534384 -0.483278 0.192327
v 0.558216 -0.482302 0.182018
v 0.560982 -0.465971 0.194054
v 0.503196 -0.515329 0.178553
v 0.499061 -0.531089 0.166827
v 0.527556 -0.515455 0.168592
v 0.519072 -0.549191 0.144919
v 0.542928 -0.551310 0.135255
v 0.547858 -0.533886 0.146786
v 0.482741 -0.577554 0.131379
v 0.473865 -0.590079 0.119787
v 0.504581 -0.578518 0.121840
v 0.425855 -0.543098 0.183718
v 0.447933 -0.544265 0.174186
v 0.452555 -0.529577 0.186251
v 0.393465 -0.568891 0.169262
v 0.387772 -0.581159 0.157338
v 0.415549 -0.570074 0.159735
v 0.717242 -0.443797 -0.111398
v 0.723490 -0.430204 -0.122057
v 0.741078 -0.423988 -0.111676
v 0.684393 -0.497319 -0.063739
v 0.693781 -0.483541 -0.076328
v 0.711161 -0.478074 -0.064110
v 0.638877 -0.555221 -0.007826
v 0.652971 -0.542073 -0.022132
v 0.668159 -0.537364 -0.007591
v 0.568559 -0.605431 0.056690
v 0.586653 -0.591697 0.037935
v 0.601641 -0.588372 0.057213
v 0.480746 -0.596045 0.096121
v 0.498052 -0.585620 0.082557
v 0.512386 -0.581695 0.096989
v 0.402715 -0.594038 0.134935
v 0.422312 -0.597730 0.126693
v 0.430934 -0.583982 0.137657
v 0.321092 -0.587844 0.172917
v 0.340597 -0.590173 0.163969
v 0.346291 -0.577907 0.175894
v 0.205236 -0.609388 0.175306
v 0.220008 -0.617600 0.163969
v 0.233832 -0.607691 0.172917
v 0.159028 -0.616178 0.164865
v 0.141413 -0.624746 0.154481
v 0.173709 -0.626549 0.154777
v 0.139497 -0.643607 0.133634
v 0.155994 -0.653150 0.123171
v 0.172574 -0.644553 0.133720
v 0.086861 -0.645339 0.121096
v 0.067834 -0.651852 0.109629
v 0.103412 -0.656479 0.110788
v 0.065093 -0.667888 0.086728
v 0.082099 -0.677377 0.075611
v 0.101055 -0.671794 0.087675
v 0.008785 -0.672353 0.075824
v -0.011192 -0.679278 0.064229
v 0.025877 -0.681387 0.063737
v -0.014106 -0.692146 0.039680
v 0.003084 -0.695186 0.026650
v 0.023249 -0.691816 0.039281
v -0.072230 -0.693859 0.027282
v -0.093306 -0.693859 0.013641
v -0.055180 -0.695907 0.013641
v -0.096324 -0.693854 -0.012989
v -0.078265 -0.693848 -0.025979
v -0.058196 -0.695901 -0.012989
v -0.154060 -0.687524 -0.026292
v -0.173670 -0.683241 -0.039596
v -0.136002 -0.687518 -0.039282
v -0.174347 -0.677487 -0.064711
v -0.155413 -0.676015 -0.076523
v -0.136679 -0.681764 -0.064397
v -0.228999 -0.665518 -0.077115
v -0.245983 -0.657828 -0.089206
v -0.210066 -0.664047 -0.088927
v -0.243519 -0.647930 -0.111676
v -0.224070 -0.645723 -0.122057
v -0.207601 -0.654149 -0.111398
v -0.293317 -0.631923 -0.122335
v -0.307198 -0.622136 -0.132716
v -0.273868 -0.629716 -0.132716
v 0.081552 -0.606776 0.184666
v 0.094487 -0.615640 0.170802
v 0.114403 -0.606806 0.180285
v 0.026426 -0.613033 0.177791
v 0.005303 -0.620212 0.166799
v 0.040338 -0.621979 0.163587
v -0.000518 -0.635493 0.140560
v 0.015510 -0.642050 0.124613
v 0.035368 -0.635809 0.136697
v -0.057800 -0.640668 0.131972
v -0.078901 -0.646978 0.119597
v -0.041546 -0.648165 0.116277
v -0.083379 -0.662306 0.093701
v -0.066254 -0.670748 0.079946
v -0.045658 -0.664029 0.091723
v -0.142906 -0.665508 0.082901
v -0.164322 -0.670013 0.069218
v -0.125361 -0.673542 0.068127
v -0.168267 -0.682136 0.041206
v -0.149961 -0.687534 0.027647
v -0.128655 -0.686076 0.040677
v -0.228666 -0.676496 0.028006
v -0.249278 -0.674300 0.014005
v -0.210164 -0.681016 0.014006
v -0.250373 -0.674492 -0.013303
v -0.230856 -0.676728 -0.026607
v -0.211246 -0.681011 -0.013303
v -0.307166 -0.661753 -0.026607
v -0.324832 -0.655531 -0.039910
v -0.287648 -0.663988 -0.039910
v -0.322299 -0.650075 -0.065303
v -0.302100 -0.650842 -0.077394
v -0.285115 -0.658533 -0.065303
v -0.373563 -0.632638 -0.077115
v -0.387645 -0.623658 -0.088927
v -0.353364 -0.633405 -0.089206
v -0.057452 -0.595501 0.195843
v -0.044095 -0.607002 0.183046
v -0.021843 -0.599579 0.193777
v -0.116249 -0.598024 0.186827
v -0.138879 -0.605011 0.175830
v -0.102418 -0.610027 0.174122
v -0.147054 -0.623933 0.151534
v -0.132100 -0.634911 0.137431
v -0.110095 -0.628167 0.149276
v -0.206706 -0.625182 0.142064
v -0.229438 -0.631085 0.130020
v -0.191843 -0.636763 0.127588
v -0.237102 -0.647936 0.101705
v -0.220699 -0.657663 0.086142
v -0.198585 -0.652688 0.098799
v -0.298063 -0.644634 0.090237
v -0.320219 -0.645670 0.074658
v -0.281626 -0.654211 0.073713
v -0.324007 -0.651722 0.041920
v -0.306182 -0.659303 0.027985
v -0.285701 -0.661119 0.041936
v -0.381233 -0.638683 0.027902
v -0.400538 -0.635461 0.014028
v -0.363547 -0.646470 0.014079
v -0.400919 -0.637828 -0.013295
v -0.381477 -0.642470 -0.026607
v -0.363795 -0.648662 -0.013297
v -0.452670 -0.619607 -0.026293
v -0.467275 -0.612173 -0.039282
v -0.433209 -0.624210 -0.039596
v -0.202609 -0.571706 0.200141
v -0.189127 -0.585719 0.189008
v -0.166097 -0.578689 0.199520
v -0.262249 -0.570587 0.190197
v -0.285193 -0.576558 0.179338
v -0.248724 -0.585061 0.179304
v -0.294731 -0.596766 0.157107
v -0.281047 -0.610816 0.145233
v -0.258012 -0.605166 0.156690
v -0.353924 -0.591622 0.143802
v -0.376954 -0.595462 0.130959
v -0.340610 -0.605765 0.132140
v -0.386837 -0.612408 0.105512
v -0.372907 -0.625058 0.091768
v -0.349973 -0.622832 0.106151
v -0.445512 -0.601319 0.088138
v -0.466795 -0.600202 0.072061
v -0.431142 -0.612964 0.074468
v -0.469747 -0.605896 0.041261
v -0.453267 -0.614989 0.027638
v -0.434798 -0.618509 0.041490
v -0.520782 -0.588507 0.027269
v -0.537727 -0.583995 0.013713
v -0.504468 -0.597396 0.013863
v -0.347210 -0.535228 0.196140
v -0.334170 -0.551169 0.187284
v -0.311602 -0.545561 0.198431
v -0.404052 -0.528714 0.181081
v -0.426019 -0.533009 0.168992
v -0.391650 -0.544909 0.172599
v -0.436610 -0.552838 0.147634
v -0.424859 -0.568705 0.138506
v -0.401922 -0.564938 0.151160
v -0.492053 -0.540883 0.128529
v -0.514501 -0.542417 0.114238
v -0.481767 -0.557422 0.119877
v -0.528427 -0.560581 0.091332
v -0.517487 -0.575949 0.081201
v -0.493907 -0.574641 0.095859
v -0.580137 -0.546056 0.078244
v -0.599153 -0.545091 0.066220
v -0.569000 -0.560276 0.066876
v -0.480784 -0.484798 0.178585
v -0.469946 -0.502237 0.171430
v -0.449187 -0.498603 0.183749
v -0.531712 -0.475811 0.164740
v -0.552104 -0.478815 0.153126
v -0.521401 -0.490781 0.153937
v -0.563693 -0.496363 0.131225
v -0.554423 -0.511395 0.120589
v -0.532752 -0.508919 0.131853
v -0.616465 -0.487457 0.121373
v -0.638476 -0.489947 0.111474
v -0.607347 -0.501433 0.110195
v -0.601864 -0.441258 0.176406
v -0.592188 -0.454294 0.164712
v -0.572374 -0.450688 0.175688
v -0.650597 -0.436591 0.168358
v -0.669764 -0.437742 0.157337
v -0.642389 -0.448542 0.156329
v -0.381327 -0.614637 -0.111398
v -0.360927 -0.614596 -0.122057
v -0.347046 -0.624383 -0.111676
v -0.461895 -0.607796 -0.064397
v -0.441910 -0.610854 -0.076523
v -0.427829 -0.619834 -0.064711
v -0.536937 -0.586511 -0.012901
v -0.519293 -0.593527 -0.025977
v -0.504278 -0.600453 -0.012894
v -0.601299 -0.551835 0.039620
v -0.586738 -0.561722 0.026625
v -0.570197 -0.566323 0.040186
v -0.649559 -0.504718 0.089509
v -0.639448 -0.517378 0.077624
v -0.619542 -0.517315 0.088749
v -0.681940 -0.451335 0.134754
v -0.675686 -0.464921 0.124087
v -0.655433 -0.463832 0.134785
v -0.699454 -0.395417 0.172917
v -0.696590 -0.409122 0.163969
v -0.678166 -0.409122 0.175894
v -0.765424 -0.325051 0.175894
v -0.771118 -0.337316 0.163969
v -0.753383 -0.343458 0.172917
v -0.796018 -0.298347 0.169262
v -0.814571 -0.290052 0.159653
v -0.801712 -0.310613 0.157337
v -0.836802 -0.293958 0.137069
v -0.840481 -0.306159 0.124094
v -0.823943 -0.314519 0.134753
v -0.866116 -0.262832 0.127902
v -0.882572 -0.252268 0.116418
v -0.869795 -0.275034 0.114927
v -0.899850 -0.253774 0.091317
v -0.900674 -0.265843 0.077700
v -0.887074 -0.276539 0.089826
v -0.924928 -0.218367 0.079843
v -0.937536 -0.205775 0.066858
v -0.925752 -0.230436 0.066226
v -0.949866 -0.205398 0.039918
v -0.946006 -0.217251 0.026463
v -0.935565 -0.229779 0.039619
v -0.973830 -0.166468 0.026460
v -0.981125 -0.152421 0.013097
v -0.969400 -0.178811 0.012934
v -0.982291 -0.150706 -0.013630
v -0.975816 -0.162739 -0.026993
v -0.970445 -0.176891 -0.013812
v -0.993281 -0.109923 -0.026587
v -0.994512 -0.095798 -0.039504
v -0.987622 -0.122188 -0.039700
v -0.988585 -0.093988 -0.065012
v -0.980610 -0.105723 -0.077747
v -0.981261 -0.119838 -0.065409
v -0.990090 -0.054101 -0.076831
v -0.985706 -0.040549 -0.088692
v -0.982553 -0.066220 -0.089107
v -0.969977 -0.039278 -0.111986
v -0.957331 -0.050870 -0.123385
v -0.966713 -0.064259 -0.112637
v -0.956757 -0.000746 -0.122524
v -0.940784 0.012229 -0.132748
v -0.943397 -0.012680 -0.133003
v -0.810803 -0.242226 0.186249
v -0.819116 -0.255858 0.174109
v -0.800563 -0.264154 0.183718
v -0.839459 -0.209683 0.178459
v -0.857875 -0.199067 0.168139
v -0.847772 -0.223315 0.166320
v -0.882644 -0.202136 0.144515
v -0.888996 -0.215819 0.131213
v -0.872541 -0.226383 0.142696
v -0.907951 -0.165267 0.134065
v -0.923156 -0.152646 0.121796
v -0.914303 -0.178951 0.120762
v -0.945898 -0.154259 0.095106
v -0.949505 -0.167764 0.081027
v -0.933270 -0.180049 0.094477
v -0.971590 -0.113919 0.081747
v -0.981805 -0.099916 0.067992
v -0.973913 -0.127360 0.067773
v -0.991310 -0.099309 0.040473
v -0.990899 -0.112536 0.026798
v -0.983847 -0.126596 0.040335
v -1.000027 -0.057485 0.027106
v -1.002784 -0.043386 0.013641
v -0.999636 -0.070945 0.013525
v -1.003674 -0.042906 -0.013074
v -1.001577 -0.056156 -0.026248
v -1.000403 -0.070107 -0.013157
v -1.003368 -0.001656 -0.026003
v -1.001005 0.011949 -0.038891
v -1.001922 -0.015247 -0.038993
v -0.994997 0.011710 -0.064102
v -0.991083 -0.001599 -0.076362
v -0.995878 -0.014973 -0.064185
v -0.984278 0.051760 -0.076677
v -0.973638 0.064740 -0.088845
v -0.980347 0.038095 -0.088596
v -0.845118 -0.146160 0.194054
v -0.856548 -0.160490 0.182006
v -0.838132 -0.171106 0.192327
v -0.869161 -0.108525 0.184747
v -0.886218 -0.095835 0.173712
v -0.880591 -0.122855 0.172699
v -0.912853 -0.097543 0.149395
v -0.922431 -0.111942 0.136112
v -0.907226 -0.124563 0.148382
v -0.931431 -0.056511 0.137503
v -0.948596 -0.042953 0.124321
v -0.944433 -0.071294 0.124002
v -0.973654 -0.043788 0.096450
v -0.980934 -0.058015 0.082312
v -0.969576 -0.071955 0.096159
v -0.982199 -0.001222 0.082861
v -0.989519 0.012832 0.068969
v -0.989630 -0.015584 0.068765
v -0.999010 0.012561 0.041217
v -1.001550 -0.001571 0.027456
v -0.998799 -0.015622 0.041074
v -0.997477 0.054900 0.027596
v -0.997460 0.068799 0.013871
v -1.001126 0.040483 0.013969
v -0.998040 0.067935 -0.012968
v -0.999556 0.053460 -0.026051
v -1.001832 0.039938 -0.012821
v -0.984314 0.109389 -0.026337
v -0.976503 0.121890 -0.039293
v -0.986383 0.094613 -0.039424
v -0.862718 -0.040753 0.198027
v -0.877281 -0.054784 0.186376
v -0.860224 -0.067474 0.197410
v -0.879775 0.000000 0.186993
v -0.894338 0.014031 0.175342
v -0.894338 -0.014031 0.175342
v -0.921668 0.014031 0.150780
v -0.934434 0.000000 0.137869
v -0.921668 -0.014031 0.150780
v -0.931246 0.056492 0.137497
v -0.940823 0.070891 0.124214
v -0.944012 0.042461 0.124586
v -0.961107 0.071221 0.097245
v -0.976238 0.056326 0.083142
v -0.969278 0.042128 0.097148
v -0.959886 0.113105 0.082751
v -0.962384 0.126503 0.068579
v -0.970711 0.099177 0.069169
v -0.972431 0.126175 0.041028
v -0.981345 0.112088 0.027362
v -0.982488 0.098263 0.041213
v -0.963365 0.165614 0.026996
v -0.960896 0.177787 0.013360
v -0.969882 0.151668 0.013456
v -0.860224 0.067474 0.197410
v -0.877281 0.054784 0.186376
v -0.862718 0.040753 0.198027
v -0.869161 0.108525 0.184746
v -0.880592 0.122855 0.172699
v -0.886218 0.095835 0.173712
v -0.907227 0.124563 0.148381
v -0.922431 0.111942 0.136111
v -0.912853 0.097543 0.149395
v -0.907952 0.165266 0.134065
v -0.914254 0.178937 0.120748
v -0.923116 0.152634 0.121784
v -0.931691 0.179553 0.094214
v -0.944064 0.166847 0.081187
v -0.940384 0.153180 0.095146
v -0.923696 0.217844 0.079639
v -0.924688 0.230132 0.065991
v -0.935594 0.205106 0.066638
v -0.838132 0.171106 0.192327
v -0.856549 0.160490 0.182006
v -0.845118 0.146160 0.194054
v -0.839459 0.209683 0.178459
v -0.847772 0.223315 0.166320
v -0.857876 0.199067 0.168139
v -0.872541 0.226383 0.142696
v -0.888996 0.215819 0.131212
v -0.882645 0.202135 0.144515
v -0.866117 0.262832 0.127901
v -0.869796 0.275033 0.114926
v -0.882572 0.252268 0.116418
v -0.800563 0.264154 0.183718
v -0.819116 0.255858 0.174109
v -0.810803 0.242226 0.186249
v -0.796018 0.298347 0.169262
v -0.801712 0.310613 0.157337
v -0.814571 0.290052 0.159653
v -0.953823 0.063893 -0.111407
v -0.946869 0.050356 -0.122067
v -0.961336 0.037739 -0.111536
v -0.968551 0.119680 -0.064398
v -0.966816 0.105422 -0.076535
v -0.977461 0.092947 -0.064619
v -0.962076 0.175893 -0.013186
v -0.966556 0.162183 -0.026071
v -0.971308 0.150005 -0.013096
v -0.935071 0.230687 0.039284
v -0.944168 0.217594 0.026195
v -0.944867 0.204366 0.039869
v -0.887074 0.276538 0.089826
v -0.900674 0.265842 0.077700
v -0.899851 0.253773 0.091317
v -0.823943 0.314519 0.134753
v -0.840481 0.306159 0.124094
v -0.836802 0.293958 0.137069
v -0.753383 0.343458 0.172917
v -0.771118 0.337316 0.163969
v -0.765424 0.325051 0.175894
v -0.678165 0.409122 0.175894
v -0.696590 0.409122 0.163969
v -0.699454 0.395417 0.172917
v -0.651339 0.437741 0.169262
v -0.645802 0.452656 0.159653
v -0.669763 0.437742 0.157337
v -0.657978 0.466250 0.137069
v -0.675692 0.464929 0.124095
v -0.681940 0.451335 0.134754
v -0.624748 0.495385 0.127902
v -0.615480 0.509604 0.116418
v -0.642462 0.494063 0.114927
v -0.622864 0.520643 0.091318
v -0.639516 0.517462 0.077701
v -0.649846 0.505102 0.089827
v -0.582507 0.548280 0.079843
v -0.569133 0.560376 0.066878
v -0.599160 0.545098 0.066226
v -0.571272 0.567113 0.040271
v -0.586786 0.561753 0.026630
v -0.601299 0.551835 0.039620
v -0.524194 0.591062 0.027282
v -0.507143 0.599734 0.013641
v -0.539708 0.585703 0.013641
v -0.504696 0.600972 -0.012989
v -0.519301 0.593538 -0.025979
v -0.537261 0.586941 -0.012989
v -0.452670 0.619607 -0.026293
v -0.433208 0.624210 -0.039596
v -0.467275 0.612173 -0.039282
v -0.427828 0.619834 -0.064711
v -0.441910 0.610854 -0.076523
v -0.461895 0.607796 -0.064397
v -0.373561 0.632632 -0.077110
v -0.353353 0.633370 -0.089177
v -0.387488 0.623140 -0.088546
v -0.346703 0.623658 -0.111182
v -0.359510 0.613069 -0.121461
v -0.379830 0.613303 -0.110975
v -0.293264 0.631688 -0.122155
v -0.273823 0.629555 -0.132550
v -0.306752 0.620802 -0.131790
v -0.579659 0.464927 0.186249
v -0.600749 0.466249 0.174109
v -0.606287 0.451334 0.183718
v -0.544299 0.494062 0.178460
v -0.535567 0.509603 0.168140
v -0.565389 0.495384 0.166320
v -0.547389 0.525145 0.144516
v -0.567943 0.525145 0.131213
v -0.577211 0.510925 0.142696
v -0.505117 0.553387 0.134066
v -0.492668 0.567409 0.121796
v -0.525671 0.553387 0.120762
v -0.499848 0.579506 0.095527
v -0.519477 0.577579 0.081528
v -0.532851 0.565483 0.094494
v -0.450842 0.604436 0.082926
v -0.434840 0.615344 0.069293
v -0.470472 0.602510 0.068928
v -0.437418 0.622090 0.041653
v -0.455998 0.617927 0.027647
v -0.473049 0.609255 0.041288
v -0.383239 0.641588 0.028012
v -0.364691 0.648251 0.014006
v -0.401819 0.637425 0.014006
v -0.363810 0.648692 -0.013303
v -0.381476 0.642470 -0.026607
v -0.400937 0.637866 -0.013303
v -0.307165 0.661753 -0.026607
v -0.287648 0.663988 -0.039910
v -0.324831 0.655531 -0.039910
v -0.285115 0.658533 -0.065303
v -0.302099 0.650842 -0.077394
v -0.322298 0.650075 -0.065303
v -0.228999 0.665518 -0.077115
v -0.210066 0.664047 -0.088927
v -0.245983 0.657828 -0.089206
v -0.459742 0.517459 0.194054
v -0.482743 0.520641 0.182007
v -0.491475 0.505100 0.192327
v -0.416038 0.545096 0.184747
v -0.404067 0.560374 0.173713
v -0.439039 0.548278 0.172700
v -0.414619 0.577578 0.149395
v -0.437141 0.579505 0.136112
v -0.449591 0.565482 0.148382
v -0.364528 0.602509 0.137497
v -0.349409 0.615344 0.124586
v -0.387051 0.604435 0.124214
v -0.355929 0.628179 0.097669
v -0.377569 0.628179 0.083664
v -0.393571 0.617270 0.097297
v -0.300780 0.647991 0.084036
v -0.283273 0.656895 0.070030
v -0.322420 0.647991 0.070030
v -0.286365 0.663558 0.042018
v -0.306964 0.661317 0.028012
v -0.325512 0.654654 0.042018
v -0.228690 0.676739 0.028012
v -0.210163 0.681017 0.014006
v -0.249290 0.674499 0.014006
v -0.211246 0.681011 -0.013303
v -0.230855 0.676728 -0.026607
v -0.250372 0.674493 -0.013303
v -0.154060 0.687524 -0.026292
v -0.136002 0.687518 -0.039282
v -0.173670 0.683241 -0.039596
v -0.321967 0.561750 0.198028
v -0.345531 0.567110 0.186377
v -0.357502 0.551832 0.197411
v -0.271214 0.582689 0.184978
v -0.256880 0.596629 0.173263
v -0.295402 0.590894 0.175219
v -0.265419 0.616644 0.149935
v -0.288759 0.622089 0.137870
v -0.303878 0.609254 0.150781
v -0.210745 0.636172 0.136747
v -0.194415 0.648250 0.124214
v -0.234025 0.641579 0.124580
v -0.199915 0.661317 0.097297
v -0.222021 0.663558 0.083664
v -0.239528 0.654654 0.097669
v -0.142805 0.674498 0.082926
v -0.125307 0.681016 0.068928
v -0.164910 0.676739 0.069293
v -0.128884 0.687534 0.041288
v -0.149960 0.687534 0.027647
v -0.168488 0.683257 0.041653
v -0.072230 0.693859 0.027282
v -0.055179 0.695906 0.013641
v -0.093306 0.693859 0.013641
v -0.174143 0.593500 0.197386
v -0.196246 0.598108 0.184607
v -0.210337 0.583566 0.195870
v -0.121140 0.612170 0.184747
v -0.105203 0.624208 0.172700
v -0.143652 0.619604 0.173713
v -0.111111 0.642468 0.148382
v -0.132957 0.648691 0.136112
v -0.149561 0.637865 0.149395
v -0.056033 0.655529 0.134066
v -0.039403 0.663987 0.120762
v -0.077878 0.661752 0.121796
v -0.043751 0.676727 0.094494
v -0.064727 0.681010 0.081528
v -0.082225 0.674492 0.095527
v 0.010868 0.683240 0.079843
v 0.027012 0.687518 0.066226
v -0.010108 0.687523 0.066878
v -0.026525 0.610852 0.192327
v -0.046639 0.619832 0.182007
v -0.062576 0.607794 0.194054
v 0.025478 0.623656 0.178460
v 0.041431 0.633403 0.166320
v 0.005365 0.632637 0.168140
v 0.037946 0.650841 0.142696
v 0.018509 0.658531 0.131213
v 0.001880 0.650074 0.144516
v 0.089454 0.657827 0.127902
v 0.104895 0.664046 0.114927
v 0.070016 0.665517 0.116418
v 0.111505 0.614594 0.183718
v 0.094502 0.624382 0.174109
v 0.078548 0.614635 0.186249
v 0.159368 0.622135 0.169262
v 0.174273 0.629716 0.157337
v 0.142364 0.631922 0.159653
v -0.207601 0.654149 -0.111398
v -0.224070 0.645723 -0.122057
v -0.243519 0.647930 -0.111676
v -0.136679 0.681764 -0.064397
v -0.155413 0.676015 -0.076523
v -0.174347 0.677487 -0.064711
v -0.058196 0.695901 -0.012989
v -0.078265 0.693848 -0.025979
v -0.096324 0.693854 -0.012989
v 0.023087 0.693848 0.039619
v 0.003018 0.695900 0.026630
v -0.014034 0.693853 0.040271
v 0.101601 0.676015 0.089826
v 0.082867 0.681764 0.077700
v 0.066723 0.677486 0.091318
v 0.172711 0.645723 0.134753
v 0.156242 0.654149 0.124095
v 0.140801 0.647930 0.137069
v 0.233832 0.607691 0.172917
v 0.220008 0.617600 0.163969
v 0.205102 0.610019 0.175894
v 0.346285 0.577889 0.175872
v 0.340597 0.590173 0.163969
v 0.321092 0.587844 0.172917
v 0.393167 0.568119 0.168366
v 0.415283 0.569422 0.159223
v 0.387771 0.581157 0.157337
v 0.430147 0.582121 0.137069
v 0.422877 0.593505 0.124095
v 0.402478 0.593464 0.134754
v 0.479999 0.569001 0.127902
v 0.502183 0.567225 0.116418
v 0.472730 0.580385 0.114927
v 0.514898 0.575552 0.091318
v 0.505430 0.585655 0.077701
v 0.485445 0.588713 0.089827
v 0.564919 0.557225 0.079843
v 0.585486 0.552059 0.066878
v 0.555450 0.567329 0.066226
v 0.593977 0.555565 0.040271
v 0.581902 0.564237 0.026630
v 0.563941 0.570835 0.039620
v 0.641064 0.531624 0.027282
v 0.657796 0.522573 0.013652
v 0.628988 0.540296 0.013641
v 0.660022 0.521077 -0.012937
v 0.645919 0.529108 -0.025976
v 0.631426 0.539050 -0.012989
v 0.694594 0.484292 -0.024936
v 0.702932 0.468355 -0.037056
v 0.683240 0.495475 -0.038339
v 0.700478 0.465536 -0.061710
v 0.688211 0.477018 -0.074697
v 0.679707 0.491441 -0.063364
v 0.723662 0.421766 -0.070616
v 0.731024 0.408910 -0.082086
v 0.714604 0.436303 -0.083919
v 0.728850 0.410590 -0.106130
v 0.715794 0.421689 -0.118274
v 0.709225 0.434840 -0.107696
v 0.755438 0.377429 -0.116652
v 0.761905 0.367483 -0.128340
v 0.741936 0.387726 -0.128419
v 0.449432 0.522124 0.178448
v 0.445562 0.538530 0.168322
v 0.423289 0.536732 0.176788
v 0.499463 0.507614 0.170626
v 0.524253 0.508940 0.162554
v 0.496228 0.524984 0.161636
v 0.544299 0.526620 0.144432
v 0.537988 0.540380 0.131213
v 0.515797 0.542141 0.142680
v 0.595773 0.507280 0.134066
v 0.618658 0.503311 0.121780
v 0.589422 0.520965 0.120762
v 0.632888 0.511844 0.095527
v 0.624204 0.524317 0.081528
v 0.603637 0.529483 0.094494
v 0.679241 0.484000 0.081485
v 0.694736 0.471975 0.066835
v 0.672109 0.498121 0.068544
v 0.700568 0.472743 0.040168
v 0.692713 0.487687 0.027223
v 0.679373 0.500614 0.041006
v 0.718180 0.415911 0.024208
v 0.723081 0.395804 0.011761
v 0.714689 0.434824 0.012744
v 0.724633 0.395960 -0.011296
v 0.720651 0.415499 -0.023158
v 0.715384 0.434066 -0.011622
v 0.745722 0.350373 -0.022667
v 0.756301 0.340506 -0.034507
v 0.739313 0.366781 -0.034151
v 0.760615 0.347773 -0.057698
v 0.753628 0.364447 -0.069028
v 0.743194 0.373865 -0.057287
v 0.796870 0.323790 -0.071337
v 0.810598 0.320367 -0.084077
v 0.786334 0.336877 -0.082510
v 0.557246 0.459654 0.186408
v 0.553854 0.474695 0.172966
v 0.530738 0.476582 0.184599
v 0.603328 0.433767 0.169197
v 0.626656 0.430058 0.157770
v 0.603315 0.453396 0.162120
v 0.650299 0.447619 0.141460
v 0.649073 0.466669 0.132338
v 0.627478 0.471894 0.145728
v 0.686121 0.408621 0.119594
v 0.701918 0.396223 0.105152
v 0.687314 0.429687 0.112366
v 0.713081 0.399738 0.082282
v 0.711281 0.418711 0.072915
v 0.701134 0.436067 0.088336
v 0.738102 0.350937 0.067068
v 0.749632 0.336747 0.056426
v 0.730996 0.364262 0.055838
v 0.751045 0.334388 0.033935
v 0.741892 0.346770 0.022413
v 0.732944 0.362058 0.033571
v 0.790486 0.306570 0.024557
v 0.805850 0.300154 0.012785
v 0.776057 0.313971 0.011775
v 0.805693 0.301221 -0.012122
v 0.791091 0.309527 -0.023951
v 0.776720 0.315772 -0.011811
v 0.855578 0.287821 -0.024808
v 0.870528 0.284305 -0.037866
v 0.838276 0.294370 -0.037358
v 0.642744 0.366224 0.164663
v 0.645411 0.385913 0.159274
v 0.625463 0.393093 0.173632
v 0.679836 0.330766 0.146363
v 0.701155 0.323635 0.138010
v 0.680544 0.348450 0.138850
v 0.722007 0.333371 0.120437
v 0.720152 0.349126 0.110250
v 0.700982 0.358015 0.120608
v 0.772581 0.310753 0.119032
v 0.797218 0.307316 0.112045
v 0.765454 0.321032 0.105262
v 0.805884 0.308000 0.088147
v 0.790380 0.312071 0.073278
v 0.773245 0.320708 0.082716
v 0.858869 0.291363 0.081253
v 0.875743 0.284424 0.068388
v 0.843198 0.295823 0.066674
v 0.877089 0.283317 0.041134
v 0.859496 0.287313 0.027476
v 0.842283 0.292694 0.040288
v 0.916414 0.259221 0.027344
v 0.926180 0.249938 0.013683
v 0.905093 0.269153 0.013874
v 0.727710 0.277065 0.168474
v 0.725991 0.289836 0.154748
v 0.702585 0.294224 0.159822
v 0.778645 0.258446 0.172251
v 0.803239 0.255277 0.164857
v 0.777805 0.271662 0.158576
v 0.829470 0.266426 0.143709
v 0.830989 0.281299 0.131186
v 0.804168 0.283483 0.139101
v 0.871548 0.239642 0.133628
v 0.889891 0.231426 0.120744
v 0.874335 0.255744 0.121565
v 0.905858 0.238196 0.094494
v 0.904503 0.252925 0.081523
v 0.889976 0.262299 0.095453
v 0.931646 0.203894 0.079843
v 0.942447 0.194469 0.066226
v 0.930978 0.219179 0.066878
v 0.817453 0.203732 0.190898
v 0.821664 0.220545 0.179937
v 0.800259 0.225466 0.190248
v 0.850719 0.174527 0.177149
v 0.869708 0.167787 0.165145
v 0.856444 0.190931 0.166760
v 0.894380 0.175753 0.142237
v 0.899966 0.191184 0.131100
v 0.881449 0.199479 0.143739
v 0.921337 0.143732 0.127896
v 0.934625 0.135365 0.114926
v 0.925845 0.159040 0.116417
v 0.868236 0.114216 0.183246
v 0.875120 0.129660 0.173496
v 0.857014 0.135709 0.185253
v 0.894333 0.086131 0.169258
v 0.909419 0.078568 0.157336
v 0.902160 0.100495 0.159617
v 0.809833 0.326482 -0.107380
v 0.796600 0.337570 -0.117961
v 0.787353 0.345044 -0.105980
v 0.867342 0.287168 -0.062775
v 0.851646 0.295810 -0.074256
v 0.837936 0.299878 -0.061773
v 0.924750 0.251535 -0.012893
v 0.912947 0.261893 -0.025692
v 0.902931 0.270111 -0.012543
v 0.949834 0.199038 0.039619
v 0.946409 0.213024 0.026630
v 0.938238 0.223648 0.040273
v 0.949868 0.141257 0.089826
v 0.951889 0.155506 0.077700
v 0.941088 0.164932 0.091317
v 0.930686 0.084555 0.134752
v 0.937045 0.098123 0.124094
v 0.923817 0.106481 0.137066
v 0.897901 0.032112 0.172915
v 0.907092 0.044377 0.163968
v 0.892186 0.051958 0.175892
v 0.858856 -0.019847 0.202556
v 0.868068 -0.039693 0.195186
v 0.873783 -0.019847 0.192209
v 0.835298 -0.040927 0.216236
v 0.826324 -0.061951 0.219338
v 0.844717 -0.060824 0.209098
v 0.826165 -0.103908 0.215194
v 0.833672 -0.124576 0.206791
v 0.843801 -0.102624 0.204260
v 0.795115 -0.128343 0.228930
v 0.781701 -0.151494 0.231732
v 0.802622 -0.149011 0.220527
v 0.773087 -0.195068 0.224283
v 0.779416 -0.215718 0.215330
v 0.794835 -0.192735 0.213851
v 0.732574 -0.221125 0.236753
v 0.715352 -0.245354 0.239378
v 0.739390 -0.242012 0.227967
v 0.700559 -0.288572 0.230519
v 0.704584 -0.307963 0.220099
v 0.725005 -0.285318 0.219482
v 0.652548 -0.314530 0.241556
v 0.628984 -0.337233 0.241556
v 0.656574 -0.333920 0.231136
v 0.608554 -0.377216 0.230520
v 0.611688 -0.394496 0.219483
v 0.636144 -0.373903 0.220099
v 0.554406 -0.400420 0.239380
v 0.527848 -0.420312 0.237821
v 0.557540 -0.417700 0.228343
v 0.504384 -0.454899 0.225056
v 0.507477 -0.469594 0.213852
v 0.534075 -0.452287 0.215579
v 0.447384 -0.473595 0.231733
v 0.420075 -0.489678 0.228932
v 0.450477 -0.488289 0.220528
v 0.396472 -0.517900 0.215196
v 0.400176 -0.530038 0.204261
v 0.426873 -0.516511 0.206793
v 0.339963 -0.531427 0.220034
v 0.313856 -0.543564 0.216469
v 0.343667 -0.543565 0.209100
v 0.784184 -0.021190 0.243754
v 0.795643 -0.042125 0.236662
v 0.805127 -0.020960 0.233678
v 0.750661 -0.043266 0.257370
v 0.740092 -0.065341 0.262115
v 0.763086 -0.064647 0.251064
v 0.740226 -0.109694 0.259379
v 0.750503 -0.131835 0.251157
v 0.763917 -0.108685 0.248356
v 0.699519 -0.134564 0.273107
v 0.680879 -0.157989 0.274239
v 0.708734 -0.156430 0.263627
v 0.671949 -0.203944 0.267220
v 0.681664 -0.226220 0.258794
v 0.699201 -0.202067 0.256506
v 0.624611 -0.230040 0.281041
v 0.602574 -0.253972 0.282026
v 0.633094 -0.252150 0.271685
v 0.587483 -0.298782 0.272659
v 0.594439 -0.319664 0.262318
v 0.618003 -0.296961 0.262318
v 0.531264 -0.322676 0.282026
v 0.505564 -0.344748 0.281052
v 0.538219 -0.343557 0.271685
v 0.485962 -0.385521 0.269151
v 0.492059 -0.404222 0.258224
v 0.518617 -0.384331 0.259784
v 0.426147 -0.405414 0.275815
v 0.398991 -0.424119 0.273122
v 0.432244 -0.424114 0.264886
v 0.377776 -0.458899 0.259381
v 0.383725 -0.474983 0.248358
v 0.411033 -0.458899 0.251159
v 0.318206 -0.474014 0.264355
v 0.292596 -0.491579 0.264942
v 0.324160 -0.490111 0.253354
v 0.688557 -0.022098 0.284401
v 0.702550 -0.044065 0.279088
v 0.713959 -0.021912 0.273502
v 0.648238 -0.044844 0.301591
v 0.632820 -0.067547 0.305406
v 0.662439 -0.066984 0.295206
v 0.630004 -0.113548 0.301727
v 0.641212 -0.136522 0.292855
v 0.659623 -0.112986 0.291528
v 0.578883 -0.137631 0.312137
v 0.557742 -0.161259 0.312989
v 0.590173 -0.160767 0.303607
v 0.549272 -0.208845 0.308025
v 0.561235 -0.232483 0.301023
v 0.581810 -0.208163 0.298204
v 0.493354 -0.233103 0.319309
v 0.469160 -0.256413 0.319309
v 0.504174 -0.256413 0.310653
v 0.454280 -0.301795 0.309679
v 0.463594 -0.323866 0.300049
v 0.489294 -0.301795 0.301023
v 0.393251 -0.322932 0.316842
v 0.368178 -0.345266 0.318211
v 0.402500 -0.344928 0.307022
v 0.350772 -0.386783 0.307385
v 0.357904 -0.404974 0.293256
v 0.384786 -0.385870 0.295080
v 0.290639 -0.407300 0.318970
v 0.262569 -0.421972 0.309125
v 0.296839 -0.422627 0.299704
v 0.572175 -0.022703 0.326025
v 0.587688 -0.045406 0.320815
v 0.603106 -0.022703 0.317000
v 0.522655 -0.045406 0.338271
v 0.504066 -0.068108 0.341491
v 0.538168 -0.068109 0.333061
v 0.498936 -0.114577 0.337682
v 0.511424 -0.138015 0.329504
v 0.533331 -0.114692 0.329815
v 0.441713 -0.137516 0.344855
v 0.419232 -0.160787 0.345508
v 0.454787 -0.161321 0.338209
v 0.410030 -0.208540 0.342769
v 0.422108 -0.232483 0.335417
v 0.446021 -0.209089 0.334791
v 0.349103 -0.230041 0.349163
v 0.324406 -0.252194 0.348122
v 0.361154 -0.253986 0.341749
v 0.311766 -0.299116 0.343675
v 0.324400 -0.324626 0.341863
v 0.347773 -0.299806 0.334651
v 0.251898 -0.321457 0.357897
v 0.228417 -0.348106 0.370416
v 0.266421 -0.351712 0.365791
v 0.439113 -0.022703 0.357541
v 0.454538 -0.045405 0.353731
v 0.473127 -0.022703 0.350511
v 0.384472 -0.044844 0.366796
v 0.363845 -0.066984 0.369022
v 0.399898 -0.067546 0.362987
v 0.356494 -0.112496 0.364253
v 0.369744 -0.136090 0.357887
v 0.392566 -0.113209 0.358378
v 0.297678 -0.134017 0.368635
v 0.274624 -0.156268 0.368416
v 0.310691 -0.157719 0.363672
v 0.263788 -0.202672 0.366370
v 0.275692 -0.226500 0.360336
v 0.300427 -0.204392 0.361493
v 0.203441 -0.221526 0.369024
v 0.179746 -0.242142 0.366927
v 0.215366 -0.245399 0.363122
v 0.299783 -0.022141 0.380006
v 0.313788 -0.044282 0.377532
v 0.334415 -0.022141 0.375306
v 0.243915 -0.043272 0.385778
v 0.222677 -0.064403 0.386850
v 0.257920 -0.065413 0.383304
v 0.213886 -0.108026 0.381904
v 0.226305 -0.131023 0.376907
v 0.249184 -0.109391 0.378436
v 0.156578 -0.127336 0.382945
v 0.133761 -0.147657 0.381362
v 0.168322 -0.150240 0.379046
v 0.163959 -0.021131 0.393235
v 0.175697 -0.042262 0.391816
v 0.196934 -0.021131 0.390744
v 0.110384 -0.040978 0.395727
v 0.089785 -0.060824 0.395727
v 0.122122 -0.062109 0.394307
v 0.272712 -0.520938 0.252118
v 0.278226 -0.531654 0.237050
v 0.304198 -0.519003 0.239815
v 0.243352 -0.452952 0.288569
v 0.251979 -0.472425 0.281644
v 0.277860 -0.455564 0.282165
v 0.211462 -0.394999 0.364735
v 0.219532 -0.408521 0.340977
v 0.248928 -0.395091 0.354740
v 0.167075 -0.287315 0.362999
v 0.178607 -0.314360 0.366284
v 0.202870 -0.290635 0.359204
v 0.122070 -0.191667 0.377862
v 0.133420 -0.215790 0.375308
v 0.157030 -0.195110 0.377149
v 0.079366 -0.102601 0.393204
v 0.089038 -0.122819 0.388073
v 0.111769 -0.103497 0.390247
v 0.039023 -0.019846 0.398573
v 0.048235 -0.039692 0.397859
v 0.068834 -0.019846 0.397859
v 0.238432 -0.577906 0.202558
v 0.214340 -0.590111 0.195133
v 0.243044 -0.587844 0.192211
v 0.202497 -0.568820 0.216406
v 0.170791 -0.567261 0.218092
v 0.178333 -0.578294 0.206844
v 0.114782 -0.578530 0.215924
v 0.091745 -0.588353 0.207543
v 0.124400 -0.588249 0.202553
v 0.071488 -0.566363 0.233566
v 0.036608 -0.563702 0.236984
v 0.047206 -0.575420 0.224173
v -0.023232 -0.567791 0.228878
v -0.047027 -0.575532 0.218452
v -0.011406 -0.580056 0.216658
v -0.071200 -0.549061 0.241402
v -0.107892 -0.542589 0.241544
v -0.095521 -0.556507 0.230732
v -0.168932 -0.542605 0.230786
v -0.192599 -0.549839 0.220584
v -0.155929 -0.557216 0.220603
v -0.219100 -0.518920 0.238869
v -0.256348 -0.509932 0.237194
v -0.242700 -0.525950 0.228996
v -0.316005 -0.506713 0.225166
v -0.338254 -0.512887 0.214925
v -0.302310 -0.523247 0.217426
v -0.365615 -0.478554 0.229936
v -0.400730 -0.468250 0.228641
v -0.386821 -0.484233 0.218703
v -0.454180 -0.462249 0.214813
v -0.473160 -0.465848 0.201731
v -0.440860 -0.477252 0.203422
v -0.500129 -0.436807 0.225857
v -0.530182 -0.425020 0.223997
v -0.517233 -0.439925 0.212231
v -0.576362 -0.418135 0.210221
v -0.593963 -0.423451 0.199145
v -0.564745 -0.432828 0.198845
v -0.614261 -0.388408 0.217770
v -0.641530 -0.376916 0.216469
v -0.632318 -0.396763 0.209100
v 0.214799 -0.533186 0.250934
v 0.189169 -0.544749 0.239282
v 0.220509 -0.543885 0.235759
v 0.175595 -0.522568 0.272473
v 0.142146 -0.523018 0.279404
v 0.149831 -0.533629 0.259755
v 0.079347 -0.533095 0.272713
v 0.052294 -0.542497 0.260852
v 0.087886 -0.544668 0.256743
v 0.033913 -0.518759 0.293889
v -0.004232 -0.514713 0.294599
v 0.005965 -0.526744 0.278339
v -0.068995 -0.516335 0.277947
v -0.094884 -0.522078 0.263954
v -0.057703 -0.528563 0.264773
v -0.118283 -0.500363 0.292029
v -0.157112 -0.495134 0.291606
v -0.144330 -0.502403 0.274599
v -0.222580 -0.488946 0.274101
v -0.246822 -0.490292 0.258468
v -0.208224 -0.498399 0.259484
v -0.280701 -0.483354 0.301643
v -0.320242 -0.469963 0.300782
v -0.302662 -0.477626 0.279350
v -0.375224 -0.446387 0.272842
v -0.395511 -0.449484 0.256189
v -0.359803 -0.461109 0.257656
v -0.420146 -0.410360 0.278952
v -0.453160 -0.396988 0.273858
v -0.442806 -0.419024 0.265375
v -0.504788 -0.391969 0.257219
v -0.523759 -0.399970 0.245543
v -0.495115 -0.414184 0.249638
v -0.541149 -0.355410 0.259613
v -0.568419 -0.341913 0.254975
v -0.559714 -0.363881 0.248360
v 0.185096 -0.471230 0.297672
v 0.160962 -0.493902 0.303044
v 0.193019 -0.490517 0.289874
v 0.141992 -0.454205 0.318298
v 0.105476 -0.452174 0.323068
v 0.116806 -0.474793 0.320713
v 0.042071 -0.467750 0.323782
v 0.014213 -0.487478 0.322410
v 0.053309 -0.493134 0.325579
v -0.009212 -0.443035 0.331209
v -0.048504 -0.440845 0.335688
v -0.036605 -0.459433 0.324697
v -0.116744 -0.459460 0.334315
v -0.144200 -0.475688 0.324165
v -0.103413 -0.477518 0.321718
v -0.175962 -0.440559 0.360863
v -0.216865 -0.427365 0.362618
v -0.203024 -0.452343 0.346948
v -0.280819 -0.426463 0.353789
v -0.307213 -0.438743 0.336791
v -0.269146 -0.454724 0.336444
v -0.326005 -0.378062 0.351310
v -0.361688 -0.362034 0.341119
v -0.356310 -0.393255 0.347143
v -0.417271 -0.354974 0.311129
v -0.439806 -0.364189 0.294874
v -0.409477 -0.381116 0.308497
v -0.455435 -0.315344 0.306456
v -0.486918 -0.303184 0.302419
v -0.479717 -0.326807 0.295383
v 0.148190 -0.412742 0.365261
v 0.121075 -0.424009 0.348417
v 0.157081 -0.423110 0.339609
v 0.102431 -0.392496 0.390157
v 0.064369 -0.386161 0.392009
v 0.073695 -0.410627 0.379371
v -0.004892 -0.400379 0.386492
v -0.033188 -0.415476 0.372442
v 0.005864 -0.419265 0.367226
v -0.053134 -0.360027 0.392350
v -0.092680 -0.349900 0.391299
v -0.083909 -0.384427 0.389761
v -0.164254 -0.361365 0.384220
v -0.195663 -0.378859 0.374803
v -0.157886 -0.397368 0.385402
v -0.205982 -0.312498 0.375274
v -0.242954 -0.300417 0.370624
v -0.235251 -0.325315 0.358007
v -0.308030 -0.301997 0.351329
v -0.336759 -0.315722 0.339745
v -0.300522 -0.327893 0.343667
v -0.350920 -0.268845 0.366089
v -0.385374 -0.258467 0.364537
v -0.378599 -0.280382 0.347925
v 0.106618 -0.305083 0.372293
v 0.082042 -0.329371 0.383946
v 0.118534 -0.336071 0.382817
v 0.058353 -0.271336 0.371383
v 0.021544 -0.264226 0.373233
v 0.032390 -0.291438 0.375673
v -0.043465 -0.275861 0.377676
v -0.072058 -0.296543 0.385528
v -0.033440 -0.305159 0.385624
v -0.090682 -0.240527 0.372044
v -0.127744 -0.232208 0.372570
v -0.118676 -0.258959 0.375555
v -0.193852 -0.240915 0.375864
v -0.222875 -0.259045 0.380224
v -0.184664 -0.269162 0.382050
v -0.238132 -0.204719 0.372018
v -0.273331 -0.195206 0.369505
v -0.266795 -0.221618 0.371891
v 0.062343 -0.205148 0.376654
v 0.036755 -0.221968 0.373749
v 0.073259 -0.229346 0.374148
v 0.016344 -0.174750 0.381962
v -0.019004 -0.167604 0.384154
v -0.009486 -0.191040 0.378935
v -0.081218 -0.175184 0.378040
v -0.108531 -0.190739 0.374497
v -0.072324 -0.199064 0.375011
v -0.124788 -0.143243 0.379851
v -0.159657 -0.134457 0.380076
v -0.152216 -0.158085 0.377133
v 0.021955 -0.115682 0.393235
v -0.003128 -0.130027 0.391816
v 0.031595 -0.136557 0.389119
v -0.021564 -0.086149 0.395727
v -0.053980 -0.077908 0.392557
v -0.046520 -0.100195 0.392567
v -0.614819 -0.338533 0.242135
v -0.633418 -0.348031 0.233690
v -0.605430 -0.359548 0.234915
v -0.537388 -0.300174 0.283720
v -0.557482 -0.310043 0.271855
v -0.529659 -0.323398 0.277644
v -0.445755 -0.258196 0.344305
v -0.470208 -0.268659 0.326249
v -0.438048 -0.280551 0.328992
v -0.336283 -0.200954 0.364971
v -0.363986 -0.217021 0.366099
v -0.329824 -0.228283 0.371204
v -0.221154 -0.139283 0.375750
v -0.249092 -0.153847 0.371062
v -0.215145 -0.163750 0.373434
v -0.111718 -0.082793 0.387167
v -0.139628 -0.097214 0.385721
v -0.105422 -0.105717 0.385666
v -0.014906 -0.032112 0.398573
v -0.039023 -0.044377 0.397859
v -0.005694 -0.051958 0.397859
v -0.711495 -0.337316 0.202558
v -0.735612 -0.325051 0.195188
v -0.723571 -0.343458 0.192211
v -0.710347 -0.310613 0.216469
v -0.721275 -0.290052 0.220034
v -0.734464 -0.298347 0.209099
v -0.755633 -0.255858 0.215195
v -0.779061 -0.242226 0.206792
v -0.768822 -0.264154 0.204261
v -0.751031 -0.223315 0.228931
v -0.759618 -0.199067 0.231732
v -0.774459 -0.209682 0.220527
v -0.790032 -0.160489 0.225056
v -0.811860 -0.146160 0.215578
v -0.804874 -0.171105 0.213851
v -0.779189 -0.122731 0.237195
v -0.783836 -0.095700 0.238722
v -0.801800 -0.108525 0.228343
v -0.809076 -0.054784 0.230519
v -0.828615 -0.040753 0.220098
v -0.826122 -0.067474 0.219482
v -0.792024 -0.014031 0.241551
v -0.792031 0.014031 0.241556
v -0.811570 0.000000 0.231135
v -0.809076 0.054784 0.230519
v -0.826122 0.067474 0.219482
v -0.828615 0.040753 0.220098
v -0.784755 0.095834 0.239380
v -0.779973 0.122854 0.237820
v -0.801800 0.108525 0.228343
v -0.790032 0.160489 0.225056
v -0.804874 0.171105 0.213851
v -0.811860 0.146160 0.215578
v -0.759618 0.199067 0.231732
v -0.751031 0.223315 0.228931
v -0.774459 0.209682 0.220527
v -0.755633 0.255858 0.215195
v -0.768822 0.264154 0.204261
v -0.779061 0.242226 0.206792
v -0.721275 0.290052 0.220034
v -0.710347 0.310613 0.216469
v -0.734464 0.298347 0.209099
v -0.653352 -0.306158 0.245206
v -0.680719 -0.293957 0.238087
v -0.669791 -0.314519 0.234522
v -0.645670 -0.274863 0.259363
v -0.655010 -0.252267 0.263697
v -0.673329 -0.262832 0.252675
v -0.690964 -0.215818 0.259380
v -0.717870 -0.202135 0.251158
v -0.709283 -0.226383 0.248357
v -0.677141 -0.178434 0.271192
v -0.679711 -0.151062 0.271121
v -0.701793 -0.163957 0.261522
v -0.708880 -0.109825 0.263104
v -0.734773 -0.095956 0.254613
v -0.730854 -0.122940 0.253477
v -0.690948 -0.069545 0.275090
v -0.692866 -0.041874 0.275685
v -0.715472 -0.055400 0.265539
v -0.717490 -0.000107 0.266162
v -0.741591 0.013738 0.256901
v -0.741596 -0.013935 0.257051
v -0.692689 0.041657 0.275530
v -0.690537 0.069228 0.274596
v -0.715417 0.055149 0.265413
v -0.709160 0.109520 0.263069
v -0.731062 0.122599 0.253380
v -0.735220 0.095763 0.254884
v -0.678546 0.150224 0.270200
v -0.673424 0.176501 0.268463
v -0.699538 0.162550 0.259851
v -0.687908 0.213871 0.256404
v -0.707885 0.225514 0.246675
v -0.714468 0.200413 0.248397
v -0.655010 0.252267 0.263697
v -0.645962 0.275033 0.259793
v -0.673329 0.262832 0.252675
v -0.573426 -0.263734 0.282369
v -0.602583 -0.251395 0.276132
v -0.594467 -0.274681 0.271687
v -0.559447 -0.228755 0.301335
v -0.565840 -0.203821 0.305659
v -0.587542 -0.215265 0.290829
v -0.598969 -0.164048 0.295544
v -0.628529 -0.151138 0.288350
v -0.623171 -0.177319 0.285950
v -0.578961 -0.124296 0.307244
v -0.582184 -0.097135 0.308542
v -0.607077 -0.110553 0.298679
v -0.612179 -0.055686 0.300901
v -0.639987 -0.041768 0.292737
v -0.638140 -0.069481 0.291954
v -0.587267 -0.014174 0.310838
v -0.587105 0.013794 0.310423
v -0.614433 -0.000017 0.301920
v -0.614140 0.055932 0.301921
v -0.639656 0.069820 0.292719
v -0.641175 0.042003 0.293341
v -0.582220 0.097147 0.307741
v -0.579027 0.124435 0.306165
v -0.609528 0.111283 0.299932
v -0.601688 0.165465 0.297319
v -0.627397 0.179398 0.289864
v -0.629918 0.151811 0.289323
v -0.568679 0.205724 0.305407
v -0.562090 0.230435 0.301592
v -0.592170 0.218366 0.295208
v -0.487172 -0.222763 0.352192
v -0.516635 -0.207839 0.339437
v -0.509460 -0.232508 0.332377
v -0.461087 -0.179224 0.344040
v -0.463566 -0.151148 0.339637
v -0.491353 -0.165579 0.335322
v -0.497236 -0.110839 0.333504
v -0.527715 -0.097474 0.326657
v -0.524174 -0.124538 0.325032
v -0.474015 -0.070496 0.347767
v -0.473933 -0.042439 0.345763
v -0.502339 -0.056296 0.337050
v -0.502574 -0.000645 0.335486
v -0.532078 0.013443 0.328223
v -0.532852 -0.014578 0.329344
v -0.470843 0.040938 0.339791
v -0.468992 0.068449 0.338098
v -0.499492 0.054941 0.332181
v -0.494531 0.109655 0.328741
v -0.522669 0.123970 0.321663
v -0.525723 0.096739 0.323444
v -0.460304 0.149164 0.332717
v -0.455935 0.175175 0.329782
v -0.487240 0.162902 0.324533
v -0.372062 -0.161445 0.354815
v -0.403855 -0.149258 0.349999
v -0.400867 -0.176643 0.351944
v -0.346930 -0.120869 0.362735
v -0.350043 -0.095121 0.367096
v -0.378742 -0.108986 0.359774
v -0.383592 -0.055429 0.366370
v -0.413828 -0.041893 0.359384
v -0.413231 -0.069807 0.360335
v -0.352744 -0.014188 0.366329
v -0.352328 0.013009 0.364378
v -0.382768 -0.000504 0.360594
v -0.381317 0.054171 0.358086
v -0.411141 0.068407 0.353231
v -0.412176 0.040925 0.353929
v -0.349090 0.093972 0.361803
v -0.346933 0.120559 0.360933
v -0.378867 0.108681 0.358117
v -0.259232 -0.104310 0.377748
v -0.290506 -0.092870 0.375866
v -0.286673 -0.118158 0.371628
v -0.233710 -0.065221 0.383934
v -0.234320 -0.039325 0.381258
v -0.263345 -0.052944 0.379573
v -0.262948 -0.000745 0.374617
v -0.292133 0.012455 0.370506
v -0.292743 -0.013937 0.372686
v -0.231975 0.037626 0.375837
v -0.230105 0.063123 0.375161
v -0.260543 0.051096 0.371887
v -0.146984 -0.049302 0.387194
v -0.177215 -0.038051 0.387019
v -0.176489 -0.063634 0.389132
v -0.120143 -0.012553 0.386992
v -0.119607 0.010909 0.386197
v -0.148084 -0.000657 0.385231
v -0.653352 0.306158 0.245206
v -0.669791 0.314519 0.234522
v -0.680719 0.293957 0.238087
v -0.576532 0.265842 0.287489
v -0.597564 0.276538 0.277200
v -0.606612 0.253772 0.281104
v -0.477132 0.214184 0.318242
v -0.503825 0.227957 0.311274
v -0.509482 0.202765 0.314655
v -0.374312 0.162303 0.357542
v -0.399870 0.175073 0.346720
v -0.404064 0.149133 0.349719
v -0.255976 0.102632 0.370718
v -0.284568 0.116865 0.366228
v -0.287446 0.091034 0.367273
v -0.144342 0.047350 0.383135
v -0.171348 0.060618 0.380218
v -0.174125 0.036226 0.381479
v -0.043698 -0.001516 0.394655
v -0.067077 0.009866 0.391137
v -0.067677 -0.012282 0.391988
v -0.678165 0.369428 0.202558
v -0.668953 0.389275 0.195188
v -0.690241 0.375570 0.192211
v -0.641530 0.376916 0.216469
v -0.616971 0.390546 0.220034
v -0.632317 0.396763 0.209100
v -0.581131 0.423986 0.215196
v -0.569850 0.443796 0.206793
v -0.596478 0.430202 0.204261
v -0.535494 0.430979 0.228932
v -0.505203 0.444189 0.231733
v -0.524212 0.450789 0.220528
v -0.462188 0.476358 0.225056
v -0.449465 0.495318 0.215579
v -0.481198 0.482958 0.213852
v -0.407946 0.481292 0.237821
v -0.372713 0.492826 0.239381
v -0.395222 0.500252 0.228344
v -0.322694 0.518801 0.228218
v -0.309916 0.536055 0.217772
v -0.346964 0.529129 0.219483
v -0.261620 0.518855 0.238619
v -0.224856 0.529338 0.239849
v -0.249052 0.536262 0.228282
v -0.175590 0.555562 0.230520
v -0.163615 0.570831 0.219483
v -0.199988 0.561963 0.218578
v -0.112300 0.552056 0.239381
v -0.074111 0.557222 0.237821
v -0.100325 0.567325 0.228344
v -0.026085 0.575549 0.225056
v -0.016248 0.588710 0.213852
v -0.052299 0.585652 0.215579
v 0.035727 0.567222 0.231733
v 0.071325 0.568999 0.228932
v 0.045564 0.580383 0.220528
v 0.114118 0.582119 0.215196
v 0.121313 0.593463 0.204261
v 0.088357 0.593503 0.206793
v 0.171192 0.569812 0.220034
v 0.202506 0.568890 0.216469
v 0.178388 0.581156 0.209100
v -0.617865 0.340349 0.245206
v -0.609745 0.362339 0.238088
v -0.634303 0.348709 0.234522
v -0.573292 0.345048 0.259794
v -0.545158 0.358107 0.263698
v -0.565172 0.367038 0.252675
v -0.506747 0.393307 0.259381
v -0.496470 0.415448 0.251159
v -0.526761 0.402238 0.248358
v -0.452931 0.396679 0.273108
v -0.419130 0.408981 0.275813
v -0.442654 0.418819 0.264886
v -0.371458 0.440185 0.266486
v -0.359874 0.461236 0.257175
v -0.397145 0.452494 0.258225
v -0.309650 0.439440 0.277260
v -0.273331 0.450884 0.279257
v -0.298160 0.460598 0.268086
v -0.224003 0.482137 0.271249
v -0.212484 0.503160 0.262287
v -0.249511 0.491813 0.260099
v -0.158857 0.479638 0.282027
v -0.119533 0.486920 0.281053
v -0.146951 0.499393 0.271686
v -0.069438 0.511841 0.269152
v -0.058667 0.529480 0.258225
v -0.096856 0.524314 0.259785
v -0.004343 0.503323 0.275813
v 0.033333 0.507278 0.273108
v 0.006427 0.520962 0.264886
v 0.079702 0.526693 0.259381
v 0.088394 0.542153 0.248358
v 0.052796 0.540377 0.251159
v 0.140334 0.514021 0.263698
v 0.174061 0.515032 0.259794
v 0.149026 0.529481 0.252675
v -0.539349 0.301666 0.287489
v -0.532246 0.325421 0.281105
v -0.560381 0.312362 0.277201
v -0.484826 0.301601 0.298117
v -0.451690 0.312866 0.300207
v -0.478139 0.325827 0.292788
v -0.411474 0.349121 0.298213
v -0.402673 0.372972 0.291227
v -0.438673 0.362734 0.291381
v -0.350495 0.347821 0.309672
v -0.315713 0.359833 0.313219
v -0.341199 0.371599 0.302397
v -0.268654 0.394275 0.307293
v -0.258062 0.417492 0.299008
v -0.295539 0.406748 0.297225
v -0.203400 0.391572 0.319309
v -0.164253 0.400476 0.319309
v -0.192580 0.414883 0.310654
v -0.114109 0.431069 0.309679
v -0.103112 0.452758 0.300049
v -0.142436 0.445476 0.301024
v -0.047025 0.422761 0.316199
v -0.008267 0.428860 0.314063
v -0.036027 0.444450 0.306569
v 0.040406 0.454504 0.301728
v 0.050322 0.474049 0.291529
v 0.012646 0.470094 0.294234
v 0.103776 0.442164 0.305407
v 0.139385 0.445413 0.301592
v 0.113692 0.461708 0.295208
v -0.438933 0.250743 0.318256
v -0.432348 0.275375 0.313406
v -0.465048 0.263964 0.310255
v -0.381008 0.249542 0.331946
v -0.347897 0.260949 0.335964
v -0.374175 0.274332 0.327103
v -0.305086 0.296447 0.333122
v -0.296918 0.321401 0.327827
v -0.333677 0.311077 0.326648
v -0.241440 0.292685 0.344121
v -0.204195 0.302553 0.345819
v -0.233056 0.318239 0.339694
v -0.156635 0.337445 0.342869
v -0.146280 0.361757 0.335417
v -0.185427 0.352853 0.335417
v -0.089269 0.329745 0.349163
v -0.050695 0.337453 0.348005
v -0.078914 0.354057 0.341711
v -0.001583 0.367865 0.338417
v 0.008955 0.390568 0.329987
v -0.029802 0.384468 0.332123
v 0.063226 0.356621 0.341492
v 0.099815 0.361980 0.338272
v 0.073764 0.379324 0.333061
v -0.333256 0.197050 0.351764
v -0.326553 0.221664 0.346920
v -0.362019 0.211828 0.346513
v -0.269991 0.192407 0.359075
v -0.235769 0.202643 0.362304
v -0.263585 0.217302 0.355738
v -0.193796 0.237408 0.363586
v -0.184668 0.261920 0.357243
v -0.221909 0.252623 0.356809
v -0.128097 0.230696 0.368308
v -0.090747 0.239321 0.368390
v -0.118743 0.255276 0.363583
v -0.043229 0.272500 0.366370
v -0.032852 0.296675 0.360335
v -0.071426 0.288966 0.361493
v 0.021424 0.262924 0.369023
v 0.057879 0.269814 0.366798
v 0.031800 0.287098 0.362987
v -0.220332 0.139011 0.374466
v -0.214349 0.163366 0.371549
v -0.248403 0.153481 0.369342
v -0.159088 0.134181 0.381116
v -0.126071 0.143722 0.386850
v -0.153508 0.158785 0.382368
v -0.082027 0.175489 0.380920
v -0.072803 0.199264 0.376851
v -0.109581 0.191031 0.378106
v -0.019666 0.167235 0.380787
v 0.015638 0.173960 0.379521
v -0.009909 0.190974 0.379077
v -0.109814 0.081199 0.384237
v -0.104580 0.104851 0.384491
v -0.136429 0.095229 0.382129
v -0.052760 0.076255 0.387522
v -0.020768 0.084226 0.388332
v -0.045541 0.098518 0.385860
v 0.214066 0.529570 0.245206
v 0.220345 0.543097 0.234522
v 0.189032 0.544019 0.238088
v 0.183028 0.465969 0.287489
v 0.191062 0.483276 0.277201
v 0.157335 0.482265 0.281105
v 0.145963 0.387933 0.326026
v 0.155520 0.408525 0.317001
v 0.119911 0.405276 0.320816
v 0.104845 0.299348 0.357542
v 0.115356 0.321993 0.350512
v 0.078766 0.316633 0.353732
v 0.061773 0.204053 0.376001
v 0.072857 0.228355 0.373276
v 0.036577 0.221662 0.375365
v 0.021125 0.112618 0.387169
v 0.030676 0.134380 0.384040
v -0.003554 0.128120 0.384270
v -0.012353 0.028308 0.394590
v -0.004950 0.049088 0.393081
v -0.035555 0.041315 0.392456
v 0.292234 0.565192 0.201968
v 0.321897 0.564720 0.194051
v 0.296974 0.575578 0.192211
v 0.312550 0.539090 0.210773
v 0.338315 0.526024 0.213369
v 0.342006 0.538243 0.202587
v 0.395290 0.514749 0.211510
v 0.425359 0.512756 0.202700
v 0.397979 0.524286 0.197621
v 0.420075 0.489678 0.228932
v 0.447384 0.473595 0.231733
v 0.450473 0.488280 0.220519
v 0.504384 0.454899 0.225056
v 0.533910 0.452008 0.215220
v 0.507235 0.469129 0.213340
v 0.527112 0.419511 0.235922
v 0.550870 0.396531 0.230549
v 0.555223 0.415124 0.222813
v 0.596026 0.363739 0.202769
v 0.618673 0.355568 0.185473
v 0.601240 0.383001 0.197783
v 0.609328 0.317456 0.196677
v 0.630539 0.293211 0.193104
v 0.633612 0.311239 0.184179
v 0.680275 0.269840 0.192204
v 0.705392 0.267409 0.187778
v 0.679873 0.284726 0.178277
v 0.705151 0.236447 0.218777
v 0.729179 0.217260 0.227861
v 0.731837 0.235326 0.213989
v 0.773087 0.194503 0.223910
v 0.793209 0.190897 0.212965
v 0.776424 0.212789 0.212120
v 0.781699 0.151493 0.231731
v 0.795096 0.128347 0.228930
v 0.801723 0.148699 0.220308
v 0.825994 0.103802 0.215152
v 0.843582 0.101619 0.203986
v 0.832593 0.122949 0.206307
v 0.827081 0.062109 0.220032
v 0.835505 0.040978 0.216467
v 0.844716 0.060824 0.209098
v 0.271259 0.515697 0.244105
v 0.303016 0.514907 0.234170
v 0.277244 0.528187 0.232041
v 0.291638 0.488266 0.259763
v 0.318081 0.473594 0.263698
v 0.324025 0.489656 0.252647
v 0.377776 0.458899 0.259381
v 0.411033 0.458899 0.251159
v 0.383725 0.474983 0.248358
v 0.398987 0.424114 0.273108
v 0.426147 0.405413 0.275813
v 0.432244 0.424114 0.264886
v 0.485305 0.384829 0.267224
v 0.516316 0.381875 0.253386
v 0.491753 0.403897 0.257351
v 0.501697 0.340784 0.269498
v 0.522815 0.314270 0.257088
v 0.530679 0.335843 0.250170
v 0.570764 0.282642 0.226552
v 0.598762 0.278508 0.212889
v 0.577649 0.303047 0.218088
v 0.586944 0.239559 0.237924
v 0.611916 0.218602 0.245702
v 0.617264 0.237658 0.229813
v 0.667808 0.199080 0.253495
v 0.696827 0.198869 0.247848
v 0.673359 0.218553 0.238201
v 0.681324 0.157417 0.272609
v 0.699476 0.134527 0.272987
v 0.709397 0.156359 0.263868
v 0.740226 0.109694 0.259379
v 0.763917 0.108685 0.248356
v 0.750503 0.131835 0.251157
v 0.741745 0.065413 0.263696
v 0.753541 0.043272 0.259792
v 0.765436 0.064403 0.252673
v 0.243192 0.452285 0.287489
v 0.277662 0.454898 0.281105
v 0.251225 0.469592 0.277201
v 0.261240 0.417699 0.301592
v 0.287321 0.400419 0.305407
v 0.295710 0.420311 0.295208
v 0.348952 0.384330 0.301728
v 0.384500 0.385521 0.294234
v 0.357340 0.404222 0.291529
v 0.366797 0.343557 0.314063
v 0.393031 0.322676 0.316199
v 0.402346 0.344747 0.306569
v 0.452924 0.300469 0.305283
v 0.485019 0.297630 0.287572
v 0.462110 0.322382 0.295324
v 0.466529 0.253953 0.310732
v 0.489059 0.229171 0.305424
v 0.497936 0.250595 0.290847
v 0.542637 0.202218 0.285344
v 0.573923 0.200221 0.271685
v 0.550224 0.222465 0.267409
v 0.556585 0.159139 0.305772
v 0.578479 0.136654 0.308846
v 0.589150 0.158280 0.295472
v 0.629718 0.113324 0.300849
v 0.659573 0.112944 0.291377
v 0.641647 0.136049 0.291356
v 0.630343 0.067542 0.302016
v 0.645415 0.044809 0.298122
v 0.660382 0.067097 0.292826
v 0.207654 0.373902 0.326026
v 0.243293 0.377214 0.320816
v 0.217212 0.394494 0.317001
v 0.223197 0.333919 0.338272
v 0.248298 0.314528 0.341492
v 0.258837 0.337231 0.333061
v 0.310172 0.296960 0.338417
v 0.346945 0.298782 0.332123
v 0.320710 0.319663 0.329987
v 0.324369 0.252149 0.348005
v 0.349103 0.230041 0.349163
v 0.361141 0.253971 0.341711
v 0.410064 0.208548 0.342849
v 0.445699 0.208632 0.333395
v 0.421948 0.232336 0.334874
v 0.420426 0.161325 0.349163
v 0.441926 0.137865 0.346166
v 0.456449 0.161764 0.341011
v 0.497081 0.114527 0.334461
v 0.530951 0.114312 0.325476
v 0.512104 0.137937 0.328984
v 0.501959 0.068208 0.337975
v 0.521440 0.045350 0.336534
v 0.535239 0.068131 0.329394
v 0.166536 0.285317 0.357542
v 0.202148 0.288571 0.353732
v 0.177047 0.307962 0.350512
v 0.179733 0.242099 0.366798
v 0.203441 0.221526 0.369023
v 0.215345 0.245353 0.362987
v 0.263788 0.202672 0.366370
v 0.300427 0.204392 0.361493
v 0.275692 0.226499 0.360335
v 0.274864 0.156704 0.372406
v 0.297718 0.134537 0.371734
v 0.311503 0.158424 0.367528
v 0.355552 0.113106 0.363116
v 0.391334 0.113729 0.356879
v 0.370112 0.136852 0.360254
v 0.362627 0.067283 0.365512
v 0.383791 0.044816 0.365210
v 0.398043 0.067673 0.359624
v 0.121902 0.191608 0.377234
v 0.156710 0.194895 0.375581
v 0.133336 0.215698 0.374788
v 0.133944 0.148145 0.381317
v 0.156698 0.127940 0.382667
v 0.168397 0.150843 0.379361
v 0.213257 0.108521 0.380004
v 0.248201 0.109903 0.377148
v 0.225839 0.131554 0.378085
v 0.222156 0.064654 0.383388
v 0.243505 0.043206 0.383791
v 0.256882 0.065475 0.379498
v 0.078443 0.100466 0.390336
v 0.111806 0.103404 0.389670
v 0.088775 0.121973 0.386384
v 0.089785 0.060823 0.395727
v 0.110384 0.040977 0.395727
v 0.122122 0.062108 0.394307
v 0.785655 0.021131 0.245204
v 0.805974 0.021131 0.234520
v 0.797550 0.042262 0.238086
v 0.687758 0.022211 0.283690
v 0.714595 0.022110 0.274024
v 0.702468 0.044345 0.279046
v 0.572028 0.022686 0.325790
v 0.601923 0.022544 0.315100
v 0.585243 0.045209 0.317893
v 0.439113 0.022703 0.357541
v 0.473127 0.022703 0.350511
v 0.453946 0.045363 0.352438
v 0.299783 0.022141 0.380006
v 0.334415 0.022141 0.375306
v 0.313470 0.044267 0.375218
v 0.163959 0.021131 0.393235
v 0.196934 0.021131 0.390744
v 0.175697 0.042262 0.391816
v 0.039023 0.019846 0.398573
v 0.068834 0.019846 0.397859
v 0.048235 0.039692 0.397859
v 0.858856 0.019846 0.202556
v 0.873783 0.019846 0.192209
v 0.868068 0.039692 0.195186
v 0.238432 0.577906 0.202558
v 0.243044 0.587844 0.192211
v 0.214314 0.590172 0.195188
v -0.711495 0.337316 0.202558
v -0.723571 0.343458 0.192211
v -0.735612 0.325051 0.195188
v -0.678165 -0.369428 0.202558
v -0.690242 -0.375570 0.192211
v -0.668953 -0.389275 0.195188
v 0.292361 -0.565640 0.202558
v 0.296974 -0.575578 0.192211
v 0.322173 -0.565640 0.195188
v 0.752095 0.365052 -0.149776
v 0.735894 0.372789 -0.159504
v 0.731686 0.385029 -0.149847
v -0.267919 0.616869 -0.151474
v -0.279880 0.605692 -0.160299
v -0.298920 0.607587 -0.150920
v -0.921997 0.012265 -0.152043
v -0.912807 -0.000000 -0.160991
v -0.921997 -0.012266 -0.152043
v -0.301574 -0.610020 -0.152045
v -0.282068 -0.607691 -0.160992
v -0.268244 -0.617600 -0.152044
v 0.735613 -0.389275 -0.152045
v 0.738478 -0.375571 -0.160992
v 0.756213 -0.369429 -0.152044
v 0.695569 0.407995 -0.163362
v 0.698841 0.394743 -0.172537
v 0.678029 0.408969 -0.175827
v -0.335439 0.585772 -0.161252
v -0.313970 0.584296 -0.169768
v -0.339455 0.573763 -0.171502
v -0.907092 -0.044378 -0.163967
v -0.897901 -0.032112 -0.172915
v -0.892186 -0.051959 -0.175892
v -0.220008 -0.617600 -0.163969
v -0.233832 -0.607691 -0.172917
v -0.205102 -0.610019 -0.175894
v 0.771118 -0.337316 -0.163969
v 0.753383 -0.343458 -0.172917
v 0.765424 -0.325051 -0.175894
v 0.031683 0.036436 -0.369644
v 0.009561 0.023489 -0.371434
v 0.002984 0.043485 -0.368968
v -0.046058 0.033015 -0.370149
v -0.035831 0.014026 -0.373625
v -0.063981 0.016165 -0.373553
v -0.066059 -0.020503 -0.388336
v -0.036930 -0.020257 -0.387304
v -0.048235 -0.039692 -0.397859
v 0.735612 -0.325051 -0.195188
v 0.723571 -0.343458 -0.192211
v 0.711495 -0.337316 -0.202558
v 0.005404 -0.051992 -0.397012
v 0.010810 -0.031711 -0.388413
v 0.035135 -0.044331 -0.391075
s 0
f 1 4485 4484
f 2 4839 4843
f 1 4484 4490
f 1 4490 4494
f 1 4494 4487
f 2 4843 4850
f 3 5041 5054
f 4 5404 5411
f 5 5462 5471
f 6 5819 5829
f 2 4850 4854
f 3 5054 5059
f 4 5411 5412
f 5 5471 5476
f 6 5829 5821
f 7 6033 6042
f 8 6375 6388
f 9 4511 4518
f 10 4869 4877
f 11 5072 5074
f 201 4519 3507
f 200 6390 6387
f 199 6045 6043
f 198 5842 5837
f 197 5490 5484
f 196 5438 5425
f 195 5085 5075
f 201 4522 4519
f 223 2792 4323
f 200 6391 6390
f 224 6392 4080
f 223 6046 2792
f 225 2958 2603
f 199 6047 6045
f 226 4879 4473
f 224 6394 6392
f 227 5080 2604
f 225 4525 2958
f 228 3111 2960
f 198 5843 5842
f 229 5491 2961
f 226 4882 4879
f 230 5844 3161
f 227 5082 5080
f 231 6048 3516
f 228 5437 3111
f 232 3409 3163
f 197 5492 5490
f 233 4526 3771
f 229 5493 5491
f 234 4883 3925
f 230 5846 5844
f 235 5084 4129
f 231 6050 6048
f 236 5439 4475
f 232 6396 3409
f 237 3574 3419
f 196 5440 5438
f 238 5847 2607
f 233 4528 4526
f 239 6051 2966
f 234 4887 4883
f 240 6398 3166
f 235 5087 5084
f 241 4530 3521
f 236 5442 5439
f 242 4888 3575
f 237 5496 3574
f 243 3929 3768
f 195 3245 5085
f 187 2951 5017
f 238 2965 5847
f 186 2594 4958
f 239 2776 6051
f 185 4461 4529
f 240 4477 6398
f 184 4118 6226
f 241 4132 4530
f 183 3915 6053
f 242 3928 4888
f 182 3562 5917
f 243 3743 3929
f 181 2950 5614
f 216 2788 3513
f 217 4531 4469
f 218 4890 2601
f 219 5089 2956
f 220 5446 3159
f 221 5501 3514
f 222 5694 3569
f 216 6399 2788
f 244 2969 2797
f 217 4532 4531
f 245 5497 3523
f 244 5444 2969
f 246 3168 2971
f 218 4892 4890
f 247 6054 3578
f 245 5499 5497
f 248 6400 3930
f 246 5851 3168
f 249 3525 3170
f 219 5091 5089
f 250 4894 4135
f 247 6056 6054
f 251 5092 4481
f 248 6402 6400
f 252 5447 2613
f 249 4534 3525
f 253 3580 3426
f 220 5448 5446
f 254 5852 2975
f 250 4896 4894
f 255 6057 3173
f 251 5094 5092
f 256 6236 3529
f 252 5283 5447
f 257 4535 3583
f 253 5504 3580
f 258 3773 3770
f 221 5505 5501
f 259 5096 4009
f 254 5695 5852
f 260 5285 4138
f 255 6059 6057
f 261 5506 4317
f 256 6238 6236
f 262 5696 2617
f 257 4538 4535
f 263 6061 2807
f 258 4728 3773
f 264 4086 3777
f 222 3515 5694
f 180 3150 5284
f 259 3175 5096
f 179 2948 5023
f 260 2805 5285
f 178 2593 4726
f 261 2616 5506
f 177 4458 4707
f 262 4451 5696
f 176 4117 6239
f 263 4140 6061
f 175 3914 5989
f 264 3906 4086
f 174 2592 5865
f 209 2954 3510
f 210 4729 2597
f 211 5098 2955
f 212 5288 3157
f 213 5508 3512
f 214 5700 3567
f 215 6067 3921
f 209 4539 2954
f 265 3177 2982
f 210 4730 4729
f 266 4731 2620
f 265 4541 3177
f 267 3367 3179
f 211 5100 5098
f 268 5289 2812
f 266 4733 4731
f 269 5507 3181
f 267 5102 3367
f 270 3769 3370
f 212 5291 5288
f 271 6063 3430
f 268 5292 5289
f 272 6240 3589
f 269 5510 5507
f 273 4542 3778
f 270 5699 3769
f 274 3946 3591
f 213 5512 5508
f 275 5103 4144
f 271 6065 6063
f 276 5293 4321
f 272 6242 6240
f 277 5513 2623
f 273 4544 4542
f 278 5701 2814
f 274 4735 3946
f 279 4146 3947
f 214 5702 5700
f 280 6244 3184
f 275 5105 5103
f 281 4545 3375
f 276 5296 5293
f 282 4737 3595
f 277 5516 5513
f 283 5107 3783
f 278 5704 5701
f 284 5297 4148
f 279 6069 4146
f 285 4326 4088
f 215 3568 6067
f 173 3501 5514
f 280 3374 6244
f 172 3149 5397
f 281 3105 4545
f 171 2946 5106
f 282 2816 4737
f 170 2590 4872
f 283 2626 5107
f 169 4457 4547
f 284 4325 5297
f 168 4116 6383
f 285 4071 4326
f 167 4456 6088
f 202 3301 3508
f 203 5108 2953
f 204 5299 3156
f 205 5519 3509
f 206 5708 3565
f 207 6075 3918
f 208 6254 4124
f 202 4738 3301
f 286 3597 3378
f 203 5109 5108
f 287 6070 3785
f 286 5706 3597
f 288 3944 3598
f 204 5300 5299
f 289 4548 4151
f 287 6072 6070
f 290 4739 4327
f 288 6248 3944
f 291 4153 3787
f 205 5520 5519
f 292 5301 2629
f 289 4550 4548
f 293 5521 2820
f 290 4741 4739
f 294 5709 3190
f 291 5111 4153
f 295 4329 4154
f 206 5710 5708
f 296 6251 3382
f 292 5303 5301
f 297 4551 3602
f 293 5523 5521
f 298 4742 3791
f 294 5712 5709
f 299 5112 4156
f 295 6077 4329
f 300 2632 4333
f 207 6078 6075
f 301 5525 4252
f 296 6255 6251
f 302 5715 2633
f 297 4554 4551
f 303 6079 2823
f 298 4744 4742
f 304 6256 3194
f 299 5115 5112
f 305 4556 3386
f 300 5307 2632
f 306 2826 2804
f 208 3919 6254
f 166 3559 5713
f 301 3604 5525
f 165 3498 5679
f 302 3384 5715
f 164 3148 5305
f 303 3193 6079
f 163 2945 5026
f 304 2912 6256
f 162 2589 4745
f 305 2635 4556
f 161 4454 4710
f 306 4337 2826
f 160 4114 6385
f 188 5220 3502
f 189 5526 3503
f 190 5716 3563
f 191 6081 3916
f 192 6260 4121
f 193 4559 4464
f 194 4751 2595
f 188 5308 5220
f 307 4338 2637
f 189 5527 5526
f 308 5309 3196
f 307 5117 4338
f 309 4160 4339
f 190 5717 5716
f 310 5718 3390
f 308 5311 5309
f 311 6082 3608
f 309 5529 4160
f 312 3799 4098
f 191 6083 6081
f 313 4558 3800
f 310 5721 5718
f 314 4747 4164
f 311 6085 6082
f 315 5119 4341
f 312 6262 3799
f 316 3610 3802
f 192 6263 6260
f 317 5531 2803
f 313 4560 4558
f 318 5723 2828
f 314 4749 4747
f 319 6086 3200
f 315 5121 5119
f 320 6264 3392
f 316 5313 3610
f 321 3342 3612
f 193 4561 4559
f 322 4752 3613
f 317 5534 5531
f 323 5122 3805
f 318 5726 5723
f 324 5315 4169
f 319 6090 6086
f 325 5537 4345
f 320 6266 6264
f 326 5727 2642
f 321 4563 3342
f 327 3205 3396
f 194 4119 4751
f 159 3912 6087
f 322 3804 4752
f 158 3558 5859
f 323 3763 5122
f 157 3497 5535
f 324 3394 5315
f 156 3147 5213
f 325 3203 5537
f 155 2943 5124
f 326 2833 5727
f 154 2587 4754
f 327 2794 3205
f 153 3146 4516
f 96 6382 3132
f 95 6091 6022
f 94 5728 5822
f 93 5538 5466
f 92 5318 5408
f 91 5130 5051
f 90 4760 4852
f 96 6267 6382
f 328 2835 3206
f 95 6092 6091
f 329 4564 4348
f 328 6269 2835
f 330 2571 2836
f 94 5729 5728
f 331 5127 2645
f 329 4566 4564
f 332 5317 2837
f 330 4758 2571
f 333 4350 2647
f 93 5539 5538
f 334 5730 3208
f 331 5129 5127
f 335 6093 3399
f 332 5320 5317
f 336 6271 3620
f 333 5541 4350
f 337 4174 4289
f 92 5321 5318
f 338 4759 3811
f 334 5732 5730
f 339 5131 4175
f 335 6096 6093
f 340 5322 4352
f 336 6273 6271
f 341 5543 2650
f 337 4571 4174
f 342 3813 4177
f 91 5132 5130
f 343 6099 2929
f 338 4761 4759
f 344 6276 3213
f 339 5134 5131
f 345 4573 3403
f 340 5324 5322
f 346 4762 3624
f 341 5545 5543
f 347 5135 3816
f 342 5737 3813
f 348 3626 3893
f 90 4905 4760
f 145 4452 4572
f 343 4354 6099
f 144 4111 6275
f 344 4079 6276
f 143 3908 6100
f 345 3814 4573
f 142 3555 5735
f 346 3761 4762
f 141 3494 5682
f 347 3405 5135
f 140 3142 5326
f 348 3108 3626
f 139 2939 5071
f 152 6379 2942
f 151 6101 6032
f 150 5738 5830
f 149 5549 5477
f 148 5328 5416
f 147 5139 5064
f 146 4768 4861
f 152 6277 6379
f 349 3216 3407
f 151 6102 6101
f 350 5739 3627
f 349 5548 3216
f 351 2843 3217
f 150 5740 5738
f 352 6278 3859
f 350 5741 5739
f 353 4575 4183
f 351 6104 2843
f 354 2582 2844
f 149 5550 5549
f 355 5138 4359
f 352 6280 6278
f 356 5330 2656
f 353 4577 4575
f 357 5551 2845
f 354 4766 2582
f 358 4361 2658
f 148 5331 5328
f 359 6105 3056
f 355 5140 5138
f 360 6282 3412
f 356 5333 5330
f 361 4580 3632
f 357 5553 5551
f 362 4767 3822
f 358 5743 4361
f 363 4186 4363
f 147 5141 5139
f 364 5334 4187
f 359 6108 6105
f 365 5554 4364
f 360 6285 6282
f 366 5744 2662
f 361 4583 4580
f 367 6110 2850
f 362 4771 4767
f 368 6287 3223
f 363 5144 4186
f 369 3826 4191
f 146 3143 4768
f 131 2938 5030
f 364 2979 5334
f 130 2585 4769
f 365 2661 5554
f 129 4449 4715
f 366 4253 5744
f 128 4109 6286
f 367 4189 6110
f 127 3905 5998
f 368 3825 6287
f 126 3550 5856
f 369 3635 3826
f 125 2584 5480
f 138 4867 2586
f 137 4584 4709
f 136 6288 6370
f 135 6112 6030
f 134 5748 5827
f 133 5560 5473
f 132 5340 5413
f 138 4772 4867
f 370 3415 3636
f 137 4585 4584
f 371 5145 2853
f 370 4774 3415
f 372 3109 3416
f 136 6289 6288
f 373 5557 3226
f 371 5147 5145
f 374 5747 3417
f 372 5338 3109
f 375 2855 3228
f 135 6113 6112
f 376 6290 3638
f 373 5559 5557
f 377 4586 3829
f 374 5750 5747
f 378 4776 4194
f 375 6115 2855
f 379 2667 3045
f 134 5751 5748
f 380 5215 4371
f 376 6292 6290
f 381 5561 2668
f 377 4589 4586
f 382 5752 2857
f 378 4778 4776
f 383 6116 3229
f 379 5150 2667
f 384 4373 2670
f 133 5562 5560
f 385 4591 3297
f 380 5341 5215
f 386 4779 3643
f 381 5564 5561
f 387 5153 3833
f 382 5754 5752
f 388 5342 4197
f 383 6118 6116
f 389 5565 4374
f 384 6295 4373
f 390 4199 4315
f 132 3552 5340
f 117 3302 5692
f 385 3290 4591
f 116 3138 5211
f 386 3231 4779
f 115 2936 5152
f 387 2978 5153
f 114 2694 4780
f 388 2672 5342
f 113 4445 4593
f 389 4251 5565
f 112 4105 6177
f 390 4075 4199
f 111 4444 6035
f 124 5419 4448
f 123 5154 5060
f 122 4781 4857
f 121 4594 4503
f 120 6299 6367
f 119 6123 6027
f 118 5760 5824
f 124 5343 5419
f 391 3646 3836
f 123 5155 5154
f 392 6296 4200
f 391 6121 3646
f 393 3424 3647
f 122 4782 4781
f 394 4783 4377
f 392 6298 6296
f 395 5156 2675
f 393 4596 3424
f 396 3158 3425
f 121 4597 4594
f 397 5568 2864
f 394 4785 4783
f 398 5757 3237
f 395 5158 5156
f 399 6122 3427
f 396 5348 3158
f 400 2866 3239
f 120 6300 6299
f 401 4598 3649
f 397 5570 5568
f 402 4788 3838
f 398 5759 5757
f 403 5160 4204
f 399 6125 6122
f 404 5349 4381
f 400 6302 2866
f 405 2679 2869
f 119 6126 6123
f 406 5761 2680
f 401 4601 4598
f 407 6127 2870
f 402 4791 4788
f 408 6303 3241
f 403 5162 5160
f 409 4602 3431
f 404 5352 5349
f 410 4793 3653
f 405 5574 2679
f 411 4384 2683
f 118 4106 5760
f 103 3903 5997
f 406 3934 5761
f 102 3547 5855
f 407 3651 6127
f 101 3489 5572
f 408 3288 6303
f 100 3133 5209
f 409 3107 4602
f 99 2933 5163
f 410 2872 4793
f 98 2577 4897
f 411 2791 4384
f 97 4103 4508
f 110 5928 4104
f 109 5575 5468
f 108 5353 5410
f 107 5164 5056
f 106 4794 4855
f 105 4606 4500
f 104 6309 6363
f 110 5762 5928
f 412 4010 4208
f 109 5576 5575
f 413 5577 3362
f 412 5354 4010
f 414 3582 3843
f 108 5355 5353
f 415 6129 3658
f 413 5579 5577
f 416 6305 3844
f 414 5765 3582
f 417 3436 3660
f 107 5035 5164
f 418 4795 4210
f 415 6131 6129
f 419 5167 4386
f 416 6307 6305
f 420 5357 2684
f 417 4605 3436
f 421 3248 3504
f 106 4796 4794
f 422 5767 2830
f 418 4797 4795
f 423 6132 3249
f 419 5170 5167
f 424 6308 3438
f 420 5359 5357
f 425 4607 3661
f 421 5582 3248
f 426 2878 3251
f 105 4608 4606
f 427 5172 3848
f 422 5769 5767
f 428 5360 4213
f 423 6134 6132
f 429 5583 4391
f 424 6312 6308
f 430 5772 2689
f 425 4610 4607
f 431 6135 2879
f 426 4800 2878
f 432 2691 2921
f 104 2579 6309
f 89 4446 4713
f 427 4250 5172
f 88 4101 6310
f 428 4074 5360
f 87 3900 5996
f 429 3850 5583
f 86 3545 5771
f 430 3760 5772
f 85 3487 5584
f 431 3441 6135
f 84 3130 5362
f 432 3253 2691
f 83 3129 5036
f 139 5065 2939
f 140 5363 3142
f 141 5585 3494
f 142 5774 3555
f 143 6138 3908
f 144 6316 4111
f 145 4617 4452
f 139 5174 5065
f 433 4216 4394
f 140 5364 5363
f 434 4801 2692
f 433 4613 4216
f 435 3853 4217
f 141 5586 5585
f 436 5365 2882
f 434 4803 4801
f 437 5587 3255
f 435 5176 3853
f 438 3721 3855
f 142 5776 5774
f 439 6139 3446
f 436 5367 5365
f 440 6315 3668
f 437 5589 5587
f 441 4693 3857
f 438 5778 3721
f 442 3448 3670
f 143 6140 6138
f 443 5177 4052
f 439 6141 6139
f 444 5369 4397
f 440 6318 6315
f 445 5591 2695
f 441 4616 4693
f 446 5831 2884
f 442 4805 3448
f 447 3258 3450
f 144 6319 6316
f 448 6320 3259
f 443 5180 5177
f 449 4619 3451
f 444 5372 5369
f 450 4807 3673
f 445 5594 5591
f 451 5181 3860
f 446 5781 5831
f 452 5373 4224
f 447 6145 3258
f 453 2888 3262
f 145 2940 4617
f 82 2576 4806
f 448 2798 6320
f 81 4439 4618
f 449 4255 4619
f 80 4099 6321
f 450 4222 4807
f 79 3898 6143
f 451 3940 5181
f 78 3544 5862
f 452 3675 5373
f 77 3486 5596
f 453 3294 2888
f 76 3543 5415
f 125 5474 2584
f 126 5782 3550
f 127 6146 3905
f 128 6323 4109
f 129 4623 4449
f 130 4813 2585
f 131 5186 2938
f 125 5597 5474
f 454 2700 2889
f 126 5783 5782
f 455 6147 3933
f 454 5784 2700
f 456 4402 2701
f 127 6148 6146
f 457 4622 4094
f 455 6149 6147
f 458 4810 4404
f 456 6325 4402
f 459 4230 4332
f 128 6326 6323
f 460 5374 2796
f 457 4624 4622
f 461 5598 2891
f 458 4812 4810
f 462 5785 3263
f 459 5184 4230
f 463 3794 4231
f 129 4625 4623
f 464 6327 3455
f 460 5376 5374
f 465 4626 3679
f 461 5600 5598
f 466 4814 3866
f 462 5787 5785
f 467 5185 4232
f 463 6153 3794
f 468 3681 3868
f 130 4815 4813
f 469 5602 4408
f 464 6329 6327
f 470 5789 2707
f 465 4628 4626
f 471 6154 2897
f 466 4818 4814
f 472 6332 3267
f 467 5188 5185
f 473 4629 3457
f 468 5378 3681
f 474 3506 3683
f 131 3141 5186
f 75 3046 5166
f 469 2983 5602
f 74 2575 4816
f 470 2800 5789
f 73 4438 4721
f 471 4410 6154
f 72 4097 6331
f 472 4082 6332
f 71 3895 6155
f 473 3870 4629
f 70 3541 5791
f 474 3764 3506
f 69 3485 5481
f 111 6028 4444
f 112 6333 4105
f 113 4630 4445
f 114 4820 2694
f 115 5192 2936
f 116 5383 3138
f 117 5607 3302
f 111 6156 6028
f 475 3269 3459
f 112 6334 6333
f 476 5380 3270
f 475 5191 3269
f 477 2899 3284
f 113 4631 4630
f 478 5792 3461
f 476 5382 5380
f 479 6157 3684
f 477 5605 2899
f 480 2712 2901
f 114 4822 4820
f 481 4633 3873
f 478 5794 5792
f 482 4823 4238
f 479 6159 6157
f 483 5193 4415
f 480 6336 2712
f 484 4330 2714
f 115 5194 5192
f 485 5606 2715
f 481 4636 4633
f 486 5795 2904
f 482 4825 4823
f 487 6160 3275
f 483 5196 5193
f 488 6337 3464
f 484 5385 4330
f 489 4241 4441
f 116 5386 5383
f 490 4826 3536
f 485 5608 5606
f 491 5198 3876
f 486 5797 5795
f 492 5388 4242
f 487 6163 6160
f 493 5609 4418
f 488 6339 6337
f 494 5798 2718
f 489 4639 4241
f 495 3913 4244
f 117 3549 5607
f 61 3366 5685
f 490 3299 4826
f 60 3127 5387
f 491 3277 5198
f 59 2927 5033
f 492 2907 5388
f 58 2572 4828
f 493 2717 5609
f 57 4434 4719
f 494 4256 5798
f 56 4095 6340
f 495 4081 3913
f 55 3126 6007
f 97 4501 4103
f 98 4829 2577
f 99 5199 2933
f 100 5390 3133
f 101 5612 3489
f 102 5801 3547
f 103 6168 3903
f 97 4640 4501
f 496 3690 3879
f 98 4830 4829
f 497 4641 4421
f 496 6342 3690
f 498 3469 3691
f 99 5200 5199
f 499 5201 2722
f 497 4643 4641
f 500 5391 2911
f 498 4893 3469
f 501 3282 3335
f 100 5392 5390
f 502 5800 3283
f 499 5142 5201
f 503 6165 3473
f 500 5394 5391
f 504 6343 3693
f 501 5455 3282
f 505 2913 3285
f 101 5615 5612
f 506 4834 3835
f 502 5802 5800
f 507 5206 4246
f 503 6167 6165
f 508 5395 4424
f 504 6345 6343
f 509 5616 2724
f 505 4645 2913
f 510 2766 2915
f 102 5803 5801
f 511 6169 2916
f 506 4837 4834
f 512 6179 3287
f 507 4967 5206
f 513 4647 3303
f 508 5224 5395
f 514 4906 3697
f 509 5618 5616
f 515 4968 3950
f 510 5871 2766
f 516 4260 2728
f 103 2578 6168
f 33 4432 4646
f 511 4426 6169
f 32 4091 6347
f 512 4073 6179
f 31 3887 5932
f 513 3948 4647
f 30 3532 5869
f 514 3757 4906
f 29 3478 5678
f 515 3305 4968
f 28 3120 5226
f 516 3104 4260
f 27 2920 5055
f 83 5057 3129
f 84 5227 3130
f 85 5619 3487
f 86 5873 3545
f 87 5937 3900
f 88 6185 4101
f 89 4653 4446
f 83 4969 5057
f 517 4013 4261
f 84 5228 5227
f 518 5872 3730
f 517 5620 4013
f 519 3937 4014
f 85 5621 5619
f 520 6182 3991
f 518 5874 5872
f 521 4649 4015
f 519 5936 3937
f 522 3702 3955
f 86 5876 5873
f 523 4970 4263
f 520 6184 6182
f 524 5229 2730
f 521 4651 4649
f 525 5623 2987
f 522 4908 3702
f 526 3310 3706
f 87 5939 5937
f 527 5940 3051
f 523 4972 4970
f 528 6186 3311
f 524 5232 5229
f 529 4652 3704
f 525 5625 5623
f 530 4909 3957
f 526 5878 3310
f 531 3053 3313
f 88 6187 6185
f 532 5234 4021
f 527 5942 5940
f 533 5627 4268
f 528 6189 6186
f 534 5881 2734
f 529 4655 4652
f 535 5943 2990
f 530 4911 4909
f 536 6190 3054
f 531 4975 3053
f 537 2992 3198
f 89 4440 4653
f 40 4093 6178
f 532 4083 5234
f 39 3889 6004
f 533 3959 5627
f 38 3534 5880
f 534 3767 5881
f 37 3479 5628
f 535 3315 5943
f 36 3122 5236
f 536 3112 6190
f 35 2922 5034
f 537 2867 2992
f 34 3888 4851
f 47 6020 3891
f 46 5882 5904
f 45 5629 5457
f 44 5237 5401
f 43 4980 5043
f 42 4917 4844
f 41 4661 4488
f 47 5944 6020
f 538 2736 2993
f 46 5883 5882
f 539 4977 2994
f 538 4915 2736
f 540 4271 2737
f 45 5630 5629
f 541 5631 3058
f 539 4979 4977
f 542 5884 3318
f 540 5239 4271
f 543 4026 4272
f 44 5240 5237
f 544 6193 3712
f 541 5633 5631
f 545 4658 3965
f 542 5886 5884
f 546 4916 4027
f 543 5948 4026
f 547 3967 4142
f 43 4981 4980
f 548 5241 4274
f 544 6195 6193
f 549 5634 2739
f 545 4660 4658
f 550 5888 2998
f 546 4919 4916
f 551 5949 3062
f 547 4983 3967
f 552 3715 3969
f 42 4920 4917
f 553 4662 3322
f 548 5243 5241
f 554 4922 3716
f 549 5637 5634
f 555 4986 3970
f 550 5891 5888
f 556 5244 4030
f 551 5951 5949
f 557 5638 4277
f 552 6198 3715
f 558 3325 3622
f 41 4706 4661
f 68 3128 5431
f 553 3064 4662
f 67 2928 4985
f 554 3001 4922
f 66 2573 4884
f 555 2743 4986
f 65 4436 4664
f 556 4276 5244
f 64 4096 6386
f 557 4120 5638
f 63 3892 5952
f 558 3972 3325
f 62 3540 5817
f 62 5816 3540
f 63 5953 3892
f 64 6199 4096
f 65 4666 4436
f 66 4926 2573
f 67 4991 2928
f 68 5249 3128
f 62 5893 5816
f 559 3003 3067
f 63 5954 5953
f 560 6200 4018
f 559 5955 3003
f 561 2745 3004
f 64 6201 6199
f 562 4925 4442
f 560 6202 6200
f 563 4988 2747
f 561 4668 2745
f 564 4283 2649
f 65 4669 4666
f 565 5639 2944
f 562 4927 4925
f 566 5894 3069
f 563 4990 4988
f 567 5956 3326
f 564 5247 4283
f 568 4025 4284
f 66 4928 4926
f 569 4670 3720
f 565 5486 5639
f 570 4929 3975
f 566 5896 5894
f 571 4992 4037
f 567 5958 5956
f 572 5248 4285
f 568 6206 4025
f 573 3977 4039
f 67 4993 4991
f 574 5899 2751
f 569 4672 4670
f 575 5960 3010
f 570 4931 4929
f 576 6207 3074
f 571 4995 4992
f 577 4673 3332
f 572 5253 5248
f 578 4934 3724
f 573 5645 3977
f 579 3766 3980
f 68 3894 5249
f 54 3538 5898
f 574 3722 5899
f 53 3483 5643
f 575 3330 5960
f 52 3124 5251
f 576 3153 6207
f 51 2926 5037
f 577 3012 4673
f 50 2569 4933
f 578 2600 4934
f 49 4433 4674
f 579 4288 3766
f 48 3482 6357
f 48 6355 3482
f 49 4675 4433
f 50 4935 2569
f 51 4997 2926
f 52 5257 3124
f 53 5651 3483
f 54 5905 3538
f 48 6313 6355
f 580 3334 3726
f 49 4676 4675
f 581 5647 3298
f 580 5256 3334
f 582 3076 3292
f 50 4936 4935
f 583 5961 3728
f 581 5649 5647
f 584 6210 3981
f 582 5902 3076
f 585 3017 3078
f 51 4999 4997
f 586 4938 4042
f 583 5963 5961
f 587 5000 4291
f 584 6212 6210
f 588 5258 2757
f 585 4678 3017
f 589 2648 3019
f 52 5259 5257
f 590 5903 3020
f 586 4941 4938
f 591 5964 3081
f 587 5002 5000
f 592 6213 3340
f 588 5261 5258
f 593 4679 3732
f 589 5653 2648
f 594 4294 2659
f 53 5654 5651
f 595 5004 4011
f 590 5906 5903
f 596 5263 4045
f 591 5966 5964
f 597 5655 4295
f 592 6216 6213
f 598 5907 2762
f 593 4683 4679
f 599 5969 3024
f 594 4945 4294
f 600 4178 4297
f 54 3125 5905
f 19 2918 5003
f 595 3022 5004
f 18 2563 4943
f 596 2760 5263
f 17 4429 4681
f 597 4428 5655
f 16 4089 6350
f 598 4047 5907
f 15 3885 5968
f 599 3890 5969
f 14 3530 5908
f 600 3736 4178
f 13 3118 5459
f 34 4845 3888
f 35 5005 2922
f 36 5264 3122
f 37 5658 3479
f 38 5912 3534
f 39 5973 3889
f 40 6221 4093
f 34 4946 4845
f 601 3989 4050
f 35 5006 5005
f 602 4947 2764
f 601 4685 3989
f 603 3737 3990
f 36 5265 5264
f 604 5266 3028
f 602 4949 4947
f 605 5659 3087
f 603 5008 3737
f 606 3347 3616
f 37 5660 5658
f 607 5971 3348
f 604 5269 5266
f 608 6218 3741
f 605 5662 5659
f 609 4687 3993
f 606 5914 3347
f 610 3089 3350
f 38 5915 5912
f 611 5010 4072
f 607 5974 5971
f 612 5271 4299
f 608 6220 6218
f 613 5664 2768
f 609 4689 4687
f 614 5916 3030
f 610 4951 3089
f 615 2981 3091
f 39 5975 5973
f 616 6222 3092
f 611 5013 5010
f 617 4692 3352
f 612 5273 5271
f 618 4953 3745
f 613 5666 5664
f 619 5014 3938
f 614 5918 5916
f 620 5274 4058
f 615 5979 2981
f 621 2774 3034
f 40 2984 6221
f 26 2566 4952
f 616 2770 6222
f 25 4431 4691
f 617 4460 4692
f 24 4090 6223
f 618 4056 4953
f 23 3886 5977
f 619 3884 5014
f 22 3531 5840
f 620 3747 5274
f 21 3476 5668
f 621 3500 2774
f 20 2565 5400
f 13 5453 3118
f 14 5919 3530
f 15 5980 3885
f 16 6373 4089
f 17 4698 4429
f 18 4959 2563
f 19 5019 2918
f 13 5669 5453
f 622 4304 2775
f 14 5920 5919
f 623 5981 3846
f 622 5921 4304
f 624 4070 4305
f 15 5982 5980
f 625 4697 4085
f 623 5983 5981
f 626 4955 4307
f 624 6228 4070
f 627 4002 4064
f 16 6229 6373
f 628 5275 2802
f 625 4699 4697
f 629 5670 3036
f 626 4957 4955
f 630 5923 3095
f 627 5016 4002
f 631 3751 3943
f 17 4700 4698
f 632 6230 3356
f 628 5277 5275
f 633 4701 3752
f 629 5673 5670
f 634 4960 4004
f 630 5925 5923
f 635 5018 4065
f 631 5986 3751
f 636 3358 3754
f 18 4961 4959
f 637 5676 4311
f 632 6232 6230
f 638 5927 2782
f 633 4703 4701
f 639 5988 3042
f 634 4963 4960
f 640 6234 3100
f 635 5021 5018
f 641 4705 3360
f 636 5281 3358
f 642 3102 3296
f 19 5039 5019
f 20 5396 5279
f 637 3755 5676
f 21 5451 5592
f 638 4006 5927
f 22 5806 5861
f 639 4067 5988
f 23 6010 6012
f 640 4313 6234
f 24 6351 6174
f 641 2784 4705
f 25 4486 4574
f 642 3044 3102
f 26 2919 4900
f 1060 6403 2980
f 1060 6404 6403
f 999 4839 6405
f 1182 6406 5022
f 1182 6407 6406
f 1124 4964 6408
f 734 6409 2654
f 734 6410 6409
f 646 2566 6411
f 865 6412 2785
f 865 6413 6412
f 864 4704 6414
f 2334 6415 4254
f 2334 6416 6415
f 2511 4431 6417
f 2394 6418 4314
f 2394 6419 6418
f 2393 6233 6420
f 2172 6421 4092
f 2172 6422 6421
f 2170 4090 6423
f 2148 6424 4068
f 2148 6425 6424
f 2147 5987 6426
f 2021 6427 3941
f 2021 6428 6427
f 1966 3886 6429
f 2087 6430 4007
f 2087 6431 6430
f 2086 5926 6432
f 1752 6433 3672
f 1752 6434 6433
f 1611 3531 6435
f 1836 6436 3756
f 1836 6437 6436
f 1835 5675 6438
f 1439 6439 3359
f 1439 6440 6439
f 1556 3476 6441
f 1179 6442 3099
f 1179 6443 6442
f 1199 3119 6444
f 1376 6445 5216
f 1376 6446 6445
f 1182 5022 6447
f 1438 6448 5278
f 1438 6449 6448
f 1441 3361 6450
f 1440 6451 5280
f 1440 6452 6451
f 865 2785 6453
f 1178 6454 3098
f 1178 6455 6454
f 1181 3101 6456
f 1180 6457 5020
f 1180 6458 6457
f 2394 4314 6459
f 1120 6460 3040
f 1120 6461 6460
f 1123 3043 6462
f 1122 6463 4962
f 1122 6464 6463
f 2148 4068 6465
f 861 6466 2781
f 861 6467 6466
f 863 2783 6468
f 862 6469 4702
f 862 6470 6469
f 2087 4007 6471
f 2390 6472 4310
f 2390 6473 6472
f 2392 4312 6474
f 2391 6475 6231
f 2391 6476 6475
f 1836 3756 6477
f 1119 6478 3039
f 1119 6479 6478
f 1121 3041 6480
f 1834 6481 5674
f 1834 6482 6481
f 1438 5278 6483
f 1831 6484 5671
f 1831 6485 6484
f 2146 4066 6486
f 2145 6487 5985
f 2145 6488 6487
f 1178 3098 6489
f 2083 6490 4003
f 2083 6491 6490
f 2085 4005 6492
f 2084 6493 5924
f 2084 6494 6493
f 1120 3040 6495
f 1830 6496 3750
f 1830 6497 6496
f 1833 3753 6498
f 1832 6499 5672
f 1832 6500 6499
f 861 2781 6501
f 1435 6502 3355
f 1435 6503 6502
f 1437 3357 6504
f 1436 6505 5276
f 1436 6506 6505
f 2390 4310 6507
f 858 6508 2778
f 858 6509 6508
f 860 2780 6510
f 2023 6511 5863
f 2023 6512 6511
f 1831 5671 6513
f 2082 6514 5922
f 2082 6515 6514
f 1176 3096 6516
f 1175 6517 5015
f 1175 6518 6517
f 2083 4003 6519
f 1115 6520 3035
f 1115 6521 6520
f 1117 3037 6522
f 1116 6523 4956
f 1116 6524 6523
f 1830 3750 6525
f 857 6526 2777
f 857 6527 6526
f 859 2779 6528
f 882 6529 4722
f 882 6530 6529
f 1435 3355 6531
f 2533 6532 4453
f 2533 6533 6532
f 2389 4309 6534
f 2144 6535 5984
f 2144 6536 6535
f 2082 5922 6537
f 2150 6538 5990
f 2150 6539 6538
f 2388 4308 6540
f 2387 6541 6227
f 2387 6542 6541
f 1115 3035 6543
f 2141 6544 4061
f 2141 6545 6544
f 2143 4063 6546
f 2165 6547 6005
f 2165 6548 6547
f 857 2777 6549
f 2140 6550 4060
f 2140 6551 6550
f 2142 4062 6552
f 2385 6553 6225
f 2385 6554 6553
f 2150 5990 6555
f 2384 6556 6224
f 2384 6557 6556
f 2081 4001 6558
f 1926 6559 5766
f 1926 6560 6559
f 2141 4061 6561
f 2079 6562 3999
f 2079 6563 6562
f 2080 4000 6564
f 855 6565 4695
f 855 6566 6565
f 2384 6224 6567
f 1613 6568 3533
f 1613 6569 6568
f 1829 3749 6570
f 998 6571 4838
f 998 6572 6571
f 1179 3099 6573
f 643 6574 4483
f 643 6575 6574
f 1119 3039 6576
f 2509 6577 6349
f 2509 6578 6577
f 858 2778 6579
f 2169 6580 6009
f 2169 6581 6580
f 2533 4453 6582
f 1965 6583 5805
f 1965 6584 6583
f 2140 4060 6585
f 1610 6586 5450
f 1610 6587 6586
f 2079 3999 6588
f 1198 6589 5038
f 1198 6590 6589
f 1613 3533 6591
f 1560 6592 3480
f 1560 6593 6592
f 645 4485 6594
f 854 6595 4694
f 854 6596 6595
f 1580 5420 6597
f 1828 6598 3748
f 1828 6599 6598
f 1556 5396 6600
f 1434 6601 3354
f 1434 6602 6601
f 1827 5667 6603
f 2000 6604 3920
f 2000 6605 6604
f 1611 5451 6606
f 1174 6607 3094
f 1174 6608 6607
f 1964 5804 6609
f 2137 6610 4057
f 2137 6611 6610
f 1966 5806 6612
f 1113 6613 3033
f 1113 6614 6613
f 2136 5976 6615
f 2383 6616 4303
f 2383 6617 6616
f 2170 6010 6618
f 852 6619 2772
f 852 6620 6619
f 2540 6380 6621
f 851 6622 2771
f 851 6623 6622
f 2511 6351 6624
f 2382 6625 4302
f 2382 6626 6625
f 850 4690 6627
f 1112 6628 3032
f 1112 6629 6628
f 646 4486 6630
f 2381 6631 4301
f 2381 6632 6631
f 1064 4904 6633
f 1114 6634 4954
f 1114 6635 6634
f 854 4694 6636
f 1061 6637 4901
f 1061 6638 6637
f 2139 4059 6639
f 2138 6640 5978
f 2138 6641 6640
f 1434 3354 6642
f 2076 6643 3996
f 2076 6644 6643
f 2078 3998 6645
f 2018 6646 5858
f 2018 6647 6646
f 1174 3094 6648
f 1824 6649 3744
f 1824 6650 6649
f 1826 3746 6651
f 1825 6652 5665
f 1825 6653 6652
f 1113 3033 6654
f 1431 6655 3351
f 1431 6656 6655
f 1433 3353 6657
f 1432 6658 5272
f 1432 6659 6658
f 852 2772 6660
f 1170 6661 3090
f 1170 6662 6661
f 1173 3093 6663
f 1172 6664 5012
f 1172 6665 6664
f 2382 4302 6666
f 2133 6667 4053
f 2133 6668 6667
f 2135 4055 6669
f 1171 6670 5011
f 1171 6671 6670
f 1061 4901 6672
f 1169 6673 5009
f 1169 6674 6673
f 1111 3031 6675
f 1110 6676 4950
f 1110 6677 6676
f 2076 3996 6678
f 847 6679 2767
f 847 6680 6679
f 849 2769 6681
f 848 6682 4688
f 848 6683 6682
f 1824 3744 6684
f 2378 6685 4298
f 2378 6686 6685
f 2380 4300 6687
f 2379 6688 6219
f 2379 6689 6688
f 1431 3351 6690
f 2131 6691 4051
f 2131 6692 6691
f 2134 4054 6693
f 2152 6694 5992
f 2152 6695 6694
f 1170 3090 6696
f 2072 6697 3992
f 2072 6698 6697
f 2075 3995 6699
f 1430 6700 5270
f 1430 6701 6700
f 1169 5009 6702
f 1427 6703 5267
f 1427 6704 6703
f 2074 3994 6705
f 2073 6706 5913
f 2073 6707 6706
f 847 2767 6708
f 1819 6709 3739
f 1819 6710 6709
f 1822 3742 6711
f 1821 6712 5661
f 1821 6713 6712
f 2378 4298 6714
f 1426 6715 3346
f 1426 6716 6715
f 1429 3349 6717
f 1428 6718 5268
f 1428 6719 6718
f 2131 4051 6720
f 1818 6721 3738
f 1818 6722 6721
f 1820 3740 6723
f 1696 6724 5536
f 1696 6725 6724
f 1427 5267 6726
f 1817 6727 5657
f 1817 6728 6727
f 1168 3088 6729
f 1167 6730 5007
f 1167 6731 6730
f 1819 3739 6732
f 1107 6733 3027
f 1107 6734 6733
f 1109 3029 6735
f 1108 6736 4948
f 1108 6737 6736
f 1426 3346 6738
f 1424 6739 3344
f 1424 6740 6739
f 1425 3345 6741
f 2070 6742 5910
f 2070 6743 6742
f 1817 5657 6744
f 2069 6745 5909
f 2069 6746 6745
f 845 2765 6747
f 844 6748 4684
f 844 6749 6748
f 1107 3027 6750
f 1165 6751 3085
f 1165 6752 6751
f 1166 3086 6753
f 2130 6754 5970
f 2130 6755 6754
f 2069 5909 6756
f 1005 6757 2925
f 1005 6758 6757
f 1106 3026 6759
f 2173 6760 6013
f 2173 6761 6760
f 2381 4301 6762
f 1969 6763 5809
f 1969 6764 6763
f 2133 4053 6765
f 1614 6766 5454
f 1614 6767 6766
f 2072 3992 6768
f 1559 6769 5399
f 1559 6770 6769
f 1818 3738 6771
f 1202 6772 5042
f 1202 6773 6772
f 1424 3344 6774
f 1002 6775 4842
f 1002 6776 6775
f 1165 3085 6777
f 1968 6778 5808
f 1968 6779 6778
f 1005 2925 6780
f 1619 6781 3539
f 1619 6782 6781
f 1198 5038 6783
f 2258 6784 6098
f 2258 6785 6784
f 1816 5656 6786
f 2068 6787 3988
f 2068 6788 6787
f 1610 5450 6789
f 2129 6790 4049
f 2129 6791 6790
f 1970 5810 6792
f 2128 6793 4048
f 2128 6794 6793
f 1965 5805 6795
f 2067 6796 3987
f 2067 6797 6796
f 2127 5967 6798
f 2510 6799 4430
f 2510 6800 6799
f 2169 6009 6801
f 1815 6802 3735
f 1815 6803 6802
f 2508 6348 6804
f 841 6805 2761
f 841 6806 6805
f 2509 6349 6807
f 1423 6808 3343
f 1423 6809 6808
f 840 4680 6810
f 1103 6811 3023
f 1103 6812 6811
f 643 4483 6813
f 1164 6814 3084
f 1164 6815 6814
f 1102 4942 6816
f 1163 6817 3083
f 1163 6818 6817
f 998 4838 6819
f 2065 6820 3985
f 2065 6821 6820
f 1205 5045 6822
f 2377 6823 6217
f 2377 6824 6823
f 2258 6098 6825
f 2374 6826 6214
f 2374 6827 6826
f 1105 3025 6828
f 1104 6829 4944
f 1104 6830 6829
f 2129 4049 6831
f 839 6832 2759
f 839 6833 6832
f 843 2763 6834
f 842 6835 4682
f 842 6836 6835
f 2067 3987 6837
f 2373 6838 4293
f 2373 6839 6838
f 2376 4296 6840
f 2375 6841 6215
f 2375 6842 6841
f 1815 3735 6843
f 2124 6844 4044
f 2124 6845 6844
f 2126 4046 6846
f 2125 6847 5965
f 2125 6848 6847
f 1423 3343 6849
f 2063 6850 3983
f 2063 6851 6850
f 2066 3986 6852
f 2091 6853 5931
f 2091 6854 6853
f 1164 3084 6855
f 1811 6856 3731
f 1811 6857 6856
f 1814 3734 6858
f 739 6859 4579
f 739 6860 6859
f 2374 6214 6861
f 728 6862 4568
f 728 6863 6862
f 1813 3733 6864
f 1812 6865 5652
f 1812 6866 6865
f 839 2759 6867
f 1418 6868 3338
f 1418 6869 6868
f 1421 3341 6870
f 1420 6871 5260
f 1420 6872 6871
f 2373 4293 6873
f 1160 6874 3080
f 1160 6875 6874
f 1162 3082 6876
f 1161 6877 5001
f 1161 6878 6877
f 2124 4044 6879
f 1098 6880 3018
f 1098 6881 6880
f 1101 3021 6882
f 1100 6883 4940
f 1100 6884 6883
f 2063 3983 6885
f 1417 6886 3337
f 1417 6887 6886
f 1419 3339 6888
f 1099 6889 4939
f 1099 6890 6889
f 728 4568 6891
f 1097 6892 4937
f 1097 6893 6892
f 838 2758 6894
f 837 6895 4677
f 837 6896 6895
f 1418 3338 6897
f 2370 6898 4290
f 2370 6899 6898
f 2372 4292 6900
f 2371 6901 6211
f 2371 6902 6901
f 1160 3080 6903
f 2121 6904 4041
f 2121 6905 6904
f 2123 4043 6906
f 2122 6907 5962
f 2122 6908 6907
f 1098 3018 6909
f 1157 6910 3077
f 1157 6911 6910
f 1159 3079 6912
f 1158 6913 4998
f 1158 6914 6913
f 1097 4937 6915
f 1156 6916 4996
f 1156 6917 6916
f 2062 3982 6918
f 2061 6919 5901
f 2061 6920 6919
f 2370 4290 6921
f 1807 6922 3727
f 1807 6923 6922
f 1809 3729 6924
f 1808 6925 5648
f 1808 6926 6925
f 2121 4041 6927
f 1095 6928 3015
f 1095 6929 6928
f 1096 3016 6930
f 1372 6931 5212
f 1372 6932 6931
f 1156 4996 6933
f 1414 6934 5254
f 1414 6935 6934
f 1416 3336 6936
f 1378 6937 5218
f 1378 6938 6937
f 1807 3727 6939
f 835 6940 2755
f 835 6941 6940
f 836 2756 6942
f 1806 6943 5646
f 1806 6944 6943
f 1414 5254 6945
f 2515 6946 4435
f 2515 6947 6946
f 2473 4393 6948
f 1618 6949 5458
f 1618 6950 6949
f 2065 3985 6951
f 1563 6952 5403
f 1563 6953 6952
f 1811 3731 6954
f 1204 6955 5044
f 1204 6956 6955
f 1417 3337 6957
f 1006 6958 4846
f 1006 6959 6958
f 1157 3077 6960
f 649 6961 4489
f 649 6962 6961
f 1095 3015 6963
f 2513 6964 6353
f 2513 6965 6964
f 835 2755 6966
f 1562 6967 5402
f 1562 6968 6967
f 2515 4435 6969
f 2517 6970 4437
f 2517 6971 6970
f 1562 5402 6972
f 1846 6973 5686
f 1846 6974 6973
f 2368 6208 6975
f 834 6976 2754
f 834 6977 6976
f 2513 6353 6978
f 1094 6979 3014
f 1094 6980 6979
f 680 4520 6981
f 1093 6982 3013
f 1093 6983 6982
f 649 4489 6984
f 833 6985 2753
f 833 6986 6985
f 1092 4932 6987
f 1197 6988 3117
f 1197 6989 6988
f 1006 4846 6990
f 2367 6991 4287
f 2367 6992 6991
f 1233 5073 6993
f 1411 6994 3331
f 1411 6995 6994
f 1204 5044 6996
f 2120 6997 4040
f 2120 6998 6997
f 1410 5250 6999
f 1803 7000 3723
f 1803 7001 7000
f 1563 5403 7002
f 2059 7003 3979
f 2059 7004 7003
f 1802 5642 7005
f 2058 7006 3978
f 2058 7007 7006
f 1618 5458 7008
f 1409 7009 3329
f 1409 7010 7009
f 1974 5814 7011
f 2060 7012 5900
f 2060 7013 7012
f 1846 5686 7014
f 2057 7015 5897
f 2057 7016 7015
f 1805 3725 7017
f 1804 7018 5644
f 1804 7019 7018
f 1094 3014 7020
f 1408 7021 3328
f 1408 7022 7021
f 1413 3333 7023
f 1412 7024 5252
f 1412 7025 7024
f 833 2753 7026
f 1152 7027 3072
f 1152 7028 7027
f 1155 3075 7029
f 1154 7030 4994
f 1154 7031 7030
f 2367 4287 7032
f 1089 7033 3009
f 1089 7034 7033
f 1091 3011 7035
f 1090 7036 4930
f 1090 7037 7036
f 2120 4040 7038
f 830 7039 2750
f 830 7040 7039
f 832 2752 7041
f 831 7042 4671
f 831 7043 7042
f 2059 3979 7044
f 1151 7045 3071
f 1151 7046 7045
f 1153 3073 7047
f 2119 7048 5959
f 2119 7049 7048
f 2057 5897 7050
f 2105 7051 5945
f 2105 7052 7051
f 2366 4286 7053
f 2365 7054 6205
f 2365 7055 7054
f 1408 3328 7056
f 2116 7057 4036
f 2116 7058 7057
f 2118 4038 7059
f 2117 7060 5957
f 2117 7061 7060
f 1152 3072 7062
f 2054 7063 3974
f 2054 7064 7063
f 2056 3976 7065
f 2055 7066 5895
f 2055 7067 7066
f 1089 3009 7068
f 1799 7069 3719
f 1799 7070 7069
f 1646 3566 7071
f 1800 7072 5640
f 1800 7073 7072
f 830 2750 7074
f 1086 7075 3006
f 1086 7076 7075
f 1088 3008 7077
f 2364 7078 6204
f 2364 7079 7078
f 2105 5945 7080
f 2363 7081 6203
f 2363 7082 7081
f 1407 3327 7083
f 1406 7084 5246
f 1406 7085 7084
f 2116 4036 7086
f 1148 7087 3068
f 1148 7088 7087
f 1150 3070 7089
f 1149 7090 4989
f 1149 7091 7090
f 2054 3974 7092
f 1085 7093 3005
f 1085 7094 7093
f 1087 3007 7095
f 1024 7096 4864
f 1024 7097 7096
f 1799 3719 7098
f 826 7099 2746
f 826 7100 7099
f 829 2749 7101
f 729 7102 4569
f 729 7103 7102
f 2363 6203 7104
f 825 7105 4665
f 825 7106 7105
f 828 2748 7107
f 827 7108 4667
f 827 7109 7108
f 1148 3068 7110
f 2360 7111 4280
f 2360 7112 7111
f 2362 4282 7113
f 2522 7114 6362
f 2522 7115 7114
f 1085 3005 7116
f 2359 7117 4279
f 2359 7118 7117
f 2361 4281 7119
f 1084 7120 4924
f 1084 7121 7120
f 825 4665 7122
f 1083 7123 4923
f 1083 7124 7123
f 2115 4035 7125
f 2098 7126 5938
f 2098 7127 7126
f 2360 4280 7128
f 2113 7129 4033
f 2113 7130 7129
f 2114 4034 7131
f 1147 7132 4987
f 1147 7133 7132
f 1083 4923 7134
f 1976 7135 3896
f 1976 7136 7135
f 2053 3973 7137
f 1208 7138 5048
f 1208 7139 7138
f 1409 3329 7140
f 1008 7141 4848
f 1008 7142 7141
f 1151 3071 7143
f 653 7144 4493
f 653 7145 7144
f 1086 3006 7146
f 2516 7147 6356
f 2516 7148 7147
f 826 2746 7149
f 2176 7150 6016
f 2176 7151 7150
f 2359 4279 7152
f 1972 7153 5812
f 1972 7154 7153
f 2113 4033 7155
f 1620 7156 5460
f 1620 7157 7156
f 1976 3896 7158
f 1977 7159 3897
f 1977 7160 7159
f 1620 5460 7161
f 1405 7162 5245
f 1405 7163 7162
f 2052 5892 7164
f 2112 7165 4032
f 2112 7166 7165
f 1972 5812 7167
f 1798 7168 3718
f 1798 7169 7168
f 2200 6040 7170
f 2546 7171 4466
f 2546 7172 7171
f 2176 6016 7173
f 1404 7174 3324
f 1404 7175 7174
f 2356 6196 7176
f 824 7177 2744
f 824 7178 7177
f 2516 6356 7179
f 1146 7180 3066
f 1146 7181 7180
f 823 4663 7182
f 1044 7183 2964
f 1044 7184 7183
f 653 4493 7185
f 1082 7186 3002
f 1082 7187 7186
f 1081 4921 7188
f 1145 7189 3065
f 1145 7190 7189
f 1008 4848 7191
f 822 7192 2742
f 822 7193 7192
f 1144 4984 7194
f 1591 7195 3511
f 1591 7196 7195
f 1208 5048 7197
f 821 7198 2741
f 821 7199 7198
f 866 2786 7200
f 1702 7201 5542
f 1702 7202 7201
f 1405 5245 7203
f 1795 7204 5635
f 1795 7205 7204
f 2358 4278 7206
f 2357 7207 6197
f 2357 7208 7207
f 1798 3718 7209
f 2109 7210 4029
f 2109 7211 7210
f 2111 4031 7212
f 2110 7213 5950
f 2110 7214 7213
f 1404 3324 7215
f 2048 7216 3968
f 2048 7217 7216
f 2051 3971 7218
f 2050 7219 5890
f 2050 7220 7219
f 1146 3066 7221
f 1794 7222 3714
f 1794 7223 7222
f 1797 3717 7224
f 1796 7225 5636
f 1796 7226 7225
f 1082 3002 7227
f 1401 7228 3321
f 1401 7229 7228
f 1403 3323 7230
f 1402 7231 5242
f 1402 7232 7231
f 822 2742 7233
f 1077 7234 2997
f 1077 7235 7234
f 1080 3000 7236
f 2049 7237 5889
f 2049 7238 7237
f 1795 5635 7239
f 2047 7240 5887
f 2047 7241 7240
f 1143 3063 7242
f 1142 7243 4982
f 1142 7244 7243
f 2109 4029 7245
f 1076 7246 2996
f 1076 7247 7246
f 1079 2999 7248
f 1078 7249 4918
f 1078 7250 7249
f 2048 3968 7251
f 818 7252 2738
f 818 7253 7252
f 820 2740 7254
f 819 7255 4659
f 819 7256 7255
f 1794 3714 7257
f 2353 7258 4273
f 2353 7259 7258
f 2355 4275 7260
f 2354 7261 6194
f 2354 7262 7261
f 1401 3321 7263
f 1140 7264 3060
f 1140 7265 7264
f 1141 3061 7266
f 2222 7267 6062
f 2222 7268 7267
f 2047 5887 7269
f 2106 7270 5946
f 2106 7271 7270
f 2108 4028 7272
f 2107 7273 5947
f 2107 7274 7273
f 1076 2996 7275
f 2044 7276 3964
f 2044 7277 7276
f 2046 3966 7278
f 2045 7279 5885
f 2045 7280 7279
f 818 2738 7281
f 1791 7282 3711
f 1791 7283 7282
f 1793 3713 7284
f 1792 7285 5632
f 1792 7286 7285
f 2353 4273 7287
f 1397 7288 3317
f 1397 7289 7288
f 1400 3320 7290
f 2352 7291 6192
f 2352 7292 7291
f 2106 5946 7293
f 2351 7294 6191
f 2351 7295 7294
f 1399 3319 7296
f 1398 7297 5238
f 1398 7298 7297
f 2044 3964 7299
f 1137 7300 3057
f 1137 7301 7300
f 1139 3059 7302
f 1138 7303 4978
f 1138 7304 7303
f 1791 3711 7305
f 1789 7306 3709
f 1789 7307 7306
f 1790 3710 7308
f 817 7309 4657
f 817 7310 7309
f 2351 6191 7311
f 816 7312 4656
f 816 7313 7312
f 1075 2995 7314
f 1074 7315 4914
f 1074 7316 7315
f 1137 3057 7317
f 2042 7318 3962
f 2042 7319 7318
f 2043 3963 7320
f 1073 7321 4913
f 1073 7322 7321
f 816 4656 7323
f 2180 7324 4100
f 2180 7325 7324
f 2104 4024 7326
f 648 7327 2568
f 648 7328 7327
f 821 2741 7329
f 1004 7330 2924
f 1004 7331 7330
f 1077 2997 7332
f 1203 7333 3123
f 1203 7334 7333
f 1140 3060 7335
f 1561 7336 3481
f 1561 7337 7336
f 1397 3317 7338
f 1617 7339 3537
f 1617 7340 7339
f 1789 3709 7341
f 2064 7342 3984
f 2064 7343 7342
f 2042 3962 7344
f 1971 7345 5811
f 1971 7346 7345
f 2180 4100 7347
f 1011 7348 2931
f 1011 7349 7348
f 1968 5808 7350
f 1072 7351 4912
f 1072 7352 7351
f 947 4787 7353
f 1194 7354 3114
f 1194 7355 7354
f 1002 4842 7356
f 2350 7357 4270
f 2350 7358 7357
f 1192 5032 7359
f 1396 7360 3316
f 1396 7361 7360
f 1202 5042 7362
f 2103 7363 4023
f 2103 7364 7363
f 1395 5235 7365
f 1788 7366 3708
f 1788 7367 7366
f 1559 5399 7368
f 2041 7369 3961
f 2041 7370 7369
f 1847 5687 7371
f 2040 7372 3960
f 2040 7373 7372
f 1614 5454 7374
f 1787 7375 3707
f 1787 7376 7375
f 2039 5879 7377
f 2164 7378 4084
f 2164 7379 7378
f 1969 5809 7380
f 1394 7381 3314
f 1394 7382 7381
f 2163 6003 7383
f 2338 7384 4258
f 2338 7385 7384
f 2173 6013 7386
f 813 7387 2733
f 813 7388 7387
f 2520 6360 7389
f 1278 7390 5118
f 1278 7391 7390
f 1072 4912 7392
f 1133 7393 4973
f 1133 7394 7393
f 1135 3055 7395
f 1134 7396 4974
f 1134 7397 7396
f 2350 4270 7398
f 1069 7399 2989
f 1069 7400 7399
f 1071 2991 7401
f 1070 7402 4910
f 1070 7403 7402
f 2103 4023 7404
f 812 7405 2732
f 812 7406 7405
f 815 2735 7407
f 814 7408 4654
f 814 7409 7408
f 2041 3961 7410
f 2346 7411 4266
f 2346 7412 7411
f 2349 4269 7413
f 2348 7414 6188
f 2348 7415 7414
f 1787 3707 7416
f 2100 7417 4020
f 2100 7418 7417
f 2102 4022 7419
f 2101 7420 5941
f 2101 7421 7420
f 1394 3314 7422
f 2345 7423 4265
f 2345 7424 7423
f 2347 4267 7425
f 1393 7426 5233
f 1393 7427 7426
f 1133 4973 7428
f 1390 7429 5230
f 1390 7430 7429
f 2038 3958 7431
f 2037 7432 5877
f 2037 7433 7432
f 1069 2989 7434
f 1783 7435 3703
f 1783 7436 7435
f 1785 3705 7437
f 1784 7438 5624
f 1784 7439 7438
f 812 2732 7440
f 1389 7441 3309
f 1389 7442 7441
f 1392 3312 7443
f 1391 7444 5231
f 1391 7445 7444
f 2346 4266 7446
f 1130 7447 3050
f 1130 7448 7447
f 1132 3052 7449
f 1131 7450 4971
f 1131 7451 7450
f 2100 4020 7452
f 2097 7453 4017
f 2097 7454 7453
f 2099 4019 7455
f 1786 7456 5626
f 1786 7457 7456
f 1390 5230 7458
f 1782 7459 5622
f 1782 7460 7459
f 1068 2988 7461
f 1067 7462 4907
f 1067 7463 7462
f 1783 3703 7464
f 809 7465 2729
f 809 7466 7465
f 811 2731 7467
f 810 7468 4650
f 810 7469 7468
f 1389 3309 7470
f 2342 7471 4262
f 2342 7472 7471
f 2344 4264 7473
f 2343 7474 6183
f 2343 7475 7474
f 1130 3050 7476
f 2033 7477 3953
f 2033 7478 7477
f 2036 3956 7479
f 2035 7480 5875
f 2035 7481 7480
f 1782 5622 7482
f 2017 7483 5857
f 2017 7484 7483
f 2096 4016 7485
f 2095 7486 5935
f 2095 7487 7486
f 809 2729 7488
f 2032 7489 3952
f 2032 7490 7489
f 2034 3954 7491
f 2071 7492 5911
f 2071 7493 7492
f 2342 4262 7494
f 1779 7495 3699
f 1779 7496 7495
f 1781 3701 7497
f 2094 7498 5934
f 2094 7499 7498
f 2017 5857 7500
f 2093 7501 5933
f 2093 7502 7501
f 1780 3700 7503
f 1810 7504 5650
f 1810 7505 7504
f 2032 3952 7506
f 1387 7507 3307
f 1387 7508 7507
f 1388 3308 7509
f 2341 7510 6181
f 2341 7511 7510
f 2093 5933 7512
f 1217 7513 3137
f 1217 7514 7513
f 1129 3049 7515
f 2526 7516 6366
f 2526 7517 7516
f 813 2733 7518
f 2181 7519 6021
f 2181 7520 7519
f 2345 4265 7521
f 1980 7522 5820
f 1980 7523 7522
f 2097 4017 7524
f 1625 7525 5465
f 1625 7526 7525
f 2033 3953 7527
f 1567 7528 5407
f 1567 7529 7528
f 1779 3699 7530
f 1210 7531 5050
f 1210 7532 7531
f 1387 3307 7533
f 1209 7534 5049
f 1209 7535 7534
f 1217 3137 7536
f 1215 7537 3135
f 1215 7538 7537
f 1000 4840 7539
f 2340 7540 6180
f 2340 7541 7540
f 1184 5024 7542
f 1386 7543 3306
f 1386 7544 7543
f 1200 5040 7545
f 1128 7546 3048
f 1128 7547 7546
f 1385 5225 7548
f 1838 7549 3758
f 1838 7550 7549
f 1558 5398 7551
f 1066 7552 2986
f 1066 7553 7552
f 1837 5677 7554
f 2029 7555 3949
f 2029 7556 7555
f 1612 5452 7557
f 807 7558 2727
f 807 7559 7558
f 2028 5868 7560
f 2092 7561 4012
f 2092 7562 7561
f 1967 5807 7563
f 2339 7564 4259
f 2339 7565 7564
f 2153 5993 7566
f 2507 7567 4427
f 2507 7568 7567
f 2171 6011 7569
f 2329 7570 4249
f 2329 7571 7570
f 2506 6346 7572
f 806 7573 2726
f 806 7574 7573
f 2512 6352 7575
f 2328 7576 4248
f 2328 7577 7576
f 658 4498 7578
f 808 7579 4648
f 808 7580 7579
f 2340 6180 7581
f 846 7582 4686
f 846 7583 7582
f 2031 3951 7584
f 2030 7585 5870
f 2030 7586 7585
f 1128 3048 7587
f 1776 7588 3696
f 1776 7589 7588
f 1778 3698 7590
f 1777 7591 5617
f 1777 7592 7591
f 1066 2986 7593
f 1555 7594 3475
f 1555 7595 7594
f 1384 3304 7596
f 1383 7597 5223
f 1383 7598 7597
f 807 2727 7599
f 1366 7600 3286
f 1366 7601 7600
f 1127 3047 7602
f 1367 7603 5207
f 1367 7604 7603
f 2339 4259 7605
f 994 7606 2914
f 994 7607 7606
f 997 2917 7608
f 996 7609 4836
f 996 7610 7609
f 2329 4249 7611
f 1961 7612 3881
f 1961 7613 7612
f 1963 3883 7614
f 995 7615 4835
f 995 7616 7615
f 846 4686 7617
f 993 7618 4833
f 993 7619 7618
f 805 2725 7620
f 804 7621 4644
f 804 7622 7621
f 1776 3696 7623
f 2503 7624 4423
f 2503 7625 7624
f 2505 4425 7626
f 2504 7627 6344
f 2504 7628 7627
f 1555 3475 7629
f 2325 7630 4245
f 2325 7631 7630
f 2327 4247 7632
f 2326 7633 6166
f 2326 7634 7633
f 1366 3286 7635
f 1960 7636 3880
f 1960 7637 7636
f 1962 3882 7638
f 1915 7639 5755
f 1915 7640 7639
f 994 2914 7641
f 1772 7642 3692
f 1772 7643 7642
f 1775 3695 7644
f 1365 7645 5205
f 1365 7646 7645
f 993 4833 7647
f 1362 7648 5202
f 1362 7649 7648
f 1615 3535 7650
f 1773 7651 5613
f 1773 7652 7651
f 2503 4423 7653
f 1551 7654 3471
f 1551 7655 7654
f 1554 3474 7656
f 1553 7657 5393
f 1553 7658 7657
f 2325 4245 7659
f 1361 7660 3281
f 1361 7661 7660
f 1302 3222 7662
f 1363 7663 5203
f 1363 7664 7663
f 1960 3880 7665
f 1550 7666 3470
f 1550 7667 7666
f 1552 3472 7668
f 1415 7669 5255
f 1415 7670 7669
f 1362 5202 7671
f 1549 7672 5389
f 1549 7673 7672
f 1053 2973 7674
f 991 7675 4831
f 991 7676 7675
f 1551 3471 7677
f 801 7678 2721
f 801 7679 7678
f 803 2723 7680
f 802 7681 4642
f 802 7682 7681
f 1361 3281 7683
f 1359 7684 3279
f 1359 7685 7684
f 1360 3280 7686
f 1771 7687 5611
f 1771 7688 7687
f 1549 5389 7689
f 1770 7690 5610
f 1770 7691 7690
f 2502 4422 7692
f 2501 7693 6341
f 2501 7694 7693
f 801 2721 7695
f 989 7696 2909
f 989 7697 7696
f 990 2910 7698
f 1959 7699 5799
f 1959 7700 7699
f 1770 5610 7701
f 661 7702 2581
f 661 7703 7702
f 800 2720 7704
f 1983 7705 5823
f 1983 7706 7705
f 2328 4248 7707
f 1627 7708 5467
f 1627 7709 7708
f 1961 3881 7710
f 1569 7711 5409
f 1569 7712 7711
f 1772 3692 7713
f 1213 7714 5053
f 1213 7715 7714
f 1550 3470 7716
f 1013 7717 4853
f 1013 7718 7717
f 1359 3279 7719
f 657 7720 4497
f 657 7721 7720
f 989 2909 7722
f 2183 7723 6023
f 2183 7724 7723
f 661 2581 7725
f 2167 7726 4087
f 2167 7727 7726
f 1206 5046 7728
f 1993 7729 5833
f 1993 7730 7729
f 2161 6001 7731
f 2500 7732 4420
f 2500 7733 7732
f 2175 6015 7734
f 1958 7735 3878
f 1958 7736 7735
f 2336 6176 7737
f 879 7738 2799
f 879 7739 7738
f 2514 6354 7740
f 1769 7741 3689
f 1769 7742 7741
f 797 4637 7743
f 988 7744 2908
f 988 7745 7744
f 652 4492 7746
f 1548 7747 3468
f 1548 7748 7747
f 987 4827 7749
f 1193 7750 3113
f 1193 7751 7750
f 1007 4847 7752
f 1358 7753 3278
f 1358 7754 7753
f 1357 5197 7755
f 1547 7756 3467
f 1547 7757 7756
f 1207 5047 7758
f 986 7759 2906
f 986 7760 7759
f 1379 5219 7761
f 1845 7762 3765
f 1845 7763 7762
f 1446 5286 7764
f 1767 7765 3687
f 1767 7766 7765
f 1629 5469 7767
f 2324 7768 6164
f 2324 7769 7768
f 1993 5833 7770
f 2321 7771 6161
f 2321 7772 7771
f 799 2719 7773
f 798 7774 4638
f 798 7775 7774
f 1958 3878 7776
f 2497 7777 4417
f 2497 7778 7777
f 2499 4419 7779
f 2498 7780 6338
f 2498 7781 7780
f 1769 3689 7782
f 2320 7783 4240
f 2320 7784 7783
f 2323 4243 7785
f 2322 7786 6162
f 2322 7787 7786
f 1548 3468 7788
f 1955 7789 3875
f 1955 7790 7789
f 1957 3877 7791
f 1956 7792 5796
f 1956 7793 7792
f 1358 3278 7794
f 1766 7795 3686
f 1766 7796 7795
f 1768 3688 7797
f 1616 7798 5456
f 1616 7799 7798
f 986 2906 7800
f 1543 7801 3463
f 1543 7802 7801
f 1546 3466 7803
f 2521 7804 6361
f 2521 7805 7804
f 2321 6161 7806
f 2410 7807 6250
f 2410 7808 7807
f 1545 3465 7809
f 1544 7810 5384
f 1544 7811 7810
f 2497 4417 7812
f 1353 7813 3273
f 1353 7814 7813
f 1356 3276 7815
f 1355 7816 5195
f 1355 7817 7816
f 2320 4240 7818
f 983 7819 2903
f 983 7820 7819
f 985 2905 7821
f 984 7822 4824
f 984 7823 7822
f 1955 3875 7824
f 793 7825 2713
f 793 7826 7825
f 796 2716 7827
f 795 7828 4635
f 795 7829 7828
f 1766 3686 7830
f 1352 7831 3272
f 1352 7832 7831
f 1354 3274 7833
f 794 7834 4634
f 794 7835 7834
f 2410 6250 7836
f 792 7837 4632
f 792 7838 7837
f 2496 4416 7839
f 2495 7840 6335
f 2495 7841 7840
f 1353 3273 7842
f 2317 7843 4237
f 2317 7844 7843
f 2319 4239 7845
f 2318 7846 6158
f 2318 7847 7846
f 983 2903 7848
f 1952 7849 3872
f 1952 7850 7849
f 1954 3874 7851
f 1953 7852 5793
f 1953 7853 7852
f 793 2713 7854
f 980 7855 2900
f 980 7856 7855
f 982 2902 7857
f 981 7858 4821
f 981 7859 7858
f 792 4632 7860
f 979 7861 4819
f 979 7862 7861
f 1765 3685 7863
f 1764 7864 5604
f 1764 7865 7864
f 2317 4237 7866
f 1540 7867 3460
f 1540 7868 7867
f 1542 3462 7869
f 1541 7870 5381
f 1541 7871 7870
f 1952 3872 7872
f 790 7873 2710
f 790 7874 7873
f 791 2711 7875
f 1364 7876 5204
f 1364 7877 7876
f 979 4819 7878
f 1349 7879 5189
f 1349 7880 7879
f 1351 3271 7881
f 1350 7882 5190
f 1350 7883 7882
f 1540 3460 7884
f 2493 7885 4413
f 2493 7886 7885
f 2494 4414 7887
f 1539 7888 5379
f 1539 7889 7888
f 1349 5189 7890
f 2188 7891 4108
f 2188 7892 7891
f 2316 4236 7893
f 1382 7894 5222
f 1382 7895 7894
f 1767 3687 7896
f 1218 7897 5058
f 1218 7898 7897
f 1543 3463 7899
f 1016 7900 4856
f 1016 7901 7900
f 1352 3272 7902
f 774 7903 4614
f 774 7904 7903
f 980 2900 7905
f 2525 7906 6365
f 2525 7907 7906
f 790 2710 7908
f 2185 7909 6025
f 2185 7910 7909
f 2493 4413 7911
f 2524 7912 6364
f 2524 7913 7912
f 2188 4108 7914
f 1641 7915 3561
f 1641 7916 7915
f 1565 5405 7917
f 1586 7918 5426
f 1586 7919 7918
f 1844 5684 7920
f 1951 7921 3871
f 1951 7922 7921
f 1621 5461 7923
f 789 7924 2709
f 789 7925 7924
f 1950 5790 7926
f 2315 7927 4235
f 2315 7928 7927
f 1975 5815 7929
f 2492 7930 4412
f 2492 7931 7930
f 2162 6002 7932
f 2491 7933 4411
f 2491 7934 7933
f 2177 6017 7935
f 2314 7936 4234
f 2314 7937 7936
f 2490 6330 7938
f 881 7939 2801
f 881 7940 7939
f 2518 6358 7941
f 1949 7942 3869
f 1949 7943 7942
f 880 4720 7944
f 976 7945 2896
f 976 7946 7945
f 655 4495 7947
f 1762 7948 3682
f 1762 7949 7948
f 1063 4903 7950
f 1326 7951 3246
f 1326 7952 7951
f 1126 4966 7953
f 1346 7954 3266
f 1346 7955 7954
f 1221 5061 7956
f 1763 7957 5603
f 1763 7958 7957
f 1586 5426 7959
f 1761 7960 5601
f 1761 7961 7960
f 1538 3458 7962
f 1537 7963 5377
f 1537 7964 7963
f 789 2709 7965
f 1345 7966 3265
f 1345 7967 7966
f 1348 3268 7968
f 1347 7969 5187
f 1347 7970 7969
f 2492 4412 7971
f 974 7972 2894
f 974 7973 7972
f 978 2898 7974
f 977 7975 4817
f 977 7976 7975
f 2314 4234 7977
f 786 7978 2706
f 786 7979 7978
f 788 2708 7980
f 787 7981 4627
f 787 7982 7981
f 1949 3869 7983
f 2487 7984 4407
f 2487 7985 7984
f 2489 4409 7986
f 2488 7987 6328
f 2488 7988 7987
f 1762 3682 7989
f 973 7990 2893
f 973 7991 7990
f 975 2895 7992
f 1948 7993 5788
f 1948 7994 7993
f 1761 5601 7995
f 1874 7996 5714
f 1874 7997 7996
f 2313 4233 7998
f 2312 7999 6152
f 2312 8000 7999
f 1345 3265 8001
f 1945 8002 3865
f 1945 8003 8002
f 1947 3867 8004
f 1946 8005 5786
f 1946 8006 8005
f 974 2894 8007
f 1758 8008 3678
f 1758 8009 8008
f 1760 3680 8010
f 1759 8011 5599
f 1759 8012 8011
f 786 2706 8013
f 1534 8014 3454
f 1534 8015 8014
f 1536 3456 8016
f 1535 8017 5375
f 1535 8018 8017
f 2487 4407 8019
f 783 8020 2703
f 783 8021 8020
f 785 2705 8022
f 2311 8023 6151
f 2311 8024 8023
f 1874 5714 8025
f 2310 8026 6150
f 2310 8027 8026
f 1344 3264 8028
f 1343 8029 5183
f 1343 8030 8029
f 1945 3865 8031
f 970 8032 2890
f 970 8033 8032
f 972 2892 8034
f 971 8035 4811
f 971 8036 8035
f 1758 3678 8037
f 782 8038 2702
f 782 8039 8038
f 784 2704 8040
f 876 8041 4716
f 876 8042 8041
f 1534 3454 8043
f 2483 8044 4403
f 2483 8045 8044
f 2486 4406 8046
f 2412 8047 6252
f 2412 8048 8047
f 2310 6150 8049
f 2482 8050 6322
f 2482 8051 8050
f 2485 4405 8052
f 2484 8053 6324
f 2484 8054 8053
f 970 2890 8055
f 2307 8056 4227
f 2307 8057 8056
f 2309 4229 8058
f 2174 8059 6014
f 2174 8060 8059
f 782 2702 8061
f 2306 8062 4226
f 2306 8063 8062
f 2308 4228 8064
f 781 8065 4621
f 781 8066 8065
f 2482 6322 8067
f 780 8068 4620
f 780 8069 8068
f 1944 3864 8070
f 2013 8071 5853
f 2013 8072 8071
f 2307 4227 8073
f 1942 8074 3862
f 1942 8075 8074
f 1943 3863 8076
f 969 8077 4809
f 969 8078 8077
f 780 4620 8079
f 1634 8080 3554
f 1634 8081 8080
f 1757 3677 8082
f 1018 8083 4858
f 1018 8084 8083
f 1346 3266 8085
f 665 8086 4505
f 665 8087 8086
f 973 2893 8088
f 2529 8089 6369
f 2529 8090 8089
f 783 2703 8091
f 2189 8092 6029
f 2189 8093 8092
f 2483 4403 8094
f 1985 8095 5825
f 1985 8096 8095
f 2306 4226 8097
f 1630 8098 5470
f 1630 8099 8098
f 1942 3862 8100
f 664 8101 4504
f 664 8102 8101
f 1634 3554 8103
f 1575 8104 3495
f 1575 8105 8104
f 1623 5463 8106
f 968 8107 4808
f 968 8108 8107
f 1374 5214 8109
f 1756 8110 3676
f 1756 8111 8110
f 1566 5406 8112
f 1533 8113 3453
f 1533 8114 8113
f 1755 5595 8115
f 2022 8116 3942
f 2022 8117 8116
f 1624 5464 8118
f 1341 8119 3261
f 1341 8120 8119
f 2020 5860 8121
f 2303 8122 4223
f 2303 8123 8122
f 1978 5818 8124
f 967 8125 2887
f 967 8126 8125
f 2302 6142 8127
f 2481 8128 4401
f 2481 8129 8128
f 2179 6019 8130
f 779 8131 2699
f 779 8132 8131
f 2335 6175 8133
f 778 8134 2698
f 778 8135 8134
f 2519 6359 8136
f 2480 8137 4400
f 2480 8138 8137
f 878 4718 8139
f 966 8140 2886
f 966 8141 8140
f 656 4496 8142
f 777 8143 2697
f 777 8144 8143
f 1020 4860 8145
f 1342 8146 5182
f 1342 8147 8146
f 968 4808 8148
f 1338 8149 5178
f 1338 8150 8149
f 2305 4225 8151
f 2304 8152 6144
f 2304 8153 8152
f 1533 3453 8154
f 1991 8155 3911
f 1991 8156 8155
f 1941 3861 8157
f 1940 8158 5780
f 1940 8159 8158
f 1341 3261 8160
f 1751 8161 3671
f 1751 8162 8161
f 1754 3674 8163
f 1753 8164 5593
f 1753 8165 8164
f 967 2887 8166
f 1529 8167 3449
f 1529 8168 8167
f 1532 3452 8169
f 1531 8170 5371
f 1531 8171 8170
f 779 2699 8172
f 1337 8173 3257
f 1337 8174 8173
f 1340 3260 8175
f 1339 8176 5179
f 1339 8177 8176
f 2480 4400 8178
f 2476 8179 4396
f 2476 8180 8179
f 2479 4399 8181
f 1530 8182 5370
f 1530 8183 8182
f 1338 5178 8184
f 1528 8185 5368
f 1528 8186 8185
f 965 2885 8187
f 964 8188 4804
f 964 8189 8188
f 1991 3911 8190
f 853 8191 2773
f 853 8192 8191
f 776 2696 8193
f 775 8194 4615
f 775 8195 8194
f 1751 3671 8196
f 2475 8197 4395
f 2475 8198 8197
f 2478 4398 8199
f 2477 8200 6317
f 2477 8201 8200
f 1529 3449 8202
f 2299 8203 4219
f 2299 8204 8203
f 2301 4221 8205
f 2132 8206 5972
f 2132 8207 8206
f 1337 3257 8208
f 2298 8209 4218
f 2298 8210 8209
f 2300 4220 8211
f 1750 8212 5590
f 1750 8213 8212
f 1528 5368 8214
f 1801 8215 5641
f 1801 8216 8215
f 1938 3858 8217
f 1937 8218 5777
f 1937 8219 8218
f 853 2773 8220
f 1747 8221 3667
f 1747 8222 8221
f 1749 3669 8223
f 1748 8224 5588
f 1748 8225 8224
f 2475 4395 8226
f 1525 8227 3445
f 1525 8228 8227
f 1527 3447 8229
f 1526 8230 5366
f 1526 8231 8230
f 2299 4219 8232
f 1934 8233 3854
f 1934 8234 8233
f 1936 3856 8235
f 1935 8236 5775
f 1935 8237 8236
f 1801 5641 8238
f 1933 8239 5773
f 1933 8240 8239
f 1336 3256 8241
f 1335 8242 5175
f 1335 8243 8242
f 1747 3667 8244
f 961 8245 2881
f 961 8246 8245
f 963 2883 8247
f 962 8248 4802
f 962 8249 8248
f 1525 3445 8250
f 1745 8251 3665
f 1745 8252 8251
f 1746 3666 8253
f 2297 8254 6137
f 2297 8255 8254
f 1933 5773 8256
f 2296 8257 6136
f 2296 8258 8257
f 773 2693 8259
f 772 8260 4612
f 772 8261 8260
f 961 2881 8262
f 1523 8263 3443
f 1523 8264 8263
f 1524 3444 8265
f 2474 8266 6314
f 2474 8267 8266
f 2296 6136 8268
f 1225 8269 3145
f 1225 8270 8269
f 1334 3254 8271
f 2532 8272 6372
f 2532 8273 8272
f 777 2697 8274
f 2191 8275 6031
f 2191 8276 8275
f 2476 4396 8277
f 1988 8278 5828
f 1988 8279 8278
f 2298 4218 8280
f 1635 8281 5475
f 1635 8282 8281
f 1934 3854 8283
f 1574 8284 5414
f 1574 8285 8284
f 1745 3665 8286
f 1222 8287 5062
f 1222 8288 8287
f 1523 3443 8289
f 1019 8290 4859
f 1019 8291 8290
f 1225 3145 8292
f 1196 8293 3116
f 1196 8294 8293
f 1209 5049 8295
f 771 8296 4611
f 771 8297 8296
f 1333 5173 8298
f 1522 8299 3442
f 1522 8300 8299
f 1210 5050 8301
f 2295 8302 4215
f 2295 8303 8302
f 1521 5361 8304
f 1744 8305 3664
f 1744 8306 8305
f 1567 5407 8307
f 1932 8308 3852
f 1932 8309 8308
f 1840 5680 8310
f 1931 8311 3851
f 1931 8312 8311
f 1625 5465 8313
f 1743 8314 3663
f 1743 8315 8314
f 1930 5770 8316
f 2156 8317 4076
f 2156 8318 8317
f 1980 5820 8319
f 1520 8320 3440
f 1520 8321 8320
f 2154 5994 8322
f 2470 8323 4390
f 2470 8324 8323
f 2181 6021 8325
f 1332 8326 3252
f 1332 8327 8326
f 2330 6170 8328
f 873 8329 2793
f 873 8330 8329
f 2526 6366 8331
f 2469 8332 4389
f 2469 8333 8332
f 659 4499 8334
f 1001 8335 4841
f 1001 8336 8335
f 771 4611 8337
f 958 8338 4798
f 958 8339 8338
f 960 2880 8340
f 959 8341 4799
f 959 8342 8341
f 2295 4215 8343
f 767 8344 2687
f 767 8345 8344
f 770 2690 8346
f 769 8347 4609
f 769 8348 8347
f 1932 3852 8349
f 2468 8350 4388
f 2468 8351 8350
f 2472 4392 8352
f 2471 8353 6311
f 2471 8354 8353
f 1743 3663 8355
f 2292 8356 4212
f 2292 8357 8356
f 2294 4214 8358
f 2293 8359 6133
f 2293 8360 8359
f 1520 3440 8361
f 1927 8362 3847
f 1927 8363 8362
f 1929 3849 8364
f 1928 8365 5768
f 1928 8366 8365
f 1332 3252 8367
f 766 8368 2686
f 766 8369 8368
f 768 2688 8370
f 1331 8371 5171
f 1331 8372 8371
f 958 4798 8373
f 1328 8374 5168
f 1328 8375 8374
f 1742 3662 8376
f 1741 8377 5581
f 1741 8378 8377
f 767 2687 8379
f 1517 8380 3437
f 1517 8381 8380
f 1519 3439 8382
f 1518 8383 5358
f 1518 8384 8383
f 2468 4388 8385
f 1327 8386 3247
f 1327 8387 8386
f 1330 3250 8388
f 1329 8389 5169
f 1329 8390 8389
f 2292 4212 8391
f 955 8392 2875
f 955 8393 8392
f 957 2877 8394
f 910 8395 4750
f 910 8396 8395
f 1927 3847 8397
f 954 8398 2874
f 954 8399 8398
f 956 2876 8400
f 1584 8401 5424
f 1584 8402 8401
f 1328 5168 8403
f 1516 8404 5356
f 1516 8405 8404
f 765 2685 8406
f 764 8407 4604
f 764 8408 8407
f 1517 3437 8409
f 2465 8410 4385
f 2465 8411 8410
f 2467 4387 8412
f 2466 8413 6306
f 2466 8414 8413
f 1327 3247 8415
f 2289 8416 4209
f 2289 8417 8416
f 2291 4211 8418
f 2290 8419 6130
f 2290 8420 8419
f 955 2875 8421
f 1324 8422 3244
f 1324 8423 8422
f 1195 3115 8424
f 1740 8425 5580
f 1740 8426 8425
f 1516 5356 8427
f 1662 8428 5502
f 1662 8429 8428
f 1925 3845 8430
f 1924 8431 5764
f 1924 8432 8431
f 2465 4385 8433
f 1737 8434 3657
f 1737 8435 8434
f 1739 3659 8436
f 1738 8437 5578
f 1738 8438 8437
f 2289 4209 8439
f 1513 8440 3433
f 1513 8441 8440
f 1515 3435 8442
f 1923 8443 5763
f 1923 8444 8443
f 1662 5502 8445
f 2090 8446 5930
f 2090 8447 8446
f 1514 3434 8448
f 1442 8449 5282
f 1442 8450 8449
f 1737 3657 8451
f 1735 8452 3655
f 1735 8453 8452
f 1736 3656 8454
f 2288 8455 6128
f 2288 8456 8455
f 2090 5930 8457
f 2088 8458 4008
f 2088 8459 8458
f 1922 3842 8460
f 2523 8461 4443
f 2523 8462 8461
f 2469 4389 8463
f 660 8464 2580
f 660 8465 8464
f 766 2686 8466
f 1015 8467 2935
f 1015 8468 8467
f 954 2874 8469
f 1216 8470 3136
f 1216 8471 8470
f 1324 3244 8472
f 1570 8473 3490
f 1570 8474 8473
f 1513 3433 8475
f 1628 8476 3548
f 1628 8477 8476
f 1735 3655 8478
f 2184 8479 6024
f 2184 8480 8479
f 2088 4008 8481
f 668 8482 2588
f 668 8483 8482
f 2183 6023 8484
f 2464 8485 6304
f 2464 8486 8485
f 871 4711 8487
f 1057 8488 2977
f 1057 8489 8488
f 657 4497 8490
f 953 8491 2873
f 953 8492 8491
f 952 4792 8493
f 1323 8494 3243
f 1323 8495 8494
f 1013 4853 8496
f 762 8497 2682
f 762 8498 8497
f 1187 5027 8499
f 1369 8500 3289
f 1369 8501 8500
f 1213 5053 8502
f 2463 8503 4383
f 2463 8504 8503
f 1368 5208 8505
f 1732 8506 3652
f 1732 8507 8506
f 1569 5409 8508
f 2287 8509 4207
f 2287 8510 8509
f 1731 5571 8511
f 2015 8512 3935
f 2015 8513 8512
f 1627 5467 8514
f 1921 8515 3841
f 1921 8516 8515
f 2014 5854 8517
f 2157 8518 4077
f 2157 8519 8518
f 1983 5823 8520
f 1920 8521 3840
f 1920 8522 8521
f 2186 6026 8523
f 763 8524 4603
f 763 8525 8524
f 2464 6304 8526
f 759 8527 4599
f 759 8528 8527
f 1734 3654 8529
f 1733 8530 5573
f 1733 8531 8530
f 953 2873 8532
f 1509 8533 3429
f 1509 8534 8533
f 1512 3432 8535
f 1511 8536 5351
f 1511 8537 8536
f 762 2682 8538
f 1320 8539 3240
f 1320 8540 8539
f 1322 3242 8541
f 1321 8542 5161
f 1321 8543 8542
f 2463 4383 8544
f 948 8545 2868
f 948 8546 8545
f 951 2871 8547
f 950 8548 4790
f 950 8549 8548
f 2287 4207 8550
f 758 8551 2678
f 758 8552 8551
f 761 2681 8553
f 760 8554 4600
f 760 8555 8554
f 1921 3841 8556
f 2283 8557 4203
f 2283 8558 8557
f 2286 4206 8559
f 949 8560 4789
f 949 8561 8560
f 759 4599 8562
f 946 8563 4786
f 946 8564 8563
f 2462 4382 8565
f 2461 8566 6301
f 2461 8567 8566
f 1509 3429 8568
f 2282 8569 4202
f 2282 8570 8569
f 2285 4205 8571
f 2284 8572 6124
f 2284 8573 8572
f 1320 3240 8574
f 1917 8575 3837
f 1917 8576 8575
f 1919 3839 8577
f 1918 8578 5758
f 1918 8579 8578
f 948 2868 8580
f 1728 8581 3648
f 1728 8582 8581
f 1730 3650 8583
f 1729 8584 5569
f 1729 8585 8584
f 758 2678 8586
f 2459 8587 4379
f 2459 8588 8587
f 2460 4380 8589
f 1319 8590 5159
f 1319 8591 8590
f 946 4786 8592
f 1238 8593 5078
f 1238 8594 8593
f 1508 3428 8595
f 1507 8596 5347
f 1507 8597 8596
f 2282 4202 8598
f 1316 8599 3236
f 1316 8600 8599
f 1318 3238 8601
f 1317 8602 5157
f 1317 8603 8602
f 1917 3837 8604
f 943 8605 2863
f 943 8606 8605
f 945 2865 8607
f 944 8608 4784
f 944 8609 8608
f 1728 3648 8610
f 754 8611 2674
f 754 8612 8611
f 757 2677 8613
f 1505 8614 5345
f 1505 8615 8614
f 1238 5078 8616
f 1504 8617 5344
f 1504 8618 8617
f 756 2676 8619
f 755 8620 4595
f 755 8621 8620
f 1316 3236 8622
f 2456 8623 4376
f 2456 8624 8623
f 2458 4378 8625
f 2457 8626 6297
f 2457 8627 8626
f 943 2863 8628
f 941 8629 2861
f 941 8630 8629
f 942 2862 8631
f 1727 8632 5567
f 1727 8633 8632
f 1504 5344 8634
f 1726 8635 5566
f 1726 8636 8635
f 2281 4201 8637
f 2280 8638 6120
f 2280 8639 8638
f 2456 4376 8640
f 1314 8641 3234
f 1314 8642 8641
f 1315 3235 8643
f 1916 8644 5756
f 1916 8645 8644
f 1726 5566 8646
f 1579 8647 3499
f 1579 8648 8647
f 1503 3423 8649
f 1984 8650 3904
f 1984 8651 8650
f 1920 3840 8652
f 2187 8653 4107
f 2187 8654 8653
f 2283 4203 8655
f 2527 8656 4447
f 2527 8657 8656
f 2459 4379 8658
f 663 8659 2583
f 663 8660 8659
f 754 2674 8661
f 1017 8662 2937
f 1017 8663 8662
f 941 2861 8664
f 1220 8665 3140
f 1220 8666 8665
f 1314 3234 8667
f 2528 8668 6368
f 2528 8669 8668
f 1579 3499 8670
f 2195 8671 4115
f 2195 8672 8671
f 2524 6364 8673
f 2279 8674 6119
f 2279 8675 8674
f 2155 5995 8676
f 2337 8677 4257
f 2337 8678 8677
f 2185 6025 8679
f 1725 8680 3645
f 1725 8681 8680
f 2331 6171 8682
f 753 8683 2673
f 753 8684 8683
f 2525 6365 8685
f 1502 8686 3422
f 1502 8687 8686
f 752 4592 8688
f 940 8689 2860
f 940 8690 8689
f 774 4614 8691
f 1313 8692 3233
f 1313 8693 8692
f 1058 4898 8694
f 1312 8695 3232
f 1312 8696 8695
f 1016 4856 8697
f 939 8698 2859
f 939 8699 8698
f 1311 5151 8700
f 1371 8701 3291
f 1371 8702 8701
f 1218 5058 8703
f 751 8704 2671
f 751 8705 8704
f 1370 5210 8706
f 1852 8707 3772
f 1852 8708 8707
f 1382 5222 8709
f 1500 8710 3420
f 1500 8711 8710
f 1632 5472 8712
f 2395 8713 6235
f 2395 8714 8713
f 2279 6119 8715
f 2453 8716 6293
f 2453 8717 8716
f 2455 4375 8718
f 2454 8719 6294
f 2454 8720 8719
f 1725 3645 8721
f 2276 8722 4196
f 2276 8723 8722
f 2278 4198 8724
f 2277 8725 6117
f 2277 8726 8725
f 1502 3422 8727
f 1912 8728 3832
f 1912 8729 8728
f 1914 3834 8730
f 1913 8731 5753
f 1913 8732 8731
f 1313 3233 8733
f 1721 8734 3641
f 1721 8735 8734
f 1724 3644 8736
f 1723 8737 5563
f 1723 8738 8737
f 939 2859 8739
f 1375 8740 3295
f 1375 8741 8740
f 1501 3421 8742
f 1377 8743 5217
f 1377 8744 8743
f 751 2671 8745
f 1720 8746 3640
f 1720 8747 8746
f 1722 3642 8748
f 750 8749 4590
f 750 8750 8749
f 2453 6293 8751
f 747 8752 4587
f 747 8753 8752
f 1310 3230 8754
f 1309 8755 5149
f 1309 8756 8755
f 2276 4196 8757
f 936 8758 2856
f 936 8759 8758
f 938 2858 8760
f 937 8761 4777
f 937 8762 8761
f 1912 3832 8763
f 746 8764 2666
f 746 8765 8764
f 749 2669 8766
f 748 8767 4588
f 748 8768 8767
f 1721 3641 8769
f 2450 8770 4370
f 2450 8771 8770
f 2452 4372 8772
f 2451 8773 6291
f 2451 8774 8773
f 1375 3295 8775
f 1908 8776 3828
f 1908 8777 8776
f 1911 3831 8778
f 1125 8779 4965
f 1125 8780 8779
f 747 4587 8781
f 935 8782 4775
f 935 8783 8782
f 2275 4195 8784
f 2274 8785 6114
f 2274 8786 8785
f 936 2856 8787
f 1907 8788 3827
f 1907 8789 8788
f 1910 3830 8790
f 1909 8791 5749
f 1909 8792 8791
f 746 2666 8793
f 1717 8794 3637
f 1717 8795 8794
f 1719 3639 8796
f 1718 8797 5558
f 1718 8798 8797
f 2450 4370 8799
f 2272 8800 4192
f 2272 8801 8800
f 2273 4193 8802
f 1308 8803 5148
f 1308 8804 8803
f 935 4775 8805
f 1189 8806 5029
f 1189 8807 8806
f 1498 3418 8808
f 1497 8809 5337
f 1497 8810 8809
f 1907 3827 8811
f 1305 8812 3225
f 1305 8813 8812
f 1307 3227 8814
f 1306 8815 5146
f 1306 8816 8815
f 1717 3637 8817
f 2448 8818 4368
f 2448 8819 8818
f 2449 4369 8820
f 1496 8821 5336
f 1496 8822 8821
f 1189 5029 8823
f 1495 8824 5335
f 1495 8825 8824
f 934 2854 8826
f 933 8827 4773
f 933 8828 8827
f 1305 3225 8829
f 744 8830 2664
f 744 8831 8830
f 745 2665 8832
f 1716 8833 5556
f 1716 8834 8833
f 1495 5335 8835
f 1027 8836 2947
f 1027 8837 8836
f 932 2852 8838
f 1573 8839 3493
f 1573 8840 8839
f 1500 3420 8841
f 1633 8842 3553
f 1633 8843 8842
f 1720 3640 8844
f 1987 8845 3907
f 1987 8846 8845
f 1908 3828 8847
f 2190 8848 4110
f 2190 8849 8848
f 2272 4192 8850
f 2530 8851 4450
f 2530 8852 8851
f 2448 4368 8853
f 869 8854 2789
f 869 8855 8854
f 744 2664 8856
f 666 8857 4506
f 666 8858 8857
f 1027 2947 8859
f 1640 8860 3560
f 1640 8861 8860
f 664 4504 8862
f 1906 8863 5746
f 1906 8864 8863
f 1715 5555 8865
f 2016 8866 3936
f 2016 8867 8866
f 1630 5470 8868
f 2447 8869 4367
f 2447 8870 8869
f 1905 5745 8871
f 2158 8872 4078
f 2158 8873 8872
f 1985 5825 8874
f 2270 8875 4190
f 2270 8876 8875
f 2269 6109 8877
f 2446 8878 4366
f 2446 8879 8878
f 2189 6029 8880
f 1904 8881 3824
f 1904 8882 8881
f 2333 6173 8883
f 875 8884 2795
f 875 8885 8884
f 2529 6369 8886
f 1714 8887 3634
f 1714 8888 8887
f 741 4581 8889
f 929 8890 2849
f 929 8891 8890
f 665 4505 8892
f 1494 8893 3414
f 1494 8894 8893
f 1059 4899 8895
f 1190 8896 3110
f 1190 8897 8896
f 1018 4858 8898
f 928 8899 2848
f 928 8900 8899
f 1223 5063 8901
f 2271 8902 6111
f 2271 8903 8902
f 1906 5746 8904
f 2266 8905 6106
f 2266 8906 8905
f 1304 3224 8907
f 1303 8908 5143
f 1303 8909 8908
f 2447 4367 8910
f 927 8911 2847
f 927 8912 8911
f 931 2851 8913
f 930 8914 4770
f 930 8915 8914
f 2270 4190 8916
f 740 8917 2660
f 740 8918 8917
f 743 2663 8919
f 742 8920 4582
f 742 8921 8920
f 1904 3824 8922
f 2442 8923 4362
f 2442 8924 8923
f 2445 4365 8925
f 2444 8926 6284
f 2444 8927 8926
f 1714 3634 8928
f 2265 8929 4185
f 2265 8930 8929
f 2268 4188 8931
f 2267 8932 6107
f 2267 8933 8932
f 1494 3414 8934
f 1299 8935 3219
f 1299 8936 8935
f 1301 3221 8937
f 2443 8938 6283
f 2443 8939 8938
f 2266 6106 8940
f 2441 8941 6281
f 2441 8942 8941
f 1903 3823 8943
f 1902 8944 5742
f 1902 8945 8944
f 927 2847 8946
f 1711 8947 3631
f 1711 8948 8947
f 1713 3633 8949
f 1712 8950 5552
f 1712 8951 8950
f 740 2660 8952
f 1490 8953 3410
f 1490 8954 8953
f 1493 3413 8955
f 1492 8956 5332
f 1492 8957 8956
f 2442 4362 8958
f 1298 8959 3218
f 1298 8960 8959
f 1300 3220 8961
f 1136 8962 4976
f 1136 8963 8962
f 2265 4185 8964
f 1488 8965 3408
f 1488 8966 8965
f 1491 3411 8967
f 738 8968 4578
f 738 8969 8968
f 2441 6281 8970
f 662 8971 4502
f 662 8972 8971
f 926 2846 8973
f 925 8974 4765
f 925 8975 8974
f 1711 3631 8976
f 735 8977 2655
f 735 8978 8977
f 737 2657 8979
f 736 8980 4576
f 736 8981 8980
f 1490 3410 8982
f 2438 8983 4358
f 2438 8984 8983
f 2440 4360 8985
f 2439 8986 6279
f 2439 8987 8986
f 1298 3218 8988
f 1709 8989 3629
f 1709 8990 8989
f 1710 3630 8991
f 924 8992 4764
f 924 8993 8992
f 662 4502 8994
f 923 8995 4763
f 923 8996 8995
f 2264 4184 8997
f 2263 8998 6103
f 2263 8999 8998
f 735 2655 9000
f 1899 9001 3819
f 1899 9002 9001
f 1901 3821 9003
f 1939 9004 5779
f 1939 9005 9004
f 2438 4358 9006
f 1898 9007 3818
f 1898 9008 9007
f 1900 3820 9009
f 1297 9010 5137
f 1297 9011 9010
f 923 4763 9012
f 1296 9013 5136
f 1296 9014 9013
f 1708 3628 9015
f 1707 9016 5547
f 1707 9017 9016
f 1899 3819 9018
f 2261 9019 4181
f 2261 9020 9019
f 2262 4182 9021
f 1487 9022 5327
f 1487 9023 9022
f 1296 5136 9024
f 2539 9025 4459
f 2539 9026 9025
f 2437 4357 9027
f 1021 9028 2941
f 1021 9029 9028
f 928 2848 9030
f 1224 9031 3144
f 1224 9032 9031
f 1299 3219 9033
f 1576 9034 3496
f 1576 9035 9034
f 1488 3408 9036
f 1637 9037 3557
f 1637 9038 9037
f 1709 3629 9039
f 1990 9040 3910
f 1990 9041 9040
f 1898 3818 9042
f 2192 9043 4112
f 2192 9044 9043
f 2261 4181 9045
f 1022 9046 4862
f 1022 9047 9046
f 2539 4459 9048
f 1231 9049 3151
f 1231 9050 9049
f 1019 4859 9051
f 1706 9052 5546
f 1706 9053 9052
f 1188 5028 9054
f 1486 9055 3406
f 1486 9056 9055
f 1222 5062 9057
f 1295 9058 3215
f 1295 9059 9058
f 1485 5325 9060
f 1842 9061 3762
f 1842 9062 9061
f 1574 5414 9063
f 922 9064 2842
f 922 9065 9064
f 1841 5681 9066
f 1895 9067 3815
f 1895 9068 9067
f 1635 5475 9069
f 733 9070 2653
f 733 9071 9070
f 1894 5734 9072
f 2260 9073 4180
f 2260 9074 9073
f 1988 5828 9075
f 2436 9076 4356
f 2436 9077 9076
f 2159 5999 9078
f 2435 9079 4355
f 2435 9080 9079
f 2191 6031 9081
f 2259 9082 4179
f 2259 9083 9082
f 2434 6274 9084
f 732 9085 2652
f 732 9086 9085
f 2532 6372 9087
f 920 9088 2840
f 920 9089 9088
f 1065 2985 9090
f 1973 9091 5813
f 1973 9092 9091
f 1706 5546 9093
f 1893 9094 5733
f 1893 9095 9094
f 1897 3817 9096
f 1896 9097 5736
f 1896 9098 9097
f 1295 3215 9099
f 1703 9100 3623
f 1703 9101 9100
f 1705 3625 9102
f 1704 9103 5544
f 1704 9104 9103
f 922 2842 9105
f 1482 9106 3402
f 1482 9107 9106
f 1484 3404 9108
f 1483 9109 5323
f 1483 9110 9109
f 733 2653 9111
f 1291 9112 3211
f 1291 9113 9112
f 1294 3214 9114
f 1293 9115 5133
f 1293 9116 9115
f 2436 4356 9117
f 919 9118 2839
f 919 9119 9118
f 921 2841 9120
f 1009 9121 4849
f 1009 9122 9121
f 2259 4179 9123
f 1290 9124 3210
f 1290 9125 9124
f 1292 3212 9126
f 2257 9127 6097
f 2257 9128 9127
f 1893 5733 9129
f 2254 9130 6094
f 2254 9131 9130
f 731 2651 9132
f 730 9133 4570
f 730 9134 9133
f 1703 3623 9135
f 2431 9136 4351
f 2431 9137 9136
f 2433 4353 9138
f 2432 9139 6272
f 2432 9140 9139
f 1482 3402 9141
f 2253 9142 4173
f 2253 9143 9142
f 2256 4176 9144
f 2255 9145 6095
f 2255 9146 9145
f 1291 3211 9147
f 1890 9148 3810
f 1890 9149 9148
f 1892 3812 9150
f 1891 9151 5731
f 1891 9152 9151
f 919 2839 9153
f 1478 9154 3398
f 1478 9155 9154
f 1481 3401 9156
f 2369 9157 6209
f 2369 9158 9157
f 2254 6094 9159
f 2430 9160 6270
f 2430 9161 9160
f 1701 3621 9162
f 1700 9163 5540
f 1700 9164 9163
f 2431 4351 9165
f 1477 9166 3397
f 1477 9167 9166
f 1480 3400 9168
f 1479 9169 5319
f 1479 9170 9169
f 2253 4173 9171
f 1287 9172 3207
f 1287 9173 9172
f 1289 3209 9174
f 1288 9175 5128
f 1288 9176 9175
f 1890 3810 9177
f 1698 9178 3618
f 1698 9179 9178
f 1699 3619 9180
f 727 9181 4567
f 727 9182 9181
f 2430 6270 9183
f 651 9184 4491
f 651 9185 9184
f 918 2838 9186
f 917 9187 4757
f 917 9188 9187
f 1477 3397 9189
f 724 9190 2644
f 724 9191 9190
f 726 2646 9192
f 725 9193 4565
f 725 9194 9193
f 1287 3207 9195
f 1888 9196 3808
f 1888 9197 9196
f 1889 3809 9198
f 916 9199 4756
f 916 9200 9199
f 651 4491 9201
f 915 9202 4755
f 915 9203 9202
f 2429 4349 9204
f 2428 9205 6268
f 2428 9206 9205
f 724 2644 9207
f 2251 9208 4171
f 2251 9209 9208
f 2252 4172 9210
f 1286 9211 5126
f 1286 9212 9211
f 915 4755 9213
f 2542 9214 4462
f 2542 9215 9214
f 2427 4347 9216
f 1012 9217 2932
f 1012 9218 9217
f 920 2840 9219
f 1211 9220 3131
f 1211 9221 9220
f 1290 3210 9222
f 1568 9223 3488
f 1568 9224 9223
f 1478 3398 9225
f 1626 9226 3546
f 1626 9227 9226
f 1698 3618 9228
f 1982 9229 3902
f 1982 9230 9229
f 1888 3808 9231
f 2182 9232 4102
f 2182 9233 9232
f 2251 4171 9234
f 1212 9235 5052
f 1212 9236 9235
f 2542 4462 9237
f 676 9238 2596
f 676 9239 9238
f 1226 5066 9240
f 1285 9241 5125
f 1285 9242 9241
f 874 4714 9243
f 914 9244 2834
f 914 9245 9244
f 667 4507 9246
f 1887 9247 3807
f 1887 9248 9247
f 913 4753 9249
f 1284 9250 3204
f 1284 9251 9250
f 1023 4863 9252
f 1697 9253 3617
f 1697 9254 9253
f 1283 5123 9255
f 1373 9256 3293
f 1373 9257 9256
f 1227 5067 9258
f 1475 9259 3395
f 1475 9260 9259
f 1474 5314 9261
f 1695 9262 3615
f 1695 9263 9262
f 1577 5417 9264
f 1282 9265 3202
f 1282 9266 9265
f 1843 5683 9267
f 2019 9268 3939
f 2019 9269 9268
f 1638 5478 9270
f 912 9271 2832
f 912 9272 9271
f 1884 5724 9273
f 2247 9274 4167
f 2247 9275 9274
f 1992 5832 9276
f 911 9277 2831
f 911 9278 9277
f 2199 6039 9279
f 1476 9280 5316
f 1476 9281 9280
f 1285 5125 9282
f 1422 9283 5262
f 1422 9284 9283
f 723 2643 9285
f 722 9286 4562
f 722 9287 9286
f 1887 3807 9288
f 2424 9289 4344
f 2424 9290 9289
f 2426 4346 9291
f 2425 9292 6265
f 2425 9293 9292
f 1697 3617 9294
f 2246 9295 4166
f 2246 9296 9295
f 2250 4170 9297
f 2249 9298 6089
f 2249 9299 9298
f 1475 3395 9300
f 1883 9301 3803
f 1883 9302 9301
f 1886 3806 9303
f 1885 9304 5725
f 1885 9305 9304
f 1282 3202 9306
f 1691 9307 3611
f 1691 9308 9307
f 1694 3614 9309
f 1693 9310 5533
f 1693 9311 9310
f 912 2832 9312
f 719 9313 2639
f 719 9314 9313
f 721 2641 9315
f 1692 9316 5532
f 1692 9317 9316
f 1422 5262 9318
f 1690 9319 5530
f 1690 9320 9319
f 1473 3393 9321
f 1472 9322 5312
f 1472 9323 9322
f 2424 4344 9324
f 1279 9325 3199
f 1279 9326 9325
f 1281 3201 9327
f 1280 9328 5120
f 1280 9329 9328
f 2246 4166 9330
f 907 9331 2827
f 907 9332 9331
f 909 2829 9333
f 908 9334 4748
f 908 9335 9334
f 1883 3803 9336
f 718 9337 2638
f 718 9338 9337
f 720 2640 9339
f 883 9340 4723
f 883 9341 9340
f 1691 3611 9342
f 2420 9343 4340
f 2420 9344 9343
f 2423 4343 9345
f 1882 9346 5722
f 1882 9347 9346
f 1690 5530 9348
f 1879 9349 5719
f 1879 9350 9349
f 2422 4342 9351
f 2421 9352 6261
f 2421 9353 9352
f 1279 3199 9354
f 2242 9355 4162
f 2242 9356 9355
f 2245 4165 9357
f 2244 9358 6084
f 2244 9359 9358
f 907 2827 9360
f 1878 9361 3798
f 1878 9362 9361
f 1881 3801 9363
f 1880 9364 5720
f 1880 9365 9364
f 718 2638 9366
f 2241 9367 4161
f 2241 9368 9367
f 2243 4163 9369
f 2178 9370 6018
f 2178 9371 9370
f 1879 5719 9372
f 2240 9373 6080
f 2240 9374 9373
f 1689 3609 9375
f 1688 9376 5528
f 1688 9377 9376
f 2242 4162 9378
f 1469 9379 3389
f 1469 9380 9379
f 1471 3391 9381
f 1470 9382 5310
f 1470 9383 9382
f 1878 3798 9384
f 1876 9385 3796
f 1876 9386 9385
f 1877 3797 9387
f 2419 9388 6259
f 2419 9389 9388
f 2240 6080 9390
f 2418 9391 6258
f 2418 9392 9391
f 1277 3197 9393
f 1276 9394 5116
f 1276 9395 9394
f 1469 3389 9396
f 1686 9397 3606
f 1686 9398 9397
f 1687 3607 9399
f 717 9400 4557
f 717 9401 9400
f 2418 6258 9402
f 1380 9403 3300
f 1380 9404 9403
f 1468 3388 9405
f 675 9406 4515
f 675 9407 9406
f 911 2831 9408
f 2544 9409 6384
f 2544 9410 9409
f 719 2639 9411
f 2201 9412 6041
f 2201 9413 9412
f 2420 4340 9414
f 1996 9415 5836
f 1996 9416 9415
f 2241 4161 9417
f 1643 9418 5483
f 1643 9419 9418
f 1876 3796 9420
f 1583 9421 5423
f 1583 9422 9421
f 1686 3606 9423
f 1582 9424 5422
f 1582 9425 9424
f 1380 3300 9426
f 2545 9427 4465
f 2545 9428 9427
f 2194 6034 9429
f 906 9430 4746
f 906 9431 9430
f 2417 6257 9432
f 870 9433 2790
f 870 9434 9433
f 2534 6374 9435
f 716 9436 2636
f 716 9437 9436
f 715 4555 9438
f 905 9439 2825
f 905 9440 9439
f 669 4509 9441
f 2416 9442 4336
f 2416 9443 9442
f 992 4832 9444
f 1186 9445 3106
f 1186 9446 9445
f 1025 4865 9447
f 2239 9448 4159
f 2239 9449 9448
f 1273 5113 9450
f 1465 9451 3385
f 1465 9452 9451
f 1228 5068 9453
f 1875 9454 3795
f 1875 9455 9454
f 1464 5304 9456
f 1839 9457 3759
f 1839 9458 9457
f 1578 5418 9459
f 1685 9460 3605
f 1685 9461 9460
f 1684 5524 9462
f 1873 9463 3793
f 1873 9464 9463
f 1639 5479 9465
f 2414 9466 4334
f 2414 9467 9466
f 1999 5839 9468
f 884 9469 4724
f 884 9470 9469
f 906 4746 9471
f 712 9472 4552
f 712 9473 9472
f 1467 3387 9474
f 1466 9475 5306
f 1466 9476 9475
f 716 2636 9477
f 1272 9478 3192
f 1272 9479 9478
f 1275 3195 9480
f 1274 9481 5114
f 1274 9482 9481
f 2416 4336 9483
f 902 9484 2822
f 902 9485 9484
f 904 2824 9486
f 903 9487 4743
f 903 9488 9487
f 2239 4159 9489
f 711 9490 2631
f 711 9491 9490
f 714 2634 9492
f 713 9493 4553
f 713 9494 9493
f 1875 3795 9495
f 2411 9496 4331
f 2411 9497 9496
f 2415 4335 9498
f 2332 9499 6172
f 2332 9500 9499
f 1685 3605 9501
f 2235 9502 4155
f 2235 9503 9502
f 2238 4158 9504
f 2413 9505 6253
f 2413 9506 9505
f 712 4552 9507
f 2409 9508 6249
f 2409 9509 9508
f 2237 4157 9510
f 2236 9511 6076
f 2236 9512 9511
f 1272 3192 9513
f 1869 9514 3789
f 1869 9515 9514
f 1872 3792 9516
f 1871 9517 5711
f 1871 9518 9517
f 902 2822 9519
f 1681 9520 3601
f 1681 9521 9520
f 1683 3603 9522
f 1682 9523 5522
f 1682 9524 9523
f 711 2631 9525
f 1461 9526 3381
f 1461 9527 9526
f 1463 3383 9528
f 1462 9529 5302
f 1462 9530 9529
f 2411 4331 9531
f 1868 9532 3788
f 1868 9533 9532
f 1870 3790 9534
f 2234 9535 6074
f 2234 9536 9535
f 2409 6249 9537
f 2233 9538 6073
f 2233 9539 9538
f 1271 3191 9540
f 1270 9541 5110
f 1270 9542 9541
f 1869 3789 9543
f 899 9544 2819
f 899 9545 9544
f 901 2821 9546
f 900 9547 4740
f 900 9548 9547
f 1681 3601 9549
f 708 9550 2628
f 708 9551 9550
f 710 2630 9552
f 709 9553 4549
f 709 9554 9553
f 1461 3381 9555
f 1679 9556 3599
f 1679 9557 9556
f 1680 3600 9558
f 1867 9559 5707
f 1867 9560 9559
f 2233 6073 9561
f 2024 9562 5864
f 2024 9563 9562
f 2408 4328 9564
f 2407 9565 6247
f 2407 9566 9565
f 899 2819 9567
f 2230 9568 4150
f 2230 9569 9568
f 2232 4152 9570
f 2231 9571 6071
f 2231 9572 9571
f 708 2628 9573
f 1459 9574 3379
f 1459 9575 9574
f 1460 3380 9576
f 1678 9577 5518
f 1678 9578 9577
f 2024 5864 9579
f 1677 9580 5517
f 1677 9581 9580
f 1866 3786 9582
f 1865 9583 5705
f 1865 9584 9583
f 2230 4150 9585
f 1268 9586 3188
f 1268 9587 9586
f 1269 3189 9588
f 1458 9589 5298
f 1458 9590 9589
f 1677 5517 9591
f 1381 9592 5221
f 1381 9593 9592
f 898 2818 9594
f 2204 9595 6044
f 2204 9596 9595
f 2414 4334 9597
f 1998 9598 5838
f 1998 9599 9598
f 2235 4155 9600
f 1645 9601 5485
f 1645 9602 9601
f 1868 3788 9603
f 1589 9604 5429
f 1589 9605 9604
f 1679 3599 9606
f 1236 9607 5076
f 1236 9608 9607
f 1459 3379 9609
f 1033 9610 4873
f 1033 9611 9610
f 1268 3188 9612
f 1588 9613 5428
f 1588 9614 9613
f 1381 5221 9615
f 2248 9616 4168
f 2248 9617 9616
f 2536 6376 9618
f 2406 9619 6246
f 2406 9620 9619
f 2151 5991 9621
f 2543 9622 4463
f 2543 9623 9622
f 2196 6036 9624
f 1457 9625 3377
f 1457 9626 9625
f 2405 6245 9627
f 707 9628 2627
f 707 9629 9628
f 2537 6377 9630
f 1267 9631 3187
f 1267 9632 9631
f 706 4546 9633
f 1032 9634 2952
f 1032 9635 9634
f 670 4510 9636
f 897 9637 2817
f 897 9638 9637
f 896 4736 9639
f 1266 9640 3186
f 1266 9641 9640
f 1026 4866 9642
f 705 9643 2625
f 705 9644 9643
f 1185 5025 9645
f 1557 9646 3477
f 1557 9647 9646
f 1229 5069 9648
f 2404 9649 4324
f 2404 9650 9649
f 1454 5294 9651
f 1674 9652 3594
f 1674 9653 9652
f 1581 5421 9654
f 2227 9655 4147
f 2227 9656 9655
f 1648 5488 9657
f 2168 9658 6008
f 2168 9659 9658
f 2406 6246 9660
f 2226 9661 6066
f 2226 9662 9661
f 2229 4149 9663
f 2228 9664 6068
f 2228 9665 9664
f 1457 3377 9666
f 1861 9667 3781
f 1861 9668 9667
f 1864 3784 9669
f 1863 9670 5703
f 1863 9671 9670
f 1267 3187 9672
f 1673 9673 3593
f 1673 9674 9673
f 1676 3596 9675
f 1675 9676 5515
f 1675 9677 9676
f 897 2817 9678
f 1453 9679 3373
f 1453 9680 9679
f 1456 3376 9681
f 1455 9682 5295
f 1455 9683 9682
f 705 2625 9684
f 1263 9685 3183
f 1263 9686 9685
f 1265 3185 9687
f 1264 9688 5104
f 1264 9689 9688
f 2404 4324 9690
f 1860 9691 3780
f 1860 9692 9691
f 1862 3782 9693
f 2027 9694 5867
f 2027 9695 9694
f 2226 6066 9696
f 2026 9697 5866
f 2026 9698 9697
f 895 2815 9699
f 894 9700 4734
f 894 9701 9700
f 1861 3781 9702
f 702 9703 2622
f 702 9704 9703
f 704 2624 9705
f 703 9706 4543
f 703 9707 9706
f 1673 3593 9708
f 2400 9709 4320
f 2400 9710 9709
f 2402 4322 9711
f 2401 9712 6241
f 2401 9713 9712
f 1453 3373 9714
f 2223 9715 4143
f 2223 9716 9715
f 2225 4145 9717
f 2224 9718 6064
f 2224 9719 9718
f 1263 3183 9720
f 1668 9721 3588
f 1668 9722 9721
f 1672 3592 9723
f 1671 9724 5511
f 1671 9725 9724
f 2026 5866 9726
f 1849 9727 5689
f 1849 9728 9727
f 1859 3779 9729
f 1858 9730 5698
f 1858 9731 9730
f 702 2622 9732
f 1667 9733 3587
f 1667 9734 9733
f 1670 3590 9735
f 1669 9736 5509
f 1669 9737 9736
f 2400 4320 9738
f 1449 9739 3369
f 1449 9740 9739
f 1452 3372 9741
f 1510 9742 5350
f 1510 9743 9742
f 2223 4143 9744
f 1448 9745 3368
f 1448 9746 9745
f 1451 3371 9747
f 1450 9748 5290
f 1450 9749 9748
f 1849 5689 9750
f 1447 9751 5287
f 1447 9752 9751
f 1262 3182 9753
f 1261 9754 5101
f 1261 9755 9754
f 1667 3587 9756
f 891 9757 2811
f 891 9758 9757
f 893 2813 9759
f 892 9760 4732
f 892 9761 9760
f 1449 3369 9762
f 1258 9763 3178
f 1258 9764 9763
f 1260 3180 9765
f 1259 9766 5099
f 1259 9767 9766
f 1447 5287 9768
f 1257 9769 5097
f 1257 9770 9769
f 701 2621 9771
f 700 9772 4540
f 700 9773 9772
f 891 2811 9774
f 889 9775 2809
f 889 9776 9775
f 890 2810 9777
f 1062 9778 4902
f 1062 9779 9778
f 1257 5097 9780
f 1034 9781 4874
f 1034 9782 9781
f 699 2619 9783
f 2001 9784 5841
f 2001 9785 9784
f 2227 4147 9786
f 1647 9787 5487
f 1647 9788 9787
f 1860 3780 9789
f 1592 9790 5432
f 1592 9791 9790
f 1668 3588 9792
f 1237 9793 5077
f 1237 9794 9793
f 1448 3368 9795
f 1035 9796 4875
f 1035 9797 9796
f 1258 3178 9798
f 677 9799 4517
f 677 9800 9799
f 889 2809 9801
f 1590 9802 5430
f 1590 9803 9802
f 1034 4874 9804
f 2025 9805 3945
f 2025 9806 9805
f 672 4512 9807
f 2166 9808 6006
f 2166 9809 9808
f 1986 5826 9810
f 2149 9811 4069
f 2149 9812 9811
f 1994 5834 9813
f 2221 9814 4141
f 2221 9815 9814
f 2220 6060 9816
f 2399 9817 4319
f 2399 9818 9817
f 2197 6037 9819
f 1856 9820 3776
f 1856 9821 9820
f 2531 6371 9822
f 867 9823 2787
f 867 9824 9823
f 2538 6378 9825
f 1666 9826 3586
f 1666 9827 9826
f 696 4536 9828
f 886 9829 2806
f 886 9830 9829
f 673 4513 9831
f 1445 9832 3365
f 1445 9833 9832
f 885 4725 9834
f 1183 9835 3103
f 1183 9836 9835
f 1028 4868 9837
f 1256 9838 3176
f 1256 9839 9838
f 1255 5095 9840
f 1444 9841 3364
f 1444 9842 9841
f 1230 5070 9843
f 1854 9844 3774
f 1854 9845 9844
f 1595 5435 9846
f 1857 9847 5697
f 1857 9848 9847
f 2166 6006 9849
f 1853 9850 5693
f 1853 9851 9850
f 888 2808 9852
f 887 9853 4727
f 887 9854 9853
f 2221 4141 9855
f 695 9856 2615
f 695 9857 9856
f 698 2618 9858
f 697 9859 4537
f 697 9860 9859
f 1856 3776 9861
f 2396 9862 4316
f 2396 9863 9862
f 2398 4318 9864
f 2397 9865 6237
f 2397 9866 9865
f 1666 3586 9867
f 2217 9868 4137
f 2217 9869 9868
f 2219 4139 9870
f 2218 9871 6058
f 2218 9872 9871
f 1445 3365 9873
f 2012 9874 3932
f 2012 9875 9874
f 1855 3775 9876
f 2089 9877 5929
f 2089 9878 9877
f 1256 3176 9879
f 1661 9880 3581
f 1661 9881 9880
f 1665 3585 9882
f 1850 9883 5690
f 1850 9884 9883
f 1853 5693 9885
f 1660 9886 5500
f 1660 9887 9886
f 1664 3584 9888
f 1663 9889 5503
f 1663 9890 9889
f 695 2615 9891
f 1607 9892 3527
f 1607 9893 9892
f 1443 3363 9894
f 1609 9895 5449
f 1609 9896 9895
f 2396 4316 9897
f 1252 9898 3172
f 1252 9899 9898
f 1254 3174 9900
f 1253 9901 5093
f 1253 9902 9901
f 2217 4137 9903
f 1054 9904 2974
f 1054 9905 9904
f 1056 2976 9906
f 1055 9907 4895
f 1055 9908 9907
f 2012 3932 9909
f 1606 9910 3526
f 1606 9911 9910
f 1608 3528 9912
f 1506 9913 5346
f 1506 9914 9913
f 1660 5500 9915
f 1605 9916 5445
f 1605 9917 9916
f 694 2614 9918
f 693 9919 4533
f 693 9920 9919
f 1607 3527 9921
f 2560 9922 4480
f 2560 9923 9922
f 2562 4482 9924
f 2561 9925 6401
f 2561 9926 9925
f 1252 3172 9927
f 2214 9928 4134
f 2214 9929 9928
f 2216 4136 9930
f 2215 9931 6055
f 2215 9932 9931
f 1054 2974 9933
f 1249 9934 3169
f 1249 9935 9934
f 1251 3171 9936
f 1250 9937 5090
f 1250 9938 9937
f 1605 5445 9939
f 1248 9940 5088
f 1248 9941 9940
f 2011 3931 9942
f 2010 9943 5850
f 2010 9944 9943
f 2560 4480 9945
f 1657 9946 3577
f 1657 9947 9946
f 1659 3579 9948
f 1658 9949 5498
f 1658 9950 9949
f 2214 4134 9951
f 1050 9952 2970
f 1050 9953 9952
f 1052 2972 9954
f 1051 9955 4891
f 1051 9956 9955
f 1248 5088 9957
f 1049 9958 4889
f 1049 9959 9958
f 1604 3524 9960
f 1603 9961 5443
f 1603 9962 9961
f 1657 3577 9963
f 691 9964 2611
f 691 9965 9964
f 692 2612 9966
f 877 9967 4717
f 877 9968 9967
f 1049 4889 9969
f 868 9970 4708
f 868 9971 9970
f 2559 4479 9972
f 1649 9973 5489
f 1649 9974 9973
f 1854 3774 9975
f 1594 9976 5434
f 1594 9977 9976
f 1661 3581 9978
f 1239 9979 5079
f 1239 9980 9979
f 1606 3526 9981
f 1036 9982 4876
f 1036 9983 9982
f 1249 3169 9984
f 681 9985 4521
f 681 9986 9985
f 1050 2970 9987
f 2549 9988 6389
f 2549 9989 9988
f 691 2611 9990
f 1593 9991 5433
f 1593 9992 9991
f 868 4708 9993
f 1774 9994 3694
f 1774 9995 9994
f 1030 4870 9996
f 2009 9997 5849
f 2009 9998 9997
f 1823 5663 9999
f 2077 10000 3997
f 2077 10001 10000
f 1642 5482 10002
f 1048 10003 2968
f 1048 10004 10003
f 2008 5848 10005
f 2213 10006 4133
f 2213 10007 10006
f 1995 5835 10008
f 690 10009 2610
f 690 10010 10009
f 2212 6052 10011
f 2386 10012 4306
f 2386 10013 10012
f 2198 6038 10014
f 2558 10015 4478
f 2558 10016 10015
f 2557 6397 10017
f 689 10018 2609
f 689 10019 10018
f 2541 6381 10020
f 2211 10021 4131
f 2211 10022 10021
f 856 4696 10023
f 1118 10024 3038
f 1118 10025 10024
f 674 4514 10026
f 2007 10027 3927
f 2007 10028 10027
f 1045 4885 10029
f 1177 10030 3097
f 1177 10031 10030
f 1031 4871 10032
f 1245 10033 3165
f 1245 10034 10033
f 1325 5165 10035
f 1848 10036 5688
f 1848 10037 10036
f 2009 5849 10038
f 1654 10039 5494
f 1654 10040 10039
f 1656 3576 10041
f 1655 10042 5495
f 1655 10043 10042
f 1048 2968 10044
f 1599 10045 3519
f 1599 10046 10045
f 1602 3522 10047
f 1601 10048 5441
f 1601 10049 10048
f 690 2610 10050
f 1244 10051 3164
f 1244 10052 10051
f 1247 3167 10053
f 1246 10054 5086
f 1246 10055 10054
f 2558 4478 10056
f 1043 10057 2963
f 1043 10058 10057
f 1047 2967 10059
f 1046 10060 4886
f 1046 10061 10060
f 2211 4131 10062
f 686 10063 2606
f 686 10064 10063
f 688 2608 10065
f 687 10066 4527
f 687 10067 10066
f 2007 3927 10068
f 1598 10069 3518
f 1598 10070 10069
f 1600 3520 10071
f 1499 10072 5339
f 1499 10073 10072
f 1654 5494 10074
f 1489 10075 5329
f 1489 10076 10075
f 2556 4476 10077
f 2555 10078 6395
f 2555 10079 10078
f 1599 3519 10080
f 2208 10081 4128
f 2208 10082 10081
f 2210 4130 10083
f 2209 10084 6049
f 2209 10085 10084
f 1244 3164 10086
f 2004 10087 3924
f 2004 10088 10087
f 2006 3926 10089
f 2005 10090 5845
f 2005 10091 10090
f 1043 2963 10092
f 1651 10093 3571
f 1651 10094 10093
f 1653 3573 10095
f 1851 10096 5691
f 1851 10097 10096
f 686 2606 10098
f 1650 10099 3570
f 1650 10100 10099
f 1652 3572 10101
f 1243 10102 5083
f 1243 10103 10102
f 1489 5329 10104
f 1191 10105 5031
f 1191 10106 10105
f 1597 3517 10107
f 1596 10108 5436
f 1596 10109 10108
f 2208 4128 10110
f 1240 10111 3160
f 1240 10112 10111
f 1242 3162 10113
f 1241 10114 5081
f 1241 10115 10114
f 2004 3924 10116
f 1039 10117 2959
f 1039 10118 10117
f 1042 2962 10119
f 1041 10120 4881
f 1041 10121 10120
f 1651 3571 10122
f 2002 10123 3922
f 2002 10124 10123
f 2003 3923 10125
f 1040 10126 4880
f 1040 10127 10126
f 1191 5031 10128
f 1038 10129 4878
f 1038 10130 10129
f 685 2605 10131
f 684 10132 4524
f 684 10133 10132
f 1240 3160 10134
f 2552 10135 4472
f 2552 10136 10135
f 2554 4474 10137
f 2553 10138 6393
f 2553 10139 10138
f 1039 2959 10140
f 2205 10141 4125
f 2205 10142 10141
f 2207 4127 10143
f 683 10144 4523
f 683 10145 10144
f 1038 4878 10146
f 872 10147 4712
f 872 10148 10147
f 2206 4126 10149
f 2160 10150 6000
f 2160 10151 10150
f 2552 4472 10152
f 2550 10153 4470
f 2550 10154 10153
f 2551 4471 10155
f 2403 10156 6243
f 2403 10157 10156
f 872 4712 10158
f 679 10159 2599
f 679 10160 10159
f 682 2602 10161
f 1235 10162 3155
f 1235 10163 10162
f 1245 3165 10164
f 1585 10165 3505
f 1585 10166 10165
f 1598 3518 10167
f 1644 10168 3564
f 1644 10169 10168
f 1650 3570 10170
f 1997 10171 3917
f 1997 10172 10171
f 2002 3922 10173
f 2203 10174 4123
f 2203 10175 10174
f 2205 4125 10176
f 2547 10177 4467
f 2547 10178 10177
f 2550 4470 10179
f 1587 10180 5427
f 1587 10181 10180
f 679 2599 10182
f 1234 10183 3154
f 1234 10184 10183
f 1232 3152 10185
f 1037 10186 2957
f 1037 10187 10186
f 1029 2949 10188
f 678 10189 2598
f 678 10190 10189
f 671 2591 10191
f 2548 10192 4468
f 2548 10193 10192
f 2535 4455 10194
f 2202 10195 4122
f 2202 10196 10195
f 2193 4113 10197
f 1981 10198 3901
f 1981 10199 10198
f 1989 3909 10200
f 1636 10201 3556
f 1636 10202 10201
f 1631 3551 10203
f 1572 10204 3492
f 1572 10205 10204
f 1571 3491 10206
f 1219 10207 3139
f 1219 10208 10207
f 1214 3134 10209
f 1014 10210 2934
f 1014 10211 10210
f 1010 2930 10212
f 1989 10213 3909
f 1989 10214 10213
f 1979 3899 10215
f 1631 10216 3551
f 1631 10217 10216
f 1622 3542 10218
f 1571 10219 3491
f 1571 10220 10219
f 1564 3484 10221
f 1214 10222 3134
f 1214 10223 10222
f 1201 3121 10224
f 1010 10225 2930
f 1010 10226 10225
f 1003 2923 10227
f 647 10228 2567
f 647 10229 10228
f 654 2574 10230
f 654 10231 2574
f 654 10232 10231
f 650 2570 10233
f 650 10234 2570
f 650 10235 10234
f 644 2564 10236
f 1003 10237 2923
f 1003 10238 10237
f 999 2919 10239
f 644 10240 2564
f 644 10241 10240
f 645 2565 10242
f 10242 3119 1199
f 10242 2565 3119
f 2565 20 3119
f 10240 10242 1199
f 10240 10241 10242
f 10241 645 10242
f 2564 5039 19
f 2564 10240 5039
f 10240 1199 5039
f 10239 4904 1064
f 10239 2919 4904
f 2919 26 4904
f 10237 10239 1064
f 10237 10238 10239
f 10238 999 10239
f 2923 2984 40
f 2923 10237 2984
f 10237 1064 2984
f 10236 5045 1205
f 10236 2564 5045
f 2564 19 5045
f 10234 10236 1205
f 10234 10235 10236
f 10235 644 10236
f 2570 3125 54
f 2570 10234 3125
f 10234 1205 3125
f 10233 5814 1974
f 10233 2570 5814
f 2570 54 5814
f 10231 10233 1974
f 10231 10232 10233
f 10232 650 10233
f 2574 3894 68
f 2574 10231 3894
f 10231 1974 3894
f 10230 2786 866
f 10230 2574 2786
f 2574 68 2786
f 10228 10230 866
f 10228 10229 10230
f 10229 654 10230
f 2567 4706 41
f 2567 10228 4706
f 10228 866 4706
f 10227 6360 2520
f 10227 2923 6360
f 2923 40 6360
f 10225 10227 2520
f 10225 10226 10227
f 10226 1003 10227
f 2930 4440 89
f 2930 10225 4440
f 10225 2520 4440
f 10224 4498 658
f 10224 3121 4498
f 3121 33 4498
f 10222 10224 658
f 10222 10223 10224
f 10223 1201 10224
f 3134 2578 103
f 3134 10222 2578
f 10222 658 2578
f 10221 5469 1629
f 10221 3484 5469
f 3484 61 5469
f 10219 10221 1629
f 10219 10220 10221
f 10220 1564 10221
f 3491 3549 117
f 3491 10219 3549
f 10219 1629 3549
f 10218 5061 1221
f 10218 3542 5061
f 3542 75 5061
f 10216 10218 1221
f 10216 10217 10218
f 10217 1622 10218
f 3551 3141 131
f 3551 10216 3141
f 10216 1221 3141
f 10215 4860 1020
f 10215 3899 4860
f 3899 82 4860
f 10213 10215 1020
f 10213 10214 10215
f 10214 1979 10215
f 3909 2940 145
f 3909 10213 2940
f 10213 1020 2940
f 10212 4499 659
f 10212 2930 4499
f 2930 89 4499
f 10210 10212 659
f 10210 10211 10212
f 10211 1010 10212
f 2934 2579 104
f 2934 10210 2579
f 10210 659 2579
f 10209 6026 2186
f 10209 3134 6026
f 3134 103 6026
f 10207 10209 2186
f 10207 10208 10209
f 10208 1214 10209
f 3139 4106 118
f 3139 10207 4106
f 10207 2186 4106
f 10206 5472 1632
f 10206 3491 5472
f 3491 117 5472
f 10204 10206 1632
f 10204 10205 10206
f 10205 1571 10206
f 3492 3552 132
f 3492 10204 3552
f 10204 1632 3552
f 10203 5063 1223
f 10203 3551 5063
f 3551 131 5063
f 10201 10203 1223
f 10201 10202 10203
f 10202 1631 10203
f 3556 3143 146
f 3556 10201 3143
f 10201 1223 3143
f 10200 2985 1065
f 10200 3909 2985
f 3909 145 2985
f 10198 10200 1065
f 10198 10199 10200
f 10199 1989 10200
f 3901 4905 90
f 3901 10198 4905
f 10198 1065 4905
f 10197 6039 2199
f 10197 4113 6039
f 4113 159 6039
f 10195 10197 2199
f 10195 10196 10197
f 10196 2193 10197
f 4122 4119 194
f 4122 10195 4119
f 10195 2199 4119
f 10194 5839 1999
f 10194 4455 5839
f 4455 166 5839
f 10192 10194 1999
f 10192 10193 10194
f 10193 2535 10194
f 4468 3919 208
f 4468 10192 3919
f 10192 1999 3919
f 10191 5488 1648
f 10191 2591 5488
f 2591 173 5488
f 10189 10191 1648
f 10189 10190 10191
f 10190 671 10191
f 2598 3568 215
f 2598 10189 3568
f 10189 1648 3568
f 10188 5435 1595
f 10188 2949 5435
f 2949 180 5435
f 10186 10188 1595
f 10186 10187 10188
f 10187 1029 10188
f 2957 3515 222
f 2957 10186 3515
f 10186 1595 3515
f 10185 5165 1325
f 10185 3152 5165
f 3152 187 5165
f 10183 10185 1325
f 10183 10184 10185
f 10184 1232 10185
f 3154 3245 195
f 3154 10183 3245
f 10183 1325 3245
f 10182 3513 1593
f 10182 2599 3513
f 2599 216 3513
f 10180 10182 1593
f 10180 10181 10182
f 10181 679 10182
f 5427 5433 12
f 5427 10180 5433
f 10180 1593 5433
f 10179 2602 682
f 10179 4470 2602
f 4470 223 2602
f 10177 10179 682
f 10177 10178 10179
f 10178 2550 10179
f 4467 4522 201
f 4467 10177 4522
f 10177 682 4522
f 10176 4471 2551
f 10176 4125 4471
f 4125 224 4471
f 10174 10176 2551
f 10174 10175 10176
f 10175 2205 10176
f 4123 6391 200
f 4123 10174 6391
f 10174 2551 6391
f 10173 4127 2207
f 10173 3922 4127
f 3922 226 4127
f 10171 10173 2207
f 10171 10172 10173
f 10172 2002 10173
f 3917 6047 199
f 3917 10171 6047
f 10171 2207 6047
f 10170 3923 2003
f 10170 3570 3923
f 3570 229 3923
f 10168 10170 2003
f 10168 10169 10170
f 10169 1650 10170
f 3564 5843 198
f 3564 10168 5843
f 10168 2003 5843
f 10167 3572 1652
f 10167 3518 3572
f 3518 233 3572
f 10165 10167 1652
f 10165 10166 10167
f 10166 1598 10167
f 3505 5492 197
f 3505 10165 5492
f 10165 1652 5492
f 10164 3520 1600
f 10164 3165 3520
f 3165 238 3520
f 10162 10164 1600
f 10162 10163 10164
f 10163 1245 10164
f 3155 5440 196
f 3155 10162 5440
f 10162 1600 5440
f 10161 4323 2403
f 10161 2602 4323
f 2602 223 4323
f 10159 10161 2403
f 10159 10160 10161
f 10160 682 10161
f 2599 6243 216
f 2599 10159 6243
f 10159 2403 6243
f 10158 4469 2549
f 10158 4712 4469
f 4712 217 4469
f 10156 10158 2549
f 10156 10157 10158
f 10157 872 10158
f 6243 6389 216
f 6243 10156 6389
f 10156 2549 6389
f 10155 4080 2160
f 10155 4471 4080
f 4471 224 4080
f 10153 10155 2160
f 10153 10154 10155
f 10154 2551 10155
f 4470 6000 223
f 4470 10153 6000
f 10153 2160 6000
f 10152 4126 2206
f 10152 4472 4126
f 4472 225 4126
f 10150 10152 2206
f 10150 10151 10152
f 10151 2552 10152
f 6000 6046 223
f 6000 10150 6046
f 10150 2206 6046
f 10149 2603 683
f 10149 4126 2603
f 4126 225 2603
f 10147 10149 683
f 10147 10148 10149
f 10148 2206 10149
f 4712 4523 217
f 4712 10147 4523
f 10147 683 4523
f 10146 2601 681
f 10146 4878 2601
f 4878 218 2601
f 10144 10146 681
f 10144 10145 10146
f 10145 1038 10146
f 4523 4521 217
f 4523 10144 4521
f 10144 681 4521
f 10143 4473 2553
f 10143 4127 4473
f 4127 226 4473
f 10141 10143 2553
f 10141 10142 10143
f 10142 2207 10143
f 4125 6393 224
f 4125 10141 6393
f 10141 2553 6393
f 10140 4474 2554
f 10140 2959 4474
f 2959 227 4474
f 10138 10140 2554
f 10138 10139 10140
f 10139 1039 10140
f 6393 6394 224
f 6393 10138 6394
f 10138 2554 6394
f 10137 2604 684
f 10137 4474 2604
f 4474 227 2604
f 10135 10137 684
f 10135 10136 10137
f 10136 2554 10137
f 4472 4524 225
f 4472 10135 4524
f 10135 684 4524
f 10134 2605 685
f 10134 3160 2605
f 3160 228 2605
f 10132 10134 685
f 10132 10133 10134
f 10133 1240 10134
f 4524 4525 225
f 4524 10132 4525
f 10132 685 4525
f 10131 2960 1040
f 10131 2605 2960
f 2605 228 2960
f 10129 10131 1040
f 10129 10130 10131
f 10130 685 10131
f 4878 4880 218
f 4878 10129 4880
f 10129 1040 4880
f 10128 2956 1036
f 10128 5031 2956
f 5031 219 2956
f 10126 10128 1036
f 10126 10127 10128
f 10127 1191 10128
f 4880 4876 218
f 4880 10126 4876
f 10126 1036 4876
f 10125 2961 1041
f 10125 3923 2961
f 3923 229 2961
f 10123 10125 1041
f 10123 10124 10125
f 10124 2003 10125
f 3922 4881 226
f 3922 10123 4881
f 10123 1041 4881
f 10122 2962 1042
f 10122 3571 2962
f 3571 230 2962
f 10120 10122 1042
f 10120 10121 10122
f 10121 1651 10122
f 4881 4882 226
f 4881 10120 4882
f 10120 1042 4882
f 10119 3161 1241
f 10119 2962 3161
f 2962 230 3161
f 10117 10119 1241
f 10117 10118 10119
f 10118 1042 10119
f 2959 5081 227
f 2959 10117 5081
f 10117 1241 5081
f 10116 3162 1242
f 10116 3924 3162
f 3924 231 3162
f 10114 10116 1242
f 10114 10115 10116
f 10115 2004 10116
f 5081 5082 227
f 5081 10114 5082
f 10114 1242 5082
f 10113 3516 1596
f 10113 3162 3516
f 3162 231 3516
f 10111 10113 1596
f 10111 10112 10113
f 10112 1242 10113
f 3160 5436 228
f 3160 10111 5436
f 10111 1596 5436
f 10110 3517 1597
f 10110 4128 3517
f 4128 232 3517
f 10108 10110 1597
f 10108 10109 10110
f 10109 2208 10110
f 5436 5437 228
f 5436 10108 5437
f 10108 1597 5437
f 10107 3163 1243
f 10107 3517 3163
f 3517 232 3163
f 10105 10107 1243
f 10105 10106 10107
f 10106 1597 10107
f 5031 5083 219
f 5031 10105 5083
f 10105 1243 5083
f 10104 3159 1239
f 10104 5329 3159
f 5329 220 3159
f 10102 10104 1239
f 10102 10103 10104
f 10103 1489 10104
f 5083 5079 219
f 5083 10102 5079
f 10102 1239 5079
f 10101 3771 1851
f 10101 3572 3771
f 3572 233 3771
f 10099 10101 1851
f 10099 10100 10101
f 10100 1652 10101
f 3570 5691 229
f 3570 10099 5691
f 10099 1851 5691
f 10098 3573 1653
f 10098 2606 3573
f 2606 234 3573
f 10096 10098 1653
f 10096 10097 10098
f 10097 686 10098
f 5691 5493 229
f 5691 10096 5493
f 10096 1653 5493
f 10095 3925 2005
f 10095 3573 3925
f 3573 234 3925
f 10093 10095 2005
f 10093 10094 10095
f 10094 1653 10095
f 3571 5845 230
f 3571 10093 5845
f 10093 2005 5845
f 10092 3926 2006
f 10092 2963 3926
f 2963 235 3926
f 10090 10092 2006
f 10090 10091 10092
f 10091 1043 10092
f 5845 5846 230
f 5845 10090 5846
f 10090 2006 5846
f 10089 4129 2209
f 10089 3926 4129
f 3926 235 4129
f 10087 10089 2209
f 10087 10088 10089
f 10088 2006 10089
f 3924 6049 231
f 3924 10087 6049
f 10087 2209 6049
f 10086 4130 2210
f 10086 3164 4130
f 3164 236 4130
f 10084 10086 2210
f 10084 10085 10086
f 10085 1244 10086
f 6049 6050 231
f 6049 10084 6050
f 10084 2210 6050
f 10083 4475 2555
f 10083 4130 4475
f 4130 236 4475
f 10081 10083 2555
f 10081 10082 10083
f 10082 2210 10083
f 4128 6395 232
f 4128 10081 6395
f 10081 2555 6395
f 10080 4476 2556
f 10080 3519 4476
f 3519 237 4476
f 10078 10080 2556
f 10078 10079 10080
f 10079 1599 10080
f 6395 6396 232
f 6395 10078 6396
f 10078 2556 6396
f 10077 3419 1499
f 10077 4476 3419
f 4476 237 3419
f 10075 10077 1499
f 10075 10076 10077
f 10076 2556 10077
f 5329 5339 220
f 5329 10075 5339
f 10075 1499 5339
f 10074 3514 1594
f 10074 5494 3514
f 5494 221 3514
f 10072 10074 1594
f 10072 10073 10074
f 10073 1654 10074
f 5339 5434 220
f 5339 10072 5434
f 10072 1594 5434
f 10071 2607 687
f 10071 3520 2607
f 3520 238 2607
f 10069 10071 687
f 10069 10070 10071
f 10070 1600 10071
f 3518 4527 233
f 3518 10069 4527
f 10069 687 4527
f 10068 2608 688
f 10068 3927 2608
f 3927 239 2608
f 10066 10068 688
f 10066 10067 10068
f 10067 2007 10068
f 4527 4528 233
f 4527 10066 4528
f 10066 688 4528
f 10065 2966 1046
f 10065 2608 2966
f 2608 239 2966
f 10063 10065 1046
f 10063 10064 10065
f 10064 688 10065
f 2606 4886 234
f 2606 10063 4886
f 10063 1046 4886
f 10062 2967 1047
f 10062 4131 2967
f 4131 240 2967
f 10060 10062 1047
f 10060 10061 10062
f 10061 2211 10062
f 4886 4887 234
f 4886 10060 4887
f 10060 1047 4887
f 10059 3166 1246
f 10059 2967 3166
f 2967 240 3166
f 10057 10059 1246
f 10057 10058 10059
f 10058 1047 10059
f 2963 5086 235
f 2963 10057 5086
f 10057 1246 5086
f 10056 3167 1247
f 10056 4478 3167
f 4478 241 3167
f 10054 10056 1247
f 10054 10055 10056
f 10055 2558 10056
f 5086 5087 235
f 5086 10054 5087
f 10054 1247 5087
f 10053 3521 1601
f 10053 3167 3521
f 3167 241 3521
f 10051 10053 1601
f 10051 10052 10053
f 10052 1247 10053
f 3164 5441 236
f 3164 10051 5441
f 10051 1601 5441
f 10050 3522 1602
f 10050 2610 3522
f 2610 242 3522
f 10048 10050 1602
f 10048 10049 10050
f 10049 690 10050
f 5441 5442 236
f 5441 10048 5442
f 10048 1602 5442
f 10047 3575 1655
f 10047 3522 3575
f 3522 242 3575
f 10045 10047 1655
f 10045 10046 10047
f 10046 1602 10047
f 3519 5495 237
f 3519 10045 5495
f 10045 1655 5495
f 10044 3576 1656
f 10044 2968 3576
f 2968 243 3576
f 10042 10044 1656
f 10042 10043 10044
f 10043 1048 10044
f 5495 5496 237
f 5495 10042 5496
f 10042 1656 5496
f 10041 3768 1848
f 10041 3576 3768
f 3576 243 3768
f 10039 10041 1848
f 10039 10040 10041
f 10040 1656 10041
f 5494 5688 221
f 5494 10039 5688
f 10039 1848 5688
f 10038 3569 1649
f 10038 5849 3569
f 5849 222 3569
f 10036 10038 1649
f 10036 10037 10038
f 10037 2009 10038
f 5688 5489 221
f 5688 10036 5489
f 10036 1649 5489
f 10035 5017 1177
f 10035 5165 5017
f 5165 187 5017
f 10033 10035 1177
f 10033 10034 10035
f 10034 1325 10035
f 3165 3097 238
f 3165 10033 3097
f 10033 1177 3097
f 10032 4885 1045
f 10032 4871 4885
f 4871 186 4885
f 10030 10032 1045
f 10030 10031 10032
f 10031 1031 10032
f 3097 2965 238
f 3097 10030 2965
f 10030 1045 2965
f 10029 4958 1118
f 10029 4885 4958
f 4885 186 4958
f 10027 10029 1118
f 10027 10028 10029
f 10028 1045 10029
f 3927 3038 239
f 3927 10027 3038
f 10027 1118 3038
f 10026 4696 856
f 10026 4514 4696
f 4514 185 4696
f 10024 10026 856
f 10024 10025 10026
f 10025 674 10026
f 3038 2776 239
f 3038 10024 2776
f 10024 856 2776
f 10023 4529 689
f 10023 4696 4529
f 4696 185 4529
f 10021 10023 689
f 10021 10022 10023
f 10022 856 10023
f 4131 2609 240
f 4131 10021 2609
f 10021 689 2609
f 10020 6397 2557
f 10020 6381 6397
f 6381 184 6397
f 10018 10020 2557
f 10018 10019 10020
f 10019 2541 10020
f 2609 4477 240
f 2609 10018 4477
f 10018 2557 4477
f 10017 6226 2386
f 10017 6397 6226
f 6397 184 6226
f 10015 10017 2386
f 10015 10016 10017
f 10016 2557 10017
f 4478 4306 241
f 4478 10015 4306
f 10015 2386 4306
f 10014 6052 2212
f 10014 6038 6052
f 6038 183 6052
f 10012 10014 2212
f 10012 10013 10014
f 10013 2198 10014
f 4306 4132 241
f 4306 10012 4132
f 10012 2212 4132
f 10011 6053 2213
f 10011 6052 6053
f 6052 183 6053
f 10009 10011 2213
f 10009 10010 10011
f 10010 2212 10011
f 2610 4133 242
f 2610 10009 4133
f 10009 2213 4133
f 10008 5848 2008
f 10008 5835 5848
f 5835 182 5848
f 10006 10008 2008
f 10006 10007 10008
f 10007 1995 10008
f 4133 3928 242
f 4133 10006 3928
f 10006 2008 3928
f 10005 5917 2077
f 10005 5848 5917
f 5848 182 5917
f 10003 10005 2077
f 10003 10004 10005
f 10004 2008 10005
f 2968 3997 243
f 2968 10003 3997
f 10003 2077 3997
f 10002 5663 1823
f 10002 5482 5663
f 5482 181 5663
f 10000 10002 1823
f 10000 10001 10002
f 10001 1642 10002
f 3997 3743 243
f 3997 10000 3743
f 10000 1823 3743
f 9999 5614 1774
f 9999 5663 5614
f 5663 181 5614
f 9997 9999 1774
f 9997 9998 9999
f 9998 1823 9999
f 5849 3694 222
f 5849 9997 3694
f 9997 1774 3694
f 9996 4877 1037
f 9996 4870 4877
f 4870 10 4877
f 9994 9996 1037
f 9994 9995 9996
f 9995 1030 9996
f 3694 2957 222
f 3694 9994 2957
f 9994 1037 2957
f 9993 3510 1590
f 9993 4708 3510
f 4708 209 3510
f 9991 9993 1590
f 9991 9992 9993
f 9992 868 9993
f 5433 5430 12
f 5433 9991 5430
f 9991 1590 5430
f 9990 4479 2559
f 9990 2611 4479
f 2611 244 4479
f 9988 9990 2559
f 9988 9989 9990
f 9989 691 9990
f 6389 6399 216
f 6389 9988 6399
f 9988 2559 6399
f 9987 2612 692
f 9987 2970 2612
f 2970 245 2612
f 9985 9987 692
f 9985 9986 9987
f 9986 1050 9987
f 4521 4532 217
f 4521 9985 4532
f 9985 692 4532
f 9984 2972 1052
f 9984 3169 2972
f 3169 247 2972
f 9982 9984 1052
f 9982 9983 9984
f 9983 1249 9984
f 4876 4892 218
f 4876 9982 4892
f 9982 1052 4892
f 9981 3171 1251
f 9981 3526 3171
f 3526 250 3171
f 9979 9981 1251
f 9979 9980 9981
f 9980 1606 9981
f 5079 5091 219
f 5079 9979 5091
f 9979 1251 5091
f 9978 3528 1608
f 9978 3581 3528
f 3581 254 3528
f 9976 9978 1608
f 9976 9977 9978
f 9977 1661 9978
f 5434 5448 220
f 5434 9976 5448
f 9976 1608 5448
f 9975 3585 1665
f 9975 3774 3585
f 3774 259 3585
f 9973 9975 1665
f 9973 9974 9975
f 9974 1854 9975
f 5489 5505 221
f 5489 9973 5505
f 9973 1665 5505
f 9972 2797 877
f 9972 4479 2797
f 4479 244 2797
f 9970 9972 877
f 9970 9971 9972
f 9971 2559 9972
f 4708 4717 209
f 4708 9970 4717
f 9970 877 4717
f 9969 2597 677
f 9969 4889 2597
f 4889 210 2597
f 9967 9969 677
f 9967 9968 9969
f 9968 1049 9969
f 4717 4517 209
f 4717 9967 4517
f 9967 677 4517
f 9966 3523 1603
f 9966 2612 3523
f 2612 245 3523
f 9964 9966 1603
f 9964 9965 9966
f 9965 692 9966
f 2611 5443 244
f 2611 9964 5443
f 9964 1603 5443
f 9963 3524 1604
f 9963 3577 3524
f 3577 246 3524
f 9961 9963 1604
f 9961 9962 9963
f 9962 1657 9963
f 5443 5444 244
f 5443 9961 5444
f 9961 1604 5444
f 9960 2971 1051
f 9960 3524 2971
f 3524 246 2971
f 9958 9960 1051
f 9958 9959 9960
f 9959 1604 9960
f 4889 4891 210
f 4889 9958 4891
f 9958 1051 4891
f 9957 2955 1035
f 9957 5088 2955
f 5088 211 2955
f 9955 9957 1035
f 9955 9956 9957
f 9956 1248 9957
f 4891 4875 210
f 4891 9955 4875
f 9955 1035 4875
f 9954 3578 1658
f 9954 2972 3578
f 2972 247 3578
f 9952 9954 1658
f 9952 9953 9954
f 9953 1052 9954
f 2970 5498 245
f 2970 9952 5498
f 9952 1658 5498
f 9951 3579 1659
f 9951 4134 3579
f 4134 248 3579
f 9949 9951 1659
f 9949 9950 9951
f 9950 2214 9951
f 5498 5499 245
f 5498 9949 5499
f 9949 1659 5499
f 9948 3930 2010
f 9948 3579 3930
f 3579 248 3930
f 9946 9948 2010
f 9946 9947 9948
f 9947 1659 9948
f 3577 5850 246
f 3577 9946 5850
f 9946 2010 5850
f 9945 3931 2011
f 9945 4480 3931
f 4480 249 3931
f 9943 9945 2011
f 9943 9944 9945
f 9944 2560 9945
f 5850 5851 246
f 5850 9943 5851
f 9943 2011 5851
f 9942 3170 1250
f 9942 3931 3170
f 3931 249 3170
f 9940 9942 1250
f 9940 9941 9942
f 9941 2011 9942
f 5088 5090 211
f 5088 9940 5090
f 9940 1250 5090
f 9939 3157 1237
f 9939 5445 3157
f 5445 212 3157
f 9937 9939 1237
f 9937 9938 9939
f 9938 1605 9939
f 5090 5077 211
f 5090 9937 5077
f 9937 1237 5077
f 9936 4135 2215
f 9936 3171 4135
f 3171 250 4135
f 9934 9936 2215
f 9934 9935 9936
f 9935 1251 9936
f 3169 6055 247
f 3169 9934 6055
f 9934 2215 6055
f 9933 4136 2216
f 9933 2974 4136
f 2974 251 4136
f 9931 9933 2216
f 9931 9932 9933
f 9932 1054 9933
f 6055 6056 247
f 6055 9931 6056
f 9931 2216 6056
f 9930 4481 2561
f 9930 4136 4481
f 4136 251 4481
f 9928 9930 2561
f 9928 9929 9930
f 9929 2216 9930
f 4134 6401 248
f 4134 9928 6401
f 9928 2561 6401
f 9927 4482 2562
f 9927 3172 4482
f 3172 252 4482
f 9925 9927 2562
f 9925 9926 9927
f 9926 1252 9927
f 6401 6402 248
f 6401 9925 6402
f 9925 2562 6402
f 9924 2613 693
f 9924 4482 2613
f 4482 252 2613
f 9922 9924 693
f 9922 9923 9924
f 9923 2562 9924
f 4480 4533 249
f 4480 9922 4533
f 9922 693 4533
f 9921 2614 694
f 9921 3527 2614
f 3527 253 2614
f 9919 9921 694
f 9919 9920 9921
f 9920 1607 9921
f 4533 4534 249
f 4533 9919 4534
f 9919 694 4534
f 9918 3426 1506
f 9918 2614 3426
f 2614 253 3426
f 9916 9918 1506
f 9916 9917 9918
f 9917 694 9918
f 5445 5346 212
f 5445 9916 5346
f 9916 1506 5346
f 9915 3512 1592
f 9915 5500 3512
f 5500 213 3512
f 9913 9915 1592
f 9913 9914 9915
f 9914 1660 9915
f 5346 5432 212
f 5346 9913 5432
f 9913 1592 5432
f 9912 2975 1055
f 9912 3528 2975
f 3528 254 2975
f 9910 9912 1055
f 9910 9911 9912
f 9911 1608 9912
f 3526 4895 250
f 3526 9910 4895
f 9910 1055 4895
f 9909 2976 1056
f 9909 3932 2976
f 3932 255 2976
f 9907 9909 1056
f 9907 9908 9909
f 9908 2012 9909
f 4895 4896 250
f 4895 9907 4896
f 9907 1056 4896
f 9906 3173 1253
f 9906 2976 3173
f 2976 255 3173
f 9904 9906 1253
f 9904 9905 9906
f 9905 1056 9906
f 2974 5093 251
f 2974 9904 5093
f 9904 1253 5093
f 9903 3174 1254
f 9903 4137 3174
f 4137 256 3174
f 9901 9903 1254
f 9901 9902 9903
f 9902 2217 9903
f 5093 5094 251
f 5093 9901 5094
f 9901 1254 5094
f 9900 3529 1609
f 9900 3174 3529
f 3174 256 3529
f 9898 9900 1609
f 9898 9899 9900
f 9899 1254 9900
f 3172 5449 252
f 3172 9898 5449
f 9898 1609 5449
f 9897 3363 1443
f 9897 4316 3363
f 4316 257 3363
f 9895 9897 1443
f 9895 9896 9897
f 9896 2396 9897
f 5449 5283 252
f 5449 9895 5283
f 9895 1443 5283
f 9894 3583 1663
f 9894 3363 3583
f 3363 257 3583
f 9892 9894 1663
f 9892 9893 9894
f 9893 1443 9894
f 3527 5503 253
f 3527 9892 5503
f 9892 1663 5503
f 9891 3584 1664
f 9891 2615 3584
f 2615 258 3584
f 9889 9891 1664
f 9889 9890 9891
f 9890 695 9891
f 5503 5504 253
f 5503 9889 5504
f 9889 1664 5504
f 9888 3770 1850
f 9888 3584 3770
f 3584 258 3770
f 9886 9888 1850
f 9886 9887 9888
f 9887 1664 9888
f 5500 5690 213
f 5500 9886 5690
f 9886 1850 5690
f 9885 3567 1647
f 9885 5693 3567
f 5693 214 3567
f 9883 9885 1647
f 9883 9884 9885
f 9884 1853 9885
f 5690 5487 213
f 5690 9883 5487
f 9883 1647 5487
f 9882 4009 2089
f 9882 3585 4009
f 3585 259 4009
f 9880 9882 2089
f 9880 9881 9882
f 9881 1665 9882
f 3581 5929 254
f 3581 9880 5929
f 9880 2089 5929
f 9879 3775 1855
f 9879 3176 3775
f 3176 260 3775
f 9877 9879 1855
f 9877 9878 9879
f 9878 1256 9879
f 5929 5695 254
f 5929 9877 5695
f 9877 1855 5695
f 9876 4138 2218
f 9876 3775 4138
f 3775 260 4138
f 9874 9876 2218
f 9874 9875 9876
f 9875 1855 9876
f 3932 6058 255
f 3932 9874 6058
f 9874 2218 6058
f 9873 4139 2219
f 9873 3365 4139
f 3365 261 4139
f 9871 9873 2219
f 9871 9872 9873
f 9872 1445 9873
f 6058 6059 255
f 6058 9871 6059
f 9871 2219 6059
f 9870 4317 2397
f 9870 4139 4317
f 4139 261 4317
f 9868 9870 2397
f 9868 9869 9870
f 9869 2219 9870
f 4137 6237 256
f 4137 9868 6237
f 9868 2397 6237
f 9867 4318 2398
f 9867 3586 4318
f 3586 262 4318
f 9865 9867 2398
f 9865 9866 9867
f 9866 1666 9867
f 6237 6238 256
f 6237 9865 6238
f 9865 2398 6238
f 9864 2617 697
f 9864 4318 2617
f 4318 262 2617
f 9862 9864 697
f 9862 9863 9864
f 9863 2398 9864
f 4316 4537 257
f 4316 9862 4537
f 9862 697 4537
f 9861 2618 698
f 9861 3776 2618
f 3776 263 2618
f 9859 9861 698
f 9859 9860 9861
f 9860 1856 9861
f 4537 4538 257
f 4537 9859 4538
f 9859 698 4538
f 9858 2807 887
f 9858 2618 2807
f 2618 263 2807
f 9856 9858 887
f 9856 9857 9858
f 9857 698 9858
f 2615 4727 258
f 2615 9856 4727
f 9856 887 4727
f 9855 2808 888
f 9855 4141 2808
f 4141 264 2808
f 9853 9855 888
f 9853 9854 9855
f 9854 2221 9855
f 4727 4728 258
f 4727 9853 4728
f 9853 888 4728
f 9852 3777 1857
f 9852 2808 3777
f 2808 264 3777
f 9850 9852 1857
f 9850 9851 9852
f 9851 888 9852
f 5693 5697 214
f 5693 9850 5697
f 9850 1857 5697
f 9849 3921 2001
f 9849 6006 3921
f 6006 215 3921
f 9847 9849 2001
f 9847 9848 9849
f 9848 2166 9849
f 5697 5841 214
f 5697 9847 5841
f 9847 2001 5841
f 9846 5284 1444
f 9846 5435 5284
f 5435 180 5284
f 9844 9846 1444
f 9844 9845 9846
f 9845 1595 9846
f 3774 3364 259
f 3774 9844 3364
f 9844 1444 3364
f 9843 5095 1255
f 9843 5070 5095
f 5070 179 5095
f 9841 9843 1255
f 9841 9842 9843
f 9842 1230 9843
f 3364 3175 259
f 3364 9841 3175
f 9841 1255 3175
f 9840 5023 1183
f 9840 5095 5023
f 5095 179 5023
f 9838 9840 1183
f 9838 9839 9840
f 9839 1255 9840
f 3176 3103 260
f 3176 9838 3103
f 9838 1183 3103
f 9837 4725 885
f 9837 4868 4725
f 4868 178 4725
f 9835 9837 885
f 9835 9836 9837
f 9836 1028 9837
f 3103 2805 260
f 3103 9835 2805
f 9835 885 2805
f 9834 4726 886
f 9834 4725 4726
f 4725 178 4726
f 9832 9834 886
f 9832 9833 9834
f 9833 885 9834
f 3365 2806 261
f 3365 9832 2806
f 9832 886 2806
f 9831 4536 696
f 9831 4513 4536
f 4513 177 4536
f 9829 9831 696
f 9829 9830 9831
f 9830 673 9831
f 2806 2616 261
f 2806 9829 2616
f 9829 696 2616
f 9828 4707 867
f 9828 4536 4707
f 4536 177 4707
f 9826 9828 867
f 9826 9827 9828
f 9827 696 9828
f 3586 2787 262
f 3586 9826 2787
f 9826 867 2787
f 9825 6371 2531
f 9825 6378 6371
f 6378 176 6371
f 9823 9825 2531
f 9823 9824 9825
f 9824 2538 9825
f 2787 4451 262
f 2787 9823 4451
f 9823 2531 4451
f 9822 6239 2399
f 9822 6371 6239
f 6371 176 6239
f 9820 9822 2399
f 9820 9821 9822
f 9821 2531 9822
f 3776 4319 263
f 3776 9820 4319
f 9820 2399 4319
f 9819 6060 2220
f 9819 6037 6060
f 6037 175 6060
f 9817 9819 2220
f 9817 9818 9819
f 9818 2197 9819
f 4319 4140 263
f 4319 9817 4140
f 9817 2220 4140
f 9816 5989 2149
f 9816 6060 5989
f 6060 175 5989
f 9814 9816 2149
f 9814 9815 9816
f 9815 2220 9816
f 4141 4069 264
f 4141 9814 4069
f 9814 2149 4069
f 9813 5826 1986
f 9813 5834 5826
f 5834 174 5826
f 9811 9813 1986
f 9811 9812 9813
f 9812 1994 9813
f 4069 3906 264
f 4069 9811 3906
f 9811 1986 3906
f 9810 5865 2025
f 9810 5826 5865
f 5826 174 5865
f 9808 9810 2025
f 9808 9809 9810
f 9809 1986 9810
f 6006 3945 215
f 6006 9808 3945
f 9808 2025 3945
f 9807 4518 678
f 9807 4512 4518
f 4512 9 4518
f 9805 9807 678
f 9805 9806 9807
f 9806 672 9807
f 3945 2598 215
f 3945 9805 2598
f 9805 678 2598
f 9804 3508 1588
f 9804 4874 3508
f 4874 202 3508
f 9802 9804 1588
f 9802 9803 9804
f 9803 1034 9804
f 5430 5428 12
f 5430 9802 5428
f 9802 1588 5428
f 9801 2619 699
f 9801 2809 2619
f 2809 265 2619
f 9799 9801 699
f 9799 9800 9801
f 9800 889 9801
f 4517 4539 209
f 4517 9799 4539
f 9799 699 4539
f 9798 2810 890
f 9798 3178 2810
f 3178 266 2810
f 9796 9798 890
f 9796 9797 9798
f 9797 1258 9798
f 4875 4730 210
f 4875 9796 4730
f 9796 890 4730
f 9795 3180 1260
f 9795 3368 3180
f 3368 268 3180
f 9793 9795 1260
f 9793 9794 9795
f 9794 1448 9795
f 5077 5100 211
f 5077 9793 5100
f 9793 1260 5100
f 9792 3371 1451
f 9792 3588 3371
f 3588 271 3371
f 9790 9792 1451
f 9790 9791 9792
f 9791 1668 9792
f 5432 5291 212
f 5432 9790 5291
f 9790 1451 5291
f 9789 3592 1672
f 9789 3780 3592
f 3780 275 3592
f 9787 9789 1672
f 9787 9788 9789
f 9788 1860 9789
f 5487 5512 213
f 5487 9787 5512
f 9787 1672 5512
f 9786 3782 1862
f 9786 4147 3782
f 4147 280 3782
f 9784 9786 1862
f 9784 9785 9786
f 9785 2227 9786
f 5841 5702 214
f 5841 9784 5702
f 9784 1862 5702
f 9783 2982 1062
f 9783 2619 2982
f 2619 265 2982
f 9781 9783 1062
f 9781 9782 9783
f 9782 699 9783
f 4874 4902 202
f 4874 9781 4902
f 9781 1062 4902
f 9780 2953 1033
f 9780 5097 2953
f 5097 203 2953
f 9778 9780 1033
f 9778 9779 9780
f 9779 1257 9780
f 4902 4873 202
f 4902 9778 4873
f 9778 1033 4873
f 9777 2620 700
f 9777 2810 2620
f 2810 266 2620
f 9775 9777 700
f 9775 9776 9777
f 9776 890 9777
f 2809 4540 265
f 2809 9775 4540
f 9775 700 4540
f 9774 2621 701
f 9774 2811 2621
f 2811 267 2621
f 9772 9774 701
f 9772 9773 9774
f 9773 891 9774
f 4540 4541 265
f 4540 9772 4541
f 9772 701 4541
f 9771 3179 1259
f 9771 2621 3179
f 2621 267 3179
f 9769 9771 1259
f 9769 9770 9771
f 9770 701 9771
f 5097 5099 203
f 5097 9769 5099
f 9769 1259 5099
f 9768 3156 1236
f 9768 5287 3156
f 5287 204 3156
f 9766 9768 1236
f 9766 9767 9768
f 9767 1447 9768
f 5099 5076 203
f 5099 9766 5076
f 9766 1236 5076
f 9765 2812 892
f 9765 3180 2812
f 3180 268 2812
f 9763 9765 892
f 9763 9764 9765
f 9764 1260 9765
f 3178 4732 266
f 3178 9763 4732
f 9763 892 4732
f 9762 2813 893
f 9762 3369 2813
f 3369 269 2813
f 9760 9762 893
f 9760 9761 9762
f 9761 1449 9762
f 4732 4733 266
f 4732 9760 4733
f 9760 893 4733
f 9759 3181 1261
f 9759 2813 3181
f 2813 269 3181
f 9757 9759 1261
f 9757 9758 9759
f 9758 893 9759
f 2811 5101 267
f 2811 9757 5101
f 9757 1261 5101
f 9756 3182 1262
f 9756 3587 3182
f 3587 270 3182
f 9754 9756 1262
f 9754 9755 9756
f 9755 1667 9756
f 5101 5102 267
f 5101 9754 5102
f 9754 1262 5102
f 9753 3370 1450
f 9753 3182 3370
f 3182 270 3370
f 9751 9753 1450
f 9751 9752 9753
f 9752 1262 9753
f 5287 5290 204
f 5287 9751 5290
f 9751 1450 5290
f 9750 3509 1589
f 9750 5689 3509
f 5689 205 3509
f 9748 9750 1589
f 9748 9749 9750
f 9749 1849 9750
f 5290 5429 204
f 5290 9748 5429
f 9748 1589 5429
f 9747 3430 1510
f 9747 3371 3430
f 3371 271 3430
f 9745 9747 1510
f 9745 9746 9747
f 9746 1451 9747
f 3368 5350 268
f 3368 9745 5350
f 9745 1510 5350
f 9744 3372 1452
f 9744 4143 3372
f 4143 272 3372
f 9742 9744 1452
f 9742 9743 9744
f 9743 2223 9744
f 5350 5292 268
f 5350 9742 5292
f 9742 1452 5292
f 9741 3589 1669
f 9741 3372 3589
f 3372 272 3589
f 9739 9741 1669
f 9739 9740 9741
f 9740 1452 9741
f 3369 5509 269
f 3369 9739 5509
f 9739 1669 5509
f 9738 3590 1670
f 9738 4320 3590
f 4320 273 3590
f 9736 9738 1670
f 9736 9737 9738
f 9737 2400 9738
f 5509 5510 269
f 5509 9736 5510
f 9736 1670 5510
f 9735 3778 1858
f 9735 3590 3778
f 3590 273 3778
f 9733 9735 1858
f 9733 9734 9735
f 9734 1670 9735
f 3587 5698 270
f 3587 9733 5698
f 9733 1858 5698
f 9732 3779 1859
f 9732 2622 3779
f 2622 274 3779
f 9730 9732 1859
f 9730 9731 9732
f 9731 702 9732
f 5698 5699 270
f 5698 9730 5699
f 9730 1859 5699
f 9729 3591 1671
f 9729 3779 3591
f 3779 274 3591
f 9727 9729 1671
f 9727 9728 9729
f 9728 1859 9729
f 5689 5511 205
f 5689 9727 5511
f 9727 1671 5511
f 9726 3565 1645
f 9726 5866 3565
f 5866 206 3565
f 9724 9726 1645
f 9724 9725 9726
f 9725 2026 9726
f 5511 5485 205
f 5511 9724 5485
f 9724 1645 5485
f 9723 4144 2224
f 9723 3592 4144
f 3592 275 4144
f 9721 9723 2224
f 9721 9722 9723
f 9722 1672 9723
f 3588 6064 271
f 3588 9721 6064
f 9721 2224 6064
f 9720 4145 2225
f 9720 3183 4145
f 3183 276 4145
f 9718 9720 2225
f 9718 9719 9720
f 9719 1263 9720
f 6064 6065 271
f 6064 9718 6065
f 9718 2225 6065
f 9717 4321 2401
f 9717 4145 4321
f 4145 276 4321
f 9715 9717 2401
f 9715 9716 9717
f 9716 2225 9717
f 4143 6241 272
f 4143 9715 6241
f 9715 2401 6241
f 9714 4322 2402
f 9714 3373 4322
f 3373 277 4322
f 9712 9714 2402
f 9712 9713 9714
f 9713 1453 9714
f 6241 6242 272
f 6241 9712 6242
f 9712 2402 6242
f 9711 2623 703
f 9711 4322 2623
f 4322 277 2623
f 9709 9711 703
f 9709 9710 9711
f 9710 2402 9711
f 4320 4543 273
f 4320 9709 4543
f 9709 703 4543
f 9708 2624 704
f 9708 3593 2624
f 3593 278 2624
f 9706 9708 704
f 9706 9707 9708
f 9707 1673 9708
f 4543 4544 273
f 4543 9706 4544
f 9706 704 4544
f 9705 2814 894
f 9705 2624 2814
f 2624 278 2814
f 9703 9705 894
f 9703 9704 9705
f 9704 704 9705
f 2622 4734 274
f 2622 9703 4734
f 9703 894 4734
f 9702 2815 895
f 9702 3781 2815
f 3781 279 2815
f 9700 9702 895
f 9700 9701 9702
f 9701 1861 9702
f 4734 4735 274
f 4734 9700 4735
f 9700 895 4735
f 9699 3947 2027
f 9699 2815 3947
f 2815 279 3947
f 9697 9699 2027
f 9697 9698 9699
f 9698 895 9699
f 5866 5867 206
f 5866 9697 5867
f 9697 2027 5867
f 9696 3918 1998
f 9696 6066 3918
f 6066 207 3918
f 9694 9696 1998
f 9694 9695 9696
f 9695 2226 9696
f 5867 5838 206
f 5867 9694 5838
f 9694 1998 5838
f 9693 3184 1264
f 9693 3782 3184
f 3782 280 3184
f 9691 9693 1264
f 9691 9692 9693
f 9692 1862 9693
f 3780 5104 275
f 3780 9691 5104
f 9691 1264 5104
f 9690 3185 1265
f 9690 4324 3185
f 4324 281 3185
f 9688 9690 1265
f 9688 9689 9690
f 9689 2404 9690
f 5104 5105 275
f 5104 9688 5105
f 9688 1265 5105
f 9687 3375 1455
f 9687 3185 3375
f 3185 281 3375
f 9685 9687 1455
f 9685 9686 9687
f 9686 1265 9687
f 3183 5295 276
f 3183 9685 5295
f 9685 1455 5295
f 9684 3376 1456
f 9684 2625 3376
f 2625 282 3376
f 9682 9684 1456
f 9682 9683 9684
f 9683 705 9684
f 5295 5296 276
f 5295 9682 5296
f 9682 1456 5296
f 9681 3595 1675
f 9681 3376 3595
f 3376 282 3595
f 9679 9681 1675
f 9679 9680 9681
f 9680 1456 9681
f 3373 5515 277
f 3373 9679 5515
f 9679 1675 5515
f 9678 3596 1676
f 9678 2817 3596
f 2817 283 3596
f 9676 9678 1676
f 9676 9677 9678
f 9677 897 9678
f 5515 5516 277
f 5515 9676 5516
f 9676 1676 5516
f 9675 3783 1863
f 9675 3596 3783
f 3596 283 3783
f 9673 9675 1863
f 9673 9674 9675
f 9674 1676 9675
f 3593 5703 278
f 3593 9673 5703
f 9673 1863 5703
f 9672 3784 1864
f 9672 3187 3784
f 3187 284 3784
f 9670 9672 1864
f 9670 9671 9672
f 9671 1267 9672
f 5703 5704 278
f 5703 9670 5704
f 9670 1864 5704
f 9669 4148 2228
f 9669 3784 4148
f 3784 284 4148
f 9667 9669 2228
f 9667 9668 9669
f 9668 1864 9669
f 3781 6068 279
f 3781 9667 6068
f 9667 2228 6068
f 9666 4149 2229
f 9666 3377 4149
f 3377 285 4149
f 9664 9666 2229
f 9664 9665 9666
f 9665 1457 9666
f 6068 6069 279
f 6068 9664 6069
f 9664 2229 6069
f 9663 4088 2168
f 9663 4149 4088
f 4149 285 4088
f 9661 9663 2168
f 9661 9662 9663
f 9662 2229 9663
f 6066 6008 207
f 6066 9661 6008
f 9661 2168 6008
f 9660 4124 2204
f 9660 6246 4124
f 6246 208 4124
f 9658 9660 2204
f 9658 9659 9660
f 9659 2406 9660
f 6008 6044 207
f 6008 9658 6044
f 9658 2204 6044
f 9657 5514 1674
f 9657 5488 5514
f 5488 173 5514
f 9655 9657 1674
f 9655 9656 9657
f 9656 1648 9657
f 4147 3594 280
f 4147 9655 3594
f 9655 1674 3594
f 9654 5294 1454
f 9654 5421 5294
f 5421 172 5294
f 9652 9654 1454
f 9652 9653 9654
f 9653 1581 9654
f 3594 3374 280
f 3594 9652 3374
f 9652 1454 3374
f 9651 5397 1557
f 9651 5294 5397
f 5294 172 5397
f 9649 9651 1557
f 9649 9650 9651
f 9650 1454 9651
f 4324 3477 281
f 4324 9649 3477
f 9649 1557 3477
f 9648 5025 1185
f 9648 5069 5025
f 5069 171 5025
f 9646 9648 1185
f 9646 9647 9648
f 9647 1229 9648
f 3477 3105 281
f 3477 9646 3105
f 9646 1185 3105
f 9645 5106 1266
f 9645 5025 5106
f 5025 171 5106
f 9643 9645 1266
f 9643 9644 9645
f 9644 1185 9645
f 2625 3186 282
f 2625 9643 3186
f 9643 1266 3186
f 9642 4736 896
f 9642 4866 4736
f 4866 170 4736
f 9640 9642 896
f 9640 9641 9642
f 9641 1026 9642
f 3186 2816 282
f 3186 9640 2816
f 9640 896 2816
f 9639 4872 1032
f 9639 4736 4872
f 4736 170 4872
f 9637 9639 1032
f 9637 9638 9639
f 9638 896 9639
f 2817 2952 283
f 2817 9637 2952
f 9637 1032 2952
f 9636 4546 706
f 9636 4510 4546
f 4510 169 4546
f 9634 9636 706
f 9634 9635 9636
f 9635 670 9636
f 2952 2626 283
f 2952 9634 2626
f 9634 706 2626
f 9633 4547 707
f 9633 4546 4547
f 4546 169 4547
f 9631 9633 707
f 9631 9632 9633
f 9632 706 9633
f 3187 2627 284
f 3187 9631 2627
f 9631 707 2627
f 9630 6245 2405
f 9630 6377 6245
f 6377 168 6245
f 9628 9630 2405
f 9628 9629 9630
f 9629 2537 9630
f 2627 4325 284
f 2627 9628 4325
f 9628 2405 4325
f 9627 6383 2543
f 9627 6245 6383
f 6245 168 6383
f 9625 9627 2543
f 9625 9626 9627
f 9626 2405 9627
f 3377 4463 285
f 3377 9625 4463
f 9625 2543 4463
f 9624 5991 2151
f 9624 6036 5991
f 6036 167 5991
f 9622 9624 2151
f 9622 9623 9624
f 9623 2196 9624
f 4463 4071 285
f 4463 9622 4071
f 9622 2151 4071
f 9621 6088 2248
f 9621 5991 6088
f 5991 167 6088
f 9619 9621 2248
f 9619 9620 9621
f 9620 2151 9621
f 6246 4168 208
f 6246 9619 4168
f 9619 2248 4168
f 9618 6388 2548
f 9618 6376 6388
f 6376 8 6388
f 9616 9618 2548
f 9616 9617 9618
f 9617 2536 9618
f 4168 4468 208
f 4168 9616 4468
f 9616 2548 4468
f 9615 3502 1582
f 9615 5221 3502
f 5221 188 3502
f 9613 9615 1582
f 9613 9614 9615
f 9614 1381 9615
f 5428 5422 12
f 5428 9613 5422
f 9613 1582 5422
f 9612 2818 898
f 9612 3188 2818
f 3188 286 2818
f 9610 9612 898
f 9610 9611 9612
f 9611 1268 9612
f 4873 4738 202
f 4873 9610 4738
f 9610 898 4738
f 9609 3189 1269
f 9609 3379 3189
f 3379 287 3189
f 9607 9609 1269
f 9607 9608 9609
f 9608 1459 9609
f 5076 5109 203
f 5076 9607 5109
f 9607 1269 5109
f 9606 3380 1460
f 9606 3599 3380
f 3599 289 3380
f 9604 9606 1460
f 9604 9605 9606
f 9605 1679 9606
f 5429 5300 204
f 5429 9604 5300
f 9604 1460 5300
f 9603 3600 1680
f 9603 3788 3600
f 3788 292 3600
f 9601 9603 1680
f 9601 9602 9603
f 9602 1868 9603
f 5485 5520 205
f 5485 9601 5520
f 9601 1680 5520
f 9600 3790 1870
f 9600 4155 3790
f 4155 296 3790
f 9598 9600 1870
f 9598 9599 9600
f 9599 2235 9600
f 5838 5710 206
f 5838 9598 5710
f 9598 1870 5710
f 9597 4158 2238
f 9597 4334 4158
f 4334 301 4158
f 9595 9597 2238
f 9595 9596 9597
f 9596 2414 9597
f 6044 6078 207
f 6044 9595 6078
f 9595 2238 6078
f 9594 3378 1458
f 9594 2818 3378
f 2818 286 3378
f 9592 9594 1458
f 9592 9593 9594
f 9593 898 9594
f 5221 5298 188
f 5221 9592 5298
f 9592 1458 5298
f 9591 3503 1583
f 9591 5517 3503
f 5517 189 3503
f 9589 9591 1583
f 9589 9590 9591
f 9590 1677 9591
f 5298 5423 188
f 5298 9589 5423
f 9589 1583 5423
f 9588 3785 1865
f 9588 3189 3785
f 3189 287 3785
f 9586 9588 1865
f 9586 9587 9588
f 9587 1269 9588
f 3188 5705 286
f 3188 9586 5705
f 9586 1865 5705
f 9585 3786 1866
f 9585 4150 3786
f 4150 288 3786
f 9583 9585 1866
f 9583 9584 9585
f 9584 2230 9585
f 5705 5706 286
f 5705 9583 5706
f 9583 1866 5706
f 9582 3598 1678
f 9582 3786 3598
f 3786 288 3598
f 9580 9582 1678
f 9580 9581 9582
f 9581 1866 9582
f 5517 5518 189
f 5517 9580 5518
f 9580 1678 5518
f 9579 3563 1643
f 9579 5864 3563
f 5864 190 3563
f 9577 9579 1643
f 9577 9578 9579
f 9578 2024 9579
f 5518 5483 189
f 5518 9577 5483
f 9577 1643 5483
f 9576 4151 2231
f 9576 3380 4151
f 3380 289 4151
f 9574 9576 2231
f 9574 9575 9576
f 9575 1460 9576
f 3379 6071 287
f 3379 9574 6071
f 9574 2231 6071
f 9573 4152 2232
f 9573 2628 4152
f 2628 290 4152
f 9571 9573 2232
f 9571 9572 9573
f 9572 708 9573
f 6071 6072 287
f 6071 9571 6072
f 9571 2232 6072
f 9570 4327 2407
f 9570 4152 4327
f 4152 290 4327
f 9568 9570 2407
f 9568 9569 9570
f 9569 2232 9570
f 4150 6247 288
f 4150 9568 6247
f 9568 2407 6247
f 9567 4328 2408
f 9567 2819 4328
f 2819 291 4328
f 9565 9567 2408
f 9565 9566 9567
f 9566 899 9567
f 6247 6248 288
f 6247 9565 6248
f 9565 2408 6248
f 9564 3787 1867
f 9564 4328 3787
f 4328 291 3787
f 9562 9564 1867
f 9562 9563 9564
f 9563 2408 9564
f 5864 5707 190
f 5864 9562 5707
f 9562 1867 5707
f 9561 3916 1996
f 9561 6073 3916
f 6073 191 3916
f 9559 9561 1996
f 9559 9560 9561
f 9560 2233 9561
f 5707 5836 190
f 5707 9559 5836
f 9559 1996 5836
f 9558 2629 709
f 9558 3600 2629
f 3600 292 2629
f 9556 9558 709
f 9556 9557 9558
f 9557 1680 9558
f 3599 4549 289
f 3599 9556 4549
f 9556 709 4549
f 9555 2630 710
f 9555 3381 2630
f 3381 293 2630
f 9553 9555 710
f 9553 9554 9555
f 9554 1461 9555
f 4549 4550 289
f 4549 9553 4550
f 9553 710 4550
f 9552 2820 900
f 9552 2630 2820
f 2630 293 2820
f 9550 9552 900
f 9550 9551 9552
f 9551 710 9552
f 2628 4740 290
f 2628 9550 4740
f 9550 900 4740
f 9549 2821 901
f 9549 3601 2821
f 3601 294 2821
f 9547 9549 901
f 9547 9548 9549
f 9548 1681 9549
f 4740 4741 290
f 4740 9547 4741
f 9547 901 4741
f 9546 3190 1270
f 9546 2821 3190
f 2821 294 3190
f 9544 9546 1270
f 9544 9545 9546
f 9545 901 9546
f 2819 5110 291
f 2819 9544 5110
f 9544 1270 5110
f 9543 3191 1271
f 9543 3789 3191
f 3789 295 3191
f 9541 9543 1271
f 9541 9542 9543
f 9542 1869 9543
f 5110 5111 291
f 5110 9541 5111
f 9541 1271 5111
f 9540 4154 2234
f 9540 3191 4154
f 3191 295 4154
f 9538 9540 2234
f 9538 9539 9540
f 9539 1271 9540
f 6073 6074 191
f 6073 9538 6074
f 9538 2234 6074
f 9537 4121 2201
f 9537 6249 4121
f 6249 192 4121
f 9535 9537 2201
f 9535 9536 9537
f 9536 2409 9537
f 6074 6041 191
f 6074 9535 6041
f 9535 2201 6041
f 9534 3382 1462
f 9534 3790 3382
f 3790 296 3382
f 9532 9534 1462
f 9532 9533 9534
f 9533 1870 9534
f 3788 5302 292
f 3788 9532 5302
f 9532 1462 5302
f 9531 3383 1463
f 9531 4331 3383
f 4331 297 3383
f 9529 9531 1463
f 9529 9530 9531
f 9530 2411 9531
f 5302 5303 292
f 5302 9529 5303
f 9529 1463 5303
f 9528 3602 1682
f 9528 3383 3602
f 3383 297 3602
f 9526 9528 1682
f 9526 9527 9528
f 9527 1463 9528
f 3381 5522 293
f 3381 9526 5522
f 9526 1682 5522
f 9525 3603 1683
f 9525 2631 3603
f 2631 298 3603
f 9523 9525 1683
f 9523 9524 9525
f 9524 711 9525
f 5522 5523 293
f 5522 9523 5523
f 9523 1683 5523
f 9522 3791 1871
f 9522 3603 3791
f 3603 298 3791
f 9520 9522 1871
f 9520 9521 9522
f 9521 1683 9522
f 3601 5711 294
f 3601 9520 5711
f 9520 1871 5711
f 9519 3792 1872
f 9519 2822 3792
f 2822 299 3792
f 9517 9519 1872
f 9517 9518 9519
f 9518 902 9519
f 5711 5712 294
f 5711 9517 5712
f 9517 1872 5712
f 9516 4156 2236
f 9516 3792 4156
f 3792 299 4156
f 9514 9516 2236
f 9514 9515 9516
f 9515 1872 9516
f 3789 6076 295
f 3789 9514 6076
f 9514 2236 6076
f 9513 4157 2237
f 9513 3192 4157
f 3192 300 4157
f 9511 9513 2237
f 9511 9512 9513
f 9512 1272 9513
f 6076 6077 295
f 6076 9511 6077
f 9511 2237 6077
f 9510 4333 2413
f 9510 4157 4333
f 4157 300 4333
f 9508 9510 2413
f 9508 9509 9510
f 9509 2237 9510
f 6249 6253 192
f 6249 9508 6253
f 9508 2413 6253
f 9507 4464 2544
f 9507 4552 4464
f 4552 193 4464
f 9505 9507 2544
f 9505 9506 9507
f 9506 712 9507
f 6253 6384 192
f 6253 9505 6384
f 9505 2544 6384
f 9504 4252 2332
f 9504 4158 4252
f 4158 301 4252
f 9502 9504 2332
f 9502 9503 9504
f 9503 2238 9504
f 4155 6172 296
f 4155 9502 6172
f 9502 2332 6172
f 9501 4335 2415
f 9501 3605 4335
f 3605 302 4335
f 9499 9501 2415
f 9499 9500 9501
f 9500 1685 9501
f 6172 6255 296
f 6172 9499 6255
f 9499 2415 6255
f 9498 2633 713
f 9498 4335 2633
f 4335 302 2633
f 9496 9498 713
f 9496 9497 9498
f 9497 2415 9498
f 4331 4553 297
f 4331 9496 4553
f 9496 713 4553
f 9495 2634 714
f 9495 3795 2634
f 3795 303 2634
f 9493 9495 714
f 9493 9494 9495
f 9494 1875 9495
f 4553 4554 297
f 4553 9493 4554
f 9493 714 4554
f 9492 2823 903
f 9492 2634 2823
f 2634 303 2823
f 9490 9492 903
f 9490 9491 9492
f 9491 714 9492
f 2631 4743 298
f 2631 9490 4743
f 9490 903 4743
f 9489 2824 904
f 9489 4159 2824
f 4159 304 2824
f 9487 9489 904
f 9487 9488 9489
f 9488 2239 9489
f 4743 4744 298
f 4743 9487 4744
f 9487 904 4744
f 9486 3194 1274
f 9486 2824 3194
f 2824 304 3194
f 9484 9486 1274
f 9484 9485 9486
f 9485 904 9486
f 2822 5114 299
f 2822 9484 5114
f 9484 1274 5114
f 9483 3195 1275
f 9483 4336 3195
f 4336 305 3195
f 9481 9483 1275
f 9481 9482 9483
f 9482 2416 9483
f 5114 5115 299
f 5114 9481 5115
f 9481 1275 5115
f 9480 3386 1466
f 9480 3195 3386
f 3195 305 3386
f 9478 9480 1466
f 9478 9479 9480
f 9479 1275 9480
f 3192 5306 300
f 3192 9478 5306
f 9478 1466 5306
f 9477 3387 1467
f 9477 2636 3387
f 2636 306 3387
f 9475 9477 1467
f 9475 9476 9477
f 9476 716 9477
f 5306 5307 300
f 5306 9475 5307
f 9475 1467 5307
f 9474 2804 884
f 9474 3387 2804
f 3387 306 2804
f 9472 9474 884
f 9472 9473 9474
f 9473 1467 9474
f 4552 4724 193
f 4552 9472 4724
f 9472 884 4724
f 9471 2595 675
f 9471 4746 2595
f 4746 194 2595
f 9469 9471 675
f 9469 9470 9471
f 9470 906 9471
f 4724 4515 193
f 4724 9469 4515
f 9469 675 4515
f 9468 5713 1873
f 9468 5839 5713
f 5839 166 5713
f 9466 9468 1873
f 9466 9467 9468
f 9467 1999 9468
f 4334 3793 301
f 4334 9466 3793
f 9466 1873 3793
f 9465 5524 1684
f 9465 5479 5524
f 5479 165 5524
f 9463 9465 1684
f 9463 9464 9465
f 9464 1639 9465
f 3793 3604 301
f 3793 9463 3604
f 9463 1684 3604
f 9462 5679 1839
f 9462 5524 5679
f 5524 165 5679
f 9460 9462 1839
f 9460 9461 9462
f 9461 1684 9462
f 3605 3759 302
f 3605 9460 3759
f 9460 1839 3759
f 9459 5304 1464
f 9459 5418 5304
f 5418 164 5304
f 9457 9459 1464
f 9457 9458 9459
f 9458 1578 9459
f 3759 3384 302
f 3759 9457 3384
f 9457 1464 3384
f 9456 5305 1465
f 9456 5304 5305
f 5304 164 5305
f 9454 9456 1465
f 9454 9455 9456
f 9455 1464 9456
f 3795 3385 303
f 3795 9454 3385
f 9454 1465 3385
f 9453 5113 1273
f 9453 5068 5113
f 5068 163 5113
f 9451 9453 1273
f 9451 9452 9453
f 9452 1228 9453
f 3385 3193 303
f 3385 9451 3193
f 9451 1273 3193
f 9450 5026 1186
f 9450 5113 5026
f 5113 163 5026
f 9448 9450 1186
f 9448 9449 9450
f 9449 1273 9450
f 4159 3106 304
f 4159 9448 3106
f 9448 1186 3106
f 9447 4832 992
f 9447 4865 4832
f 4865 162 4832
f 9445 9447 992
f 9445 9446 9447
f 9446 1025 9447
f 3106 2912 304
f 3106 9445 2912
f 9445 992 2912
f 9444 4745 905
f 9444 4832 4745
f 4832 162 4745
f 9442 9444 905
f 9442 9443 9444
f 9443 992 9444
f 4336 2825 305
f 4336 9442 2825
f 9442 905 2825
f 9441 4555 715
f 9441 4509 4555
f 4509 161 4555
f 9439 9441 715
f 9439 9440 9441
f 9440 669 9441
f 2825 2635 305
f 2825 9439 2635
f 9439 715 2635
f 9438 4710 870
f 9438 4555 4710
f 4555 161 4710
f 9436 9438 870
f 9436 9437 9438
f 9437 715 9438
f 2636 2790 306
f 2636 9436 2790
f 9436 870 2790
f 9435 6257 2417
f 9435 6374 6257
f 6374 160 6257
f 9433 9435 2417
f 9433 9434 9435
f 9434 2534 9435
f 2790 4337 306
f 2790 9433 4337
f 9433 2417 4337
f 9432 6385 2545
f 9432 6257 6385
f 6257 160 6385
f 9430 9432 2545
f 9430 9431 9432
f 9431 2417 9432
f 4746 4465 194
f 4746 9430 4465
f 9430 2545 4465
f 9429 6042 2202
f 9429 6034 6042
f 6034 7 6042
f 9427 9429 2202
f 9427 9428 9429
f 9428 2194 9429
f 4465 4122 194
f 4465 9427 4122
f 9427 2202 4122
f 9426 3507 1587
f 9426 3300 3507
f 3300 201 3507
f 9424 9426 1587
f 9424 9425 9426
f 9425 1380 9426
f 5422 5427 12
f 5422 9424 5427
f 9424 1587 5427
f 9423 3388 1468
f 9423 3606 3388
f 3606 307 3388
f 9421 9423 1468
f 9421 9422 9423
f 9422 1686 9423
f 5423 5308 188
f 5423 9421 5308
f 9421 1468 5308
f 9420 3607 1687
f 9420 3796 3607
f 3796 308 3607
f 9418 9420 1687
f 9418 9419 9420
f 9419 1876 9420
f 5483 5527 189
f 5483 9418 5527
f 9418 1687 5527
f 9417 3797 1877
f 9417 4161 3797
f 4161 310 3797
f 9415 9417 1877
f 9415 9416 9417
f 9416 2241 9417
f 5836 5717 190
f 5836 9415 5717
f 9415 1877 5717
f 9414 4163 2243
f 9414 4340 4163
f 4340 313 4163
f 9412 9414 2243
f 9412 9413 9414
f 9413 2420 9414
f 6041 6083 191
f 6041 9412 6083
f 9412 2243 6083
f 9411 4343 2423
f 9411 2639 4343
f 2639 317 4343
f 9409 9411 2423
f 9409 9410 9411
f 9410 719 9411
f 6384 6263 192
f 6384 9409 6263
f 9409 2423 6263
f 9408 2641 721
f 9408 2831 2641
f 2831 322 2641
f 9406 9408 721
f 9406 9407 9408
f 9407 911 9408
f 4515 4561 193
f 4515 9406 4561
f 9406 721 4561
f 9405 2637 717
f 9405 3388 2637
f 3388 307 2637
f 9403 9405 717
f 9403 9404 9405
f 9404 1468 9405
f 3300 4557 201
f 3300 9403 4557
f 9403 717 4557
f 9402 6387 2547
f 9402 6258 6387
f 6258 200 6387
f 9400 9402 2547
f 9400 9401 9402
f 9401 2418 9402
f 4557 4467 201
f 4557 9400 4467
f 9400 2547 4467
f 9399 3196 1276
f 9399 3607 3196
f 3607 308 3196
f 9397 9399 1276
f 9397 9398 9399
f 9398 1687 9399
f 3606 5116 307
f 3606 9397 5116
f 9397 1276 5116
f 9396 3197 1277
f 9396 3389 3197
f 3389 309 3197
f 9394 9396 1277
f 9394 9395 9396
f 9395 1469 9396
f 5116 5117 307
f 5116 9394 5117
f 9394 1277 5117
f 9393 4339 2419
f 9393 3197 4339
f 3197 309 4339
f 9391 9393 2419
f 9391 9392 9393
f 9392 1277 9393
f 6258 6259 200
f 6258 9391 6259
f 9391 2419 6259
f 9390 6043 2203
f 9390 6080 6043
f 6080 199 6043
f 9388 9390 2203
f 9388 9389 9390
f 9389 2240 9390
f 6259 4123 200
f 6259 9388 4123
f 9388 2203 4123
f 9387 3390 1470
f 9387 3797 3390
f 3797 310 3390
f 9385 9387 1470
f 9385 9386 9387
f 9386 1877 9387
f 3796 5310 308
f 3796 9385 5310
f 9385 1470 5310
f 9384 3391 1471
f 9384 3798 3391
f 3798 311 3391
f 9382 9384 1471
f 9382 9383 9384
f 9383 1878 9384
f 5310 5311 308
f 5310 9382 5311
f 9382 1471 5311
f 9381 3608 1688
f 9381 3391 3608
f 3391 311 3608
f 9379 9381 1688
f 9379 9380 9381
f 9380 1471 9381
f 3389 5528 309
f 3389 9379 5528
f 9379 1688 5528
f 9378 3609 1689
f 9378 4162 3609
f 4162 312 3609
f 9376 9378 1689
f 9376 9377 9378
f 9377 2242 9378
f 5528 5529 309
f 5528 9376 5529
f 9376 1689 5529
f 9375 4098 2178
f 9375 3609 4098
f 3609 312 4098
f 9373 9375 2178
f 9373 9374 9375
f 9374 1689 9375
f 6080 6018 199
f 6080 9373 6018
f 9373 2178 6018
f 9372 5837 1997
f 9372 5719 5837
f 5719 198 5837
f 9370 9372 1997
f 9370 9371 9372
f 9371 1879 9372
f 6018 3917 199
f 6018 9370 3917
f 9370 1997 3917
f 9369 3800 1880
f 9369 4163 3800
f 4163 313 3800
f 9367 9369 1880
f 9367 9368 9369
f 9368 2243 9369
f 4161 5720 310
f 4161 9367 5720
f 9367 1880 5720
f 9366 3801 1881
f 9366 2638 3801
f 2638 314 3801
f 9364 9366 1881
f 9364 9365 9366
f 9365 718 9366
f 5720 5721 310
f 5720 9364 5721
f 9364 1881 5721
f 9363 4164 2244
f 9363 3801 4164
f 3801 314 4164
f 9361 9363 2244
f 9361 9362 9363
f 9362 1881 9363
f 3798 6084 311
f 3798 9361 6084
f 9361 2244 6084
f 9360 4165 2245
f 9360 2827 4165
f 2827 315 4165
f 9358 9360 2245
f 9358 9359 9360
f 9359 907 9360
f 6084 6085 311
f 6084 9358 6085
f 9358 2245 6085
f 9357 4341 2421
f 9357 4165 4341
f 4165 315 4341
f 9355 9357 2421
f 9355 9356 9357
f 9356 2245 9357
f 4162 6261 312
f 4162 9355 6261
f 9355 2421 6261
f 9354 4342 2422
f 9354 3199 4342
f 3199 316 4342
f 9352 9354 2422
f 9352 9353 9354
f 9353 1279 9354
f 6261 6262 312
f 6261 9352 6262
f 9352 2422 6262
f 9351 3802 1882
f 9351 4342 3802
f 4342 316 3802
f 9349 9351 1882
f 9349 9350 9351
f 9350 2422 9351
f 5719 5722 198
f 5719 9349 5722
f 9349 1882 5722
f 9348 5484 1644
f 9348 5530 5484
f 5530 197 5484
f 9346 9348 1644
f 9346 9347 9348
f 9347 1690 9348
f 5722 3564 198
f 5722 9346 3564
f 9346 1644 3564
f 9345 2803 883
f 9345 4343 2803
f 4343 317 2803
f 9343 9345 883
f 9343 9344 9345
f 9344 2423 9345
f 4340 4723 313
f 4340 9343 4723
f 9343 883 4723
f 9342 2640 720
f 9342 3611 2640
f 3611 318 2640
f 9340 9342 720
f 9340 9341 9342
f 9341 1691 9342
f 4723 4560 313
f 4723 9340 4560
f 9340 720 4560
f 9339 2828 908
f 9339 2640 2828
f 2640 318 2828
f 9337 9339 908
f 9337 9338 9339
f 9338 720 9339
f 2638 4748 314
f 2638 9337 4748
f 9337 908 4748
f 9336 2829 909
f 9336 3803 2829
f 3803 319 2829
f 9334 9336 909
f 9334 9335 9336
f 9335 1883 9336
f 4748 4749 314
f 4748 9334 4749
f 9334 909 4749
f 9333 3200 1280
f 9333 2829 3200
f 2829 319 3200
f 9331 9333 1280
f 9331 9332 9333
f 9332 909 9333
f 2827 5120 315
f 2827 9331 5120
f 9331 1280 5120
f 9330 3201 1281
f 9330 4166 3201
f 4166 320 3201
f 9328 9330 1281
f 9328 9329 9330
f 9329 2246 9330
f 5120 5121 315
f 5120 9328 5121
f 9328 1281 5121
f 9327 3392 1472
f 9327 3201 3392
f 3201 320 3392
f 9325 9327 1472
f 9325 9326 9327
f 9326 1281 9327
f 3199 5312 316
f 3199 9325 5312
f 9325 1472 5312
f 9324 3393 1473
f 9324 4344 3393
f 4344 321 3393
f 9322 9324 1473
f 9322 9323 9324
f 9323 2424 9324
f 5312 5313 316
f 5312 9322 5313
f 9322 1473 5313
f 9321 3612 1692
f 9321 3393 3612
f 3393 321 3612
f 9319 9321 1692
f 9319 9320 9321
f 9320 1473 9321
f 5530 5532 197
f 5530 9319 5532
f 9319 1692 5532
f 9318 5425 1585
f 9318 5262 5425
f 5262 196 5425
f 9316 9318 1585
f 9316 9317 9318
f 9317 1422 9318
f 5532 3505 197
f 5532 9316 3505
f 9316 1585 3505
f 9315 3613 1693
f 9315 2641 3613
f 2641 322 3613
f 9313 9315 1693
f 9313 9314 9315
f 9314 721 9315
f 2639 5533 317
f 2639 9313 5533
f 9313 1693 5533
f 9312 3614 1694
f 9312 2832 3614
f 2832 323 3614
f 9310 9312 1694
f 9310 9311 9312
f 9311 912 9312
f 5533 5534 317
f 5533 9310 5534
f 9310 1694 5534
f 9309 3805 1885
f 9309 3614 3805
f 3614 323 3805
f 9307 9309 1885
f 9307 9308 9309
f 9308 1694 9309
f 3611 5725 318
f 3611 9307 5725
f 9307 1885 5725
f 9306 3806 1886
f 9306 3202 3806
f 3202 324 3806
f 9304 9306 1886
f 9304 9305 9306
f 9305 1282 9306
f 5725 5726 318
f 5725 9304 5726
f 9304 1886 5726
f 9303 4169 2249
f 9303 3806 4169
f 3806 324 4169
f 9301 9303 2249
f 9301 9302 9303
f 9302 1886 9303
f 3803 6089 319
f 3803 9301 6089
f 9301 2249 6089
f 9300 4170 2250
f 9300 3395 4170
f 3395 325 4170
f 9298 9300 2250
f 9298 9299 9300
f 9299 1475 9300
f 6089 6090 319
f 6089 9298 6090
f 9298 2250 6090
f 9297 4345 2425
f 9297 4170 4345
f 4170 325 4345
f 9295 9297 2425
f 9295 9296 9297
f 9296 2250 9297
f 4166 6265 320
f 4166 9295 6265
f 9295 2425 6265
f 9294 4346 2426
f 9294 3617 4346
f 3617 326 4346
f 9292 9294 2426
f 9292 9293 9294
f 9293 1697 9294
f 6265 6266 320
f 6265 9292 6266
f 9292 2426 6266
f 9291 2642 722
f 9291 4346 2642
f 4346 326 2642
f 9289 9291 722
f 9289 9290 9291
f 9290 2426 9291
f 4344 4562 321
f 4344 9289 4562
f 9289 722 4562
f 9288 2643 723
f 9288 3807 2643
f 3807 327 2643
f 9286 9288 723
f 9286 9287 9288
f 9287 1887 9288
f 4562 4563 321
f 4562 9286 4563
f 9286 723 4563
f 9285 3396 1476
f 9285 2643 3396
f 2643 327 3396
f 9283 9285 1476
f 9283 9284 9285
f 9284 723 9285
f 5262 5316 196
f 5262 9283 5316
f 9283 1476 5316
f 9282 5075 1235
f 9282 5125 5075
f 5125 195 5075
f 9280 9282 1235
f 9280 9281 9282
f 9281 1285 9282
f 5316 3155 196
f 5316 9280 3155
f 9280 1235 3155
f 9279 6087 2247
f 9279 6039 6087
f 6039 159 6087
f 9277 9279 2247
f 9277 9278 9279
f 9278 2199 9279
f 2831 4167 322
f 2831 9277 4167
f 9277 2247 4167
f 9276 5724 1884
f 9276 5832 5724
f 5832 158 5724
f 9274 9276 1884
f 9274 9275 9276
f 9275 1992 9276
f 4167 3804 322
f 4167 9274 3804
f 9274 1884 3804
f 9273 5859 2019
f 9273 5724 5859
f 5724 158 5859
f 9271 9273 2019
f 9271 9272 9273
f 9272 1884 9273
f 2832 3939 323
f 2832 9271 3939
f 9271 2019 3939
f 9270 5683 1843
f 9270 5478 5683
f 5478 157 5683
f 9268 9270 1843
f 9268 9269 9270
f 9269 1638 9270
f 3939 3763 323
f 3939 9268 3763
f 9268 1843 3763
f 9267 5535 1695
f 9267 5683 5535
f 5683 157 5535
f 9265 9267 1695
f 9265 9266 9267
f 9266 1843 9267
f 3202 3615 324
f 3202 9265 3615
f 9265 1695 3615
f 9264 5314 1474
f 9264 5417 5314
f 5417 156 5314
f 9262 9264 1474
f 9262 9263 9264
f 9263 1577 9264
f 3615 3394 324
f 3615 9262 3394
f 9262 1474 3394
f 9261 5213 1373
f 9261 5314 5213
f 5314 156 5213
f 9259 9261 1373
f 9259 9260 9261
f 9260 1474 9261
f 3395 3293 325
f 3395 9259 3293
f 9259 1373 3293
f 9258 5123 1283
f 9258 5067 5123
f 5067 155 5123
f 9256 9258 1283
f 9256 9257 9258
f 9257 1227 9258
f 3293 3203 325
f 3293 9256 3203
f 9256 1283 3203
f 9255 5124 1284
f 9255 5123 5124
f 5123 155 5124
f 9253 9255 1284
f 9253 9254 9255
f 9254 1283 9255
f 3617 3204 326
f 3617 9253 3204
f 9253 1284 3204
f 9252 4753 913
f 9252 4863 4753
f 4863 154 4753
f 9250 9252 913
f 9250 9251 9252
f 9251 1023 9252
f 3204 2833 326
f 3204 9250 2833
f 9250 913 2833
f 9249 4754 914
f 9249 4753 4754
f 4753 154 4754
f 9247 9249 914
f 9247 9248 9249
f 9248 913 9249
f 3807 2834 327
f 3807 9247 2834
f 9247 914 2834
f 9246 4714 874
f 9246 4507 4714
f 4507 153 4714
f 9244 9246 874
f 9244 9245 9246
f 9245 667 9246
f 2834 2794 327
f 2834 9244 2794
f 9244 874 2794
f 9243 4516 676
f 9243 4714 4516
f 4714 153 4516
f 9241 9243 676
f 9241 9242 9243
f 9242 874 9243
f 5125 2596 195
f 5125 9241 2596
f 9241 676 2596
f 9240 5074 1234
f 9240 5066 5074
f 5066 11 5074
f 9238 9240 1234
f 9238 9239 9240
f 9239 1226 9240
f 2596 3154 195
f 2596 9238 3154
f 9238 1234 3154
f 9237 3152 1232
f 9237 4462 3152
f 4462 187 3152
f 9235 9237 1232
f 9235 9236 9237
f 9236 2542 9237
f 5052 5072 11
f 5052 9235 5072
f 9235 1232 5072
f 9234 4347 2427
f 9234 4171 4347
f 4171 328 4347
f 9232 9234 2427
f 9232 9233 9234
f 9233 2251 9234
f 4102 6267 96
f 4102 9232 6267
f 9232 2427 6267
f 9231 4172 2252
f 9231 3808 4172
f 3808 329 4172
f 9229 9231 2252
f 9229 9230 9231
f 9230 1888 9231
f 3902 6092 95
f 3902 9229 6092
f 9229 2252 6092
f 9228 3809 1889
f 9228 3618 3809
f 3618 331 3809
f 9226 9228 1889
f 9226 9227 9228
f 9227 1698 9228
f 3546 5729 94
f 3546 9226 5729
f 9226 1889 5729
f 9225 3619 1699
f 9225 3398 3619
f 3398 334 3619
f 9223 9225 1699
f 9223 9224 9225
f 9224 1478 9225
f 3488 5539 93
f 3488 9223 5539
f 9223 1699 5539
f 9222 3401 1481
f 9222 3210 3401
f 3210 338 3401
f 9220 9222 1481
f 9220 9221 9222
f 9221 1290 9222
f 3131 5321 92
f 3131 9220 5321
f 9220 1481 5321
f 9219 3212 1292
f 9219 2840 3212
f 2840 343 3212
f 9217 9219 1292
f 9217 9218 9219
f 9218 920 9219
f 2932 5132 91
f 2932 9217 5132
f 9217 1292 5132
f 9216 3206 1286
f 9216 4347 3206
f 4347 328 3206
f 9214 9216 1286
f 9214 9215 9216
f 9215 2427 9216
f 4462 5126 187
f 4462 9214 5126
f 9214 1286 5126
f 9213 4871 1031
f 9213 4755 4871
f 4755 186 4871
f 9211 9213 1031
f 9211 9212 9213
f 9212 915 9213
f 5126 2951 187
f 5126 9211 2951
f 9211 1031 2951
f 9210 4348 2428
f 9210 4172 4348
f 4172 329 4348
f 9208 9210 2428
f 9208 9209 9210
f 9209 2252 9210
f 4171 6268 328
f 4171 9208 6268
f 9208 2428 6268
f 9207 4349 2429
f 9207 2644 4349
f 2644 330 4349
f 9205 9207 2429
f 9205 9206 9207
f 9206 724 9207
f 6268 6269 328
f 6268 9205 6269
f 9205 2429 6269
f 9204 2836 916
f 9204 4349 2836
f 4349 330 2836
f 9202 9204 916
f 9202 9203 9204
f 9203 2429 9204
f 4755 4756 186
f 4755 9202 4756
f 9202 916 4756
f 9201 4514 674
f 9201 4491 4514
f 4491 185 4514
f 9199 9201 674
f 9199 9200 9201
f 9200 651 9201
f 4756 2594 186
f 4756 9199 2594
f 9199 674 2594
f 9198 2645 725
f 9198 3809 2645
f 3809 331 2645
f 9196 9198 725
f 9196 9197 9198
f 9197 1889 9198
f 3808 4565 329
f 3808 9196 4565
f 9196 725 4565
f 9195 2646 726
f 9195 3207 2646
f 3207 332 2646
f 9193 9195 726
f 9193 9194 9195
f 9194 1287 9195
f 4565 4566 329
f 4565 9193 4566
f 9193 726 4566
f 9192 2837 917
f 9192 2646 2837
f 2646 332 2837
f 9190 9192 917
f 9190 9191 9192
f 9191 726 9192
f 2644 4757 330
f 2644 9190 4757
f 9190 917 4757
f 9189 2838 918
f 9189 3397 2838
f 3397 333 2838
f 9187 9189 918
f 9187 9188 9189
f 9188 1477 9189
f 4757 4758 330
f 4757 9187 4758
f 9187 918 4758
f 9186 2647 727
f 9186 2838 2647
f 2838 333 2647
f 9184 9186 727
f 9184 9185 9186
f 9185 918 9186
f 4491 4567 185
f 4491 9184 4567
f 9184 727 4567
f 9183 6381 2541
f 9183 6270 6381
f 6270 184 6381
f 9181 9183 2541
f 9181 9182 9183
f 9182 2430 9183
f 4567 4461 185
f 4567 9181 4461
f 9181 2541 4461
f 9180 3208 1288
f 9180 3619 3208
f 3619 334 3208
f 9178 9180 1288
f 9178 9179 9180
f 9179 1699 9180
f 3618 5128 331
f 3618 9178 5128
f 9178 1288 5128
f 9177 3209 1289
f 9177 3810 3209
f 3810 335 3209
f 9175 9177 1289
f 9175 9176 9177
f 9176 1890 9177
f 5128 5129 331
f 5128 9175 5129
f 9175 1289 5129
f 9174 3399 1479
f 9174 3209 3399
f 3209 335 3399
f 9172 9174 1479
f 9172 9173 9174
f 9173 1289 9174
f 3207 5319 332
f 3207 9172 5319
f 9172 1479 5319
f 9171 3400 1480
f 9171 4173 3400
f 4173 336 3400
f 9169 9171 1480
f 9169 9170 9171
f 9170 2253 9171
f 5319 5320 332
f 5319 9169 5320
f 9169 1480 5320
f 9168 3620 1700
f 9168 3400 3620
f 3400 336 3620
f 9166 9168 1700
f 9166 9167 9168
f 9167 1480 9168
f 3397 5540 333
f 3397 9166 5540
f 9166 1700 5540
f 9165 3621 1701
f 9165 4351 3621
f 4351 337 3621
f 9163 9165 1701
f 9163 9164 9165
f 9164 2431 9165
f 5540 5541 333
f 5540 9163 5541
f 9163 1701 5541
f 9162 4289 2369
f 9162 3621 4289
f 3621 337 4289
f 9160 9162 2369
f 9160 9161 9162
f 9161 1701 9162
f 6270 6209 184
f 6270 9160 6209
f 9160 2369 6209
f 9159 6038 2198
f 9159 6094 6038
f 6094 183 6038
f 9157 9159 2198
f 9157 9158 9159
f 9158 2254 9159
f 6209 4118 184
f 6209 9157 4118
f 9157 2198 4118
f 9156 3811 1891
f 9156 3401 3811
f 3401 338 3811
f 9154 9156 1891
f 9154 9155 9156
f 9155 1481 9156
f 3398 5731 334
f 3398 9154 5731
f 9154 1891 5731
f 9153 3812 1892
f 9153 2839 3812
f 2839 339 3812
f 9151 9153 1892
f 9151 9152 9153
f 9152 919 9153
f 5731 5732 334
f 5731 9151 5732
f 9151 1892 5732
f 9150 4175 2255
f 9150 3812 4175
f 3812 339 4175
f 9148 9150 2255
f 9148 9149 9150
f 9149 1892 9150
f 3810 6095 335
f 3810 9148 6095
f 9148 2255 6095
f 9147 4176 2256
f 9147 3211 4176
f 3211 340 4176
f 9145 9147 2256
f 9145 9146 9147
f 9146 1291 9147
f 6095 6096 335
f 6095 9145 6096
f 9145 2256 6096
f 9144 4352 2432
f 9144 4176 4352
f 4176 340 4352
f 9142 9144 2432
f 9142 9143 9144
f 9143 2256 9144
f 4173 6272 336
f 4173 9142 6272
f 9142 2432 6272
f 9141 4353 2433
f 9141 3402 4353
f 3402 341 4353
f 9139 9141 2433
f 9139 9140 9141
f 9140 1482 9141
f 6272 6273 336
f 6272 9139 6273
f 9139 2433 6273
f 9138 2650 730
f 9138 4353 2650
f 4353 341 2650
f 9136 9138 730
f 9136 9137 9138
f 9137 2433 9138
f 4351 4570 337
f 4351 9136 4570
f 9136 730 4570
f 9135 2651 731
f 9135 3623 2651
f 3623 342 2651
f 9133 9135 731
f 9133 9134 9135
f 9134 1703 9135
f 4570 4571 337
f 4570 9133 4571
f 9133 731 4571
f 9132 4177 2257
f 9132 2651 4177
f 2651 342 4177
f 9130 9132 2257
f 9130 9131 9132
f 9131 731 9132
f 6094 6097 183
f 6094 9130 6097
f 9130 2257 6097
f 9129 5835 1995
f 9129 5733 5835
f 5733 182 5835
f 9127 9129 1995
f 9127 9128 9129
f 9128 1893 9129
f 6097 3915 183
f 6097 9127 3915
f 9127 1995 3915
f 9126 2929 1009
f 9126 3212 2929
f 3212 343 2929
f 9124 9126 1009
f 9124 9125 9126
f 9125 1292 9126
f 3210 4849 338
f 3210 9124 4849
f 9124 1009 4849
f 9123 2841 921
f 9123 4179 2841
f 4179 344 2841
f 9121 9123 921
f 9121 9122 9123
f 9122 2259 9123
f 4849 4761 338
f 4849 9121 4761
f 9121 921 4761
f 9120 3213 1293
f 9120 2841 3213
f 2841 344 3213
f 9118 9120 1293
f 9118 9119 9120
f 9119 921 9120
f 2839 5133 339
f 2839 9118 5133
f 9118 1293 5133
f 9117 3214 1294
f 9117 4356 3214
f 4356 345 3214
f 9115 9117 1294
f 9115 9116 9117
f 9116 2436 9117
f 5133 5134 339
f 5133 9115 5134
f 9115 1294 5134
f 9114 3403 1483
f 9114 3214 3403
f 3214 345 3403
f 9112 9114 1483
f 9112 9113 9114
f 9113 1294 9114
f 3211 5323 340
f 3211 9112 5323
f 9112 1483 5323
f 9111 3404 1484
f 9111 2653 3404
f 2653 346 3404
f 9109 9111 1484
f 9109 9110 9111
f 9110 733 9111
f 5323 5324 340
f 5323 9109 5324
f 9109 1484 5324
f 9108 3624 1704
f 9108 3404 3624
f 3404 346 3624
f 9106 9108 1704
f 9106 9107 9108
f 9107 1484 9108
f 3402 5544 341
f 3402 9106 5544
f 9106 1704 5544
f 9105 3625 1705
f 9105 2842 3625
f 2842 347 3625
f 9103 9105 1705
f 9103 9104 9105
f 9104 922 9105
f 5544 5545 341
f 5544 9103 5545
f 9103 1705 5545
f 9102 3816 1896
f 9102 3625 3816
f 3625 347 3816
f 9100 9102 1896
f 9100 9101 9102
f 9101 1705 9102
f 3623 5736 342
f 3623 9100 5736
f 9100 1896 5736
f 9099 3817 1897
f 9099 3215 3817
f 3215 348 3817
f 9097 9099 1897
f 9097 9098 9099
f 9098 1295 9099
f 5736 5737 342
f 5736 9097 5737
f 9097 1897 5737
f 9096 3893 1973
f 9096 3817 3893
f 3817 348 3893
f 9094 9096 1973
f 9094 9095 9096
f 9095 1897 9096
f 5733 5813 182
f 5733 9094 5813
f 9094 1973 5813
f 9093 5482 1642
f 9093 5546 5482
f 5546 181 5482
f 9091 9093 1642
f 9091 9092 9093
f 9092 1706 9093
f 5813 3562 182
f 5813 9091 3562
f 9091 1642 3562
f 9090 4572 732
f 9090 2985 4572
f 2985 145 4572
f 9088 9090 732
f 9088 9089 9090
f 9089 1065 9090
f 2840 2652 343
f 2840 9088 2652
f 9088 732 2652
f 9087 6274 2434
f 9087 6372 6274
f 6372 144 6274
f 9085 9087 2434
f 9085 9086 9087
f 9086 2532 9087
f 2652 4354 343
f 2652 9085 4354
f 9085 2434 4354
f 9084 6275 2435
f 9084 6274 6275
f 6274 144 6275
f 9082 9084 2435
f 9082 9083 9084
f 9083 2434 9084
f 4179 4355 344
f 4179 9082 4355
f 9082 2435 4355
f 9081 5999 2159
f 9081 6031 5999
f 6031 143 5999
f 9079 9081 2159
f 9079 9080 9081
f 9080 2191 9081
f 4355 4079 344
f 4355 9079 4079
f 9079 2159 4079
f 9078 6100 2260
f 9078 5999 6100
f 5999 143 6100
f 9076 9078 2260
f 9076 9077 9078
f 9077 2159 9078
f 4356 4180 345
f 4356 9076 4180
f 9076 2260 4180
f 9075 5734 1894
f 9075 5828 5734
f 5828 142 5734
f 9073 9075 1894
f 9073 9074 9075
f 9074 1988 9075
f 4180 3814 345
f 4180 9073 3814
f 9073 1894 3814
f 9072 5735 1895
f 9072 5734 5735
f 5734 142 5735
f 9070 9072 1895
f 9070 9071 9072
f 9071 1894 9072
f 2653 3815 346
f 2653 9070 3815
f 9070 1895 3815
f 9069 5681 1841
f 9069 5475 5681
f 5475 141 5681
f 9067 9069 1841
f 9067 9068 9069
f 9068 1635 9069
f 3815 3761 346
f 3815 9067 3761
f 9067 1841 3761
f 9066 5682 1842
f 9066 5681 5682
f 5681 141 5682
f 9064 9066 1842
f 9064 9065 9066
f 9065 1841 9066
f 2842 3762 347
f 2842 9064 3762
f 9064 1842 3762
f 9063 5325 1485
f 9063 5414 5325
f 5414 140 5325
f 9061 9063 1485
f 9061 9062 9063
f 9062 1574 9063
f 3762 3405 347
f 3762 9061 3405
f 9061 1485 3405
f 9060 5326 1486
f 9060 5325 5326
f 5325 140 5326
f 9058 9060 1486
f 9058 9059 9060
f 9059 1485 9060
f 3215 3406 348
f 3215 9058 3406
f 9058 1486 3406
f 9057 5028 1188
f 9057 5062 5028
f 5062 139 5028
f 9055 9057 1188
f 9055 9056 9057
f 9056 1222 9057
f 3406 3108 348
f 3406 9055 3108
f 9055 1188 3108
f 9054 5071 1231
f 9054 5028 5071
f 5028 139 5071
f 9052 9054 1231
f 9052 9053 9054
f 9053 1188 9054
f 5546 3151 181
f 5546 9052 3151
f 9052 1231 3151
f 9051 4870 1030
f 9051 4859 4870
f 4859 10 4870
f 9049 9051 1030
f 9049 9050 9051
f 9050 1019 9051
f 3151 2950 181
f 3151 9049 2950
f 9049 1030 2950
f 9048 2949 1029
f 9048 4459 2949
f 4459 180 2949
f 9046 9048 1029
f 9046 9047 9048
f 9047 2539 9048
f 4862 4869 10
f 4862 9046 4869
f 9046 1029 4869
f 9045 4357 2437
f 9045 4181 4357
f 4181 349 4357
f 9043 9045 2437
f 9043 9044 9045
f 9044 2261 9045
f 4112 6277 152
f 4112 9043 6277
f 9043 2437 6277
f 9042 4182 2262
f 9042 3818 4182
f 3818 350 4182
f 9040 9042 2262
f 9040 9041 9042
f 9041 1898 9042
f 3910 6102 151
f 3910 9040 6102
f 9040 2262 6102
f 9039 3820 1900
f 9039 3629 3820
f 3629 352 3820
f 9037 9039 1900
f 9037 9038 9039
f 9038 1709 9039
f 3557 5740 150
f 3557 9037 5740
f 9037 1900 5740
f 9036 3630 1710
f 9036 3408 3630
f 3408 355 3630
f 9034 9036 1710
f 9034 9035 9036
f 9035 1488 9036
f 3496 5550 149
f 3496 9034 5550
f 9034 1710 5550
f 9033 3411 1491
f 9033 3219 3411
f 3219 359 3411
f 9031 9033 1491
f 9031 9032 9033
f 9032 1299 9033
f 3144 5331 148
f 3144 9031 5331
f 9031 1491 5331
f 9030 3221 1301
f 9030 2848 3221
f 2848 364 3221
f 9028 9030 1301
f 9028 9029 9030
f 9029 928 9030
f 2941 5141 147
f 2941 9028 5141
f 9028 1301 5141
f 9027 3407 1487
f 9027 4357 3407
f 4357 349 3407
f 9025 9027 1487
f 9025 9026 9027
f 9026 2437 9027
f 4459 5327 180
f 4459 9025 5327
f 9025 1487 5327
f 9024 5070 1230
f 9024 5136 5070
f 5136 179 5070
f 9022 9024 1230
f 9022 9023 9024
f 9023 1296 9024
f 5327 3150 180
f 5327 9022 3150
f 9022 1230 3150
f 9021 3627 1707
f 9021 4182 3627
f 4182 350 3627
f 9019 9021 1707
f 9019 9020 9021
f 9020 2262 9021
f 4181 5547 349
f 4181 9019 5547
f 9019 1707 5547
f 9018 3628 1708
f 9018 3819 3628
f 3819 351 3628
f 9016 9018 1708
f 9016 9017 9018
f 9017 1899 9018
f 5547 5548 349
f 5547 9016 5548
f 9016 1708 5548
f 9015 3217 1297
f 9015 3628 3217
f 3628 351 3217
f 9013 9015 1297
f 9013 9014 9015
f 9014 1708 9015
f 5136 5137 179
f 5136 9013 5137
f 9013 1297 5137
f 9012 4868 1028
f 9012 4763 4868
f 4763 178 4868
f 9010 9012 1028
f 9010 9011 9012
f 9011 923 9012
f 5137 2948 179
f 5137 9010 2948
f 9010 1028 2948
f 9009 3859 1939
f 9009 3820 3859
f 3820 352 3859
f 9007 9009 1939
f 9007 9008 9009
f 9008 1900 9009
f 3818 5779 350
f 3818 9007 5779
f 9007 1939 5779
f 9006 3821 1901
f 9006 4358 3821
f 4358 353 3821
f 9004 9006 1901
f 9004 9005 9006
f 9005 2438 9006
f 5779 5741 350
f 5779 9004 5741
f 9004 1901 5741
f 9003 4183 2263
f 9003 3821 4183
f 3821 353 4183
f 9001 9003 2263
f 9001 9002 9003
f 9002 1901 9003
f 3819 6103 351
f 3819 9001 6103
f 9001 2263 6103
f 9000 4184 2264
f 9000 2655 4184
f 2655 354 4184
f 8998 9000 2264
f 8998 8999 9000
f 8999 735 9000
f 6103 6104 351
f 6103 8998 6104
f 8998 2264 6104
f 8997 2844 924
f 8997 4184 2844
f 4184 354 2844
f 8995 8997 924
f 8995 8996 8997
f 8996 2264 8997
f 4763 4764 178
f 4763 8995 4764
f 8995 924 4764
f 8994 4513 673
f 8994 4502 4513
f 4502 177 4513
f 8992 8994 673
f 8992 8993 8994
f 8993 662 8994
f 4764 2593 178
f 4764 8992 2593
f 8992 673 2593
f 8991 4359 2439
f 8991 3630 4359
f 3630 355 4359
f 8989 8991 2439
f 8989 8990 8991
f 8990 1710 8991
f 3629 6279 352
f 3629 8989 6279
f 8989 2439 6279
f 8988 4360 2440
f 8988 3218 4360
f 3218 356 4360
f 8986 8988 2440
f 8986 8987 8988
f 8987 1298 8988
f 6279 6280 352
f 6279 8986 6280
f 8986 2440 6280
f 8985 2656 736
f 8985 4360 2656
f 4360 356 2656
f 8983 8985 736
f 8983 8984 8985
f 8984 2440 8985
f 4358 4576 353
f 4358 8983 4576
f 8983 736 4576
f 8982 2657 737
f 8982 3410 2657
f 3410 357 2657
f 8980 8982 737
f 8980 8981 8982
f 8981 1490 8982
f 4576 4577 353
f 4576 8980 4577
f 8980 737 4577
f 8979 2845 925
f 8979 2657 2845
f 2657 357 2845
f 8977 8979 925
f 8977 8978 8979
f 8978 737 8979
f 2655 4765 354
f 2655 8977 4765
f 8977 925 4765
f 8976 2846 926
f 8976 3631 2846
f 3631 358 2846
f 8974 8976 926
f 8974 8975 8976
f 8975 1711 8976
f 4765 4766 354
f 4765 8974 4766
f 8974 926 4766
f 8973 2658 738
f 8973 2846 2658
f 2846 358 2658
f 8971 8973 738
f 8971 8972 8973
f 8972 926 8973
f 4502 4578 177
f 4502 8971 4578
f 8971 738 4578
f 8970 6378 2538
f 8970 6281 6378
f 6281 176 6378
f 8968 8970 2538
f 8968 8969 8970
f 8969 2441 8970
f 4578 4458 177
f 4578 8968 4458
f 8968 2538 4458
f 8967 3056 1136
f 8967 3411 3056
f 3411 359 3056
f 8965 8967 1136
f 8965 8966 8967
f 8966 1491 8967
f 3408 4976 355
f 3408 8965 4976
f 8965 1136 4976
f 8964 3220 1300
f 8964 4185 3220
f 4185 360 3220
f 8962 8964 1300
f 8962 8963 8964
f 8963 2265 8964
f 4976 5140 355
f 4976 8962 5140
f 8962 1300 5140
f 8961 3412 1492
f 8961 3220 3412
f 3220 360 3412
f 8959 8961 1492
f 8959 8960 8961
f 8960 1300 8961
f 3218 5332 356
f 3218 8959 5332
f 8959 1492 5332
f 8958 3413 1493
f 8958 4362 3413
f 4362 361 3413
f 8956 8958 1493
f 8956 8957 8958
f 8957 2442 8958
f 5332 5333 356
f 5332 8956 5333
f 8956 1493 5333
f 8955 3632 1712
f 8955 3413 3632
f 3413 361 3632
f 8953 8955 1712
f 8953 8954 8955
f 8954 1493 8955
f 3410 5552 357
f 3410 8953 5552
f 8953 1712 5552
f 8952 3633 1713
f 8952 2660 3633
f 2660 362 3633
f 8950 8952 1713
f 8950 8951 8952
f 8951 740 8952
f 5552 5553 357
f 5552 8950 5553
f 8950 1713 5553
f 8949 3822 1902
f 8949 3633 3822
f 3633 362 3822
f 8947 8949 1902
f 8947 8948 8949
f 8948 1713 8949
f 3631 5742 358
f 3631 8947 5742
f 8947 1902 5742
f 8946 3823 1903
f 8946 2847 3823
f 2847 363 3823
f 8944 8946 1903
f 8944 8945 8946
f 8945 927 8946
f 5742 5743 358
f 5742 8944 5743
f 8944 1903 5743
f 8943 4363 2443
f 8943 3823 4363
f 3823 363 4363
f 8941 8943 2443
f 8941 8942 8943
f 8942 1903 8943
f 6281 6283 176
f 6281 8941 6283
f 8941 2443 6283
f 8940 6037 2197
f 8940 6106 6037
f 6106 175 6037
f 8938 8940 2197
f 8938 8939 8940
f 8939 2266 8940
f 6283 4117 176
f 6283 8938 4117
f 8938 2197 4117
f 8937 4187 2267
f 8937 3221 4187
f 3221 364 4187
f 8935 8937 2267
f 8935 8936 8937
f 8936 1301 8937
f 3219 6107 359
f 3219 8935 6107
f 8935 2267 6107
f 8934 4188 2268
f 8934 3414 4188
f 3414 365 4188
f 8932 8934 2268
f 8932 8933 8934
f 8933 1494 8934
f 6107 6108 359
f 6107 8932 6108
f 8932 2268 6108
f 8931 4364 2444
f 8931 4188 4364
f 4188 365 4364
f 8929 8931 2444
f 8929 8930 8931
f 8930 2268 8931
f 4185 6284 360
f 4185 8929 6284
f 8929 2444 6284
f 8928 4365 2445
f 8928 3634 4365
f 3634 366 4365
f 8926 8928 2445
f 8926 8927 8928
f 8927 1714 8928
f 6284 6285 360
f 6284 8926 6285
f 8926 2445 6285
f 8925 2662 742
f 8925 4365 2662
f 4365 366 2662
f 8923 8925 742
f 8923 8924 8925
f 8924 2445 8925
f 4362 4582 361
f 4362 8923 4582
f 8923 742 4582
f 8922 2663 743
f 8922 3824 2663
f 3824 367 2663
f 8920 8922 743
f 8920 8921 8922
f 8921 1904 8922
f 4582 4583 361
f 4582 8920 4583
f 8920 743 4583
f 8919 2850 930
f 8919 2663 2850
f 2663 367 2850
f 8917 8919 930
f 8917 8918 8919
f 8918 743 8919
f 2660 4770 362
f 2660 8917 4770
f 8917 930 4770
f 8916 2851 931
f 8916 4190 2851
f 4190 368 2851
f 8914 8916 931
f 8914 8915 8916
f 8915 2270 8916
f 4770 4771 362
f 4770 8914 4771
f 8914 931 4771
f 8913 3223 1303
f 8913 2851 3223
f 2851 368 3223
f 8911 8913 1303
f 8911 8912 8913
f 8912 931 8913
f 2847 5143 363
f 2847 8911 5143
f 8911 1303 5143
f 8910 3224 1304
f 8910 4367 3224
f 4367 369 3224
f 8908 8910 1304
f 8908 8909 8910
f 8909 2447 8910
f 5143 5144 363
f 5143 8908 5144
f 8908 1304 5144
f 8907 4191 2271
f 8907 3224 4191
f 3224 369 4191
f 8905 8907 2271
f 8905 8906 8907
f 8906 1304 8907
f 6106 6111 175
f 6106 8905 6111
f 8905 2271 6111
f 8904 5834 1994
f 8904 5746 5834
f 5746 174 5834
f 8902 8904 1994
f 8902 8903 8904
f 8903 1906 8904
f 6111 3914 175
f 6111 8902 3914
f 8902 1994 3914
f 8901 5030 1190
f 8901 5063 5030
f 5063 131 5030
f 8899 8901 1190
f 8899 8900 8901
f 8900 1223 8901
f 2848 3110 364
f 2848 8899 3110
f 8899 1190 3110
f 8898 4899 1059
f 8898 4858 4899
f 4858 130 4899
f 8896 8898 1059
f 8896 8897 8898
f 8897 1018 8898
f 3110 2979 364
f 3110 8896 2979
f 8896 1059 2979
f 8895 4769 929
f 8895 4899 4769
f 4899 130 4769
f 8893 8895 929
f 8893 8894 8895
f 8894 1059 8895
f 3414 2849 365
f 3414 8893 2849
f 8893 929 2849
f 8892 4581 741
f 8892 4505 4581
f 4505 129 4581
f 8890 8892 741
f 8890 8891 8892
f 8891 665 8892
f 2849 2661 365
f 2849 8890 2661
f 8890 741 2661
f 8889 4715 875
f 8889 4581 4715
f 4581 129 4715
f 8887 8889 875
f 8887 8888 8889
f 8888 741 8889
f 3634 2795 366
f 3634 8887 2795
f 8887 875 2795
f 8886 6173 2333
f 8886 6369 6173
f 6369 128 6173
f 8884 8886 2333
f 8884 8885 8886
f 8885 2529 8886
f 2795 4253 366
f 2795 8884 4253
f 8884 2333 4253
f 8883 6286 2446
f 8883 6173 6286
f 6173 128 6286
f 8881 8883 2446
f 8881 8882 8883
f 8882 2333 8883
f 3824 4366 367
f 3824 8881 4366
f 8881 2446 4366
f 8880 6109 2269
f 8880 6029 6109
f 6029 127 6109
f 8878 8880 2269
f 8878 8879 8880
f 8879 2189 8880
f 4366 4189 367
f 4366 8878 4189
f 8878 2269 4189
f 8877 5998 2158
f 8877 6109 5998
f 6109 127 5998
f 8875 8877 2158
f 8875 8876 8877
f 8876 2269 8877
f 4190 4078 368
f 4190 8875 4078
f 8875 2158 4078
f 8874 5745 1905
f 8874 5825 5745
f 5825 126 5745
f 8872 8874 1905
f 8872 8873 8874
f 8873 1985 8874
f 4078 3825 368
f 4078 8872 3825
f 8872 1905 3825
f 8871 5856 2016
f 8871 5745 5856
f 5745 126 5856
f 8869 8871 2016
f 8869 8870 8871
f 8870 1905 8871
f 4367 3936 369
f 4367 8869 3936
f 8869 2016 3936
f 8868 5555 1715
f 8868 5470 5555
f 5470 125 5555
f 8866 8868 1715
f 8866 8867 8868
f 8867 1630 8868
f 3936 3635 369
f 3936 8866 3635
f 8866 1715 3635
f 8865 5480 1640
f 8865 5555 5480
f 5555 125 5480
f 8863 8865 1640
f 8863 8864 8865
f 8864 1715 8865
f 5746 3560 174
f 5746 8863 3560
f 8863 1640 3560
f 8862 4512 672
f 8862 4504 4512
f 4504 9 4512
f 8860 8862 672
f 8860 8861 8862
f 8861 664 8862
f 3560 2592 174
f 3560 8860 2592
f 8860 672 2592
f 8859 2591 671
f 8859 2947 2591
f 2947 173 2591
f 8857 8859 671
f 8857 8858 8859
f 8858 1027 8859
f 4506 4511 9
f 4506 8857 4511
f 8857 671 4511
f 8856 2852 932
f 8856 2664 2852
f 2664 370 2852
f 8854 8856 932
f 8854 8855 8856
f 8855 744 8856
f 2789 4772 138
f 2789 8854 4772
f 8854 932 4772
f 8853 2665 745
f 8853 4368 2665
f 4368 371 2665
f 8851 8853 745
f 8851 8852 8853
f 8852 2448 8853
f 4450 4585 137
f 4450 8851 4585
f 8851 745 4585
f 8850 4369 2449
f 8850 4192 4369
f 4192 373 4369
f 8848 8850 2449
f 8848 8849 8850
f 8849 2272 8850
f 4110 6289 136
f 4110 8848 6289
f 8848 2449 6289
f 8847 4193 2273
f 8847 3828 4193
f 3828 376 4193
f 8845 8847 2273
f 8845 8846 8847
f 8846 1908 8847
f 3907 6113 135
f 3907 8845 6113
f 8845 2273 6113
f 8844 3831 1911
f 8844 3640 3831
f 3640 380 3831
f 8842 8844 1911
f 8842 8843 8844
f 8843 1720 8844
f 3553 5751 134
f 3553 8842 5751
f 8842 1911 5751
f 8841 3642 1722
f 8841 3420 3642
f 3420 385 3642
f 8839 8841 1722
f 8839 8840 8841
f 8840 1500 8841
f 3493 5562 133
f 3493 8839 5562
f 8839 1722 5562
f 8838 3636 1716
f 8838 2852 3636
f 2852 370 3636
f 8836 8838 1716
f 8836 8837 8838
f 8837 932 8838
f 2947 5556 173
f 2947 8836 5556
f 8836 1716 5556
f 8835 5421 1581
f 8835 5335 5421
f 5335 172 5421
f 8833 8835 1581
f 8833 8834 8835
f 8834 1495 8835
f 5556 3501 173
f 5556 8833 3501
f 8833 1581 3501
f 8832 2853 933
f 8832 2665 2853
f 2665 371 2853
f 8830 8832 933
f 8830 8831 8832
f 8831 745 8832
f 2664 4773 370
f 2664 8830 4773
f 8830 933 4773
f 8829 2854 934
f 8829 3225 2854
f 3225 372 2854
f 8827 8829 934
f 8827 8828 8829
f 8828 1305 8829
f 4773 4774 370
f 4773 8827 4774
f 8827 934 4774
f 8826 3416 1496
f 8826 2854 3416
f 2854 372 3416
f 8824 8826 1496
f 8824 8825 8826
f 8825 934 8826
f 5335 5336 172
f 5335 8824 5336
f 8824 1496 5336
f 8823 5069 1229
f 8823 5029 5069
f 5029 171 5069
f 8821 8823 1229
f 8821 8822 8823
f 8822 1189 8823
f 5336 3149 172
f 5336 8821 3149
f 8821 1229 3149
f 8820 3226 1306
f 8820 4369 3226
f 4369 373 3226
f 8818 8820 1306
f 8818 8819 8820
f 8819 2449 8820
f 4368 5146 371
f 4368 8818 5146
f 8818 1306 5146
f 8817 3227 1307
f 8817 3637 3227
f 3637 374 3227
f 8815 8817 1307
f 8815 8816 8817
f 8816 1717 8817
f 5146 5147 371
f 5146 8815 5147
f 8815 1307 5147
f 8814 3417 1497
f 8814 3227 3417
f 3227 374 3417
f 8812 8814 1497
f 8812 8813 8814
f 8813 1307 8814
f 3225 5337 372
f 3225 8812 5337
f 8812 1497 5337
f 8811 3418 1498
f 8811 3827 3418
f 3827 375 3418
f 8809 8811 1498
f 8809 8810 8811
f 8810 1907 8811
f 5337 5338 372
f 5337 8809 5338
f 8809 1498 5338
f 8808 3228 1308
f 8808 3418 3228
f 3418 375 3228
f 8806 8808 1308
f 8806 8807 8808
f 8807 1498 8808
f 5029 5148 171
f 5029 8806 5148
f 8806 1308 5148
f 8805 4866 1026
f 8805 4775 4866
f 4775 170 4866
f 8803 8805 1026
f 8803 8804 8805
f 8804 935 8805
f 5148 2946 171
f 5148 8803 2946
f 8803 1026 2946
f 8802 3638 1718
f 8802 4193 3638
f 4193 376 3638
f 8800 8802 1718
f 8800 8801 8802
f 8801 2273 8802
f 4192 5558 373
f 4192 8800 5558
f 8800 1718 5558
f 8799 3639 1719
f 8799 4370 3639
f 4370 377 3639
f 8797 8799 1719
f 8797 8798 8799
f 8798 2450 8799
f 5558 5559 373
f 5558 8797 5559
f 8797 1719 5559
f 8796 3829 1909
f 8796 3639 3829
f 3639 377 3829
f 8794 8796 1909
f 8794 8795 8796
f 8795 1719 8796
f 3637 5749 374
f 3637 8794 5749
f 8794 1909 5749
f 8793 3830 1910
f 8793 2666 3830
f 2666 378 3830
f 8791 8793 1910
f 8791 8792 8793
f 8792 746 8793
f 5749 5750 374
f 5749 8791 5750
f 8791 1910 5750
f 8790 4194 2274
f 8790 3830 4194
f 3830 378 4194
f 8788 8790 2274
f 8788 8789 8790
f 8789 1910 8790
f 3827 6114 375
f 3827 8788 6114
f 8788 2274 6114
f 8787 4195 2275
f 8787 2856 4195
f 2856 379 4195
f 8785 8787 2275
f 8785 8786 8787
f 8786 936 8787
f 6114 6115 375
f 6114 8785 6115
f 8785 2275 6115
f 8784 3045 1125
f 8784 4195 3045
f 4195 379 3045
f 8782 8784 1125
f 8782 8783 8784
f 8783 2275 8784
f 4775 4965 170
f 4775 8782 4965
f 8782 1125 4965
f 8781 4510 670
f 8781 4587 4510
f 4587 169 4510
f 8779 8781 670
f 8779 8780 8781
f 8780 747 8781
f 4965 2590 170
f 4965 8779 2590
f 8779 670 2590
f 8778 4371 2451
f 8778 3831 4371
f 3831 380 4371
f 8776 8778 2451
f 8776 8777 8778
f 8777 1911 8778
f 3828 6291 376
f 3828 8776 6291
f 8776 2451 6291
f 8775 4372 2452
f 8775 3295 4372
f 3295 381 4372
f 8773 8775 2452
f 8773 8774 8775
f 8774 1375 8775
f 6291 6292 376
f 6291 8773 6292
f 8773 2452 6292
f 8772 2668 748
f 8772 4372 2668
f 4372 381 2668
f 8770 8772 748
f 8770 8771 8772
f 8771 2452 8772
f 4370 4588 377
f 4370 8770 4588
f 8770 748 4588
f 8769 2669 749
f 8769 3641 2669
f 3641 382 2669
f 8767 8769 749
f 8767 8768 8769
f 8768 1721 8769
f 4588 4589 377
f 4588 8767 4589
f 8767 749 4589
f 8766 2857 937
f 8766 2669 2857
f 2669 382 2857
f 8764 8766 937
f 8764 8765 8766
f 8765 749 8766
f 2666 4777 378
f 2666 8764 4777
f 8764 937 4777
f 8763 2858 938
f 8763 3832 2858
f 3832 383 2858
f 8761 8763 938
f 8761 8762 8763
f 8762 1912 8763
f 4777 4778 378
f 4777 8761 4778
f 8761 938 4778
f 8760 3229 1309
f 8760 2858 3229
f 2858 383 3229
f 8758 8760 1309
f 8758 8759 8760
f 8759 938 8760
f 2856 5149 379
f 2856 8758 5149
f 8758 1309 5149
f 8757 3230 1310
f 8757 4196 3230
f 4196 384 3230
f 8755 8757 1310
f 8755 8756 8757
f 8756 2276 8757
f 5149 5150 379
f 5149 8755 5150
f 8755 1310 5150
f 8754 2670 750
f 8754 3230 2670
f 3230 384 2670
f 8752 8754 750
f 8752 8753 8754
f 8753 1310 8754
f 4587 4590 169
f 4587 8752 4590
f 8752 750 4590
f 8751 6377 2537
f 8751 6293 6377
f 6293 168 6377
f 8749 8751 2537
f 8749 8750 8751
f 8750 2453 8751
f 4590 4457 169
f 4590 8749 4457
f 8749 2537 4457
f 8748 3297 1377
f 8748 3642 3297
f 3642 385 3297
f 8746 8748 1377
f 8746 8747 8748
f 8747 1722 8748
f 3640 5217 380
f 3640 8746 5217
f 8746 1377 5217
f 8745 3421 1501
f 8745 2671 3421
f 2671 386 3421
f 8743 8745 1501
f 8743 8744 8745
f 8744 751 8745
f 5217 5341 380
f 5217 8743 5341
f 8743 1501 5341
f 8742 3643 1723
f 8742 3421 3643
f 3421 386 3643
f 8740 8742 1723
f 8740 8741 8742
f 8741 1501 8742
f 3295 5563 381
f 3295 8740 5563
f 8740 1723 5563
f 8739 3644 1724
f 8739 2859 3644
f 2859 387 3644
f 8737 8739 1724
f 8737 8738 8739
f 8738 939 8739
f 5563 5564 381
f 5563 8737 5564
f 8737 1724 5564
f 8736 3833 1913
f 8736 3644 3833
f 3644 387 3833
f 8734 8736 1913
f 8734 8735 8736
f 8735 1724 8736
f 3641 5753 382
f 3641 8734 5753
f 8734 1913 5753
f 8733 3834 1914
f 8733 3233 3834
f 3233 388 3834
f 8731 8733 1914
f 8731 8732 8733
f 8732 1313 8733
f 5753 5754 382
f 5753 8731 5754
f 8731 1914 5754
f 8730 4197 2277
f 8730 3834 4197
f 3834 388 4197
f 8728 8730 2277
f 8728 8729 8730
f 8729 1914 8730
f 3832 6117 383
f 3832 8728 6117
f 8728 2277 6117
f 8727 4198 2278
f 8727 3422 4198
f 3422 389 4198
f 8725 8727 2278
f 8725 8726 8727
f 8726 1502 8727
f 6117 6118 383
f 6117 8725 6118
f 8725 2278 6118
f 8724 4374 2454
f 8724 4198 4374
f 4198 389 4374
f 8722 8724 2454
f 8722 8723 8724
f 8723 2278 8724
f 4196 6294 384
f 4196 8722 6294
f 8722 2454 6294
f 8721 4375 2455
f 8721 3645 4375
f 3645 390 4375
f 8719 8721 2455
f 8719 8720 8721
f 8720 1725 8721
f 6294 6295 384
f 6294 8719 6295
f 8719 2455 6295
f 8718 4315 2395
f 8718 4375 4315
f 4375 390 4315
f 8716 8718 2395
f 8716 8717 8718
f 8717 2455 8718
f 6293 6235 168
f 6293 8716 6235
f 8716 2395 6235
f 8715 6036 2196
f 8715 6119 6036
f 6119 167 6036
f 8713 8715 2196
f 8713 8714 8715
f 8714 2279 8715
f 6235 4116 168
f 6235 8713 4116
f 8713 2196 4116
f 8712 5692 1852
f 8712 5472 5692
f 5472 117 5692
f 8710 8712 1852
f 8710 8711 8712
f 8711 1632 8712
f 3420 3772 385
f 3420 8710 3772
f 8710 1852 3772
f 8709 5210 1370
f 8709 5222 5210
f 5222 116 5210
f 8707 8709 1370
f 8707 8708 8709
f 8708 1382 8709
f 3772 3290 385
f 3772 8707 3290
f 8707 1370 3290
f 8706 5211 1371
f 8706 5210 5211
f 5210 116 5211
f 8704 8706 1371
f 8704 8705 8706
f 8705 1370 8706
f 2671 3291 386
f 2671 8704 3291
f 8704 1371 3291
f 8703 5151 1311
f 8703 5058 5151
f 5058 115 5151
f 8701 8703 1311
f 8701 8702 8703
f 8702 1218 8703
f 3291 3231 386
f 3291 8701 3231
f 8701 1311 3231
f 8700 5152 1312
f 8700 5151 5152
f 5151 115 5152
f 8698 8700 1312
f 8698 8699 8700
f 8699 1311 8700
f 2859 3232 387
f 2859 8698 3232
f 8698 1312 3232
f 8697 4898 1058
f 8697 4856 4898
f 4856 114 4898
f 8695 8697 1058
f 8695 8696 8697
f 8696 1016 8697
f 3232 2978 387
f 3232 8695 2978
f 8695 1058 2978
f 8694 4780 940
f 8694 4898 4780
f 4898 114 4780
f 8692 8694 940
f 8692 8693 8694
f 8693 1058 8694
f 3233 2860 388
f 3233 8692 2860
f 8692 940 2860
f 8691 4592 752
f 8691 4614 4592
f 4614 113 4592
f 8689 8691 752
f 8689 8690 8691
f 8690 774 8691
f 2860 2672 388
f 2860 8689 2672
f 8689 752 2672
f 8688 4593 753
f 8688 4592 4593
f 4592 113 4593
f 8686 8688 753
f 8686 8687 8688
f 8687 752 8688
f 3422 2673 389
f 3422 8686 2673
f 8686 753 2673
f 8685 6171 2331
f 8685 6365 6171
f 6365 112 6171
f 8683 8685 2331
f 8683 8684 8685
f 8684 2525 8685
f 2673 4251 389
f 2673 8683 4251
f 8683 2331 4251
f 8682 6177 2337
f 8682 6171 6177
f 6171 112 6177
f 8680 8682 2337
f 8680 8681 8682
f 8681 2331 8682
f 3645 4257 390
f 3645 8680 4257
f 8680 2337 4257
f 8679 5995 2155
f 8679 6025 5995
f 6025 111 5995
f 8677 8679 2155
f 8677 8678 8679
f 8678 2185 8679
f 4257 4075 390
f 4257 8677 4075
f 8677 2155 4075
f 8676 6035 2195
f 8676 5995 6035
f 5995 111 6035
f 8674 8676 2195
f 8674 8675 8676
f 8675 2155 8676
f 6119 4115 167
f 6119 8674 4115
f 8674 2195 4115
f 8673 6376 2536
f 8673 6364 6376
f 6364 8 6376
f 8671 8673 2536
f 8671 8672 8673
f 8672 2524 8673
f 4115 4456 167
f 4115 8671 4456
f 8671 2536 4456
f 8670 4455 2535
f 8670 3499 4455
f 3499 166 4455
f 8668 8670 2535
f 8668 8669 8670
f 8669 1579 8670
f 6368 6375 8
f 6368 8668 6375
f 8668 2535 6375
f 8667 3423 1503
f 8667 3234 3423
f 3234 391 3423
f 8665 8667 1503
f 8665 8666 8667
f 8666 1314 8667
f 3140 5343 124
f 3140 8665 5343
f 8665 1503 5343
f 8664 3235 1315
f 8664 2861 3235
f 2861 392 3235
f 8662 8664 1315
f 8662 8663 8664
f 8663 941 8664
f 2937 5155 123
f 2937 8662 5155
f 8662 1315 5155
f 8661 2862 942
f 8661 2674 2862
f 2674 394 2862
f 8659 8661 942
f 8659 8660 8661
f 8660 754 8661
f 2583 4782 122
f 2583 8659 4782
f 8659 942 4782
f 8658 2677 757
f 8658 4379 2677
f 4379 397 2677
f 8656 8658 757
f 8656 8657 8658
f 8657 2459 8658
f 4447 4597 121
f 4447 8656 4597
f 8656 757 4597
f 8655 4380 2460
f 8655 4203 4380
f 4203 401 4380
f 8653 8655 2460
f 8653 8654 8655
f 8654 2283 8655
f 4107 6300 120
f 4107 8653 6300
f 8653 2460 6300
f 8652 4206 2286
f 8652 3840 4206
f 3840 406 4206
f 8650 8652 2286
f 8650 8651 8652
f 8651 1920 8652
f 3904 6126 119
f 3904 8650 6126
f 8650 2286 6126
f 8649 3836 1916
f 8649 3423 3836
f 3423 391 3836
f 8647 8649 1916
f 8647 8648 8649
f 8648 1503 8649
f 3499 5756 166
f 3499 8647 5756
f 8647 1916 5756
f 8646 5479 1639
f 8646 5566 5479
f 5566 165 5479
f 8644 8646 1639
f 8644 8645 8646
f 8645 1726 8646
f 5756 3559 166
f 5756 8644 3559
f 8644 1639 3559
f 8643 4200 2280
f 8643 3235 4200
f 3235 392 4200
f 8641 8643 2280
f 8641 8642 8643
f 8642 1315 8643
f 3234 6120 391
f 3234 8641 6120
f 8641 2280 6120
f 8640 4201 2281
f 8640 4376 4201
f 4376 393 4201
f 8638 8640 2281
f 8638 8639 8640
f 8639 2456 8640
f 6120 6121 391
f 6120 8638 6121
f 8638 2281 6121
f 8637 3647 1727
f 8637 4201 3647
f 4201 393 3647
f 8635 8637 1727
f 8635 8636 8637
f 8636 2281 8637
f 5566 5567 165
f 5566 8635 5567
f 8635 1727 5567
f 8634 5418 1578
f 8634 5344 5418
f 5344 164 5418
f 8632 8634 1578
f 8632 8633 8634
f 8633 1504 8634
f 5567 3498 165
f 5567 8632 3498
f 8632 1578 3498
f 8631 4377 2457
f 8631 2862 4377
f 2862 394 4377
f 8629 8631 2457
f 8629 8630 8631
f 8630 942 8631
f 2861 6297 392
f 2861 8629 6297
f 8629 2457 6297
f 8628 4378 2458
f 8628 2863 4378
f 2863 395 4378
f 8626 8628 2458
f 8626 8627 8628
f 8627 943 8628
f 6297 6298 392
f 6297 8626 6298
f 8626 2458 6298
f 8625 2675 755
f 8625 4378 2675
f 4378 395 2675
f 8623 8625 755
f 8623 8624 8625
f 8624 2458 8625
f 4376 4595 393
f 4376 8623 4595
f 8623 755 4595
f 8622 2676 756
f 8622 3236 2676
f 3236 396 2676
f 8620 8622 756
f 8620 8621 8622
f 8621 1316 8622
f 4595 4596 393
f 4595 8620 4596
f 8620 756 4596
f 8619 3425 1505
f 8619 2676 3425
f 2676 396 3425
f 8617 8619 1505
f 8617 8618 8619
f 8618 756 8619
f 5344 5345 164
f 5344 8617 5345
f 8617 1505 5345
f 8616 5068 1228
f 8616 5078 5068
f 5078 163 5068
f 8614 8616 1228
f 8614 8615 8616
f 8615 1238 8616
f 5345 3148 164
f 5345 8614 3148
f 8614 1228 3148
f 8613 2864 944
f 8613 2677 2864
f 2677 397 2864
f 8611 8613 944
f 8611 8612 8613
f 8612 757 8613
f 2674 4784 394
f 2674 8611 4784
f 8611 944 4784
f 8610 2865 945
f 8610 3648 2865
f 3648 398 2865
f 8608 8610 945
f 8608 8609 8610
f 8609 1728 8610
f 4784 4785 394
f 4784 8608 4785
f 8608 945 4785
f 8607 3237 1317
f 8607 2865 3237
f 2865 398 3237
f 8605 8607 1317
f 8605 8606 8607
f 8606 945 8607
f 2863 5157 395
f 2863 8605 5157
f 8605 1317 5157
f 8604 3238 1318
f 8604 3837 3238
f 3837 399 3238
f 8602 8604 1318
f 8602 8603 8604
f 8603 1917 8604
f 5157 5158 395
f 5157 8602 5158
f 8602 1318 5158
f 8601 3427 1507
f 8601 3238 3427
f 3238 399 3427
f 8599 8601 1507
f 8599 8600 8601
f 8600 1318 8601
f 3236 5347 396
f 3236 8599 5347
f 8599 1507 5347
f 8598 3428 1508
f 8598 4202 3428
f 4202 400 3428
f 8596 8598 1508
f 8596 8597 8598
f 8597 2282 8598
f 5347 5348 396
f 5347 8596 5348
f 8596 1508 5348
f 8595 3239 1319
f 8595 3428 3239
f 3428 400 3239
f 8593 8595 1319
f 8593 8594 8595
f 8594 1508 8595
f 5078 5159 163
f 5078 8593 5159
f 8593 1319 5159
f 8592 4865 1025
f 8592 4786 4865
f 4786 162 4865
f 8590 8592 1025
f 8590 8591 8592
f 8591 946 8592
f 5159 2945 163
f 5159 8590 2945
f 8590 1025 2945
f 8589 3649 1729
f 8589 4380 3649
f 4380 401 3649
f 8587 8589 1729
f 8587 8588 8589
f 8588 2460 8589
f 4379 5569 397
f 4379 8587 5569
f 8587 1729 5569
f 8586 3650 1730
f 8586 2678 3650
f 2678 402 3650
f 8584 8586 1730
f 8584 8585 8586
f 8585 758 8586
f 5569 5570 397
f 5569 8584 5570
f 8584 1730 5570
f 8583 3838 1918
f 8583 3650 3838
f 3650 402 3838
f 8581 8583 1918
f 8581 8582 8583
f 8582 1730 8583
f 3648 5758 398
f 3648 8581 5758
f 8581 1918 5758
f 8580 3839 1919
f 8580 2868 3839
f 2868 403 3839
f 8578 8580 1919
f 8578 8579 8580
f 8579 948 8580
f 5758 5759 398
f 5758 8578 5759
f 8578 1919 5759
f 8577 4204 2284
f 8577 3839 4204
f 3839 403 4204
f 8575 8577 2284
f 8575 8576 8577
f 8576 1919 8577
f 3837 6124 399
f 3837 8575 6124
f 8575 2284 6124
f 8574 4205 2285
f 8574 3240 4205
f 3240 404 4205
f 8572 8574 2285
f 8572 8573 8574
f 8573 1320 8574
f 6124 6125 399
f 6124 8572 6125
f 8572 2285 6125
f 8571 4381 2461
f 8571 4205 4381
f 4205 404 4381
f 8569 8571 2461
f 8569 8570 8571
f 8570 2285 8571
f 4202 6301 400
f 4202 8569 6301
f 8569 2461 6301
f 8568 4382 2462
f 8568 3429 4382
f 3429 405 4382
f 8566 8568 2462
f 8566 8567 8568
f 8567 1509 8568
f 6301 6302 400
f 6301 8566 6302
f 8566 2462 6302
f 8565 2869 949
f 8565 4382 2869
f 4382 405 2869
f 8563 8565 949
f 8563 8564 8565
f 8564 2462 8565
f 4786 4789 162
f 4786 8563 4789
f 8563 949 4789
f 8562 4509 669
f 8562 4599 4509
f 4599 161 4509
f 8560 8562 669
f 8560 8561 8562
f 8561 759 8562
f 4789 2589 162
f 4789 8560 2589
f 8560 669 2589
f 8559 2680 760
f 8559 4206 2680
f 4206 406 2680
f 8557 8559 760
f 8557 8558 8559
f 8558 2286 8559
f 4203 4600 401
f 4203 8557 4600
f 8557 760 4600
f 8556 2681 761
f 8556 3841 2681
f 3841 407 2681
f 8554 8556 761
f 8554 8555 8556
f 8555 1921 8556
f 4600 4601 401
f 4600 8554 4601
f 8554 761 4601
f 8553 2870 950
f 8553 2681 2870
f 2681 407 2870
f 8551 8553 950
f 8551 8552 8553
f 8552 761 8553
f 2678 4790 402
f 2678 8551 4790
f 8551 950 4790
f 8550 2871 951
f 8550 4207 2871
f 4207 408 2871
f 8548 8550 951
f 8548 8549 8550
f 8549 2287 8550
f 4790 4791 402
f 4790 8548 4791
f 8548 951 4791
f 8547 3241 1321
f 8547 2871 3241
f 2871 408 3241
f 8545 8547 1321
f 8545 8546 8547
f 8546 951 8547
f 2868 5161 403
f 2868 8545 5161
f 8545 1321 5161
f 8544 3242 1322
f 8544 4383 3242
f 4383 409 3242
f 8542 8544 1322
f 8542 8543 8544
f 8543 2463 8544
f 5161 5162 403
f 5161 8542 5162
f 8542 1322 5162
f 8541 3431 1511
f 8541 3242 3431
f 3242 409 3431
f 8539 8541 1511
f 8539 8540 8541
f 8540 1322 8541
f 3240 5351 404
f 3240 8539 5351
f 8539 1511 5351
f 8538 3432 1512
f 8538 2682 3432
f 2682 410 3432
f 8536 8538 1512
f 8536 8537 8538
f 8537 762 8538
f 5351 5352 404
f 5351 8536 5352
f 8536 1512 5352
f 8535 3653 1733
f 8535 3432 3653
f 3432 410 3653
f 8533 8535 1733
f 8533 8534 8535
f 8534 1512 8535
f 3429 5573 405
f 3429 8533 5573
f 8533 1733 5573
f 8532 3654 1734
f 8532 2873 3654
f 2873 411 3654
f 8530 8532 1734
f 8530 8531 8532
f 8531 953 8532
f 5573 5574 405
f 5573 8530 5574
f 8530 1734 5574
f 8529 2683 763
f 8529 3654 2683
f 3654 411 2683
f 8527 8529 763
f 8527 8528 8529
f 8528 1734 8529
f 4599 4603 161
f 4599 8527 4603
f 8527 763 4603
f 8526 6374 2534
f 8526 6304 6374
f 6304 160 6374
f 8524 8526 2534
f 8524 8525 8526
f 8525 2464 8526
f 4603 4454 161
f 4603 8524 4454
f 8524 2534 4454
f 8523 5997 2157
f 8523 6026 5997
f 6026 103 5997
f 8521 8523 2157
f 8521 8522 8523
f 8522 2186 8523
f 3840 4077 406
f 3840 8521 4077
f 8521 2157 4077
f 8520 5854 2014
f 8520 5823 5854
f 5823 102 5854
f 8518 8520 2014
f 8518 8519 8520
f 8519 1983 8520
f 4077 3934 406
f 4077 8518 3934
f 8518 2014 3934
f 8517 5855 2015
f 8517 5854 5855
f 5854 102 5855
f 8515 8517 2015
f 8515 8516 8517
f 8516 2014 8517
f 3841 3935 407
f 3841 8515 3935
f 8515 2015 3935
f 8514 5571 1731
f 8514 5467 5571
f 5467 101 5571
f 8512 8514 1731
f 8512 8513 8514
f 8513 1627 8514
f 3935 3651 407
f 3935 8512 3651
f 8512 1731 3651
f 8511 5572 1732
f 8511 5571 5572
f 5571 101 5572
f 8509 8511 1732
f 8509 8510 8511
f 8510 1731 8511
f 4207 3652 408
f 4207 8509 3652
f 8509 1732 3652
f 8508 5208 1368
f 8508 5409 5208
f 5409 100 5208
f 8506 8508 1368
f 8506 8507 8508
f 8507 1569 8508
f 3652 3288 408
f 3652 8506 3288
f 8506 1368 3288
f 8505 5209 1369
f 8505 5208 5209
f 5208 100 5209
f 8503 8505 1369
f 8503 8504 8505
f 8504 1368 8505
f 4383 3289 409
f 4383 8503 3289
f 8503 1369 3289
f 8502 5027 1187
f 8502 5053 5027
f 5053 99 5027
f 8500 8502 1187
f 8500 8501 8502
f 8501 1213 8502
f 3289 3107 409
f 3289 8500 3107
f 8500 1187 3107
f 8499 5163 1323
f 8499 5027 5163
f 5027 99 5163
f 8497 8499 1323
f 8497 8498 8499
f 8498 1187 8499
f 2682 3243 410
f 2682 8497 3243
f 8497 1323 3243
f 8496 4792 952
f 8496 4853 4792
f 4853 98 4792
f 8494 8496 952
f 8494 8495 8496
f 8495 1013 8496
f 3243 2872 410
f 3243 8494 2872
f 8494 952 2872
f 8493 4897 1057
f 8493 4792 4897
f 4792 98 4897
f 8491 8493 1057
f 8491 8492 8493
f 8492 952 8493
f 2873 2977 411
f 2873 8491 2977
f 8491 1057 2977
f 8490 4711 871
f 8490 4497 4711
f 4497 97 4711
f 8488 8490 871
f 8488 8489 8490
f 8489 657 8490
f 2977 2791 411
f 2977 8488 2791
f 8488 871 2791
f 8487 4508 668
f 8487 4711 4508
f 4711 97 4508
f 8485 8487 668
f 8485 8486 8487
f 8486 871 8487
f 6304 2588 160
f 6304 8485 2588
f 8485 668 2588
f 8484 6034 2194
f 8484 6023 6034
f 6023 7 6034
f 8482 8484 2194
f 8482 8483 8484
f 8483 2183 8484
f 2588 4114 160
f 2588 8482 4114
f 8482 2194 4114
f 8481 4113 2193
f 8481 4008 4113
f 4008 159 4113
f 8479 8481 2193
f 8479 8480 8481
f 8480 2088 8481
f 6024 6033 7
f 6024 8479 6033
f 8479 2193 6033
f 8478 3842 1922
f 8478 3655 3842
f 3655 412 3842
f 8476 8478 1922
f 8476 8477 8478
f 8477 1735 8478
f 3548 5762 110
f 3548 8476 5762
f 8476 1922 5762
f 8475 3656 1736
f 8475 3433 3656
f 3433 413 3656
f 8473 8475 1736
f 8473 8474 8475
f 8474 1513 8475
f 3490 5576 109
f 3490 8473 5576
f 8473 1736 5576
f 8472 3435 1515
f 8472 3244 3435
f 3244 415 3435
f 8470 8472 1515
f 8470 8471 8472
f 8471 1324 8472
f 3136 5355 108
f 3136 8470 5355
f 8470 1515 5355
f 8469 3115 1195
f 8469 2874 3115
f 2874 418 3115
f 8467 8469 1195
f 8467 8468 8469
f 8468 954 8469
f 2935 5035 107
f 2935 8467 5035
f 8467 1195 5035
f 8466 2876 956
f 8466 2686 2876
f 2686 422 2876
f 8464 8466 956
f 8464 8465 8466
f 8465 766 8466
f 2580 4796 106
f 2580 8464 4796
f 8464 956 4796
f 8463 2688 768
f 8463 4389 2688
f 4389 427 2688
f 8461 8463 768
f 8461 8462 8463
f 8462 2469 8463
f 4443 4608 105
f 4443 8461 4608
f 8461 768 4608
f 8460 4208 2288
f 8460 3842 4208
f 3842 412 4208
f 8458 8460 2288
f 8458 8459 8460
f 8459 1922 8460
f 4008 6128 159
f 4008 8458 6128
f 8458 2288 6128
f 8457 5832 1992
f 8457 5930 5832
f 5930 158 5832
f 8455 8457 1992
f 8455 8456 8457
f 8456 2090 8457
f 6128 3912 159
f 6128 8455 3912
f 8455 1992 3912
f 8454 3362 1442
f 8454 3656 3362
f 3656 413 3362
f 8452 8454 1442
f 8452 8453 8454
f 8453 1736 8454
f 3655 5282 412
f 3655 8452 5282
f 8452 1442 5282
f 8451 3434 1514
f 8451 3657 3434
f 3657 414 3434
f 8449 8451 1514
f 8449 8450 8451
f 8450 1737 8451
f 5282 5354 412
f 5282 8449 5354
f 8449 1514 5354
f 8448 3843 1923
f 8448 3434 3843
f 3434 414 3843
f 8446 8448 1923
f 8446 8447 8448
f 8447 1514 8448
f 5930 5763 158
f 5930 8446 5763
f 8446 1923 5763
f 8445 5478 1638
f 8445 5502 5478
f 5502 157 5478
f 8443 8445 1638
f 8443 8444 8445
f 8444 1662 8445
f 5763 3558 158
f 5763 8443 3558
f 8443 1638 3558
f 8442 3658 1738
f 8442 3435 3658
f 3435 415 3658
f 8440 8442 1738
f 8440 8441 8442
f 8441 1515 8442
f 3433 5578 413
f 3433 8440 5578
f 8440 1738 5578
f 8439 3659 1739
f 8439 4209 3659
f 4209 416 3659
f 8437 8439 1739
f 8437 8438 8439
f 8438 2289 8439
f 5578 5579 413
f 5578 8437 5579
f 8437 1739 5579
f 8436 3844 1924
f 8436 3659 3844
f 3659 416 3844
f 8434 8436 1924
f 8434 8435 8436
f 8435 1739 8436
f 3657 5764 414
f 3657 8434 5764
f 8434 1924 5764
f 8433 3845 1925
f 8433 4385 3845
f 4385 417 3845
f 8431 8433 1925
f 8431 8432 8433
f 8432 2465 8433
f 5764 5765 414
f 5764 8431 5765
f 8431 1925 5765
f 8430 3660 1740
f 8430 3845 3660
f 3845 417 3660
f 8428 8430 1740
f 8428 8429 8430
f 8429 1925 8430
f 5502 5580 157
f 5502 8428 5580
f 8428 1740 5580
f 8427 5417 1577
f 8427 5356 5417
f 5356 156 5417
f 8425 8427 1577
f 8425 8426 8427
f 8426 1516 8427
f 5580 3497 157
f 5580 8425 3497
f 8425 1577 3497
f 8424 4210 2290
f 8424 3115 4210
f 3115 418 4210
f 8422 8424 2290
f 8422 8423 8424
f 8423 1195 8424
f 3244 6130 415
f 3244 8422 6130
f 8422 2290 6130
f 8421 4211 2291
f 8421 2875 4211
f 2875 419 4211
f 8419 8421 2291
f 8419 8420 8421
f 8420 955 8421
f 6130 6131 415
f 6130 8419 6131
f 8419 2291 6131
f 8418 4386 2466
f 8418 4211 4386
f 4211 419 4386
f 8416 8418 2466
f 8416 8417 8418
f 8417 2291 8418
f 4209 6306 416
f 4209 8416 6306
f 8416 2466 6306
f 8415 4387 2467
f 8415 3247 4387
f 3247 420 4387
f 8413 8415 2467
f 8413 8414 8415
f 8414 1327 8415
f 6306 6307 416
f 6306 8413 6307
f 8413 2467 6307
f 8412 2684 764
f 8412 4387 2684
f 4387 420 2684
f 8410 8412 764
f 8410 8411 8412
f 8411 2467 8412
f 4385 4604 417
f 4385 8410 4604
f 8410 764 4604
f 8409 2685 765
f 8409 3437 2685
f 3437 421 2685
f 8407 8409 765
f 8407 8408 8409
f 8408 1517 8409
f 4604 4605 417
f 4604 8407 4605
f 8407 765 4605
f 8406 3504 1584
f 8406 2685 3504
f 2685 421 3504
f 8404 8406 1584
f 8404 8405 8406
f 8405 765 8406
f 5356 5424 156
f 5356 8404 5424
f 8404 1584 5424
f 8403 5067 1227
f 8403 5168 5067
f 5168 155 5067
f 8401 8403 1227
f 8401 8402 8403
f 8402 1328 8403
f 5424 3147 156
f 5424 8401 3147
f 8401 1227 3147
f 8400 2830 910
f 8400 2876 2830
f 2876 422 2830
f 8398 8400 910
f 8398 8399 8400
f 8399 956 8400
f 2874 4750 418
f 2874 8398 4750
f 8398 910 4750
f 8397 2877 957
f 8397 3847 2877
f 3847 423 2877
f 8395 8397 957
f 8395 8396 8397
f 8396 1927 8397
f 4750 4797 418
f 4750 8395 4797
f 8395 957 4797
f 8394 3249 1329
f 8394 2877 3249
f 2877 423 3249
f 8392 8394 1329
f 8392 8393 8394
f 8393 957 8394
f 2875 5169 419
f 2875 8392 5169
f 8392 1329 5169
f 8391 3250 1330
f 8391 4212 3250
f 4212 424 3250
f 8389 8391 1330
f 8389 8390 8391
f 8390 2292 8391
f 5169 5170 419
f 5169 8389 5170
f 8389 1330 5170
f 8388 3438 1518
f 8388 3250 3438
f 3250 424 3438
f 8386 8388 1518
f 8386 8387 8388
f 8387 1330 8388
f 3247 5358 420
f 3247 8386 5358
f 8386 1518 5358
f 8385 3439 1519
f 8385 4388 3439
f 4388 425 3439
f 8383 8385 1519
f 8383 8384 8385
f 8384 2468 8385
f 5358 5359 420
f 5358 8383 5359
f 8383 1519 5359
f 8382 3661 1741
f 8382 3439 3661
f 3439 425 3661
f 8380 8382 1741
f 8380 8381 8382
f 8381 1519 8382
f 3437 5581 421
f 3437 8380 5581
f 8380 1741 5581
f 8379 3662 1742
f 8379 2687 3662
f 2687 426 3662
f 8377 8379 1742
f 8377 8378 8379
f 8378 767 8379
f 5581 5582 421
f 5581 8377 5582
f 8377 1742 5582
f 8376 3251 1331
f 8376 3662 3251
f 3662 426 3251
f 8374 8376 1331
f 8374 8375 8376
f 8375 1742 8376
f 5168 5171 155
f 5168 8374 5171
f 8374 1331 5171
f 8373 4863 1023
f 8373 4798 4863
f 4798 154 4863
f 8371 8373 1023
f 8371 8372 8373
f 8372 958 8373
f 5171 2943 155
f 5171 8371 2943
f 8371 1023 2943
f 8370 3848 1928
f 8370 2688 3848
f 2688 427 3848
f 8368 8370 1928
f 8368 8369 8370
f 8369 768 8370
f 2686 5768 422
f 2686 8368 5768
f 8368 1928 5768
f 8367 3849 1929
f 8367 3252 3849
f 3252 428 3849
f 8365 8367 1929
f 8365 8366 8367
f 8366 1332 8367
f 5768 5769 422
f 5768 8365 5769
f 8365 1929 5769
f 8364 4213 2293
f 8364 3849 4213
f 3849 428 4213
f 8362 8364 2293
f 8362 8363 8364
f 8363 1929 8364
f 3847 6133 423
f 3847 8362 6133
f 8362 2293 6133
f 8361 4214 2294
f 8361 3440 4214
f 3440 429 4214
f 8359 8361 2294
f 8359 8360 8361
f 8360 1520 8361
f 6133 6134 423
f 6133 8359 6134
f 8359 2294 6134
f 8358 4391 2471
f 8358 4214 4391
f 4214 429 4391
f 8356 8358 2471
f 8356 8357 8358
f 8357 2294 8358
f 4212 6311 424
f 4212 8356 6311
f 8356 2471 6311
f 8355 4392 2472
f 8355 3663 4392
f 3663 430 4392
f 8353 8355 2472
f 8353 8354 8355
f 8354 1743 8355
f 6311 6312 424
f 6311 8353 6312
f 8353 2472 6312
f 8352 2689 769
f 8352 4392 2689
f 4392 430 2689
f 8350 8352 769
f 8350 8351 8352
f 8351 2472 8352
f 4388 4609 425
f 4388 8350 4609
f 8350 769 4609
f 8349 2690 770
f 8349 3852 2690
f 3852 431 2690
f 8347 8349 770
f 8347 8348 8349
f 8348 1932 8349
f 4609 4610 425
f 4609 8347 4610
f 8347 770 4610
f 8346 2879 959
f 8346 2690 2879
f 2690 431 2879
f 8344 8346 959
f 8344 8345 8346
f 8345 770 8346
f 2687 4799 426
f 2687 8344 4799
f 8344 959 4799
f 8343 2880 960
f 8343 4215 2880
f 4215 432 2880
f 8341 8343 960
f 8341 8342 8343
f 8342 2295 8343
f 4799 4800 426
f 4799 8341 4800
f 8341 960 4800
f 8340 2921 1001
f 8340 2880 2921
f 2880 432 2921
f 8338 8340 1001
f 8338 8339 8340
f 8339 960 8340
f 4798 4841 154
f 4798 8338 4841
f 8338 1001 4841
f 8337 4507 667
f 8337 4611 4507
f 4611 153 4507
f 8335 8337 667
f 8335 8336 8337
f 8336 771 8337
f 4841 2587 154
f 4841 8335 2587
f 8335 667 2587
f 8334 4713 873
f 8334 4499 4713
f 4499 89 4713
f 8332 8334 873
f 8332 8333 8334
f 8333 659 8334
f 4389 2793 427
f 4389 8332 2793
f 8332 873 2793
f 8331 6170 2330
f 8331 6366 6170
f 6366 88 6170
f 8329 8331 2330
f 8329 8330 8331
f 8330 2526 8331
f 2793 4250 427
f 2793 8329 4250
f 8329 2330 4250
f 8328 6310 2470
f 8328 6170 6310
f 6170 88 6310
f 8326 8328 2470
f 8326 8327 8328
f 8327 2330 8328
f 3252 4390 428
f 3252 8326 4390
f 8326 2470 4390
f 8325 5994 2154
f 8325 6021 5994
f 6021 87 5994
f 8323 8325 2154
f 8323 8324 8325
f 8324 2181 8325
f 4390 4074 428
f 4390 8323 4074
f 8323 2154 4074
f 8322 5996 2156
f 8322 5994 5996
f 5994 87 5996
f 8320 8322 2156
f 8320 8321 8322
f 8321 2154 8322
f 3440 4076 429
f 3440 8320 4076
f 8320 2156 4076
f 8319 5770 1930
f 8319 5820 5770
f 5820 86 5770
f 8317 8319 1930
f 8317 8318 8319
f 8318 1980 8319
f 4076 3850 429
f 4076 8317 3850
f 8317 1930 3850
f 8316 5771 1931
f 8316 5770 5771
f 5770 86 5771
f 8314 8316 1931
f 8314 8315 8316
f 8315 1930 8316
f 3663 3851 430
f 3663 8314 3851
f 8314 1931 3851
f 8313 5680 1840
f 8313 5465 5680
f 5465 85 5680
f 8311 8313 1840
f 8311 8312 8313
f 8312 1625 8313
f 3851 3760 430
f 3851 8311 3760
f 8311 1840 3760
f 8310 5584 1744
f 8310 5680 5584
f 5680 85 5584
f 8308 8310 1744
f 8308 8309 8310
f 8309 1840 8310
f 3852 3664 431
f 3852 8308 3664
f 8308 1744 3664
f 8307 5361 1521
f 8307 5407 5361
f 5407 84 5361
f 8305 8307 1521
f 8305 8306 8307
f 8306 1567 8307
f 3664 3441 431
f 3664 8305 3441
f 8305 1521 3441
f 8304 5362 1522
f 8304 5361 5362
f 5361 84 5362
f 8302 8304 1522
f 8302 8303 8304
f 8303 1521 8304
f 4215 3442 432
f 4215 8302 3442
f 8302 1522 3442
f 8301 5173 1333
f 8301 5050 5173
f 5050 83 5173
f 8299 8301 1333
f 8299 8300 8301
f 8300 1210 8301
f 3442 3253 432
f 3442 8299 3253
f 8299 1333 3253
f 8298 5036 1196
f 8298 5173 5036
f 5173 83 5036
f 8296 8298 1196
f 8296 8297 8298
f 8297 1333 8298
f 4611 3116 153
f 4611 8296 3116
f 8296 1196 3116
f 8295 5066 1226
f 8295 5049 5066
f 5049 11 5066
f 8293 8295 1226
f 8293 8294 8295
f 8294 1209 8295
f 3116 3146 153
f 3116 8293 3146
f 8293 1226 3146
f 8292 2942 1022
f 8292 3145 2942
f 3145 152 2942
f 8290 8292 1022
f 8290 8291 8292
f 8291 1225 8292
f 4859 4862 10
f 4859 8290 4862
f 8290 1022 4862
f 8289 3254 1334
f 8289 3443 3254
f 3443 433 3254
f 8287 8289 1334
f 8287 8288 8289
f 8288 1523 8289
f 5062 5174 139
f 5062 8287 5174
f 8287 1334 5174
f 8286 3444 1524
f 8286 3665 3444
f 3665 434 3444
f 8284 8286 1524
f 8284 8285 8286
f 8285 1745 8286
f 5414 5364 140
f 5414 8284 5364
f 8284 1524 5364
f 8283 3666 1746
f 8283 3854 3666
f 3854 436 3666
f 8281 8283 1746
f 8281 8282 8283
f 8282 1934 8283
f 5475 5586 141
f 5475 8281 5586
f 8281 1746 5586
f 8280 3856 1936
f 8280 4218 3856
f 4218 439 3856
f 8278 8280 1936
f 8278 8279 8280
f 8279 2298 8280
f 5828 5776 142
f 5828 8278 5776
f 8278 1936 5776
f 8277 4220 2300
f 8277 4396 4220
f 4396 443 4220
f 8275 8277 2300
f 8275 8276 8277
f 8276 2476 8277
f 6031 6140 143
f 6031 8275 6140
f 8275 2300 6140
f 8274 4399 2479
f 8274 2697 4399
f 2697 448 4399
f 8272 8274 2479
f 8272 8273 8274
f 8273 777 8274
f 6372 6319 144
f 6372 8272 6319
f 8272 2479 6319
f 8271 4394 2474
f 8271 3254 4394
f 3254 433 4394
f 8269 8271 2474
f 8269 8270 8271
f 8270 1334 8271
f 3145 6314 152
f 3145 8269 6314
f 8269 2474 6314
f 8268 6032 2192
f 8268 6136 6032
f 6136 151 6032
f 8266 8268 2192
f 8266 8267 8268
f 8267 2296 8268
f 6314 4112 152
f 6314 8266 4112
f 8266 2192 4112
f 8265 2692 772
f 8265 3444 2692
f 3444 434 2692
f 8263 8265 772
f 8263 8264 8265
f 8264 1524 8265
f 3443 4612 433
f 3443 8263 4612
f 8263 772 4612
f 8262 2693 773
f 8262 2881 2693
f 2881 435 2693
f 8260 8262 773
f 8260 8261 8262
f 8261 961 8262
f 4612 4613 433
f 4612 8260 4613
f 8260 773 4613
f 8259 4217 2297
f 8259 2693 4217
f 2693 435 4217
f 8257 8259 2297
f 8257 8258 8259
f 8258 773 8259
f 6136 6137 151
f 6136 8257 6137
f 8257 2297 6137
f 8256 5830 1990
f 8256 5773 5830
f 5773 150 5830
f 8254 8256 1990
f 8254 8255 8256
f 8255 1933 8256
f 6137 3910 151
f 6137 8254 3910
f 8254 1990 3910
f 8253 2882 962
f 8253 3666 2882
f 3666 436 2882
f 8251 8253 962
f 8251 8252 8253
f 8252 1746 8253
f 3665 4802 434
f 3665 8251 4802
f 8251 962 4802
f 8250 2883 963
f 8250 3445 2883
f 3445 437 2883
f 8248 8250 963
f 8248 8249 8250
f 8249 1525 8250
f 4802 4803 434
f 4802 8248 4803
f 8248 963 4803
f 8247 3255 1335
f 8247 2883 3255
f 2883 437 3255
f 8245 8247 1335
f 8245 8246 8247
f 8246 963 8247
f 2881 5175 435
f 2881 8245 5175
f 8245 1335 5175
f 8244 3256 1336
f 8244 3667 3256
f 3667 438 3256
f 8242 8244 1336
f 8242 8243 8244
f 8243 1747 8244
f 5175 5176 435
f 5175 8242 5176
f 8242 1336 5176
f 8241 3855 1935
f 8241 3256 3855
f 3256 438 3855
f 8239 8241 1935
f 8239 8240 8241
f 8240 1336 8241
f 5773 5775 150
f 5773 8239 5775
f 8239 1935 5775
f 8238 5477 1637
f 8238 5641 5477
f 5641 149 5477
f 8236 8238 1637
f 8236 8237 8238
f 8237 1801 8238
f 5775 3557 150
f 5775 8236 3557
f 8236 1637 3557
f 8235 3446 1526
f 8235 3856 3446
f 3856 439 3446
f 8233 8235 1526
f 8233 8234 8235
f 8234 1936 8235
f 3854 5366 436
f 3854 8233 5366
f 8233 1526 5366
f 8232 3447 1527
f 8232 4219 3447
f 4219 440 3447
f 8230 8232 1527
f 8230 8231 8232
f 8231 2299 8232
f 5366 5367 436
f 5366 8230 5367
f 8230 1527 5367
f 8229 3668 1748
f 8229 3447 3668
f 3447 440 3668
f 8227 8229 1748
f 8227 8228 8229
f 8228 1527 8229
f 3445 5588 437
f 3445 8227 5588
f 8227 1748 5588
f 8226 3669 1749
f 8226 4395 3669
f 4395 441 3669
f 8224 8226 1749
f 8224 8225 8226
f 8225 2475 8226
f 5588 5589 437
f 5588 8224 5589
f 8224 1749 5589
f 8223 3857 1937
f 8223 3669 3857
f 3669 441 3857
f 8221 8223 1937
f 8221 8222 8223
f 8222 1749 8223
f 3667 5777 438
f 3667 8221 5777
f 8221 1937 5777
f 8220 3858 1938
f 8220 2773 3858
f 2773 442 3858
f 8218 8220 1938
f 8218 8219 8220
f 8219 853 8220
f 5777 5778 438
f 5777 8218 5778
f 8218 1938 5778
f 8217 3670 1750
f 8217 3858 3670
f 3858 442 3670
f 8215 8217 1750
f 8215 8216 8217
f 8216 1938 8217
f 5641 5590 149
f 5641 8215 5590
f 8215 1750 5590
f 8214 5416 1576
f 8214 5368 5416
f 5368 148 5416
f 8212 8214 1576
f 8212 8213 8214
f 8213 1528 8214
f 5590 3496 149
f 5590 8212 3496
f 8212 1576 3496
f 8211 4052 2132
f 8211 4220 4052
f 4220 443 4052
f 8209 8211 2132
f 8209 8210 8211
f 8210 2300 8211
f 4218 5972 439
f 4218 8209 5972
f 8209 2132 5972
f 8208 4221 2301
f 8208 3257 4221
f 3257 444 4221
f 8206 8208 2301
f 8206 8207 8208
f 8207 1337 8208
f 5972 6141 439
f 5972 8206 6141
f 8206 2301 6141
f 8205 4397 2477
f 8205 4221 4397
f 4221 444 4397
f 8203 8205 2477
f 8203 8204 8205
f 8204 2301 8205
f 4219 6317 440
f 4219 8203 6317
f 8203 2477 6317
f 8202 4398 2478
f 8202 3449 4398
f 3449 445 4398
f 8200 8202 2478
f 8200 8201 8202
f 8201 1529 8202
f 6317 6318 440
f 6317 8200 6318
f 8200 2478 6318
f 8199 2695 775
f 8199 4398 2695
f 4398 445 2695
f 8197 8199 775
f 8197 8198 8199
f 8198 2478 8199
f 4395 4615 441
f 4395 8197 4615
f 8197 775 4615
f 8196 2696 776
f 8196 3671 2696
f 3671 446 2696
f 8194 8196 776
f 8194 8195 8196
f 8195 1751 8196
f 4615 4616 441
f 4615 8194 4616
f 8194 776 4616
f 8193 2884 964
f 8193 2696 2884
f 2696 446 2884
f 8191 8193 964
f 8191 8192 8193
f 8192 776 8193
f 2773 4804 442
f 2773 8191 4804
f 8191 964 4804
f 8190 2885 965
f 8190 3911 2885
f 3911 447 2885
f 8188 8190 965
f 8188 8189 8190
f 8189 1991 8190
f 4804 4805 442
f 4804 8188 4805
f 8188 965 4805
f 8187 3450 1530
f 8187 2885 3450
f 2885 447 3450
f 8185 8187 1530
f 8185 8186 8187
f 8186 965 8187
f 5368 5370 148
f 5368 8185 5370
f 8185 1530 5370
f 8184 5064 1224
f 8184 5178 5064
f 5178 147 5064
f 8182 8184 1224
f 8182 8183 8184
f 8183 1338 8184
f 5370 3144 148
f 5370 8182 3144
f 8182 1224 3144
f 8181 3259 1339
f 8181 4399 3259
f 4399 448 3259
f 8179 8181 1339
f 8179 8180 8181
f 8180 2479 8181
f 4396 5179 443
f 4396 8179 5179
f 8179 1339 5179
f 8178 3260 1340
f 8178 4400 3260
f 4400 449 3260
f 8176 8178 1340
f 8176 8177 8178
f 8177 2480 8178
f 5179 5180 443
f 5179 8176 5180
f 8176 1340 5180
f 8175 3451 1531
f 8175 3260 3451
f 3260 449 3451
f 8173 8175 1531
f 8173 8174 8175
f 8174 1340 8175
f 3257 5371 444
f 3257 8173 5371
f 8173 1531 5371
f 8172 3452 1532
f 8172 2699 3452
f 2699 450 3452
f 8170 8172 1532
f 8170 8171 8172
f 8171 779 8172
f 5371 5372 444
f 5371 8170 5372
f 8170 1532 5372
f 8169 3673 1753
f 8169 3452 3673
f 3452 450 3673
f 8167 8169 1753
f 8167 8168 8169
f 8168 1532 8169
f 3449 5593 445
f 3449 8167 5593
f 8167 1753 5593
f 8166 3674 1754
f 8166 2887 3674
f 2887 451 3674
f 8164 8166 1754
f 8164 8165 8166
f 8165 967 8166
f 5593 5594 445
f 5593 8164 5594
f 8164 1754 5594
f 8163 3860 1940
f 8163 3674 3860
f 3674 451 3860
f 8161 8163 1940
f 8161 8162 8163
f 8162 1754 8163
f 3671 5780 446
f 3671 8161 5780
f 8161 1940 5780
f 8160 3861 1941
f 8160 3261 3861
f 3261 452 3861
f 8158 8160 1941
f 8158 8159 8160
f 8159 1341 8160
f 5780 5781 446
f 5780 8158 5781
f 8158 1941 5781
f 8157 4224 2304
f 8157 3861 4224
f 3861 452 4224
f 8155 8157 2304
f 8155 8156 8157
f 8156 1941 8157
f 3911 6144 447
f 3911 8155 6144
f 8155 2304 6144
f 8154 4225 2305
f 8154 3453 4225
f 3453 453 4225
f 8152 8154 2305
f 8152 8153 8154
f 8153 1533 8154
f 6144 6145 447
f 6144 8152 6145
f 8152 2305 6145
f 8151 3262 1342
f 8151 4225 3262
f 4225 453 3262
f 8149 8151 1342
f 8149 8150 8151
f 8150 2305 8151
f 5178 5182 147
f 5178 8149 5182
f 8149 1342 5182
f 8148 4861 1021
f 8148 4808 4861
f 4808 146 4861
f 8146 8148 1021
f 8146 8147 8148
f 8147 968 8148
f 5182 2941 147
f 5182 8146 2941
f 8146 1021 2941
f 8145 4806 966
f 8145 4860 4806
f 4860 82 4806
f 8143 8145 966
f 8143 8144 8145
f 8144 1020 8145
f 2697 2886 448
f 2697 8143 2886
f 8143 966 2886
f 8142 4718 878
f 8142 4496 4718
f 4496 81 4718
f 8140 8142 878
f 8140 8141 8142
f 8141 656 8142
f 2886 2798 448
f 2886 8140 2798
f 8140 878 2798
f 8139 4618 778
f 8139 4718 4618
f 4718 81 4618
f 8137 8139 778
f 8137 8138 8139
f 8138 878 8139
f 4400 2698 449
f 4400 8137 2698
f 8137 778 2698
f 8136 6175 2335
f 8136 6359 6175
f 6359 80 6175
f 8134 8136 2335
f 8134 8135 8136
f 8135 2519 8136
f 2698 4255 449
f 2698 8134 4255
f 8134 2335 4255
f 8133 6321 2481
f 8133 6175 6321
f 6175 80 6321
f 8131 8133 2481
f 8131 8132 8133
f 8132 2335 8133
f 2699 4401 450
f 2699 8131 4401
f 8131 2481 4401
f 8130 6142 2302
f 8130 6019 6142
f 6019 79 6142
f 8128 8130 2302
f 8128 8129 8130
f 8129 2179 8130
f 4401 4222 450
f 4401 8128 4222
f 8128 2302 4222
f 8127 6143 2303
f 8127 6142 6143
f 6142 79 6143
f 8125 8127 2303
f 8125 8126 8127
f 8126 2302 8127
f 2887 4223 451
f 2887 8125 4223
f 8125 2303 4223
f 8124 5860 2020
f 8124 5818 5860
f 5818 78 5860
f 8122 8124 2020
f 8122 8123 8124
f 8123 1978 8124
f 4223 3940 451
f 4223 8122 3940
f 8122 2020 3940
f 8121 5862 2022
f 8121 5860 5862
f 5860 78 5862
f 8119 8121 2022
f 8119 8120 8121
f 8120 2020 8121
f 3261 3942 452
f 3261 8119 3942
f 8119 2022 3942
f 8118 5595 1755
f 8118 5464 5595
f 5464 77 5595
f 8116 8118 1755
f 8116 8117 8118
f 8117 1624 8118
f 3942 3675 452
f 3942 8116 3675
f 8116 1755 3675
f 8115 5596 1756
f 8115 5595 5596
f 5595 77 5596
f 8113 8115 1756
f 8113 8114 8115
f 8114 1755 8115
f 3453 3676 453
f 3453 8113 3676
f 8113 1756 3676
f 8112 5214 1374
f 8112 5406 5214
f 5406 76 5214
f 8110 8112 1374
f 8110 8111 8112
f 8111 1566 8112
f 3676 3294 453
f 3676 8110 3294
f 8110 1374 3294
f 8109 5415 1575
f 8109 5214 5415
f 5214 76 5415
f 8107 8109 1575
f 8107 8108 8109
f 8108 1374 8109
f 4808 3495 146
f 4808 8107 3495
f 8107 1575 3495
f 8106 5476 1636
f 8106 5463 5476
f 5463 5 5476
f 8104 8106 1636
f 8104 8105 8106
f 8105 1623 8106
f 3495 3556 146
f 3495 8104 3556
f 8104 1636 3556
f 8103 2586 666
f 8103 3554 2586
f 3554 138 2586
f 8101 8103 666
f 8101 8102 8103
f 8102 1634 8103
f 4504 4506 9
f 4504 8101 4506
f 8101 666 4506
f 8100 3677 1757
f 8100 3862 3677
f 3862 454 3677
f 8098 8100 1757
f 8098 8099 8100
f 8099 1942 8100
f 5470 5597 125
f 5470 8098 5597
f 8098 1757 5597
f 8097 3863 1943
f 8097 4226 3863
f 4226 455 3863
f 8095 8097 1943
f 8095 8096 8097
f 8096 2306 8097
f 5825 5783 126
f 5825 8095 5783
f 8095 1943 5783
f 8094 4228 2308
f 8094 4403 4228
f 4403 457 4228
f 8092 8094 2308
f 8092 8093 8094
f 8093 2483 8094
f 6029 6148 127
f 6029 8092 6148
f 8092 2308 6148
f 8091 4406 2486
f 8091 2703 4406
f 2703 460 4406
f 8089 8091 2486
f 8089 8090 8091
f 8090 783 8091
f 6369 6326 128
f 6369 8089 6326
f 8089 2486 6326
f 8088 2705 785
f 8088 2893 2705
f 2893 464 2705
f 8086 8088 785
f 8086 8087 8088
f 8087 973 8088
f 4505 4625 129
f 4505 8086 4625
f 8086 785 4625
f 8085 2895 975
f 8085 3266 2895
f 3266 469 2895
f 8083 8085 975
f 8083 8084 8085
f 8084 1346 8085
f 4858 4815 130
f 4858 8083 4815
f 8083 975 4815
f 8082 2889 969
f 8082 3677 2889
f 3677 454 2889
f 8080 8082 969
f 8080 8081 8082
f 8081 1757 8082
f 3554 4809 138
f 3554 8080 4809
f 8080 969 4809
f 8079 4709 869
f 8079 4620 4709
f 4620 137 4709
f 8077 8079 869
f 8077 8078 8079
f 8078 780 8079
f 4809 2789 138
f 4809 8077 2789
f 8077 869 2789
f 8076 3933 2013
f 8076 3863 3933
f 3863 455 3933
f 8074 8076 2013
f 8074 8075 8076
f 8075 1943 8076
f 3862 5853 454
f 3862 8074 5853
f 8074 2013 5853
f 8073 3864 1944
f 8073 4227 3864
f 4227 456 3864
f 8071 8073 1944
f 8071 8072 8073
f 8072 2307 8073
f 5853 5784 454
f 5853 8071 5784
f 8071 1944 5784
f 8070 2701 781
f 8070 3864 2701
f 3864 456 2701
f 8068 8070 781
f 8068 8069 8070
f 8069 1944 8070
f 4620 4621 137
f 4620 8068 4621
f 8068 781 4621
f 8067 6370 2530
f 8067 6322 6370
f 6322 136 6370
f 8065 8067 2530
f 8065 8066 8067
f 8066 2482 8067
f 4621 4450 137
f 4621 8065 4450
f 8065 2530 4450
f 8064 4094 2174
f 8064 4228 4094
f 4228 457 4094
f 8062 8064 2174
f 8062 8063 8064
f 8063 2308 8064
f 4226 6014 455
f 4226 8062 6014
f 8062 2174 6014
f 8061 4229 2309
f 8061 2702 4229
f 2702 458 4229
f 8059 8061 2309
f 8059 8060 8061
f 8060 782 8061
f 6014 6149 455
f 6014 8059 6149
f 8059 2309 6149
f 8058 4404 2484
f 8058 4229 4404
f 4229 458 4404
f 8056 8058 2484
f 8056 8057 8058
f 8057 2309 8058
f 4227 6324 456
f 4227 8056 6324
f 8056 2484 6324
f 8055 4405 2485
f 8055 2890 4405
f 2890 459 4405
f 8053 8055 2485
f 8053 8054 8055
f 8054 970 8055
f 6324 6325 456
f 6324 8053 6325
f 8053 2485 6325
f 8052 4332 2412
f 8052 4405 4332
f 4405 459 4332
f 8050 8052 2412
f 8050 8051 8052
f 8051 2485 8052
f 6322 6252 136
f 6322 8050 6252
f 8050 2412 6252
f 8049 6030 2190
f 8049 6150 6030
f 6150 135 6030
f 8047 8049 2190
f 8047 8048 8049
f 8048 2310 8049
f 6252 4110 136
f 6252 8047 4110
f 8047 2190 4110
f 8046 2796 876
f 8046 4406 2796
f 4406 460 2796
f 8044 8046 876
f 8044 8045 8046
f 8045 2486 8046
f 4403 4716 457
f 4403 8044 4716
f 8044 876 4716
f 8043 2704 784
f 8043 3454 2704
f 3454 461 2704
f 8041 8043 784
f 8041 8042 8043
f 8042 1534 8043
f 4716 4624 457
f 4716 8041 4624
f 8041 784 4624
f 8040 2891 971
f 8040 2704 2891
f 2704 461 2891
f 8038 8040 971
f 8038 8039 8040
f 8039 784 8040
f 2702 4811 458
f 2702 8038 4811
f 8038 971 4811
f 8037 2892 972
f 8037 3678 2892
f 3678 462 2892
f 8035 8037 972
f 8035 8036 8037
f 8036 1758 8037
f 4811 4812 458
f 4811 8035 4812
f 8035 972 4812
f 8034 3263 1343
f 8034 2892 3263
f 2892 462 3263
f 8032 8034 1343
f 8032 8033 8034
f 8033 972 8034
f 2890 5183 459
f 2890 8032 5183
f 8032 1343 5183
f 8031 3264 1344
f 8031 3865 3264
f 3865 463 3264
f 8029 8031 1344
f 8029 8030 8031
f 8030 1945 8031
f 5183 5184 459
f 5183 8029 5184
f 8029 1344 5184
f 8028 4231 2311
f 8028 3264 4231
f 3264 463 4231
f 8026 8028 2311
f 8026 8027 8028
f 8027 1344 8028
f 6150 6151 135
f 6150 8026 6151
f 8026 2311 6151
f 8025 5827 1987
f 8025 5714 5827
f 5714 134 5827
f 8023 8025 1987
f 8023 8024 8025
f 8024 1874 8025
f 6151 3907 135
f 6151 8023 3907
f 8023 1987 3907
f 8022 3455 1535
f 8022 2705 3455
f 2705 464 3455
f 8020 8022 1535
f 8020 8021 8022
f 8021 785 8022
f 2703 5375 460
f 2703 8020 5375
f 8020 1535 5375
f 8019 3456 1536
f 8019 4407 3456
f 4407 465 3456
f 8017 8019 1536
f 8017 8018 8019
f 8018 2487 8019
f 5375 5376 460
f 5375 8017 5376
f 8017 1536 5376
f 8016 3679 1759
f 8016 3456 3679
f 3456 465 3679
f 8014 8016 1759
f 8014 8015 8016
f 8015 1536 8016
f 3454 5599 461
f 3454 8014 5599
f 8014 1759 5599
f 8013 3680 1760
f 8013 2706 3680
f 2706 466 3680
f 8011 8013 1760
f 8011 8012 8013
f 8012 786 8013
f 5599 5600 461
f 5599 8011 5600
f 8011 1760 5600
f 8010 3866 1946
f 8010 3680 3866
f 3680 466 3866
f 8008 8010 1946
f 8008 8009 8010
f 8009 1760 8010
f 3678 5786 462
f 3678 8008 5786
f 8008 1946 5786
f 8007 3867 1947
f 8007 2894 3867
f 2894 467 3867
f 8005 8007 1947
f 8005 8006 8007
f 8006 974 8007
f 5786 5787 462
f 5786 8005 5787
f 8005 1947 5787
f 8004 4232 2312
f 8004 3867 4232
f 3867 467 4232
f 8002 8004 2312
f 8002 8003 8004
f 8003 1947 8004
f 3865 6152 463
f 3865 8002 6152
f 8002 2312 6152
f 8001 4233 2313
f 8001 3265 4233
f 3265 468 4233
f 7999 8001 2313
f 7999 8000 8001
f 8000 1345 8001
f 6152 6153 463
f 6152 7999 6153
f 7999 2313 6153
f 7998 3868 1948
f 7998 4233 3868
f 4233 468 3868
f 7996 7998 1948
f 7996 7997 7998
f 7997 2313 7998
f 5714 5788 134
f 5714 7996 5788
f 7996 1948 5788
f 7995 5473 1633
f 7995 5601 5473
f 5601 133 5473
f 7993 7995 1633
f 7993 7994 7995
f 7994 1761 7995
f 5788 3553 134
f 5788 7993 3553
f 7993 1633 3553
f 7992 4408 2488
f 7992 2895 4408
f 2895 469 4408
f 7990 7992 2488
f 7990 7991 7992
f 7991 975 7992
f 2893 6328 464
f 2893 7990 6328
f 7990 2488 6328
f 7989 4409 2489
f 7989 3682 4409
f 3682 470 4409
f 7987 7989 2489
f 7987 7988 7989
f 7988 1762 7989
f 6328 6329 464
f 6328 7987 6329
f 7987 2489 6329
f 7986 2707 787
f 7986 4409 2707
f 4409 470 2707
f 7984 7986 787
f 7984 7985 7986
f 7985 2489 7986
f 4407 4627 465
f 4407 7984 4627
f 7984 787 4627
f 7983 2708 788
f 7983 3869 2708
f 3869 471 2708
f 7981 7983 788
f 7981 7982 7983
f 7982 1949 7983
f 4627 4628 465
f 4627 7981 4628
f 7981 788 4628
f 7980 2897 977
f 7980 2708 2897
f 2708 471 2897
f 7978 7980 977
f 7978 7979 7980
f 7979 788 7980
f 2706 4817 466
f 2706 7978 4817
f 7978 977 4817
f 7977 2898 978
f 7977 4234 2898
f 4234 472 2898
f 7975 7977 978
f 7975 7976 7977
f 7976 2314 7977
f 4817 4818 466
f 4817 7975 4818
f 7975 978 4818
f 7974 3267 1347
f 7974 2898 3267
f 2898 472 3267
f 7972 7974 1347
f 7972 7973 7974
f 7973 978 7974
f 2894 5187 467
f 2894 7972 5187
f 7972 1347 5187
f 7971 3268 1348
f 7971 4412 3268
f 4412 473 3268
f 7969 7971 1348
f 7969 7970 7971
f 7970 2492 7971
f 5187 5188 467
f 5187 7969 5188
f 7969 1348 5188
f 7968 3457 1537
f 7968 3268 3457
f 3268 473 3457
f 7966 7968 1537
f 7966 7967 7968
f 7967 1348 7968
f 3265 5377 468
f 3265 7966 5377
f 7966 1537 5377
f 7965 3458 1538
f 7965 2709 3458
f 2709 474 3458
f 7963 7965 1538
f 7963 7964 7965
f 7964 789 7965
f 5377 5378 468
f 5377 7963 5378
f 7963 1538 5378
f 7962 3683 1763
f 7962 3458 3683
f 3458 474 3683
f 7960 7962 1763
f 7960 7961 7962
f 7961 1538 7962
f 5601 5603 133
f 5601 7960 5603
f 7960 1763 5603
f 7959 5413 1573
f 7959 5426 5413
f 5426 132 5413
f 7957 7959 1573
f 7957 7958 7959
f 7958 1586 7959
f 5603 3493 133
f 5603 7957 3493
f 7957 1573 3493
f 7956 5166 1326
f 7956 5061 5166
f 5061 75 5166
f 7954 7956 1326
f 7954 7955 7956
f 7955 1221 7956
f 3266 3246 469
f 3266 7954 3246
f 7954 1326 3246
f 7953 4903 1063
f 7953 4966 4903
f 4966 74 4903
f 7951 7953 1063
f 7951 7952 7953
f 7952 1126 7953
f 3246 2983 469
f 3246 7951 2983
f 7951 1063 2983
f 7950 4816 976
f 7950 4903 4816
f 4903 74 4816
f 7948 7950 976
f 7948 7949 7950
f 7949 1063 7950
f 3682 2896 470
f 3682 7948 2896
f 7948 976 2896
f 7947 4720 880
f 7947 4495 4720
f 4495 73 4720
f 7945 7947 880
f 7945 7946 7947
f 7946 655 7947
f 2896 2800 470
f 2896 7945 2800
f 7945 880 2800
f 7944 4721 881
f 7944 4720 4721
f 4720 73 4721
f 7942 7944 881
f 7942 7943 7944
f 7943 880 7944
f 3869 2801 471
f 3869 7942 2801
f 7942 881 2801
f 7941 6330 2490
f 7941 6358 6330
f 6358 72 6330
f 7939 7941 2490
f 7939 7940 7941
f 7940 2518 7941
f 2801 4410 471
f 2801 7939 4410
f 7939 2490 4410
f 7938 6331 2491
f 7938 6330 6331
f 6330 72 6331
f 7936 7938 2491
f 7936 7937 7938
f 7937 2490 7938
f 4234 4411 472
f 4234 7936 4411
f 7936 2491 4411
f 7935 6002 2162
f 7935 6017 6002
f 6017 71 6002
f 7933 7935 2162
f 7933 7934 7935
f 7934 2177 7935
f 4411 4082 472
f 4411 7933 4082
f 7933 2162 4082
f 7932 6155 2315
f 7932 6002 6155
f 6002 71 6155
f 7930 7932 2315
f 7930 7931 7932
f 7931 2162 7932
f 4412 4235 473
f 4412 7930 4235
f 7930 2315 4235
f 7929 5790 1950
f 7929 5815 5790
f 5815 70 5790
f 7927 7929 1950
f 7927 7928 7929
f 7928 1975 7929
f 4235 3870 473
f 4235 7927 3870
f 7927 1950 3870
f 7926 5791 1951
f 7926 5790 5791
f 5790 70 5791
f 7924 7926 1951
f 7924 7925 7926
f 7925 1950 7926
f 2709 3871 474
f 2709 7924 3871
f 7924 1951 3871
f 7923 5684 1844
f 7923 5461 5684
f 5461 69 5684
f 7921 7923 1844
f 7921 7922 7923
f 7922 1621 7923
f 3871 3764 474
f 3871 7921 3764
f 7921 1844 3764
f 7920 5481 1641
f 7920 5684 5481
f 5684 69 5481
f 7918 7920 1641
f 7918 7919 7920
f 7919 1844 7920
f 5426 3561 132
f 5426 7918 3561
f 7918 1641 3561
f 7917 5412 1572
f 7917 5405 5412
f 5405 4 5412
f 7915 7917 1572
f 7915 7916 7917
f 7916 1565 7917
f 3561 3492 132
f 3561 7915 3492
f 7915 1572 3492
f 7914 4448 2528
f 7914 4108 4448
f 4108 124 4448
f 7912 7914 2528
f 7912 7913 7914
f 7913 2188 7914
f 6364 6368 8
f 6364 7912 6368
f 7912 2528 6368
f 7911 4236 2316
f 7911 4413 4236
f 4413 475 4236
f 7909 7911 2316
f 7909 7910 7911
f 7910 2493 7911
f 6025 6156 111
f 6025 7909 6156
f 7909 2316 6156
f 7908 4414 2494
f 7908 2710 4414
f 2710 476 4414
f 7906 7908 2494
f 7906 7907 7908
f 7907 790 7908
f 6365 6334 112
f 6365 7906 6334
f 7906 2494 6334
f 7905 2711 791
f 7905 2900 2711
f 2900 478 2711
f 7903 7905 791
f 7903 7904 7905
f 7904 980 7905
f 4614 4631 113
f 4614 7903 4631
f 7903 791 4631
f 7902 2902 982
f 7902 3272 2902
f 3272 481 2902
f 7900 7902 982
f 7900 7901 7902
f 7901 1352 7902
f 4856 4822 114
f 4856 7900 4822
f 7900 982 4822
f 7899 3274 1354
f 7899 3463 3274
f 3463 485 3274
f 7897 7899 1354
f 7897 7898 7899
f 7898 1543 7899
f 5058 5194 115
f 5058 7897 5194
f 7897 1354 5194
f 7896 3466 1546
f 7896 3687 3466
f 3687 490 3466
f 7894 7896 1546
f 7894 7895 7896
f 7895 1767 7896
f 5222 5386 116
f 5222 7894 5386
f 7894 1546 5386
f 7893 3459 1539
f 7893 4236 3459
f 4236 475 3459
f 7891 7893 1539
f 7891 7892 7893
f 7892 2316 7893
f 4108 5379 124
f 4108 7891 5379
f 7891 1539 5379
f 7890 5060 1220
f 7890 5189 5060
f 5189 123 5060
f 7888 7890 1220
f 7888 7889 7890
f 7889 1349 7890
f 5379 3140 124
f 5379 7888 3140
f 7888 1220 3140
f 7887 3270 1350
f 7887 4414 3270
f 4414 476 3270
f 7885 7887 1350
f 7885 7886 7887
f 7886 2494 7887
f 4413 5190 475
f 4413 7885 5190
f 7885 1350 5190
f 7884 3271 1351
f 7884 3460 3271
f 3460 477 3271
f 7882 7884 1351
f 7882 7883 7884
f 7883 1540 7884
f 5190 5191 475
f 5190 7882 5191
f 7882 1351 5191
f 7881 3284 1364
f 7881 3271 3284
f 3271 477 3284
f 7879 7881 1364
f 7879 7880 7881
f 7880 1351 7881
f 5189 5204 123
f 5189 7879 5204
f 7879 1364 5204
f 7878 4857 1017
f 7878 4819 4857
f 4819 122 4857
f 7876 7878 1017
f 7876 7877 7878
f 7877 979 7878
f 5204 2937 123
f 5204 7876 2937
f 7876 1017 2937
f 7875 3461 1541
f 7875 2711 3461
f 2711 478 3461
f 7873 7875 1541
f 7873 7874 7875
f 7874 791 7875
f 2710 5381 476
f 2710 7873 5381
f 7873 1541 5381
f 7872 3462 1542
f 7872 3872 3462
f 3872 479 3462
f 7870 7872 1542
f 7870 7871 7872
f 7871 1952 7872
f 5381 5382 476
f 5381 7870 5382
f 7870 1542 5382
f 7869 3684 1764
f 7869 3462 3684
f 3462 479 3684
f 7867 7869 1764
f 7867 7868 7869
f 7868 1542 7869
f 3460 5604 477
f 3460 7867 5604
f 7867 1764 5604
f 7866 3685 1765
f 7866 4237 3685
f 4237 480 3685
f 7864 7866 1765
f 7864 7865 7866
f 7865 2317 7866
f 5604 5605 477
f 5604 7864 5605
f 7864 1765 5605
f 7863 2901 981
f 7863 3685 2901
f 3685 480 2901
f 7861 7863 981
f 7861 7862 7863
f 7862 1765 7863
f 4819 4821 122
f 4819 7861 4821
f 7861 981 4821
f 7860 4503 663
f 7860 4632 4503
f 4632 121 4503
f 7858 7860 663
f 7858 7859 7860
f 7859 792 7860
f 4821 2583 122
f 4821 7858 2583
f 7858 663 2583
f 7857 3873 1953
f 7857 2902 3873
f 2902 481 3873
f 7855 7857 1953
f 7855 7856 7857
f 7856 982 7857
f 2900 5793 478
f 2900 7855 5793
f 7855 1953 5793
f 7854 3874 1954
f 7854 2713 3874
f 2713 482 3874
f 7852 7854 1954
f 7852 7853 7854
f 7853 793 7854
f 5793 5794 478
f 5793 7852 5794
f 7852 1954 5794
f 7851 4238 2318
f 7851 3874 4238
f 3874 482 4238
f 7849 7851 2318
f 7849 7850 7851
f 7850 1954 7851
f 3872 6158 479
f 3872 7849 6158
f 7849 2318 6158
f 7848 4239 2319
f 7848 2903 4239
f 2903 483 4239
f 7846 7848 2319
f 7846 7847 7848
f 7847 983 7848
f 6158 6159 479
f 6158 7846 6159
f 7846 2319 6159
f 7845 4415 2495
f 7845 4239 4415
f 4239 483 4415
f 7843 7845 2495
f 7843 7844 7845
f 7844 2319 7845
f 4237 6335 480
f 4237 7843 6335
f 7843 2495 6335
f 7842 4416 2496
f 7842 3273 4416
f 3273 484 4416
f 7840 7842 2496
f 7840 7841 7842
f 7841 1353 7842
f 6335 6336 480
f 6335 7840 6336
f 7840 2496 6336
f 7839 2714 794
f 7839 4416 2714
f 4416 484 2714
f 7837 7839 794
f 7837 7838 7839
f 7838 2496 7839
f 4632 4634 121
f 4632 7837 4634
f 7837 794 4634
f 7836 6367 2527
f 7836 6250 6367
f 6250 120 6367
f 7834 7836 2527
f 7834 7835 7836
f 7835 2410 7836
f 4634 4447 121
f 4634 7834 4447
f 7834 2527 4447
f 7833 2715 795
f 7833 3274 2715
f 3274 485 2715
f 7831 7833 795
f 7831 7832 7833
f 7832 1354 7833
f 3272 4635 481
f 3272 7831 4635
f 7831 795 4635
f 7830 2716 796
f 7830 3686 2716
f 3686 486 2716
f 7828 7830 796
f 7828 7829 7830
f 7829 1766 7830
f 4635 4636 481
f 4635 7828 4636
f 7828 796 4636
f 7827 2904 984
f 7827 2716 2904
f 2716 486 2904
f 7825 7827 984
f 7825 7826 7827
f 7826 796 7827
f 2713 4824 482
f 2713 7825 4824
f 7825 984 4824
f 7824 2905 985
f 7824 3875 2905
f 3875 487 2905
f 7822 7824 985
f 7822 7823 7824
f 7823 1955 7824
f 4824 4825 482
f 4824 7822 4825
f 7822 985 4825
f 7821 3275 1355
f 7821 2905 3275
f 2905 487 3275
f 7819 7821 1355
f 7819 7820 7821
f 7820 985 7821
f 2903 5195 483
f 2903 7819 5195
f 7819 1355 5195
f 7818 3276 1356
f 7818 4240 3276
f 4240 488 3276
f 7816 7818 1356
f 7816 7817 7818
f 7817 2320 7818
f 5195 5196 483
f 5195 7816 5196
f 7816 1356 5196
f 7815 3464 1544
f 7815 3276 3464
f 3276 488 3464
f 7813 7815 1544
f 7813 7814 7815
f 7814 1356 7815
f 3273 5384 484
f 3273 7813 5384
f 7813 1544 5384
f 7812 3465 1545
f 7812 4417 3465
f 4417 489 3465
f 7810 7812 1545
f 7810 7811 7812
f 7811 2497 7812
f 5384 5385 484
f 5384 7810 5385
f 7810 1545 5385
f 7809 4441 2521
f 7809 3465 4441
f 3465 489 4441
f 7807 7809 2521
f 7807 7808 7809
f 7808 1545 7809
f 6250 6361 120
f 6250 7807 6361
f 7807 2521 6361
f 7806 6027 2187
f 7806 6161 6027
f 6161 119 6027
f 7804 7806 2187
f 7804 7805 7806
f 7805 2321 7806
f 6361 4107 120
f 6361 7804 4107
f 7804 2187 4107
f 7803 3536 1616
f 7803 3466 3536
f 3466 490 3536
f 7801 7803 1616
f 7801 7802 7803
f 7802 1546 7803
f 3463 5456 485
f 3463 7801 5456
f 7801 1616 5456
f 7800 3688 1768
f 7800 2906 3688
f 2906 491 3688
f 7798 7800 1768
f 7798 7799 7800
f 7799 986 7800
f 5456 5608 485
f 5456 7798 5608
f 7798 1768 5608
f 7797 3876 1956
f 7797 3688 3876
f 3688 491 3876
f 7795 7797 1956
f 7795 7796 7797
f 7796 1768 7797
f 3686 5796 486
f 3686 7795 5796
f 7795 1956 5796
f 7794 3877 1957
f 7794 3278 3877
f 3278 492 3877
f 7792 7794 1957
f 7792 7793 7794
f 7793 1358 7794
f 5796 5797 486
f 5796 7792 5797
f 7792 1957 5797
f 7791 4242 2322
f 7791 3877 4242
f 3877 492 4242
f 7789 7791 2322
f 7789 7790 7791
f 7790 1957 7791
f 3875 6162 487
f 3875 7789 6162
f 7789 2322 6162
f 7788 4243 2323
f 7788 3468 4243
f 3468 493 4243
f 7786 7788 2323
f 7786 7787 7788
f 7787 1548 7788
f 6162 6163 487
f 6162 7786 6163
f 7786 2323 6163
f 7785 4418 2498
f 7785 4243 4418
f 4243 493 4418
f 7783 7785 2498
f 7783 7784 7785
f 7784 2323 7785
f 4240 6338 488
f 4240 7783 6338
f 7783 2498 6338
f 7782 4419 2499
f 7782 3689 4419
f 3689 494 4419
f 7780 7782 2499
f 7780 7781 7782
f 7781 1769 7782
f 6338 6339 488
f 6338 7780 6339
f 7780 2499 6339
f 7779 2718 798
f 7779 4419 2718
f 4419 494 2718
f 7777 7779 798
f 7777 7778 7779
f 7778 2499 7779
f 4417 4638 489
f 4417 7777 4638
f 7777 798 4638
f 7776 2719 799
f 7776 3878 2719
f 3878 495 2719
f 7774 7776 799
f 7774 7775 7776
f 7775 1958 7776
f 4638 4639 489
f 4638 7774 4639
f 7774 799 4639
f 7773 4244 2324
f 7773 2719 4244
f 2719 495 4244
f 7771 7773 2324
f 7771 7772 7773
f 7772 799 7773
f 6161 6164 119
f 6161 7771 6164
f 7771 2324 6164
f 7770 5824 1984
f 7770 5833 5824
f 5833 118 5824
f 7768 7770 1984
f 7768 7769 7770
f 7769 1993 7770
f 6164 3904 119
f 6164 7768 3904
f 7768 1984 3904
f 7767 5685 1845
f 7767 5469 5685
f 5469 61 5685
f 7765 7767 1845
f 7765 7766 7767
f 7766 1629 7767
f 3687 3765 490
f 3687 7765 3765
f 7765 1845 3765
f 7764 5219 1379
f 7764 5286 5219
f 5286 60 5219
f 7762 7764 1379
f 7762 7763 7764
f 7763 1446 7764
f 3765 3299 490
f 3765 7762 3299
f 7762 1379 3299
f 7761 5387 1547
f 7761 5219 5387
f 5219 60 5387
f 7759 7761 1547
f 7759 7760 7761
f 7760 1379 7761
f 2906 3467 491
f 2906 7759 3467
f 7759 1547 3467
f 7758 5197 1357
f 7758 5047 5197
f 5047 59 5197
f 7756 7758 1357
f 7756 7757 7758
f 7757 1207 7758
f 3467 3277 491
f 3467 7756 3277
f 7756 1357 3277
f 7755 5033 1193
f 7755 5197 5033
f 5197 59 5033
f 7753 7755 1193
f 7753 7754 7755
f 7754 1357 7755
f 3278 3113 492
f 3278 7753 3113
f 7753 1193 3113
f 7752 4827 987
f 7752 4847 4827
f 4847 58 4827
f 7750 7752 987
f 7750 7751 7752
f 7751 1007 7752
f 3113 2907 492
f 3113 7750 2907
f 7750 987 2907
f 7749 4828 988
f 7749 4827 4828
f 4827 58 4828
f 7747 7749 988
f 7747 7748 7749
f 7748 987 7749
f 3468 2908 493
f 3468 7747 2908
f 7747 988 2908
f 7746 4637 797
f 7746 4492 4637
f 4492 57 4637
f 7744 7746 797
f 7744 7745 7746
f 7745 652 7746
f 2908 2717 493
f 2908 7744 2717
f 7744 797 2717
f 7743 4719 879
f 7743 4637 4719
f 4637 57 4719
f 7741 7743 879
f 7741 7742 7743
f 7742 797 7743
f 3689 2799 494
f 3689 7741 2799
f 7741 879 2799
f 7740 6176 2336
f 7740 6354 6176
f 6354 56 6176
f 7738 7740 2336
f 7738 7739 7740
f 7739 2514 7740
f 2799 4256 494
f 2799 7738 4256
f 7738 2336 4256
f 7737 6340 2500
f 7737 6176 6340
f 6176 56 6340
f 7735 7737 2500
f 7735 7736 7737
f 7736 2336 7737
f 3878 4420 495
f 3878 7735 4420
f 7735 2500 4420
f 7734 6001 2161
f 7734 6015 6001
f 6015 55 6001
f 7732 7734 2161
f 7732 7733 7734
f 7733 2175 7734
f 4420 4081 495
f 4420 7732 4081
f 7732 2161 4081
f 7731 6007 2167
f 7731 6001 6007
f 6001 55 6007
f 7729 7731 2167
f 7729 7730 7731
f 7730 2161 7731
f 5833 4087 118
f 5833 7729 4087
f 7729 2167 4087
f 7728 5059 1219
f 7728 5046 5059
f 5046 3 5059
f 7726 7728 1219
f 7726 7727 7728
f 7727 1206 7728
f 4087 3139 118
f 4087 7726 3139
f 7726 1219 3139
f 7725 4104 2184
f 7725 2581 4104
f 2581 110 4104
f 7723 7725 2184
f 7723 7724 7725
f 7724 661 7725
f 6023 6024 7
f 6023 7723 6024
f 7723 2184 6024
f 7722 2720 800
f 7722 2909 2720
f 2909 496 2720
f 7720 7722 800
f 7720 7721 7722
f 7721 989 7722
f 4497 4640 97
f 4497 7720 4640
f 7720 800 4640
f 7719 2910 990
f 7719 3279 2910
f 3279 497 2910
f 7717 7719 990
f 7717 7718 7719
f 7718 1359 7719
f 4853 4830 98
f 4853 7717 4830
f 7717 990 4830
f 7716 3280 1360
f 7716 3470 3280
f 3470 499 3280
f 7714 7716 1360
f 7714 7715 7716
f 7715 1550 7716
f 5053 5200 99
f 5053 7714 5200
f 7714 1360 5200
f 7713 3472 1552
f 7713 3692 3472
f 3692 502 3472
f 7711 7713 1552
f 7711 7712 7713
f 7712 1772 7713
f 5409 5392 100
f 5409 7711 5392
f 7711 1552 5392
f 7710 3695 1775
f 7710 3881 3695
f 3881 506 3695
f 7708 7710 1775
f 7708 7709 7710
f 7709 1961 7710
f 5467 5615 101
f 5467 7708 5615
f 7708 1775 5615
f 7707 3883 1963
f 7707 4248 3883
f 4248 511 3883
f 7705 7707 1963
f 7705 7706 7707
f 7706 2328 7707
f 5823 5803 102
f 5823 7705 5803
f 7705 1963 5803
f 7704 3879 1959
f 7704 2720 3879
f 2720 496 3879
f 7702 7704 1959
f 7702 7703 7704
f 7703 800 7704
f 2581 5799 110
f 2581 7702 5799
f 7702 1959 5799
f 7701 5468 1628
f 7701 5610 5468
f 5610 109 5468
f 7699 7701 1628
f 7699 7700 7701
f 7700 1770 7701
f 5799 3548 110
f 5799 7699 3548
f 7699 1628 3548
f 7698 4421 2501
f 7698 2910 4421
f 2910 497 4421
f 7696 7698 2501
f 7696 7697 7698
f 7697 990 7698
f 2909 6341 496
f 2909 7696 6341
f 7696 2501 6341
f 7695 4422 2502
f 7695 2721 4422
f 2721 498 4422
f 7693 7695 2502
f 7693 7694 7695
f 7694 801 7695
f 6341 6342 496
f 6341 7693 6342
f 7693 2502 6342
f 7692 3691 1771
f 7692 4422 3691
f 4422 498 3691
f 7690 7692 1771
f 7690 7691 7692
f 7691 2502 7692
f 5610 5611 109
f 5610 7690 5611
f 7690 1771 5611
f 7689 5410 1570
f 7689 5389 5410
f 5389 108 5410
f 7687 7689 1570
f 7687 7688 7689
f 7688 1549 7689
f 5611 3490 109
f 5611 7687 3490
f 7687 1570 3490
f 7686 2722 802
f 7686 3280 2722
f 3280 499 2722
f 7684 7686 802
f 7684 7685 7686
f 7685 1360 7686
f 3279 4642 497
f 3279 7684 4642
f 7684 802 4642
f 7683 2723 803
f 7683 3281 2723
f 3281 500 2723
f 7681 7683 803
f 7681 7682 7683
f 7682 1361 7683
f 4642 4643 497
f 4642 7681 4643
f 7681 803 4643
f 7680 2911 991
f 7680 2723 2911
f 2723 500 2911
f 7678 7680 991
f 7678 7679 7680
f 7679 803 7680
f 2721 4831 498
f 2721 7678 4831
f 7678 991 4831
f 7677 2973 1053
f 7677 3471 2973
f 3471 501 2973
f 7675 7677 1053
f 7675 7676 7677
f 7676 1551 7677
f 4831 4893 498
f 4831 7675 4893
f 7675 1053 4893
f 7674 3335 1415
f 7674 2973 3335
f 2973 501 3335
f 7672 7674 1415
f 7672 7673 7674
f 7673 1053 7674
f 5389 5255 108
f 5389 7672 5255
f 7672 1415 5255
f 7671 5056 1216
f 7671 5202 5056
f 5202 107 5056
f 7669 7671 1216
f 7669 7670 7671
f 7670 1362 7671
f 5255 3136 108
f 5255 7669 3136
f 7669 1216 3136
f 7668 3283 1363
f 7668 3472 3283
f 3472 502 3283
f 7666 7668 1363
f 7666 7667 7668
f 7667 1552 7668
f 3470 5203 499
f 3470 7666 5203
f 7666 1363 5203
f 7665 3222 1302
f 7665 3880 3222
f 3880 503 3222
f 7663 7665 1302
f 7663 7664 7665
f 7664 1960 7665
f 5203 5142 499
f 5203 7663 5142
f 7663 1302 5142
f 7662 3473 1553
f 7662 3222 3473
f 3222 503 3473
f 7660 7662 1553
f 7660 7661 7662
f 7661 1302 7662
f 3281 5393 500
f 3281 7660 5393
f 7660 1553 5393
f 7659 3474 1554
f 7659 4245 3474
f 4245 504 3474
f 7657 7659 1554
f 7657 7658 7659
f 7658 2325 7659
f 5393 5394 500
f 5393 7657 5394
f 7657 1554 5394
f 7656 3693 1773
f 7656 3474 3693
f 3474 504 3693
f 7654 7656 1773
f 7654 7655 7656
f 7655 1554 7656
f 3471 5613 501
f 3471 7654 5613
f 7654 1773 5613
f 7653 3535 1615
f 7653 4423 3535
f 4423 505 3535
f 7651 7653 1615
f 7651 7652 7653
f 7652 2503 7653
f 5613 5455 501
f 5613 7651 5455
f 7651 1615 5455
f 7650 3285 1365
f 7650 3535 3285
f 3535 505 3285
f 7648 7650 1365
f 7648 7649 7650
f 7649 1615 7650
f 5202 5205 107
f 5202 7648 5205
f 7648 1365 5205
f 7647 4855 1015
f 7647 4833 4855
f 4833 106 4855
f 7645 7647 1015
f 7645 7646 7647
f 7646 993 7647
f 5205 2935 107
f 5205 7645 2935
f 7645 1015 2935
f 7644 3835 1915
f 7644 3695 3835
f 3695 506 3835
f 7642 7644 1915
f 7642 7643 7644
f 7643 1775 7644
f 3692 5755 502
f 3692 7642 5755
f 7642 1915 5755
f 7641 3882 1962
f 7641 2914 3882
f 2914 507 3882
f 7639 7641 1962
f 7639 7640 7641
f 7640 994 7641
f 5755 5802 502
f 5755 7639 5802
f 7639 1962 5802
f 7638 4246 2326
f 7638 3882 4246
f 3882 507 4246
f 7636 7638 2326
f 7636 7637 7638
f 7637 1962 7638
f 3880 6166 503
f 3880 7636 6166
f 7636 2326 6166
f 7635 4247 2327
f 7635 3286 4247
f 3286 508 4247
f 7633 7635 2327
f 7633 7634 7635
f 7634 1366 7635
f 6166 6167 503
f 6166 7633 6167
f 7633 2327 6167
f 7632 4424 2504
f 7632 4247 4424
f 4247 508 4424
f 7630 7632 2504
f 7630 7631 7632
f 7631 2327 7632
f 4245 6344 504
f 4245 7630 6344
f 7630 2504 6344
f 7629 4425 2505
f 7629 3475 4425
f 3475 509 4425
f 7627 7629 2505
f 7627 7628 7629
f 7628 1555 7629
f 6344 6345 504
f 6344 7627 6345
f 7627 2505 6345
f 7626 2724 804
f 7626 4425 2724
f 4425 509 2724
f 7624 7626 804
f 7624 7625 7626
f 7625 2505 7626
f 4423 4644 505
f 4423 7624 4644
f 7624 804 4644
f 7623 2725 805
f 7623 3696 2725
f 3696 510 2725
f 7621 7623 805
f 7621 7622 7623
f 7622 1776 7623
f 4644 4645 505
f 4644 7621 4645
f 7621 805 4645
f 7620 2915 995
f 7620 2725 2915
f 2725 510 2915
f 7618 7620 995
f 7618 7619 7620
f 7619 805 7620
f 4833 4835 106
f 4833 7618 4835
f 7618 995 4835
f 7617 4500 660
f 7617 4686 4500
f 4686 105 4500
f 7615 7617 660
f 7615 7616 7617
f 7616 846 7617
f 4835 2580 106
f 4835 7615 2580
f 7615 660 2580
f 7614 2916 996
f 7614 3883 2916
f 3883 511 2916
f 7612 7614 996
f 7612 7613 7614
f 7613 1963 7614
f 3881 4836 506
f 3881 7612 4836
f 7612 996 4836
f 7611 2917 997
f 7611 4249 2917
f 4249 512 2917
f 7609 7611 997
f 7609 7610 7611
f 7610 2329 7611
f 4836 4837 506
f 4836 7609 4837
f 7609 997 4837
f 7608 3287 1367
f 7608 2917 3287
f 2917 512 3287
f 7606 7608 1367
f 7606 7607 7608
f 7607 997 7608
f 2914 5207 507
f 2914 7606 5207
f 7606 1367 5207
f 7605 3047 1127
f 7605 4259 3047
f 4259 513 3047
f 7603 7605 1127
f 7603 7604 7605
f 7604 2339 7605
f 5207 4967 507
f 5207 7603 4967
f 7603 1127 4967
f 7602 3303 1383
f 7602 3047 3303
f 3047 513 3303
f 7600 7602 1383
f 7600 7601 7602
f 7601 1127 7602
f 3286 5223 508
f 3286 7600 5223
f 7600 1383 5223
f 7599 3304 1384
f 7599 2727 3304
f 2727 514 3304
f 7597 7599 1384
f 7597 7598 7599
f 7598 807 7599
f 5223 5224 508
f 5223 7597 5224
f 7597 1384 5224
f 7596 3697 1777
f 7596 3304 3697
f 3304 514 3697
f 7594 7596 1777
f 7594 7595 7596
f 7595 1384 7596
f 3475 5617 509
f 3475 7594 5617
f 7594 1777 5617
f 7593 3698 1778
f 7593 2986 3698
f 2986 515 3698
f 7591 7593 1778
f 7591 7592 7593
f 7592 1066 7593
f 5617 5618 509
f 5617 7591 5618
f 7591 1778 5618
f 7590 3950 2030
f 7590 3698 3950
f 3698 515 3950
f 7588 7590 2030
f 7588 7589 7590
f 7589 1778 7590
f 3696 5870 510
f 3696 7588 5870
f 7588 2030 5870
f 7587 3951 2031
f 7587 3048 3951
f 3048 516 3951
f 7585 7587 2031
f 7585 7586 7587
f 7586 1128 7587
f 5870 5871 510
f 5870 7585 5871
f 7585 2031 5871
f 7584 2728 808
f 7584 3951 2728
f 3951 516 2728
f 7582 7584 808
f 7582 7583 7584
f 7583 2031 7584
f 4686 4648 105
f 4686 7582 4648
f 7582 808 4648
f 7581 6363 2523
f 7581 6180 6363
f 6180 104 6363
f 7579 7581 2523
f 7579 7580 7581
f 7580 2340 7581
f 4648 4443 105
f 4648 7579 4443
f 7579 2523 4443
f 7578 4646 806
f 7578 4498 4646
f 4498 33 4646
f 7576 7578 806
f 7576 7577 7578
f 7577 658 7578
f 4248 2726 511
f 4248 7576 2726
f 7576 806 2726
f 7575 6346 2506
f 7575 6352 6346
f 6352 32 6346
f 7573 7575 2506
f 7573 7574 7575
f 7574 2512 7575
f 2726 4426 511
f 2726 7573 4426
f 7573 2506 4426
f 7572 6347 2507
f 7572 6346 6347
f 6346 32 6347
f 7570 7572 2507
f 7570 7571 7572
f 7571 2506 7572
f 4249 4427 512
f 4249 7570 4427
f 7570 2507 4427
f 7569 5993 2153
f 7569 6011 5993
f 6011 31 5993
f 7567 7569 2153
f 7567 7568 7569
f 7568 2171 7569
f 4427 4073 512
f 4427 7567 4073
f 7567 2153 4073
f 7566 5932 2092
f 7566 5993 5932
f 5993 31 5932
f 7564 7566 2092
f 7564 7565 7566
f 7565 2153 7566
f 4259 4012 513
f 4259 7564 4012
f 7564 2092 4012
f 7563 5868 2028
f 7563 5807 5868
f 5807 30 5868
f 7561 7563 2028
f 7561 7562 7563
f 7562 1967 7563
f 4012 3948 513
f 4012 7561 3948
f 7561 2028 3948
f 7560 5869 2029
f 7560 5868 5869
f 5868 30 5869
f 7558 7560 2029
f 7558 7559 7560
f 7559 2028 7560
f 2727 3949 514
f 2727 7558 3949
f 7558 2029 3949
f 7557 5677 1837
f 7557 5452 5677
f 5452 29 5677
f 7555 7557 1837
f 7555 7556 7557
f 7556 1612 7557
f 3949 3757 514
f 3949 7555 3757
f 7555 1837 3757
f 7554 5678 1838
f 7554 5677 5678
f 5677 29 5678
f 7552 7554 1838
f 7552 7553 7554
f 7553 1837 7554
f 2986 3758 515
f 2986 7552 3758
f 7552 1838 3758
f 7551 5225 1385
f 7551 5398 5225
f 5398 28 5225
f 7549 7551 1385
f 7549 7550 7551
f 7550 1558 7551
f 3758 3305 515
f 3758 7549 3305
f 7549 1385 3305
f 7548 5226 1386
f 7548 5225 5226
f 5225 28 5226
f 7546 7548 1386
f 7546 7547 7548
f 7547 1385 7548
f 3048 3306 516
f 3048 7546 3306
f 7546 1386 3306
f 7545 5024 1184
f 7545 5040 5024
f 5040 27 5024
f 7543 7545 1184
f 7543 7544 7545
f 7544 1200 7545
f 3306 3104 516
f 3306 7543 3104
f 7543 1184 3104
f 7542 5055 1215
f 7542 5024 5055
f 5024 27 5055
f 7540 7542 1215
f 7540 7541 7542
f 7541 1184 7542
f 6180 3135 104
f 6180 7540 3135
f 7540 1215 3135
f 7539 4854 1014
f 7539 4840 4854
f 4840 2 4854
f 7537 7539 1014
f 7537 7538 7539
f 7538 1000 7539
f 3135 2934 104
f 3135 7537 2934
f 7537 1014 2934
f 7536 3132 1212
f 7536 3137 3132
f 3137 96 3132
f 7534 7536 1212
f 7534 7535 7536
f 7535 1217 7536
f 5049 5052 11
f 5049 7534 5052
f 7534 1212 5052
f 7533 3049 1129
f 7533 3307 3049
f 3307 517 3049
f 7531 7533 1129
f 7531 7532 7533
f 7532 1387 7533
f 5050 4969 83
f 5050 7531 4969
f 7531 1129 4969
f 7530 3308 1388
f 7530 3699 3308
f 3699 518 3308
f 7528 7530 1388
f 7528 7529 7530
f 7529 1779 7530
f 5407 5228 84
f 5407 7528 5228
f 7528 1388 5228
f 7527 3701 1781
f 7527 3953 3701
f 3953 520 3701
f 7525 7527 1781
f 7525 7526 7527
f 7526 2033 7527
f 5465 5621 85
f 5465 7525 5621
f 7525 1781 5621
f 7524 3956 2036
f 7524 4017 3956
f 4017 523 3956
f 7522 7524 2036
f 7522 7523 7524
f 7523 2097 7524
f 5820 5876 86
f 5820 7522 5876
f 7522 2036 5876
f 7521 4019 2099
f 7521 4265 4019
f 4265 527 4019
f 7519 7521 2099
f 7519 7520 7521
f 7520 2345 7521
f 6021 5939 87
f 6021 7519 5939
f 7519 2099 5939
f 7518 4267 2347
f 7518 2733 4267
f 2733 532 4267
f 7516 7518 2347
f 7516 7517 7518
f 7517 813 7518
f 6366 6187 88
f 6366 7516 6187
f 7516 2347 6187
f 7515 4261 2341
f 7515 3049 4261
f 3049 517 4261
f 7513 7515 2341
f 7513 7514 7515
f 7514 1129 7515
f 3137 6181 96
f 3137 7513 6181
f 7513 2341 6181
f 7512 6022 2182
f 7512 5933 6022
f 5933 95 6022
f 7510 7512 2182
f 7510 7511 7512
f 7511 2093 7512
f 6181 4102 96
f 6181 7510 4102
f 7510 2182 4102
f 7509 3730 1810
f 7509 3308 3730
f 3308 518 3730
f 7507 7509 1810
f 7507 7508 7509
f 7508 1388 7509
f 3307 5650 517
f 3307 7507 5650
f 7507 1810 5650
f 7506 3700 1780
f 7506 3952 3700
f 3952 519 3700
f 7504 7506 1780
f 7504 7505 7506
f 7505 2032 7506
f 5650 5620 517
f 5650 7504 5620
f 7504 1780 5620
f 7503 4014 2094
f 7503 3700 4014
f 3700 519 4014
f 7501 7503 2094
f 7501 7502 7503
f 7502 1780 7503
f 5933 5934 95
f 5933 7501 5934
f 7501 2094 5934
f 7500 5822 1982
f 7500 5857 5822
f 5857 94 5822
f 7498 7500 1982
f 7498 7499 7500
f 7499 2017 7500
f 5934 3902 95
f 5934 7498 3902
f 7498 1982 3902
f 7497 3991 2071
f 7497 3701 3991
f 3701 520 3991
f 7495 7497 2071
f 7495 7496 7497
f 7496 1781 7497
f 3699 5911 518
f 3699 7495 5911
f 7495 2071 5911
f 7494 3954 2034
f 7494 4262 3954
f 4262 521 3954
f 7492 7494 2034
f 7492 7493 7494
f 7493 2342 7494
f 5911 5874 518
f 5911 7492 5874
f 7492 2034 5874
f 7491 4015 2095
f 7491 3954 4015
f 3954 521 4015
f 7489 7491 2095
f 7489 7490 7491
f 7490 2034 7491
f 3952 5935 519
f 3952 7489 5935
f 7489 2095 5935
f 7488 4016 2096
f 7488 2729 4016
f 2729 522 4016
f 7486 7488 2096
f 7486 7487 7488
f 7487 809 7488
f 5935 5936 519
f 5935 7486 5936
f 7486 2096 5936
f 7485 3955 2035
f 7485 4016 3955
f 4016 522 3955
f 7483 7485 2035
f 7483 7484 7485
f 7484 2096 7485
f 5857 5875 94
f 5857 7483 5875
f 7483 2035 5875
f 7482 5466 1626
f 7482 5622 5466
f 5622 93 5466
f 7480 7482 1626
f 7480 7481 7482
f 7481 1782 7482
f 5875 3546 94
f 5875 7480 3546
f 7480 1626 3546
f 7479 4263 2343
f 7479 3956 4263
f 3956 523 4263
f 7477 7479 2343
f 7477 7478 7479
f 7478 2036 7479
f 3953 6183 520
f 3953 7477 6183
f 7477 2343 6183
f 7476 4264 2344
f 7476 3050 4264
f 3050 524 4264
f 7474 7476 2344
f 7474 7475 7476
f 7475 1130 7476
f 6183 6184 520
f 6183 7474 6184
f 7474 2344 6184
f 7473 2730 810
f 7473 4264 2730
f 4264 524 2730
f 7471 7473 810
f 7471 7472 7473
f 7472 2344 7473
f 4262 4650 521
f 4262 7471 4650
f 7471 810 4650
f 7470 2731 811
f 7470 3309 2731
f 3309 525 2731
f 7468 7470 811
f 7468 7469 7470
f 7469 1389 7470
f 4650 4651 521
f 4650 7468 4651
f 7468 811 4651
f 7467 2987 1067
f 7467 2731 2987
f 2731 525 2987
f 7465 7467 1067
f 7465 7466 7467
f 7466 811 7467
f 2729 4907 522
f 2729 7465 4907
f 7465 1067 4907
f 7464 2988 1068
f 7464 3703 2988
f 3703 526 2988
f 7462 7464 1068
f 7462 7463 7464
f 7463 1783 7464
f 4907 4908 522
f 4907 7462 4908
f 7462 1068 4908
f 7461 3706 1786
f 7461 2988 3706
f 2988 526 3706
f 7459 7461 1786
f 7459 7460 7461
f 7460 1068 7461
f 5622 5626 93
f 5622 7459 5626
f 7459 1786 5626
f 7458 5408 1568
f 7458 5230 5408
f 5230 92 5408
f 7456 7458 1568
f 7456 7457 7458
f 7457 1390 7458
f 5626 3488 93
f 5626 7456 3488
f 7456 1568 3488
f 7455 3051 1131
f 7455 4019 3051
f 4019 527 3051
f 7453 7455 1131
f 7453 7454 7455
f 7454 2099 7455
f 4017 4971 523
f 4017 7453 4971
f 7453 1131 4971
f 7452 3052 1132
f 7452 4020 3052
f 4020 528 3052
f 7450 7452 1132
f 7450 7451 7452
f 7451 2100 7452
f 4971 4972 523
f 4971 7450 4972
f 7450 1132 4972
f 7449 3311 1391
f 7449 3052 3311
f 3052 528 3311
f 7447 7449 1391
f 7447 7448 7449
f 7448 1132 7449
f 3050 5231 524
f 3050 7447 5231
f 7447 1391 5231
f 7446 3312 1392
f 7446 4266 3312
f 4266 529 3312
f 7444 7446 1392
f 7444 7445 7446
f 7445 2346 7446
f 5231 5232 524
f 5231 7444 5232
f 7444 1392 5232
f 7443 3704 1784
f 7443 3312 3704
f 3312 529 3704
f 7441 7443 1784
f 7441 7442 7443
f 7442 1392 7443
f 3309 5624 525
f 3309 7441 5624
f 7441 1784 5624
f 7440 3705 1785
f 7440 2732 3705
f 2732 530 3705
f 7438 7440 1785
f 7438 7439 7440
f 7439 812 7440
f 5624 5625 525
f 5624 7438 5625
f 7438 1785 5625
f 7437 3957 2037
f 7437 3705 3957
f 3705 530 3957
f 7435 7437 2037
f 7435 7436 7437
f 7436 1785 7437
f 3703 5877 526
f 3703 7435 5877
f 7435 2037 5877
f 7434 3958 2038
f 7434 2989 3958
f 2989 531 3958
f 7432 7434 2038
f 7432 7433 7434
f 7433 1069 7434
f 5877 5878 526
f 5877 7432 5878
f 7432 2038 5878
f 7431 3313 1393
f 7431 3958 3313
f 3958 531 3313
f 7429 7431 1393
f 7429 7430 7431
f 7430 2038 7431
f 5230 5233 92
f 5230 7429 5233
f 7429 1393 5233
f 7428 5051 1211
f 7428 4973 5051
f 4973 91 5051
f 7426 7428 1211
f 7426 7427 7428
f 7427 1133 7428
f 5233 3131 92
f 5233 7426 3131
f 7426 1211 3131
f 7425 4021 2101
f 7425 4267 4021
f 4267 532 4021
f 7423 7425 2101
f 7423 7424 7425
f 7424 2347 7425
f 4265 5941 527
f 4265 7423 5941
f 7423 2101 5941
f 7422 4022 2102
f 7422 3314 4022
f 3314 533 4022
f 7420 7422 2102
f 7420 7421 7422
f 7421 1394 7422
f 5941 5942 527
f 5941 7420 5942
f 7420 2102 5942
f 7419 4268 2348
f 7419 4022 4268
f 4022 533 4268
f 7417 7419 2348
f 7417 7418 7419
f 7418 2102 7419
f 4020 6188 528
f 4020 7417 6188
f 7417 2348 6188
f 7416 4269 2349
f 7416 3707 4269
f 3707 534 4269
f 7414 7416 2349
f 7414 7415 7416
f 7415 1787 7416
f 6188 6189 528
f 6188 7414 6189
f 7414 2349 6189
f 7413 2734 814
f 7413 4269 2734
f 4269 534 2734
f 7411 7413 814
f 7411 7412 7413
f 7412 2349 7413
f 4266 4654 529
f 4266 7411 4654
f 7411 814 4654
f 7410 2735 815
f 7410 3961 2735
f 3961 535 2735
f 7408 7410 815
f 7408 7409 7410
f 7409 2041 7410
f 4654 4655 529
f 4654 7408 4655
f 7408 815 4655
f 7407 2990 1070
f 7407 2735 2990
f 2735 535 2990
f 7405 7407 1070
f 7405 7406 7407
f 7406 815 7407
f 2732 4910 530
f 2732 7405 4910
f 7405 1070 4910
f 7404 2991 1071
f 7404 4023 2991
f 4023 536 2991
f 7402 7404 1071
f 7402 7403 7404
f 7403 2103 7404
f 4910 4911 530
f 4910 7402 4911
f 7402 1071 4911
f 7401 3054 1134
f 7401 2991 3054
f 2991 536 3054
f 7399 7401 1134
f 7399 7400 7401
f 7400 1071 7401
f 2989 4974 531
f 2989 7399 4974
f 7399 1134 4974
f 7398 3055 1135
f 7398 4270 3055
f 4270 537 3055
f 7396 7398 1135
f 7396 7397 7398
f 7397 2350 7398
f 4974 4975 531
f 4974 7396 4975
f 7396 1135 4975
f 7395 3198 1278
f 7395 3055 3198
f 3055 537 3198
f 7393 7395 1278
f 7393 7394 7395
f 7394 1135 7395
f 4973 5118 91
f 4973 7393 5118
f 7393 1278 5118
f 7392 4852 1012
f 7392 4912 4852
f 4912 90 4852
f 7390 7392 1012
f 7390 7391 7392
f 7391 1072 7392
f 5118 2932 91
f 5118 7390 2932
f 7390 1012 2932
f 7389 6178 2338
f 7389 6360 6178
f 6360 40 6178
f 7387 7389 2338
f 7387 7388 7389
f 7388 2520 7389
f 2733 4258 532
f 2733 7387 4258
f 7387 2338 4258
f 7386 6003 2163
f 7386 6013 6003
f 6013 39 6003
f 7384 7386 2163
f 7384 7385 7386
f 7385 2173 7386
f 4258 4083 532
f 4258 7384 4083
f 7384 2163 4083
f 7383 6004 2164
f 7383 6003 6004
f 6003 39 6004
f 7381 7383 2164
f 7381 7382 7383
f 7382 2163 7383
f 3314 4084 533
f 3314 7381 4084
f 7381 2164 4084
f 7380 5879 2039
f 7380 5809 5879
f 5809 38 5879
f 7378 7380 2039
f 7378 7379 7380
f 7379 1969 7380
f 4084 3959 533
f 4084 7378 3959
f 7378 2039 3959
f 7377 5880 2040
f 7377 5879 5880
f 5879 38 5880
f 7375 7377 2040
f 7375 7376 7377
f 7376 2039 7377
f 3707 3960 534
f 3707 7375 3960
f 7375 2040 3960
f 7374 5687 1847
f 7374 5454 5687
f 5454 37 5687
f 7372 7374 1847
f 7372 7373 7374
f 7373 1614 7374
f 3960 3767 534
f 3960 7372 3767
f 7372 1847 3767
f 7371 5628 1788
f 7371 5687 5628
f 5687 37 5628
f 7369 7371 1788
f 7369 7370 7371
f 7370 1847 7371
f 3961 3708 535
f 3961 7369 3708
f 7369 1788 3708
f 7368 5235 1395
f 7368 5399 5235
f 5399 36 5235
f 7366 7368 1395
f 7366 7367 7368
f 7367 1559 7368
f 3708 3315 535
f 3708 7366 3315
f 7366 1395 3315
f 7365 5236 1396
f 7365 5235 5236
f 5235 36 5236
f 7363 7365 1396
f 7363 7364 7365
f 7364 1395 7365
f 4023 3316 536
f 4023 7363 3316
f 7363 1396 3316
f 7362 5032 1192
f 7362 5042 5032
f 5042 35 5032
f 7360 7362 1192
f 7360 7361 7362
f 7361 1202 7362
f 3316 3112 536
f 3316 7360 3112
f 7360 1192 3112
f 7359 5034 1194
f 7359 5032 5034
f 5032 35 5034
f 7357 7359 1194
f 7357 7358 7359
f 7358 1192 7359
f 4270 3114 537
f 4270 7357 3114
f 7357 1194 3114
f 7356 4787 947
f 7356 4842 4787
f 4842 34 4787
f 7354 7356 947
f 7354 7355 7356
f 7355 1002 7356
f 3114 2867 537
f 3114 7354 2867
f 7354 947 2867
f 7353 4851 1011
f 7353 4787 4851
f 4787 34 4851
f 7351 7353 1011
f 7351 7352 7353
f 7352 947 7353
f 4912 2931 90
f 4912 7351 2931
f 7351 1011 2931
f 7350 5821 1981
f 7350 5808 5821
f 5808 6 5821
f 7348 7350 1981
f 7348 7349 7350
f 7349 1968 7350
f 2931 3901 90
f 2931 7348 3901
f 7348 1981 3901
f 7347 3899 1979
f 7347 4100 3899
f 4100 82 3899
f 7345 7347 1979
f 7345 7346 7347
f 7346 2180 7347
f 5811 5819 6
f 5811 7345 5819
f 7345 1979 5819
f 7344 4024 2104
f 7344 3962 4024
f 3962 538 4024
f 7342 7344 2104
f 7342 7343 7344
f 7343 2042 7344
f 3984 5944 47
f 3984 7342 5944
f 7342 2104 5944
f 7341 3963 2043
f 7341 3709 3963
f 3709 539 3963
f 7339 7341 2043
f 7339 7340 7341
f 7340 1789 7341
f 3537 5883 46
f 3537 7339 5883
f 7339 2043 5883
f 7338 3710 1790
f 7338 3317 3710
f 3317 541 3710
f 7336 7338 1790
f 7336 7337 7338
f 7337 1397 7338
f 3481 5630 45
f 3481 7336 5630
f 7336 1790 5630
f 7335 3320 1400
f 7335 3060 3320
f 3060 544 3320
f 7333 7335 1400
f 7333 7334 7335
f 7334 1140 7335
f 3123 5240 44
f 3123 7333 5240
f 7333 1400 5240
f 7332 3061 1141
f 7332 2997 3061
f 2997 548 3061
f 7330 7332 1141
f 7330 7331 7332
f 7331 1077 7332
f 2924 4981 43
f 2924 7330 4981
f 7330 1141 4981
f 7329 3000 1080
f 7329 2741 3000
f 2741 553 3000
f 7327 7329 1080
f 7327 7328 7329
f 7328 821 7329
f 2568 4920 42
f 2568 7327 4920
f 7327 1080 4920
f 7326 2993 1073
f 7326 4024 2993
f 4024 538 2993
f 7324 7326 1073
f 7324 7325 7326
f 7325 2104 7326
f 4100 4913 82
f 4100 7324 4913
f 7324 1073 4913
f 7323 4496 656
f 7323 4656 4496
f 4656 81 4496
f 7321 7323 656
f 7321 7322 7323
f 7322 816 7323
f 4913 2576 82
f 4913 7321 2576
f 7321 656 2576
f 7320 2994 1074
f 7320 3963 2994
f 3963 539 2994
f 7318 7320 1074
f 7318 7319 7320
f 7319 2043 7320
f 3962 4914 538
f 3962 7318 4914
f 7318 1074 4914
f 7317 2995 1075
f 7317 3057 2995
f 3057 540 2995
f 7315 7317 1075
f 7315 7316 7317
f 7316 1137 7317
f 4914 4915 538
f 4914 7315 4915
f 7315 1075 4915
f 7314 2737 817
f 7314 2995 2737
f 2995 540 2737
f 7312 7314 817
f 7312 7313 7314
f 7313 1075 7314
f 4656 4657 81
f 4656 7312 4657
f 7312 817 4657
f 7311 6359 2519
f 7311 6191 6359
f 6191 80 6359
f 7309 7311 2519
f 7309 7310 7311
f 7310 2351 7311
f 4657 4439 81
f 4657 7309 4439
f 7309 2519 4439
f 7308 3058 1138
f 7308 3710 3058
f 3710 541 3058
f 7306 7308 1138
f 7306 7307 7308
f 7307 1790 7308
f 3709 4978 539
f 3709 7306 4978
f 7306 1138 4978
f 7305 3059 1139
f 7305 3711 3059
f 3711 542 3059
f 7303 7305 1139
f 7303 7304 7305
f 7304 1791 7305
f 4978 4979 539
f 4978 7303 4979
f 7303 1139 4979
f 7302 3318 1398
f 7302 3059 3318
f 3059 542 3318
f 7300 7302 1398
f 7300 7301 7302
f 7301 1139 7302
f 3057 5238 540
f 3057 7300 5238
f 7300 1398 5238
f 7299 3319 1399
f 7299 3964 3319
f 3964 543 3319
f 7297 7299 1399
f 7297 7298 7299
f 7298 2044 7299
f 5238 5239 540
f 5238 7297 5239
f 7297 1399 5239
f 7296 4272 2352
f 7296 3319 4272
f 3319 543 4272
f 7294 7296 2352
f 7294 7295 7296
f 7295 1399 7296
f 6191 6192 80
f 6191 7294 6192
f 7294 2352 6192
f 7293 6019 2179
f 7293 5946 6019
f 5946 79 6019
f 7291 7293 2179
f 7291 7292 7293
f 7292 2106 7293
f 6192 4099 80
f 6192 7291 4099
f 7291 2179 4099
f 7290 3712 1792
f 7290 3320 3712
f 3320 544 3712
f 7288 7290 1792
f 7288 7289 7290
f 7289 1400 7290
f 3317 5632 541
f 3317 7288 5632
f 7288 1792 5632
f 7287 3713 1793
f 7287 4273 3713
f 4273 545 3713
f 7285 7287 1793
f 7285 7286 7287
f 7286 2353 7287
f 5632 5633 541
f 5632 7285 5633
f 7285 1793 5633
f 7284 3965 2045
f 7284 3713 3965
f 3713 545 3965
f 7282 7284 2045
f 7282 7283 7284
f 7283 1793 7284
f 3711 5885 542
f 3711 7282 5885
f 7282 2045 5885
f 7281 3966 2046
f 7281 2738 3966
f 2738 546 3966
f 7279 7281 2046
f 7279 7280 7281
f 7280 818 7281
f 5885 5886 542
f 5885 7279 5886
f 7279 2046 5886
f 7278 4027 2107
f 7278 3966 4027
f 3966 546 4027
f 7276 7278 2107
f 7276 7277 7278
f 7277 2046 7278
f 3964 5947 543
f 3964 7276 5947
f 7276 2107 5947
f 7275 4028 2108
f 7275 2996 4028
f 2996 547 4028
f 7273 7275 2108
f 7273 7274 7275
f 7274 1076 7275
f 5947 5948 543
f 5947 7273 5948
f 7273 2108 5948
f 7272 4142 2222
f 7272 4028 4142
f 4028 547 4142
f 7270 7272 2222
f 7270 7271 7272
f 7271 2108 7272
f 5946 6062 79
f 5946 7270 6062
f 7270 2222 6062
f 7269 5818 1978
f 7269 5887 5818
f 5887 78 5818
f 7267 7269 1978
f 7267 7268 7269
f 7268 2047 7269
f 6062 3898 79
f 6062 7267 3898
f 7267 1978 3898
f 7266 4274 2354
f 7266 3061 4274
f 3061 548 4274
f 7264 7266 2354
f 7264 7265 7266
f 7265 1141 7266
f 3060 6194 544
f 3060 7264 6194
f 7264 2354 6194
f 7263 4275 2355
f 7263 3321 4275
f 3321 549 4275
f 7261 7263 2355
f 7261 7262 7263
f 7262 1401 7263
f 6194 6195 544
f 6194 7261 6195
f 7261 2355 6195
f 7260 2739 819
f 7260 4275 2739
f 4275 549 2739
f 7258 7260 819
f 7258 7259 7260
f 7259 2355 7260
f 4273 4659 545
f 4273 7258 4659
f 7258 819 4659
f 7257 2740 820
f 7257 3714 2740
f 3714 550 2740
f 7255 7257 820
f 7255 7256 7257
f 7256 1794 7257
f 4659 4660 545
f 4659 7255 4660
f 7255 820 4660
f 7254 2998 1078
f 7254 2740 2998
f 2740 550 2998
f 7252 7254 1078
f 7252 7253 7254
f 7253 820 7254
f 2738 4918 546
f 2738 7252 4918
f 7252 1078 4918
f 7251 2999 1079
f 7251 3968 2999
f 3968 551 2999
f 7249 7251 1079
f 7249 7250 7251
f 7250 2048 7251
f 4918 4919 546
f 4918 7249 4919
f 7249 1079 4919
f 7248 3062 1142
f 7248 2999 3062
f 2999 551 3062
f 7246 7248 1142
f 7246 7247 7248
f 7247 1079 7248
f 2996 4982 547
f 2996 7246 4982
f 7246 1142 4982
f 7245 3063 1143
f 7245 4029 3063
f 4029 552 3063
f 7243 7245 1143
f 7243 7244 7245
f 7244 2109 7245
f 4982 4983 547
f 4982 7243 4983
f 7243 1143 4983
f 7242 3969 2049
f 7242 3063 3969
f 3063 552 3969
f 7240 7242 2049
f 7240 7241 7242
f 7241 1143 7242
f 5887 5889 78
f 5887 7240 5889
f 7240 2049 5889
f 7239 5464 1624
f 7239 5635 5464
f 5635 77 5464
f 7237 7239 1624
f 7237 7238 7239
f 7238 1795 7239
f 5889 3544 78
f 5889 7237 3544
f 7237 1624 3544
f 7236 3322 1402
f 7236 3000 3322
f 3000 553 3322
f 7234 7236 1402
f 7234 7235 7236
f 7235 1080 7236
f 2997 5242 548
f 2997 7234 5242
f 7234 1402 5242
f 7233 3323 1403
f 7233 2742 3323
f 2742 554 3323
f 7231 7233 1403
f 7231 7232 7233
f 7232 822 7233
f 5242 5243 548
f 5242 7231 5243
f 7231 1403 5243
f 7230 3716 1796
f 7230 3323 3716
f 3323 554 3716
f 7228 7230 1796
f 7228 7229 7230
f 7229 1403 7230
f 3321 5636 549
f 3321 7228 5636
f 7228 1796 5636
f 7227 3717 1797
f 7227 3002 3717
f 3002 555 3717
f 7225 7227 1797
f 7225 7226 7227
f 7226 1082 7227
f 5636 5637 549
f 5636 7225 5637
f 7225 1797 5637
f 7224 3970 2050
f 7224 3717 3970
f 3717 555 3970
f 7222 7224 2050
f 7222 7223 7224
f 7223 1797 7224
f 3714 5890 550
f 3714 7222 5890
f 7222 2050 5890
f 7221 3971 2051
f 7221 3066 3971
f 3066 556 3971
f 7219 7221 2051
f 7219 7220 7221
f 7220 1146 7221
f 5890 5891 550
f 5890 7219 5891
f 7219 2051 5891
f 7218 4030 2110
f 7218 3971 4030
f 3971 556 4030
f 7216 7218 2110
f 7216 7217 7218
f 7217 2051 7218
f 3968 5950 551
f 3968 7216 5950
f 7216 2110 5950
f 7215 4031 2111
f 7215 3324 4031
f 3324 557 4031
f 7213 7215 2111
f 7213 7214 7215
f 7214 1404 7215
f 5950 5951 551
f 5950 7213 5951
f 7213 2111 5951
f 7212 4277 2357
f 7212 4031 4277
f 4031 557 4277
f 7210 7212 2357
f 7210 7211 7212
f 7211 2111 7212
f 4029 6197 552
f 4029 7210 6197
f 7210 2357 6197
f 7209 4278 2358
f 7209 3718 4278
f 3718 558 4278
f 7207 7209 2358
f 7207 7208 7209
f 7208 1798 7209
f 6197 6198 552
f 6197 7207 6198
f 7207 2358 6198
f 7206 3622 1702
f 7206 4278 3622
f 4278 558 3622
f 7204 7206 1702
f 7204 7205 7206
f 7205 2358 7206
f 5635 5542 77
f 5635 7204 5542
f 7204 1702 5542
f 7203 5406 1566
f 7203 5245 5406
f 5245 76 5406
f 7201 7203 1566
f 7201 7202 7203
f 7202 1405 7203
f 5542 3486 77
f 5542 7201 3486
f 7201 1566 3486
f 7200 5431 1591
f 7200 2786 5431
f 2786 68 5431
f 7198 7200 1591
f 7198 7199 7200
f 7199 866 7200
f 2741 3511 553
f 2741 7198 3511
f 7198 1591 3511
f 7197 4984 1144
f 7197 5048 4984
f 5048 67 4984
f 7195 7197 1144
f 7195 7196 7197
f 7196 1208 7197
f 3511 3064 553
f 3511 7195 3064
f 7195 1144 3064
f 7194 4985 1145
f 7194 4984 4985
f 4984 67 4985
f 7192 7194 1145
f 7192 7193 7194
f 7193 1144 7194
f 2742 3065 554
f 2742 7192 3065
f 7192 1145 3065
f 7191 4921 1081
f 7191 4848 4921
f 4848 66 4921
f 7189 7191 1081
f 7189 7190 7191
f 7190 1008 7191
f 3065 3001 554
f 3065 7189 3001
f 7189 1081 3001
f 7188 4884 1044
f 7188 4921 4884
f 4921 66 4884
f 7186 7188 1044
f 7186 7187 7188
f 7187 1081 7188
f 3002 2964 555
f 3002 7186 2964
f 7186 1044 2964
f 7185 4663 823
f 7185 4493 4663
f 4493 65 4663
f 7183 7185 823
f 7183 7184 7185
f 7184 653 7185
f 2964 2743 555
f 2964 7183 2743
f 7183 823 2743
f 7182 4664 824
f 7182 4663 4664
f 4663 65 4664
f 7180 7182 824
f 7180 7181 7182
f 7181 823 7182
f 3066 2744 556
f 3066 7180 2744
f 7180 824 2744
f 7179 6196 2356
f 7179 6356 6196
f 6356 64 6196
f 7177 7179 2356
f 7177 7178 7179
f 7178 2516 7179
f 2744 4276 556
f 2744 7177 4276
f 7177 2356 4276
f 7176 6386 2546
f 7176 6196 6386
f 6196 64 6386
f 7174 7176 2546
f 7174 7175 7176
f 7175 2356 7176
f 3324 4466 557
f 3324 7174 4466
f 7174 2546 4466
f 7173 6040 2200
f 7173 6016 6040
f 6016 63 6040
f 7171 7173 2200
f 7171 7172 7173
f 7172 2176 7173
f 4466 4120 557
f 4466 7171 4120
f 7171 2200 4120
f 7170 5952 2112
f 7170 6040 5952
f 6040 63 5952
f 7168 7170 2112
f 7168 7169 7170
f 7169 2200 7170
f 3718 4032 558
f 3718 7168 4032
f 7168 2112 4032
f 7167 5892 2052
f 7167 5812 5892
f 5812 62 5892
f 7165 7167 2052
f 7165 7166 7167
f 7166 1972 7167
f 4032 3972 558
f 4032 7165 3972
f 7165 2052 3972
f 7164 5817 1977
f 7164 5892 5817
f 5892 62 5817
f 7162 7164 1977
f 7162 7163 7164
f 7163 2052 7164
f 5245 3897 76
f 5245 7162 3897
f 7162 1977 3897
f 7161 5463 1623
f 7161 5460 5463
f 5460 5 5463
f 7159 7161 1623
f 7159 7160 7161
f 7160 1620 7161
f 3897 3543 76
f 3897 7159 3543
f 7159 1623 3543
f 7158 3542 1622
f 7158 3896 3542
f 3896 75 3542
f 7156 7158 1622
f 7156 7157 7158
f 7157 1976 7158
f 5460 5462 5
f 5460 7156 5462
f 7156 1622 5462
f 7155 3973 2053
f 7155 4033 3973
f 4033 559 3973
f 7153 7155 2053
f 7153 7154 7155
f 7154 2113 7155
f 5812 5893 62
f 5812 7153 5893
f 7153 2053 5893
f 7152 4034 2114
f 7152 4279 4034
f 4279 560 4034
f 7150 7152 2114
f 7150 7151 7152
f 7151 2359 7152
f 6016 5954 63
f 6016 7150 5954
f 7150 2114 5954
f 7149 4281 2361
f 7149 2746 4281
f 2746 562 4281
f 7147 7149 2361
f 7147 7148 7149
f 7148 826 7149
f 6356 6201 64
f 6356 7147 6201
f 7147 2361 6201
f 7146 2749 829
f 7146 3006 2749
f 3006 565 2749
f 7144 7146 829
f 7144 7145 7146
f 7145 1086 7146
f 4493 4669 65
f 4493 7144 4669
f 7144 829 4669
f 7143 3008 1088
f 7143 3071 3008
f 3071 569 3008
f 7141 7143 1088
f 7141 7142 7143
f 7142 1151 7143
f 4848 4928 66
f 4848 7141 4928
f 7141 1088 4928
f 7140 3073 1153
f 7140 3329 3073
f 3329 574 3073
f 7138 7140 1153
f 7138 7139 7140
f 7139 1409 7140
f 5048 4993 67
f 5048 7138 4993
f 7138 1153 4993
f 7137 3067 1147
f 7137 3973 3067
f 3973 559 3067
f 7135 7137 1147
f 7135 7136 7137
f 7136 2053 7137
f 3896 4987 75
f 3896 7135 4987
f 7135 1147 4987
f 7134 4966 1126
f 7134 4923 4966
f 4923 74 4966
f 7132 7134 1126
f 7132 7133 7134
f 7133 1083 7134
f 4987 3046 75
f 4987 7132 3046
f 7132 1126 3046
f 7131 4018 2098
f 7131 4034 4018
f 4034 560 4018
f 7129 7131 2098
f 7129 7130 7131
f 7130 2114 7131
f 4033 5938 559
f 4033 7129 5938
f 7129 2098 5938
f 7128 4035 2115
f 7128 4280 4035
f 4280 561 4035
f 7126 7128 2115
f 7126 7127 7128
f 7127 2360 7128
f 5938 5955 559
f 5938 7126 5955
f 7126 2115 5955
f 7125 3004 1084
f 7125 4035 3004
f 4035 561 3004
f 7123 7125 1084
f 7123 7124 7125
f 7124 2115 7125
f 4923 4924 74
f 4923 7123 4924
f 7123 1084 4924
f 7122 4495 655
f 7122 4665 4495
f 4665 73 4495
f 7120 7122 655
f 7120 7121 7122
f 7121 825 7122
f 4924 2575 74
f 4924 7120 2575
f 7120 655 2575
f 7119 4442 2522
f 7119 4281 4442
f 4281 562 4442
f 7117 7119 2522
f 7117 7118 7119
f 7118 2361 7119
f 4279 6362 560
f 4279 7117 6362
f 7117 2522 6362
f 7116 4282 2362
f 7116 3005 4282
f 3005 563 4282
f 7114 7116 2362
f 7114 7115 7116
f 7115 1085 7116
f 6362 6202 560
f 6362 7114 6202
f 7114 2362 6202
f 7113 2747 827
f 7113 4282 2747
f 4282 563 2747
f 7111 7113 827
f 7111 7112 7113
f 7112 2362 7113
f 4280 4667 561
f 4280 7111 4667
f 7111 827 4667
f 7110 2748 828
f 7110 3068 2748
f 3068 564 2748
f 7108 7110 828
f 7108 7109 7110
f 7109 1148 7110
f 4667 4668 561
f 4667 7108 4668
f 7108 828 4668
f 7107 2649 729
f 7107 2748 2649
f 2748 564 2649
f 7105 7107 729
f 7105 7106 7107
f 7106 828 7107
f 4665 4569 73
f 4665 7105 4569
f 7105 729 4569
f 7104 6358 2518
f 7104 6203 6358
f 6203 72 6358
f 7102 7104 2518
f 7102 7103 7104
f 7103 2363 7104
f 4569 4438 73
f 4569 7102 4438
f 7102 2518 4438
f 7101 2944 1024
f 7101 2749 2944
f 2749 565 2944
f 7099 7101 1024
f 7099 7100 7101
f 7100 829 7101
f 2746 4864 562
f 2746 7099 4864
f 7099 1024 4864
f 7098 3007 1087
f 7098 3719 3007
f 3719 566 3007
f 7096 7098 1087
f 7096 7097 7098
f 7097 1799 7098
f 4864 4927 562
f 4864 7096 4927
f 7096 1087 4927
f 7095 3069 1149
f 7095 3007 3069
f 3007 566 3069
f 7093 7095 1149
f 7093 7094 7095
f 7094 1087 7095
f 3005 4989 563
f 3005 7093 4989
f 7093 1149 4989
f 7092 3070 1150
f 7092 3974 3070
f 3974 567 3070
f 7090 7092 1150
f 7090 7091 7092
f 7091 2054 7092
f 4989 4990 563
f 4989 7090 4990
f 7090 1150 4990
f 7089 3326 1406
f 7089 3070 3326
f 3070 567 3326
f 7087 7089 1406
f 7087 7088 7089
f 7088 1150 7089
f 3068 5246 564
f 3068 7087 5246
f 7087 1406 5246
f 7086 3327 1407
f 7086 4036 3327
f 4036 568 3327
f 7084 7086 1407
f 7084 7085 7086
f 7085 2116 7086
f 5246 5247 564
f 5246 7084 5247
f 7084 1407 5247
f 7083 4284 2364
f 7083 3327 4284
f 3327 568 4284
f 7081 7083 2364
f 7081 7082 7083
f 7082 1407 7083
f 6203 6204 72
f 6203 7081 6204
f 7081 2364 6204
f 7080 6017 2177
f 7080 5945 6017
f 5945 71 6017
f 7078 7080 2177
f 7078 7079 7080
f 7079 2105 7080
f 6204 4097 72
f 6204 7078 4097
f 7078 2177 4097
f 7077 3720 1800
f 7077 3008 3720
f 3008 569 3720
f 7075 7077 1800
f 7075 7076 7077
f 7076 1088 7077
f 3006 5640 565
f 3006 7075 5640
f 7075 1800 5640
f 7074 3566 1646
f 7074 2750 3566
f 2750 570 3566
f 7072 7074 1646
f 7072 7073 7074
f 7073 830 7074
f 5640 5486 565
f 5640 7072 5486
f 7072 1646 5486
f 7071 3975 2055
f 7071 3566 3975
f 3566 570 3975
f 7069 7071 2055
f 7069 7070 7071
f 7070 1646 7071
f 3719 5895 566
f 3719 7069 5895
f 7069 2055 5895
f 7068 3976 2056
f 7068 3009 3976
f 3009 571 3976
f 7066 7068 2056
f 7066 7067 7068
f 7067 1089 7068
f 5895 5896 566
f 5895 7066 5896
f 7066 2056 5896
f 7065 4037 2117
f 7065 3976 4037
f 3976 571 4037
f 7063 7065 2117
f 7063 7064 7065
f 7064 2056 7065
f 3974 5957 567
f 3974 7063 5957
f 7063 2117 5957
f 7062 4038 2118
f 7062 3072 4038
f 3072 572 4038
f 7060 7062 2118
f 7060 7061 7062
f 7061 1152 7062
f 5957 5958 567
f 5957 7060 5958
f 7060 2118 5958
f 7059 4285 2365
f 7059 4038 4285
f 4038 572 4285
f 7057 7059 2365
f 7057 7058 7059
f 7058 2118 7059
f 4036 6205 568
f 4036 7057 6205
f 7057 2365 6205
f 7056 4286 2366
f 7056 3328 4286
f 3328 573 4286
f 7054 7056 2366
f 7054 7055 7056
f 7055 1408 7056
f 6205 6206 568
f 6205 7054 6206
f 7054 2366 6206
f 7053 4039 2119
f 7053 4286 4039
f 4286 573 4039
f 7051 7053 2119
f 7051 7052 7053
f 7052 2366 7053
f 5945 5959 71
f 5945 7051 5959
f 7051 2119 5959
f 7050 5815 1975
f 7050 5897 5815
f 5897 70 5815
f 7048 7050 1975
f 7048 7049 7050
f 7049 2057 7050
f 5959 3895 71
f 5959 7048 3895
f 7048 1975 3895
f 7047 2751 831
f 7047 3073 2751
f 3073 574 2751
f 7045 7047 831
f 7045 7046 7047
f 7046 1153 7047
f 3071 4671 569
f 3071 7045 4671
f 7045 831 4671
f 7044 2752 832
f 7044 3979 2752
f 3979 575 2752
f 7042 7044 832
f 7042 7043 7044
f 7043 2059 7044
f 4671 4672 569
f 4671 7042 4672
f 7042 832 4672
f 7041 3010 1090
f 7041 2752 3010
f 2752 575 3010
f 7039 7041 1090
f 7039 7040 7041
f 7040 832 7041
f 2750 4930 570
f 2750 7039 4930
f 7039 1090 4930
f 7038 3011 1091
f 7038 4040 3011
f 4040 576 3011
f 7036 7038 1091
f 7036 7037 7038
f 7037 2120 7038
f 4930 4931 570
f 4930 7036 4931
f 7036 1091 4931
f 7035 3074 1154
f 7035 3011 3074
f 3011 576 3074
f 7033 7035 1154
f 7033 7034 7035
f 7034 1091 7035
f 3009 4994 571
f 3009 7033 4994
f 7033 1154 4994
f 7032 3075 1155
f 7032 4287 3075
f 4287 577 3075
f 7030 7032 1155
f 7030 7031 7032
f 7031 2367 7032
f 4994 4995 571
f 4994 7030 4995
f 7030 1155 4995
f 7029 3332 1412
f 7029 3075 3332
f 3075 577 3332
f 7027 7029 1412
f 7027 7028 7029
f 7028 1155 7029
f 3072 5252 572
f 3072 7027 5252
f 7027 1412 5252
f 7026 3333 1413
f 7026 2753 3333
f 2753 578 3333
f 7024 7026 1413
f 7024 7025 7026
f 7025 833 7026
f 5252 5253 572
f 5252 7024 5253
f 7024 1413 5253
f 7023 3724 1804
f 7023 3333 3724
f 3333 578 3724
f 7021 7023 1804
f 7021 7022 7023
f 7022 1413 7023
f 3328 5644 573
f 3328 7021 5644
f 7021 1804 5644
f 7020 3725 1805
f 7020 3014 3725
f 3014 579 3725
f 7018 7020 1805
f 7018 7019 7020
f 7019 1094 7020
f 5644 5645 573
f 5644 7018 5645
f 7018 1805 5645
f 7017 3980 2060
f 7017 3725 3980
f 3725 579 3980
f 7015 7017 2060
f 7015 7016 7017
f 7016 1805 7017
f 5897 5900 70
f 5897 7015 5900
f 7015 2060 5900
f 7014 5461 1621
f 7014 5686 5461
f 5686 69 5461
f 7012 7014 1621
f 7012 7013 7014
f 7013 1846 7014
f 5900 3541 70
f 5900 7012 3541
f 7012 1621 3541
f 7011 5898 2058
f 7011 5814 5898
f 5814 54 5898
f 7009 7011 2058
f 7009 7010 7011
f 7010 1974 7011
f 3329 3978 574
f 3329 7009 3978
f 7009 2058 3978
f 7008 5642 1802
f 7008 5458 5642
f 5458 53 5642
f 7006 7008 1802
f 7006 7007 7008
f 7007 1618 7008
f 3978 3722 574
f 3978 7006 3722
f 7006 1802 3722
f 7005 5643 1803
f 7005 5642 5643
f 5642 53 5643
f 7003 7005 1803
f 7003 7004 7005
f 7004 1802 7005
f 3979 3723 575
f 3979 7003 3723
f 7003 1803 3723
f 7002 5250 1410
f 7002 5403 5250
f 5403 52 5250
f 7000 7002 1410
f 7000 7001 7002
f 7001 1563 7002
f 3723 3330 575
f 3723 7000 3330
f 7000 1410 3330
f 6999 5251 1411
f 6999 5250 5251
f 5250 52 5251
f 6997 6999 1411
f 6997 6998 6999
f 6998 1410 6999
f 4040 3331 576
f 4040 6997 3331
f 6997 1411 3331
f 6996 5073 1233
f 6996 5044 5073
f 5044 51 5073
f 6994 6996 1233
f 6994 6995 6996
f 6995 1204 6996
f 3331 3153 576
f 3331 6994 3153
f 6994 1233 3153
f 6993 5037 1197
f 6993 5073 5037
f 5073 51 5037
f 6991 6993 1197
f 6991 6992 6993
f 6992 1233 6993
f 4287 3117 577
f 4287 6991 3117
f 6991 1197 3117
f 6990 4932 1092
f 6990 4846 4932
f 4846 50 4932
f 6988 6990 1092
f 6988 6989 6990
f 6989 1006 6990
f 3117 3012 577
f 3117 6988 3012
f 6988 1092 3012
f 6987 4933 1093
f 6987 4932 4933
f 4932 50 4933
f 6985 6987 1093
f 6985 6986 6987
f 6986 1092 6987
f 2753 3013 578
f 2753 6985 3013
f 6985 1093 3013
f 6984 4520 680
f 6984 4489 4520
f 4489 49 4520
f 6982 6984 680
f 6982 6983 6984
f 6983 649 6984
f 3013 2600 578
f 3013 6982 2600
f 6982 680 2600
f 6981 4674 834
f 6981 4520 4674
f 4520 49 4674
f 6979 6981 834
f 6979 6980 6981
f 6980 680 6981
f 3014 2754 579
f 3014 6979 2754
f 6979 834 2754
f 6978 6208 2368
f 6978 6353 6208
f 6353 48 6208
f 6976 6978 2368
f 6976 6977 6978
f 6977 2513 6978
f 2754 4288 579
f 2754 6976 4288
f 6976 2368 4288
f 6975 6357 2517
f 6975 6208 6357
f 6208 48 6357
f 6973 6975 2517
f 6973 6974 6975
f 6974 2368 6975
f 5686 4437 69
f 5686 6973 4437
f 6973 2517 4437
f 6972 5405 1565
f 6972 5402 5405
f 5402 4 5405
f 6970 6972 1565
f 6970 6971 6972
f 6971 1562 6972
f 4437 3485 69
f 4437 6970 3485
f 6970 1565 3485
f 6969 3484 1564
f 6969 4435 3484
f 4435 61 3484
f 6967 6969 1564
f 6967 6968 6969
f 6968 2515 6969
f 5402 5404 4
f 5402 6967 5404
f 6967 1564 5404
f 6966 4393 2473
f 6966 2755 4393
f 2755 580 4393
f 6964 6966 2473
f 6964 6965 6966
f 6965 835 6966
f 6353 6313 48
f 6353 6964 6313
f 6964 2473 6313
f 6963 2756 836
f 6963 3015 2756
f 3015 581 2756
f 6961 6963 836
f 6961 6962 6963
f 6962 1095 6963
f 4489 4676 49
f 4489 6961 4676
f 6961 836 4676
f 6960 3016 1096
f 6960 3077 3016
f 3077 583 3016
f 6958 6960 1096
f 6958 6959 6960
f 6959 1157 6960
f 4846 4936 50
f 4846 6958 4936
f 6958 1096 4936
f 6957 3079 1159
f 6957 3337 3079
f 3337 586 3079
f 6955 6957 1159
f 6955 6956 6957
f 6956 1417 6957
f 5044 4999 51
f 5044 6955 4999
f 6955 1159 4999
f 6954 3339 1419
f 6954 3731 3339
f 3731 590 3339
f 6952 6954 1419
f 6952 6953 6954
f 6953 1811 6954
f 5403 5259 52
f 5403 6952 5259
f 6952 1419 5259
f 6951 3734 1814
f 6951 3985 3734
f 3985 595 3734
f 6949 6951 1814
f 6949 6950 6951
f 6950 2065 6951
f 5458 5654 53
f 5458 6949 5654
f 6949 1814 5654
f 6948 3726 1806
f 6948 4393 3726
f 4393 580 3726
f 6946 6948 1806
f 6946 6947 6948
f 6947 2473 6948
f 4435 5646 61
f 4435 6946 5646
f 6946 1806 5646
f 6945 5286 1446
f 6945 5254 5286
f 5254 60 5286
f 6943 6945 1446
f 6943 6944 6945
f 6944 1414 6945
f 5646 3366 61
f 5646 6943 3366
f 6943 1446 3366
f 6942 3298 1378
f 6942 2756 3298
f 2756 581 3298
f 6940 6942 1378
f 6940 6941 6942
f 6941 836 6942
f 2755 5218 580
f 2755 6940 5218
f 6940 1378 5218
f 6939 3336 1416
f 6939 3727 3336
f 3727 582 3336
f 6937 6939 1416
f 6937 6938 6939
f 6938 1807 6939
f 5218 5256 580
f 5218 6937 5256
f 6937 1416 5256
f 6936 3292 1372
f 6936 3336 3292
f 3336 582 3292
f 6934 6936 1372
f 6934 6935 6936
f 6935 1416 6936
f 5254 5212 60
f 5254 6934 5212
f 6934 1372 5212
f 6933 5047 1207
f 6933 4996 5047
f 4996 59 5047
f 6931 6933 1207
f 6931 6932 6933
f 6932 1156 6933
f 5212 3127 60
f 5212 6931 3127
f 6931 1207 3127
f 6930 3728 1808
f 6930 3016 3728
f 3016 583 3728
f 6928 6930 1808
f 6928 6929 6930
f 6929 1096 6930
f 3015 5648 581
f 3015 6928 5648
f 6928 1808 5648
f 6927 3729 1809
f 6927 4041 3729
f 4041 584 3729
f 6925 6927 1809
f 6925 6926 6927
f 6926 2121 6927
f 5648 5649 581
f 5648 6925 5649
f 6925 1809 5649
f 6924 3981 2061
f 6924 3729 3981
f 3729 584 3981
f 6922 6924 2061
f 6922 6923 6924
f 6923 1809 6924
f 3727 5901 582
f 3727 6922 5901
f 6922 2061 5901
f 6921 3982 2062
f 6921 4290 3982
f 4290 585 3982
f 6919 6921 2062
f 6919 6920 6921
f 6920 2370 6921
f 5901 5902 582
f 5901 6919 5902
f 6919 2062 5902
f 6918 3078 1158
f 6918 3982 3078
f 3982 585 3078
f 6916 6918 1158
f 6916 6917 6918
f 6917 2062 6918
f 4996 4998 59
f 4996 6916 4998
f 6916 1158 4998
f 6915 4847 1007
f 6915 4937 4847
f 4937 58 4847
f 6913 6915 1007
f 6913 6914 6915
f 6914 1097 6915
f 4998 2927 59
f 4998 6913 2927
f 6913 1007 2927
f 6912 4042 2122
f 6912 3079 4042
f 3079 586 4042
f 6910 6912 2122
f 6910 6911 6912
f 6911 1159 6912
f 3077 5962 583
f 3077 6910 5962
f 6910 2122 5962
f 6909 4043 2123
f 6909 3018 4043
f 3018 587 4043
f 6907 6909 2123
f 6907 6908 6909
f 6908 1098 6909
f 5962 5963 583
f 5962 6907 5963
f 6907 2123 5963
f 6906 4291 2371
f 6906 4043 4291
f 4043 587 4291
f 6904 6906 2371
f 6904 6905 6906
f 6905 2123 6906
f 4041 6211 584
f 4041 6904 6211
f 6904 2371 6211
f 6903 4292 2372
f 6903 3080 4292
f 3080 588 4292
f 6901 6903 2372
f 6901 6902 6903
f 6902 1160 6903
f 6211 6212 584
f 6211 6901 6212
f 6901 2372 6212
f 6900 2757 837
f 6900 4292 2757
f 4292 588 2757
f 6898 6900 837
f 6898 6899 6900
f 6899 2372 6900
f 4290 4677 585
f 4290 6898 4677
f 6898 837 4677
f 6897 2758 838
f 6897 3338 2758
f 3338 589 2758
f 6895 6897 838
f 6895 6896 6897
f 6896 1418 6897
f 4677 4678 585
f 4677 6895 4678
f 6895 838 4678
f 6894 3019 1099
f 6894 2758 3019
f 2758 589 3019
f 6892 6894 1099
f 6892 6893 6894
f 6893 838 6894
f 4937 4939 58
f 4937 6892 4939
f 6892 1099 4939
f 6891 4492 652
f 6891 4568 4492
f 4568 57 4492
f 6889 6891 652
f 6889 6890 6891
f 6890 728 6891
f 4939 2572 58
f 4939 6889 2572
f 6889 652 2572
f 6888 3020 1100
f 6888 3339 3020
f 3339 590 3020
f 6886 6888 1100
f 6886 6887 6888
f 6887 1419 6888
f 3337 4940 586
f 3337 6886 4940
f 6886 1100 4940
f 6885 3021 1101
f 6885 3983 3021
f 3983 591 3021
f 6883 6885 1101
f 6883 6884 6885
f 6884 2063 6885
f 4940 4941 586
f 4940 6883 4941
f 6883 1101 4941
f 6882 3081 1161
f 6882 3021 3081
f 3021 591 3081
f 6880 6882 1161
f 6880 6881 6882
f 6881 1101 6882
f 3018 5001 587
f 3018 6880 5001
f 6880 1161 5001
f 6879 3082 1162
f 6879 4044 3082
f 4044 592 3082
f 6877 6879 1162
f 6877 6878 6879
f 6878 2124 6879
f 5001 5002 587
f 5001 6877 5002
f 6877 1162 5002
f 6876 3340 1420
f 6876 3082 3340
f 3082 592 3340
f 6874 6876 1420
f 6874 6875 6876
f 6875 1162 6876
f 3080 5260 588
f 3080 6874 5260
f 6874 1420 5260
f 6873 3341 1421
f 6873 4293 3341
f 4293 593 3341
f 6871 6873 1421
f 6871 6872 6873
f 6872 2373 6873
f 5260 5261 588
f 5260 6871 5261
f 6871 1421 5261
f 6870 3732 1812
f 6870 3341 3732
f 3341 593 3732
f 6868 6870 1812
f 6868 6869 6870
f 6869 1421 6870
f 3338 5652 589
f 3338 6868 5652
f 6868 1812 5652
f 6867 3733 1813
f 6867 2759 3733
f 2759 594 3733
f 6865 6867 1813
f 6865 6866 6867
f 6866 839 6867
f 5652 5653 589
f 5652 6865 5653
f 6865 1813 5653
f 6864 2659 739
f 6864 3733 2659
f 3733 594 2659
f 6862 6864 739
f 6862 6863 6864
f 6863 1813 6864
f 4568 4579 57
f 4568 6862 4579
f 6862 739 4579
f 6861 6354 2514
f 6861 6214 6354
f 6214 56 6354
f 6859 6861 2514
f 6859 6860 6861
f 6860 2374 6861
f 4579 4434 57
f 4579 6859 4434
f 6859 2514 4434
f 6858 4011 2091
f 6858 3734 4011
f 3734 595 4011
f 6856 6858 2091
f 6856 6857 6858
f 6857 1814 6858
f 3731 5931 590
f 3731 6856 5931
f 6856 2091 5931
f 6855 3986 2066
f 6855 3084 3986
f 3084 596 3986
f 6853 6855 2066
f 6853 6854 6855
f 6854 1164 6855
f 5931 5906 590
f 5931 6853 5906
f 6853 2066 5906
f 6852 4045 2125
f 6852 3986 4045
f 3986 596 4045
f 6850 6852 2125
f 6850 6851 6852
f 6851 2066 6852
f 3983 5965 591
f 3983 6850 5965
f 6850 2125 5965
f 6849 4046 2126
f 6849 3343 4046
f 3343 597 4046
f 6847 6849 2126
f 6847 6848 6849
f 6848 1423 6849
f 5965 5966 591
f 5965 6847 5966
f 6847 2126 5966
f 6846 4295 2375
f 6846 4046 4295
f 4046 597 4295
f 6844 6846 2375
f 6844 6845 6846
f 6845 2126 6846
f 4044 6215 592
f 4044 6844 6215
f 6844 2375 6215
f 6843 4296 2376
f 6843 3735 4296
f 3735 598 4296
f 6841 6843 2376
f 6841 6842 6843
f 6842 1815 6843
f 6215 6216 592
f 6215 6841 6216
f 6841 2376 6216
f 6840 2762 842
f 6840 4296 2762
f 4296 598 2762
f 6838 6840 842
f 6838 6839 6840
f 6839 2376 6840
f 4293 4682 593
f 4293 6838 4682
f 6838 842 4682
f 6837 2763 843
f 6837 3987 2763
f 3987 599 2763
f 6835 6837 843
f 6835 6836 6837
f 6836 2067 6837
f 4682 4683 593
f 4682 6835 4683
f 6835 843 4683
f 6834 3024 1104
f 6834 2763 3024
f 2763 599 3024
f 6832 6834 1104
f 6832 6833 6834
f 6833 843 6834
f 2759 4944 594
f 2759 6832 4944
f 6832 1104 4944
f 6831 3025 1105
f 6831 4049 3025
f 4049 600 3025
f 6829 6831 1105
f 6829 6830 6831
f 6830 2129 6831
f 4944 4945 594
f 4944 6829 4945
f 6829 1105 4945
f 6828 4297 2377
f 6828 3025 4297
f 3025 600 4297
f 6826 6828 2377
f 6826 6827 6828
f 6827 1105 6828
f 6214 6217 56
f 6214 6826 6217
f 6826 2377 6217
f 6825 6015 2175
f 6825 6098 6015
f 6098 55 6015
f 6823 6825 2175
f 6823 6824 6825
f 6824 2258 6825
f 6217 4095 56
f 6217 6823 4095
f 6823 2175 4095
f 6822 5003 1163
f 6822 5045 5003
f 5045 19 5003
f 6820 6822 1163
f 6820 6821 6822
f 6821 1205 6822
f 3985 3083 595
f 3985 6820 3083
f 6820 1163 3083
f 6819 4942 1102
f 6819 4838 4942
f 4838 18 4942
f 6817 6819 1102
f 6817 6818 6819
f 6818 998 6819
f 3083 3022 595
f 3083 6817 3022
f 6817 1102 3022
f 6816 4943 1103
f 6816 4942 4943
f 4942 18 4943
f 6814 6816 1103
f 6814 6815 6816
f 6815 1102 6816
f 3084 3023 596
f 3084 6814 3023
f 6814 1103 3023
f 6813 4680 840
f 6813 4483 4680
f 4483 17 4680
f 6811 6813 840
f 6811 6812 6813
f 6812 643 6813
f 3023 2760 596
f 3023 6811 2760
f 6811 840 2760
f 6810 4681 841
f 6810 4680 4681
f 4680 17 4681
f 6808 6810 841
f 6808 6809 6810
f 6809 840 6810
f 3343 2761 597
f 3343 6808 2761
f 6808 841 2761
f 6807 6348 2508
f 6807 6349 6348
f 6349 16 6348
f 6805 6807 2508
f 6805 6806 6807
f 6806 2509 6807
f 2761 4428 597
f 2761 6805 4428
f 6805 2508 4428
f 6804 6350 2510
f 6804 6348 6350
f 6348 16 6350
f 6802 6804 2510
f 6802 6803 6804
f 6803 2508 6804
f 3735 4430 598
f 3735 6802 4430
f 6802 2510 4430
f 6801 5967 2127
f 6801 6009 5967
f 6009 15 5967
f 6799 6801 2127
f 6799 6800 6801
f 6800 2169 6801
f 4430 4047 598
f 4430 6799 4047
f 6799 2127 4047
f 6798 5968 2128
f 6798 5967 5968
f 5967 15 5968
f 6796 6798 2128
f 6796 6797 6798
f 6797 2127 6798
f 3987 4048 599
f 3987 6796 4048
f 6796 2128 4048
f 6795 5810 1970
f 6795 5805 5810
f 5805 14 5810
f 6793 6795 1970
f 6793 6794 6795
f 6794 1965 6795
f 4048 3890 599
f 4048 6793 3890
f 6793 1970 3890
f 6792 5908 2068
f 6792 5810 5908
f 5810 14 5908
f 6790 6792 2068
f 6790 6791 6792
f 6791 1970 6792
f 4049 3988 600
f 4049 6790 3988
f 6790 2068 3988
f 6789 5656 1816
f 6789 5450 5656
f 5450 13 5656
f 6787 6789 1816
f 6787 6788 6789
f 6788 1610 6789
f 3988 3736 600
f 3988 6787 3736
f 6787 1816 3736
f 6786 5459 1619
f 6786 5656 5459
f 5656 13 5459
f 6784 6786 1619
f 6784 6785 6786
f 6785 1816 6786
f 6098 3539 55
f 6098 6784 3539
f 6784 1619 3539
f 6783 5046 1206
f 6783 5038 5046
f 5038 3 5046
f 6781 6783 1206
f 6781 6782 6783
f 6782 1198 6783
f 3539 3126 55
f 3539 6781 3126
f 6781 1206 3126
f 6780 3891 1971
f 6780 2925 3891
f 2925 47 3891
f 6778 6780 1971
f 6778 6779 6780
f 6779 1005 6780
f 5808 5811 6
f 5808 6778 5811
f 6778 1971 5811
f 6777 3026 1106
f 6777 3085 3026
f 3085 601 3026
f 6775 6777 1106
f 6775 6776 6777
f 6776 1165 6777
f 4842 4946 34
f 4842 6775 4946
f 6775 1106 4946
f 6774 3086 1166
f 6774 3344 3086
f 3344 602 3086
f 6772 6774 1166
f 6772 6773 6774
f 6773 1424 6774
f 5042 5006 35
f 5042 6772 5006
f 6772 1166 5006
f 6771 3345 1425
f 6771 3738 3345
f 3738 604 3345
f 6769 6771 1425
f 6769 6770 6771
f 6770 1818 6771
f 5399 5265 36
f 5399 6769 5265
f 6769 1425 5265
f 6768 3740 1820
f 6768 3992 3740
f 3992 607 3740
f 6766 6768 1820
f 6766 6767 6768
f 6767 2072 6768
f 5454 5660 37
f 5454 6766 5660
f 6766 1820 5660
f 6765 3995 2075
f 6765 4053 3995
f 4053 611 3995
f 6763 6765 2075
f 6763 6764 6765
f 6764 2133 6765
f 5809 5915 38
f 5809 6763 5915
f 6763 2075 5915
f 6762 4055 2135
f 6762 4301 4055
f 4301 616 4055
f 6760 6762 2135
f 6760 6761 6762
f 6761 2381 6762
f 6013 5975 39
f 6013 6760 5975
f 6760 2135 5975
f 6759 4050 2130
f 6759 3026 4050
f 3026 601 4050
f 6757 6759 2130
f 6757 6758 6759
f 6758 1106 6759
f 2925 5970 47
f 2925 6757 5970
f 6757 2130 5970
f 6756 5904 2064
f 6756 5909 5904
f 5909 46 5904
f 6754 6756 2064
f 6754 6755 6756
f 6755 2069 6756
f 5970 3984 47
f 5970 6754 3984
f 6754 2064 3984
f 6753 2764 844
f 6753 3086 2764
f 3086 602 2764
f 6751 6753 844
f 6751 6752 6753
f 6752 1166 6753
f 3085 4684 601
f 3085 6751 4684
f 6751 844 4684
f 6750 2765 845
f 6750 3027 2765
f 3027 603 2765
f 6748 6750 845
f 6748 6749 6750
f 6749 1107 6750
f 4684 4685 601
f 4684 6748 4685
f 6748 845 4685
f 6747 3990 2070
f 6747 2765 3990
f 2765 603 3990
f 6745 6747 2070
f 6745 6746 6747
f 6746 845 6747
f 5909 5910 46
f 5909 6745 5910
f 6745 2070 5910
f 6744 5457 1617
f 6744 5657 5457
f 5657 45 5457
f 6742 6744 1617
f 6742 6743 6744
f 6743 1817 6744
f 5910 3537 46
f 5910 6742 3537
f 6742 1617 3537
f 6741 3028 1108
f 6741 3345 3028
f 3345 604 3028
f 6739 6741 1108
f 6739 6740 6741
f 6740 1425 6741
f 3344 4948 602
f 3344 6739 4948
f 6739 1108 4948
f 6738 3029 1109
f 6738 3346 3029
f 3346 605 3029
f 6736 6738 1109
f 6736 6737 6738
f 6737 1426 6738
f 4948 4949 602
f 4948 6736 4949
f 6736 1109 4949
f 6735 3087 1167
f 6735 3029 3087
f 3029 605 3087
f 6733 6735 1167
f 6733 6734 6735
f 6734 1109 6735
f 3027 5007 603
f 3027 6733 5007
f 6733 1167 5007
f 6732 3088 1168
f 6732 3739 3088
f 3739 606 3088
f 6730 6732 1168
f 6730 6731 6732
f 6731 1819 6732
f 5007 5008 603
f 5007 6730 5008
f 6730 1168 5008
f 6729 3616 1696
f 6729 3088 3616
f 3088 606 3616
f 6727 6729 1696
f 6727 6728 6729
f 6728 1168 6729
f 5657 5536 45
f 5657 6727 5536
f 6727 1696 5536
f 6726 5401 1561
f 6726 5267 5401
f 5267 44 5401
f 6724 6726 1561
f 6724 6725 6726
f 6725 1427 6726
f 5536 3481 45
f 5536 6724 3481
f 6724 1561 3481
f 6723 3348 1428
f 6723 3740 3348
f 3740 607 3348
f 6721 6723 1428
f 6721 6722 6723
f 6722 1820 6723
f 3738 5268 604
f 3738 6721 5268
f 6721 1428 5268
f 6720 3349 1429
f 6720 4051 3349
f 4051 608 3349
f 6718 6720 1429
f 6718 6719 6720
f 6719 2131 6720
f 5268 5269 604
f 5268 6718 5269
f 6718 1429 5269
f 6717 3741 1821
f 6717 3349 3741
f 3349 608 3741
f 6715 6717 1821
f 6715 6716 6717
f 6716 1429 6717
f 3346 5661 605
f 3346 6715 5661
f 6715 1821 5661
f 6714 3742 1822
f 6714 4298 3742
f 4298 609 3742
f 6712 6714 1822
f 6712 6713 6714
f 6713 2378 6714
f 5661 5662 605
f 5661 6712 5662
f 6712 1822 5662
f 6711 3993 2073
f 6711 3742 3993
f 3742 609 3993
f 6709 6711 2073
f 6709 6710 6711
f 6710 1822 6711
f 3739 5913 606
f 3739 6709 5913
f 6709 2073 5913
f 6708 3994 2074
f 6708 2767 3994
f 2767 610 3994
f 6706 6708 2074
f 6706 6707 6708
f 6707 847 6708
f 5913 5914 606
f 5913 6706 5914
f 6706 2074 5914
f 6705 3350 1430
f 6705 3994 3350
f 3994 610 3350
f 6703 6705 1430
f 6703 6704 6705
f 6704 2074 6705
f 5267 5270 44
f 5267 6703 5270
f 6703 1430 5270
f 6702 5043 1203
f 6702 5009 5043
f 5009 43 5043
f 6700 6702 1203
f 6700 6701 6702
f 6701 1169 6702
f 5270 3123 44
f 5270 6700 3123
f 6700 1203 3123
f 6699 4072 2152
f 6699 3995 4072
f 3995 611 4072
f 6697 6699 2152
f 6697 6698 6699
f 6698 2075 6699
f 3992 5992 607
f 3992 6697 5992
f 6697 2152 5992
f 6696 4054 2134
f 6696 3090 4054
f 3090 612 4054
f 6694 6696 2134
f 6694 6695 6696
f 6695 1170 6696
f 5992 5974 607
f 5992 6694 5974
f 6694 2134 5974
f 6693 4299 2379
f 6693 4054 4299
f 4054 612 4299
f 6691 6693 2379
f 6691 6692 6693
f 6692 2134 6693
f 4051 6219 608
f 4051 6691 6219
f 6691 2379 6219
f 6690 4300 2380
f 6690 3351 4300
f 3351 613 4300
f 6688 6690 2380
f 6688 6689 6690
f 6689 1431 6690
f 6219 6220 608
f 6219 6688 6220
f 6688 2380 6220
f 6687 2768 848
f 6687 4300 2768
f 4300 613 2768
f 6685 6687 848
f 6685 6686 6687
f 6686 2380 6687
f 4298 4688 609
f 4298 6685 4688
f 6685 848 4688
f 6684 2769 849
f 6684 3744 2769
f 3744 614 2769
f 6682 6684 849
f 6682 6683 6684
f 6683 1824 6684
f 4688 4689 609
f 4688 6682 4689
f 6682 849 4689
f 6681 3030 1110
f 6681 2769 3030
f 2769 614 3030
f 6679 6681 1110
f 6679 6680 6681
f 6680 849 6681
f 2767 4950 610
f 2767 6679 4950
f 6679 1110 4950
f 6678 3031 1111
f 6678 3996 3031
f 3996 615 3031
f 6676 6678 1111
f 6676 6677 6678
f 6677 2076 6678
f 4950 4951 610
f 4950 6676 4951
f 6676 1111 4951
f 6675 3091 1171
f 6675 3031 3091
f 3031 615 3091
f 6673 6675 1171
f 6673 6674 6675
f 6674 1111 6675
f 5009 5011 43
f 5009 6673 5011
f 6673 1171 5011
f 6672 4844 1004
f 6672 4901 4844
f 4901 42 4844
f 6670 6672 1004
f 6670 6671 6672
f 6671 1061 6672
f 5011 2924 43
f 5011 6670 2924
f 6670 1004 2924
f 6669 3092 1172
f 6669 4055 3092
f 4055 616 3092
f 6667 6669 1172
f 6667 6668 6669
f 6668 2135 6669
f 4053 5012 611
f 4053 6667 5012
f 6667 1172 5012
f 6666 3093 1173
f 6666 4302 3093
f 4302 617 3093
f 6664 6666 1173
f 6664 6665 6666
f 6665 2382 6666
f 5012 5013 611
f 5012 6664 5013
f 6664 1173 5013
f 6663 3352 1432
f 6663 3093 3352
f 3093 617 3352
f 6661 6663 1432
f 6661 6662 6663
f 6662 1173 6663
f 3090 5272 612
f 3090 6661 5272
f 6661 1432 5272
f 6660 3353 1433
f 6660 2772 3353
f 2772 618 3353
f 6658 6660 1433
f 6658 6659 6660
f 6659 852 6660
f 5272 5273 612
f 5272 6658 5273
f 6658 1433 5273
f 6657 3745 1825
f 6657 3353 3745
f 3353 618 3745
f 6655 6657 1825
f 6655 6656 6657
f 6656 1433 6657
f 3351 5665 613
f 3351 6655 5665
f 6655 1825 5665
f 6654 3746 1826
f 6654 3033 3746
f 3033 619 3746
f 6652 6654 1826
f 6652 6653 6654
f 6653 1113 6654
f 5665 5666 613
f 5665 6652 5666
f 6652 1826 5666
f 6651 3938 2018
f 6651 3746 3938
f 3746 619 3938
f 6649 6651 2018
f 6649 6650 6651
f 6650 1826 6651
f 3744 5858 614
f 3744 6649 5858
f 6649 2018 5858
f 6648 3998 2078
f 6648 3094 3998
f 3094 620 3998
f 6646 6648 2078
f 6646 6647 6648
f 6647 1174 6648
f 5858 5918 614
f 5858 6646 5918
f 6646 2078 5918
f 6645 4058 2138
f 6645 3998 4058
f 3998 620 4058
f 6643 6645 2138
f 6643 6644 6645
f 6644 2078 6645
f 3996 5978 615
f 3996 6643 5978
f 6643 2138 5978
f 6642 4059 2139
f 6642 3354 4059
f 3354 621 4059
f 6640 6642 2139
f 6640 6641 6642
f 6641 1434 6642
f 5978 5979 615
f 5978 6640 5979
f 6640 2139 5979
f 6639 3034 1114
f 6639 4059 3034
f 4059 621 3034
f 6637 6639 1114
f 6637 6638 6639
f 6638 2139 6639
f 4901 4954 42
f 4901 6637 4954
f 6637 1114 4954
f 6636 4488 648
f 6636 4694 4488
f 4694 41 4488
f 6634 6636 648
f 6634 6635 6636
f 6635 854 6636
f 4954 2568 42
f 4954 6634 2568
f 6634 648 2568
f 6633 4952 1112
f 6633 4904 4952
f 4904 26 4952
f 6631 6633 1112
f 6631 6632 6633
f 6632 1064 6633
f 4301 3032 616
f 4301 6631 3032
f 6631 1112 3032
f 6630 4690 850
f 6630 4486 4690
f 4486 25 4690
f 6628 6630 850
f 6628 6629 6630
f 6629 646 6630
f 3032 2770 616
f 3032 6628 2770
f 6628 850 2770
f 6627 4691 851
f 6627 4690 4691
f 4690 25 4691
f 6625 6627 851
f 6625 6626 6627
f 6626 850 6627
f 4302 2771 617
f 4302 6625 2771
f 6625 851 2771
f 6624 6380 2540
f 6624 6351 6380
f 6351 24 6380
f 6622 6624 2540
f 6622 6623 6624
f 6623 2511 6624
f 2771 4460 617
f 2771 6622 4460
f 6622 2540 4460
f 6621 6223 2383
f 6621 6380 6223
f 6380 24 6223
f 6619 6621 2383
f 6619 6620 6621
f 6620 2540 6621
f 2772 4303 618
f 2772 6619 4303
f 6619 2383 4303
f 6618 5976 2136
f 6618 6010 5976
f 6010 23 5976
f 6616 6618 2136
f 6616 6617 6618
f 6617 2170 6618
f 4303 4056 618
f 4303 6616 4056
f 6616 2136 4056
f 6615 5977 2137
f 6615 5976 5977
f 5976 23 5977
f 6613 6615 2137
f 6613 6614 6615
f 6614 2136 6615
f 3033 4057 619
f 3033 6613 4057
f 6613 2137 4057
f 6612 5804 1964
f 6612 5806 5804
f 5806 22 5804
f 6610 6612 1964
f 6610 6611 6612
f 6611 1966 6612
f 4057 3884 619
f 4057 6610 3884
f 6610 1964 3884
f 6609 5840 2000
f 6609 5804 5840
f 5804 22 5840
f 6607 6609 2000
f 6607 6608 6609
f 6608 1964 6609
f 3094 3920 620
f 3094 6607 3920
f 6607 2000 3920
f 6606 5667 1827
f 6606 5451 5667
f 5451 21 5667
f 6604 6606 1827
f 6604 6605 6606
f 6605 1611 6606
f 3920 3747 620
f 3920 6604 3747
f 6604 1827 3747
f 6603 5668 1828
f 6603 5667 5668
f 5667 21 5668
f 6601 6603 1828
f 6601 6602 6603
f 6602 1827 6603
f 3354 3748 621
f 3354 6601 3748
f 6601 1828 3748
f 6600 5420 1580
f 6600 5396 5420
f 5396 20 5420
f 6598 6600 1580
f 6598 6599 6600
f 6599 1556 6600
f 3748 3500 621
f 3748 6598 3500
f 6598 1580 3500
f 6597 5400 1560
f 6597 5420 5400
f 5420 20 5400
f 6595 6597 1560
f 6595 6596 6597
f 6596 1580 6597
f 4694 3480 41
f 4694 6595 3480
f 6595 1560 3480
f 6594 4487 647
f 6594 4485 4487
f 4485 1 4487
f 6592 6594 647
f 6592 6593 6594
f 6593 645 6594
f 3480 2567 41
f 3480 6592 2567
f 6592 647 2567
f 6591 3121 1201
f 6591 3533 3121
f 3533 33 3121
f 6589 6591 1201
f 6589 6590 6591
f 6590 1613 6591
f 5038 5041 3
f 5038 6589 5041
f 6589 1201 5041
f 6588 3749 1829
f 6588 3999 3749
f 3999 622 3749
f 6586 6588 1829
f 6586 6587 6588
f 6587 2079 6588
f 5450 5669 13
f 5450 6586 5669
f 6586 1829 5669
f 6585 4000 2080
f 6585 4060 4000
f 4060 623 4000
f 6583 6585 2080
f 6583 6584 6585
f 6584 2140 6585
f 5805 5920 14
f 5805 6583 5920
f 6583 2080 5920
f 6582 4062 2142
f 6582 4453 4062
f 4453 625 4062
f 6580 6582 2142
f 6580 6581 6582
f 6581 2533 6582
f 6009 5982 15
f 6009 6580 5982
f 6580 2142 5982
f 6579 4309 2389
f 6579 2778 4309
f 2778 628 4309
f 6577 6579 2389
f 6577 6578 6579
f 6578 858 6579
f 6349 6229 16
f 6349 6577 6229
f 6577 2389 6229
f 6576 2780 860
f 6576 3039 2780
f 3039 632 2780
f 6574 6576 860
f 6574 6575 6576
f 6575 1119 6576
f 4483 4700 17
f 4483 6574 4700
f 6574 860 4700
f 6573 3041 1121
f 6573 3099 3041
f 3099 637 3041
f 6571 6573 1121
f 6571 6572 6573
f 6572 1179 6573
f 4838 4961 18
f 4838 6571 4961
f 6571 1121 4961
f 6570 2775 855
f 6570 3749 2775
f 3749 622 2775
f 6568 6570 855
f 6568 6569 6570
f 6569 1829 6570
f 3533 4695 33
f 3533 6568 4695
f 6568 855 4695
f 6567 6352 2512
f 6567 6224 6352
f 6224 32 6352
f 6565 6567 2512
f 6565 6566 6567
f 6566 2384 6567
f 4695 4432 33
f 4695 6565 4432
f 6565 2512 4432
f 6564 3846 1926
f 6564 4000 3846
f 4000 623 3846
f 6562 6564 1926
f 6562 6563 6564
f 6563 2080 6564
f 3999 5766 622
f 3999 6562 5766
f 6562 1926 5766
f 6561 4001 2081
f 6561 4061 4001
f 4061 624 4001
f 6559 6561 2081
f 6559 6560 6561
f 6560 2141 6561
f 5766 5921 622
f 5766 6559 5921
f 6559 2081 5921
f 6558 4305 2385
f 6558 4001 4305
f 4001 624 4305
f 6556 6558 2385
f 6556 6557 6558
f 6557 2081 6558
f 6224 6225 32
f 6224 6556 6225
f 6556 2385 6225
f 6555 6011 2171
f 6555 5990 6011
f 5990 31 6011
f 6553 6555 2171
f 6553 6554 6555
f 6554 2150 6555
f 6225 4091 32
f 6225 6553 4091
f 6553 2171 4091
f 6552 4085 2165
f 6552 4062 4085
f 4062 625 4085
f 6550 6552 2165
f 6550 6551 6552
f 6551 2142 6552
f 4060 6005 623
f 4060 6550 6005
f 6550 2165 6005
f 6549 4063 2143
f 6549 2777 4063
f 2777 626 4063
f 6547 6549 2143
f 6547 6548 6549
f 6548 857 6549
f 6005 5983 623
f 6005 6547 5983
f 6547 2143 5983
f 6546 4307 2387
f 6546 4063 4307
f 4063 626 4307
f 6544 6546 2387
f 6544 6545 6546
f 6545 2143 6546
f 4061 6227 624
f 4061 6544 6227
f 6544 2387 6227
f 6543 4308 2388
f 6543 3035 4308
f 3035 627 4308
f 6541 6543 2388
f 6541 6542 6543
f 6542 1115 6543
f 6227 6228 624
f 6227 6541 6228
f 6541 2388 6228
f 6540 4064 2144
f 6540 4308 4064
f 4308 627 4064
f 6538 6540 2144
f 6538 6539 6540
f 6539 2388 6540
f 5990 5984 31
f 5990 6538 5984
f 6538 2144 5984
f 6537 5807 1967
f 6537 5922 5807
f 5922 30 5807
f 6535 6537 1967
f 6535 6536 6537
f 6536 2082 6537
f 5984 3887 31
f 5984 6535 3887
f 6535 1967 3887
f 6534 2802 882
f 6534 4309 2802
f 4309 628 2802
f 6532 6534 882
f 6532 6533 6534
f 6533 2389 6534
f 4453 4722 625
f 4453 6532 4722
f 6532 882 4722
f 6531 2779 859
f 6531 3355 2779
f 3355 629 2779
f 6529 6531 859
f 6529 6530 6531
f 6530 1435 6531
f 4722 4699 625
f 4722 6529 4699
f 6529 859 4699
f 6528 3036 1116
f 6528 2779 3036
f 2779 629 3036
f 6526 6528 1116
f 6526 6527 6528
f 6527 859 6528
f 2777 4956 626
f 2777 6526 4956
f 6526 1116 4956
f 6525 3037 1117
f 6525 3750 3037
f 3750 630 3037
f 6523 6525 1117
f 6523 6524 6525
f 6524 1830 6525
f 4956 4957 626
f 4956 6523 4957
f 6523 1117 4957
f 6522 3095 1175
f 6522 3037 3095
f 3037 630 3095
f 6520 6522 1175
f 6520 6521 6522
f 6521 1117 6522
f 3035 5015 627
f 3035 6520 5015
f 6520 1175 5015
f 6519 3096 1176
f 6519 4003 3096
f 4003 631 3096
f 6517 6519 1176
f 6517 6518 6519
f 6518 2083 6519
f 5015 5016 627
f 5015 6517 5016
f 6517 1176 5016
f 6516 3943 2023
f 6516 3096 3943
f 3096 631 3943
f 6514 6516 2023
f 6514 6515 6516
f 6515 1176 6516
f 5922 5863 30
f 5922 6514 5863
f 6514 2023 5863
f 6513 5452 1612
f 6513 5671 5452
f 5671 29 5452
f 6511 6513 1612
f 6511 6512 6513
f 6512 1831 6513
f 5863 3532 30
f 5863 6511 3532
f 6511 1612 3532
f 6510 3356 1436
f 6510 2780 3356
f 2780 632 3356
f 6508 6510 1436
f 6508 6509 6510
f 6509 860 6510
f 2778 5276 628
f 2778 6508 5276
f 6508 1436 5276
f 6507 3357 1437
f 6507 4310 3357
f 4310 633 3357
f 6505 6507 1437
f 6505 6506 6507
f 6506 2390 6507
f 5276 5277 628
f 5276 6505 5277
f 6505 1437 5277
f 6504 3752 1832
f 6504 3357 3752
f 3357 633 3752
f 6502 6504 1832
f 6502 6503 6504
f 6503 1437 6504
f 3355 5672 629
f 3355 6502 5672
f 6502 1832 5672
f 6501 3753 1833
f 6501 2781 3753
f 2781 634 3753
f 6499 6501 1833
f 6499 6500 6501
f 6500 861 6501
f 5672 5673 629
f 5672 6499 5673
f 6499 1833 5673
f 6498 4004 2084
f 6498 3753 4004
f 3753 634 4004
f 6496 6498 2084
f 6496 6497 6498
f 6497 1833 6498
f 3750 5924 630
f 3750 6496 5924
f 6496 2084 5924
f 6495 4005 2085
f 6495 3040 4005
f 3040 635 4005
f 6493 6495 2085
f 6493 6494 6495
f 6494 1120 6495
f 5924 5925 630
f 5924 6493 5925
f 6493 2085 5925
f 6492 4065 2145
f 6492 4005 4065
f 4005 635 4065
f 6490 6492 2145
f 6490 6491 6492
f 6491 2085 6492
f 4003 5985 631
f 4003 6490 5985
f 6490 2145 5985
f 6489 4066 2146
f 6489 3098 4066
f 3098 636 4066
f 6487 6489 2146
f 6487 6488 6489
f 6488 1178 6489
f 5985 5986 631
f 5985 6487 5986
f 6487 2146 5986
f 6486 3754 1834
f 6486 4066 3754
f 4066 636 3754
f 6484 6486 1834
f 6484 6485 6486
f 6485 2146 6486
f 5671 5674 29
f 5671 6484 5674
f 6484 1834 5674
f 6483 5398 1558
f 6483 5278 5398
f 5278 28 5398
f 6481 6483 1558
f 6481 6482 6483
f 6482 1438 6483
f 5674 3478 29
f 5674 6481 3478
f 6481 1558 3478
f 6480 4311 2391
f 6480 3041 4311
f 3041 637 4311
f 6478 6480 2391
f 6478 6479 6480
f 6479 1121 6480
f 3039 6231 632
f 3039 6478 6231
f 6478 2391 6231
f 6477 4312 2392
f 6477 3756 4312
f 3756 638 4312
f 6475 6477 2392
f 6475 6476 6477
f 6476 1836 6477
f 6231 6232 632
f 6231 6475 6232
f 6475 2392 6232
f 6474 2782 862
f 6474 4312 2782
f 4312 638 2782
f 6472 6474 862
f 6472 6473 6474
f 6473 2392 6474
f 4310 4702 633
f 4310 6472 4702
f 6472 862 4702
f 6471 2783 863
f 6471 4007 2783
f 4007 639 2783
f 6469 6471 863
f 6469 6470 6471
f 6470 2087 6471
f 4702 4703 633
f 4702 6469 4703
f 6469 863 4703
f 6468 3042 1122
f 6468 2783 3042
f 2783 639 3042
f 6466 6468 1122
f 6466 6467 6468
f 6467 863 6468
f 2781 4962 634
f 2781 6466 4962
f 6466 1122 4962
f 6465 3043 1123
f 6465 4068 3043
f 4068 640 3043
f 6463 6465 1123
f 6463 6464 6465
f 6464 2148 6465
f 4962 4963 634
f 4962 6463 4963
f 6463 1123 4963
f 6462 3100 1180
f 6462 3043 3100
f 3043 640 3100
f 6460 6462 1180
f 6460 6461 6462
f 6461 1123 6462
f 3040 5020 635
f 3040 6460 5020
f 6460 1180 5020
f 6459 3101 1181
f 6459 4314 3101
f 4314 641 3101
f 6457 6459 1181
f 6457 6458 6459
f 6458 2394 6459
f 5020 5021 635
f 5020 6457 5021
f 6457 1181 5021
f 6456 3360 1440
f 6456 3101 3360
f 3101 641 3360
f 6454 6456 1440
f 6454 6455 6456
f 6455 1181 6456
f 3098 5280 636
f 3098 6454 5280
f 6454 1440 5280
f 6453 3361 1441
f 6453 2785 3361
f 2785 642 3361
f 6451 6453 1441
f 6451 6452 6453
f 6452 865 6453
f 5280 5281 636
f 5280 6451 5281
f 6451 1441 5281
f 6450 3296 1376
f 6450 3361 3296
f 3361 642 3296
f 6448 6450 1376
f 6448 6449 6450
f 6449 1441 6450
f 5278 5216 28
f 5278 6448 5216
f 6448 1376 5216
f 6447 5040 1200
f 6447 5022 5040
f 5022 27 5040
f 6445 6447 1200
f 6445 6446 6447
f 6446 1182 6447
f 5216 3120 28
f 5216 6445 3120
f 6445 1200 3120
f 6444 5279 1439
f 6444 3119 5279
f 3119 20 5279
f 6442 6444 1439
f 6442 6443 6444
f 6443 1199 6444
f 3099 3359 637
f 3099 6442 3359
f 6442 1439 3359
f 6441 5675 1835
f 6441 3476 5675
f 3476 21 5675
f 6439 6441 1835
f 6439 6440 6441
f 6440 1556 6441
f 3359 3755 637
f 3359 6439 3755
f 6439 1835 3755
f 6438 5592 1752
f 6438 5675 5592
f 5675 21 5592
f 6436 6438 1752
f 6436 6437 6438
f 6437 1835 6438
f 3756 3672 638
f 3756 6436 3672
f 6436 1752 3672
f 6435 5926 2086
f 6435 3531 5926
f 3531 22 5926
f 6433 6435 2086
f 6433 6434 6435
f 6434 1611 6435
f 3672 4006 638
f 3672 6433 4006
f 6433 2086 4006
f 6432 5861 2021
f 6432 5926 5861
f 5926 22 5861
f 6430 6432 2021
f 6430 6431 6432
f 6431 2086 6432
f 4007 3941 639
f 4007 6430 3941
f 6430 2021 3941
f 6429 5987 2147
f 6429 3886 5987
f 3886 23 5987
f 6427 6429 2147
f 6427 6428 6429
f 6428 1966 6429
f 3941 4067 639
f 3941 6427 4067
f 6427 2147 4067
f 6426 6012 2172
f 6426 5987 6012
f 5987 23 6012
f 6424 6426 2172
f 6424 6425 6426
f 6425 2147 6426
f 4068 4092 640
f 4068 6424 4092
f 6424 2172 4092
f 6423 6233 2393
f 6423 4090 6233
f 4090 24 6233
f 6421 6423 2393
f 6421 6422 6423
f 6422 2170 6423
f 4092 4313 640
f 4092 6421 4313
f 6421 2393 4313
f 6420 6174 2334
f 6420 6233 6174
f 6233 24 6174
f 6418 6420 2334
f 6418 6419 6420
f 6419 2393 6420
f 4314 4254 641
f 4314 6418 4254
f 6418 2334 4254
f 6417 4704 864
f 6417 4431 4704
f 4431 25 4704
f 6415 6417 864
f 6415 6416 6417
f 6416 2511 6417
f 4254 2784 641
f 4254 6415 2784
f 6415 864 2784
f 6414 4574 734
f 6414 4704 4574
f 4704 25 4574
f 6412 6414 734
f 6412 6413 6414
f 6413 864 6414
f 2785 2654 642
f 2785 6412 2654
f 6412 734 2654
f 6411 4964 1124
f 6411 2566 4964
f 2566 26 4964
f 6409 6411 1124
f 6409 6410 6411
f 6410 646 6411
f 2654 3044 642
f 2654 6409 3044
f 6409 1124 3044
f 6408 4900 1060
f 6408 4964 4900
f 4964 26 4900
f 6406 6408 1060
f 6406 6407 6408
f 6407 1124 6408
f 5022 2980 27
f 5022 6406 2980
f 6406 1060 2980
f 6405 4840 1000
f 6405 4839 4840
f 4839 2 4840
f 6403 6405 1000
f 6403 6404 6405
f 6404 999 6405
f 2980 2920 27
f 2980 6403 2920
f 6403 1000 2920
f 4900 6404 1060
f 4900 2919 6404
f 2919 999 6404
f 3102 6407 1182
f 3102 3044 6407
f 3044 1124 6407
f 4574 6410 734
f 4574 4486 6410
f 4486 646 6410
f 4705 6413 865
f 4705 2784 6413
f 2784 864 6413
f 6174 6416 2334
f 6174 6351 6416
f 6351 2511 6416
f 6234 6419 2394
f 6234 4313 6419
f 4313 2393 6419
f 6012 6422 2172
f 6012 6010 6422
f 6010 2170 6422
f 5988 6425 2148
f 5988 4067 6425
f 4067 2147 6425
f 5861 6428 2021
f 5861 5806 6428
f 5806 1966 6428
f 5927 6431 2087
f 5927 4006 6431
f 4006 2086 6431
f 5592 6434 1752
f 5592 5451 6434
f 5451 1611 6434
f 5676 6437 1836
f 5676 3755 6437
f 3755 1835 6437
f 5279 6440 1439
f 5279 5396 6440
f 5396 1556 6440
f 5019 6443 1179
f 5019 5039 6443
f 5039 1199 6443
f 3296 6446 1376
f 3296 3102 6446
f 3102 1182 6446
f 3358 6449 1438
f 3358 5281 6449
f 5281 1441 6449
f 3360 6452 1440
f 3360 4705 6452
f 4705 865 6452
f 5018 6455 1178
f 5018 5021 6455
f 5021 1181 6455
f 3100 6458 1180
f 3100 6234 6458
f 6234 2394 6458
f 4960 6461 1120
f 4960 4963 6461
f 4963 1123 6461
f 3042 6464 1122
f 3042 5988 6464
f 5988 2148 6464
f 4701 6467 861
f 4701 4703 6467
f 4703 863 6467
f 2782 6470 862
f 2782 5927 6470
f 5927 2087 6470
f 6230 6473 2390
f 6230 6232 6473
f 6232 2392 6473
f 4311 6476 2391
f 4311 5676 6476
f 5676 1836 6476
f 4959 6479 1119
f 4959 4961 6479
f 4961 1121 6479
f 3754 6482 1834
f 3754 3358 6482
f 3358 1438 6482
f 3751 6485 1831
f 3751 5986 6485
f 5986 2146 6485
f 4065 6488 2145
f 4065 5018 6488
f 5018 1178 6488
f 5923 6491 2083
f 5923 5925 6491
f 5925 2085 6491
f 4004 6494 2084
f 4004 4960 6494
f 4960 1120 6494
f 5670 6497 1830
f 5670 5673 6497
f 5673 1833 6497
f 3752 6500 1832
f 3752 4701 6500
f 4701 861 6500
f 5275 6503 1435
f 5275 5277 6503
f 5277 1437 6503
f 3356 6506 1436
f 3356 6230 6506
f 6230 2390 6506
f 4698 6509 858
f 4698 4700 6509
f 4700 860 6509
f 3943 6512 2023
f 3943 3751 6512
f 3751 1831 6512
f 4002 6515 2082
f 4002 5016 6515
f 5016 1176 6515
f 3095 6518 1175
f 3095 5923 6518
f 5923 2083 6518
f 4955 6521 1115
f 4955 4957 6521
f 4957 1117 6521
f 3036 6524 1116
f 3036 5670 6524
f 5670 1830 6524
f 4697 6527 857
f 4697 4699 6527
f 4699 859 6527
f 2802 6530 882
f 2802 5275 6530
f 5275 1435 6530
f 6373 6533 2533
f 6373 6229 6533
f 6229 2389 6533
f 4064 6536 2144
f 4064 4002 6536
f 4002 2082 6536
f 4070 6539 2150
f 4070 6228 6539
f 6228 2388 6539
f 4307 6542 2387
f 4307 4955 6542
f 4955 1115 6542
f 5981 6545 2141
f 5981 5983 6545
f 5983 2143 6545
f 4085 6548 2165
f 4085 4697 6548
f 4697 857 6548
f 5980 6551 2140
f 5980 5982 6551
f 5982 2142 6551
f 4305 6554 2385
f 4305 4070 6554
f 4070 2150 6554
f 4304 6557 2384
f 4304 5921 6557
f 5921 2081 6557
f 3846 6560 1926
f 3846 5981 6560
f 5981 2141 6560
f 5919 6563 2079
f 5919 5920 6563
f 5920 2080 6563
f 2775 6566 855
f 2775 4304 6566
f 4304 2384 6566
f 5453 6569 1613
f 5453 5669 6569
f 5669 1829 6569
f 2918 6572 998
f 2918 5019 6572
f 5019 1179 6572
f 2563 6575 643
f 2563 4959 6575
f 4959 1119 6575
f 4429 6578 2509
f 4429 4698 6578
f 4698 858 6578
f 4089 6581 2169
f 4089 6373 6581
f 6373 2533 6581
f 3885 6584 1965
f 3885 5980 6584
f 5980 2140 6584
f 3530 6587 1610
f 3530 5919 6587
f 5919 2079 6587
f 3118 6590 1198
f 3118 5453 6590
f 5453 1613 6590
f 5400 6593 1560
f 5400 2565 6593
f 2565 645 6593
f 2774 6596 854
f 2774 3500 6596
f 3500 1580 6596
f 5668 6599 1828
f 5668 3476 6599
f 3476 1556 6599
f 5274 6602 1434
f 5274 3747 6602
f 3747 1827 6602
f 5840 6605 2000
f 5840 3531 6605
f 3531 1611 6605
f 5014 6608 1174
f 5014 3884 6608
f 3884 1964 6608
f 5977 6611 2137
f 5977 3886 6611
f 3886 1966 6611
f 4953 6614 1113
f 4953 4056 6614
f 4056 2136 6614
f 6223 6617 2383
f 6223 4090 6617
f 4090 2170 6617
f 4692 6620 852
f 4692 4460 6620
f 4460 2540 6620
f 4691 6623 851
f 4691 4431 6623
f 4431 2511 6623
f 6222 6626 2382
f 6222 2770 6626
f 2770 850 6626
f 4952 6629 1112
f 4952 2566 6629
f 2566 646 6629
f 6221 6632 2381
f 6221 2984 6632
f 2984 1064 6632
f 3034 6635 1114
f 3034 2774 6635
f 2774 854 6635
f 2981 6638 1061
f 2981 5979 6638
f 5979 2139 6638
f 4058 6641 2138
f 4058 5274 6641
f 5274 1434 6641
f 5916 6644 2076
f 5916 5918 6644
f 5918 2078 6644
f 3938 6647 2018
f 3938 5014 6647
f 5014 1174 6647
f 5664 6650 1824
f 5664 5666 6650
f 5666 1826 6650
f 3745 6653 1825
f 3745 4953 6653
f 4953 1113 6653
f 5271 6656 1431
f 5271 5273 6656
f 5273 1433 6656
f 3352 6659 1432
f 3352 4692 6659
f 4692 852 6659
f 5010 6662 1170
f 5010 5013 6662
f 5013 1173 6662
f 3092 6665 1172
f 3092 6222 6665
f 6222 2382 6665
f 5973 6668 2133
f 5973 5975 6668
f 5975 2135 6668
f 3091 6671 1171
f 3091 2981 6671
f 2981 1061 6671
f 3089 6674 1169
f 3089 4951 6674
f 4951 1111 6674
f 3030 6677 1110
f 3030 5916 6677
f 5916 2076 6677
f 4687 6680 847
f 4687 4689 6680
f 4689 849 6680
f 2768 6683 848
f 2768 5664 6683
f 5664 1824 6683
f 6218 6686 2378
f 6218 6220 6686
f 6220 2380 6686
f 4299 6689 2379
f 4299 5271 6689
f 5271 1431 6689
f 5971 6692 2131
f 5971 5974 6692
f 5974 2134 6692
f 4072 6695 2152
f 4072 5010 6695
f 5010 1170 6695
f 5912 6698 2072
f 5912 5915 6698
f 5915 2075 6698
f 3350 6701 1430
f 3350 3089 6701
f 3089 1169 6701
f 3347 6704 1427
f 3347 5914 6704
f 5914 2074 6704
f 3993 6707 2073
f 3993 4687 6707
f 4687 847 6707
f 5659 6710 1819
f 5659 5662 6710
f 5662 1822 6710
f 3741 6713 1821
f 3741 6218 6713
f 6218 2378 6713
f 5266 6716 1426
f 5266 5269 6716
f 5269 1429 6716
f 3348 6719 1428
f 3348 5971 6719
f 5971 2131 6719
f 5658 6722 1818
f 5658 5660 6722
f 5660 1820 6722
f 3616 6725 1696
f 3616 3347 6725
f 3347 1427 6725
f 3737 6728 1817
f 3737 5008 6728
f 5008 1168 6728
f 3087 6731 1167
f 3087 5659 6731
f 5659 1819 6731
f 4947 6734 1107
f 4947 4949 6734
f 4949 1109 6734
f 3028 6737 1108
f 3028 5266 6737
f 5266 1426 6737
f 5264 6740 1424
f 5264 5265 6740
f 5265 1425 6740
f 3990 6743 2070
f 3990 3737 6743
f 3737 1817 6743
f 3989 6746 2069
f 3989 4685 6746
f 4685 845 6746
f 2764 6749 844
f 2764 4947 6749
f 4947 1107 6749
f 5005 6752 1165
f 5005 5006 6752
f 5006 1166 6752
f 4050 6755 2130
f 4050 3989 6755
f 3989 2069 6755
f 4845 6758 1005
f 4845 4946 6758
f 4946 1106 6758
f 4093 6761 2173
f 4093 6221 6761
f 6221 2381 6761
f 3889 6764 1969
f 3889 5973 6764
f 5973 2133 6764
f 3534 6767 1614
f 3534 5912 6767
f 5912 2072 6767
f 3479 6770 1559
f 3479 5658 6770
f 5658 1818 6770
f 3122 6773 1202
f 3122 5264 6773
f 5264 1424 6773
f 2922 6776 1002
f 2922 5005 6776
f 5005 1165 6776
f 3888 6779 1968
f 3888 4845 6779
f 4845 1005 6779
f 5459 6782 1619
f 5459 3118 6782
f 3118 1198 6782
f 4178 6785 2258
f 4178 3736 6785
f 3736 1816 6785
f 5908 6788 2068
f 5908 3530 6788
f 3530 1610 6788
f 5969 6791 2129
f 5969 3890 6791
f 3890 1970 6791
f 5968 6794 2128
f 5968 3885 6794
f 3885 1965 6794
f 5907 6797 2067
f 5907 4047 6797
f 4047 2127 6797
f 6350 6800 2510
f 6350 4089 6800
f 4089 2169 6800
f 5655 6803 1815
f 5655 4428 6803
f 4428 2508 6803
f 4681 6806 841
f 4681 4429 6806
f 4429 2509 6806
f 5263 6809 1423
f 5263 2760 6809
f 2760 840 6809
f 4943 6812 1103
f 4943 2563 6812
f 2563 643 6812
f 5004 6815 1164
f 5004 3022 6815
f 3022 1102 6815
f 5003 6818 1163
f 5003 2918 6818
f 2918 998 6818
f 5905 6821 2065
f 5905 3125 6821
f 3125 1205 6821
f 4297 6824 2377
f 4297 4178 6824
f 4178 2258 6824
f 4294 6827 2374
f 4294 4945 6827
f 4945 1105 6827
f 3024 6830 1104
f 3024 5969 6830
f 5969 2129 6830
f 4679 6833 839
f 4679 4683 6833
f 4683 843 6833
f 2762 6836 842
f 2762 5907 6836
f 5907 2067 6836
f 6213 6839 2373
f 6213 6216 6839
f 6216 2376 6839
f 4295 6842 2375
f 4295 5655 6842
f 5655 1815 6842
f 5964 6845 2124
f 5964 5966 6845
f 5966 2126 6845
f 4045 6848 2125
f 4045 5263 6848
f 5263 1423 6848
f 5903 6851 2063
f 5903 5906 6851
f 5906 2066 6851
f 4011 6854 2091
f 4011 5004 6854
f 5004 1164 6854
f 5651 6857 1811
f 5651 5654 6857
f 5654 1814 6857
f 2659 6860 739
f 2659 4294 6860
f 4294 2374 6860
f 2648 6863 728
f 2648 5653 6863
f 5653 1813 6863
f 3732 6866 1812
f 3732 4679 6866
f 4679 839 6866
f 5258 6869 1418
f 5258 5261 6869
f 5261 1421 6869
f 3340 6872 1420
f 3340 6213 6872
f 6213 2373 6872
f 5000 6875 1160
f 5000 5002 6875
f 5002 1162 6875
f 3081 6878 1161
f 3081 5964 6878
f 5964 2124 6878
f 4938 6881 1098
f 4938 4941 6881
f 4941 1101 6881
f 3020 6884 1100
f 3020 5903 6884
f 5903 2063 6884
f 5257 6887 1417
f 5257 5259 6887
f 5259 1419 6887
f 3019 6890 1099
f 3019 2648 6890
f 2648 728 6890
f 3017 6893 1097
f 3017 4678 6893
f 4678 838 6893
f 2757 6896 837
f 2757 5258 6896
f 5258 1418 6896
f 6210 6899 2370
f 6210 6212 6899
f 6212 2372 6899
f 4291 6902 2371
f 4291 5000 6902
f 5000 1160 6902
f 5961 6905 2121
f 5961 5963 6905
f 5963 2123 6905
f 4042 6908 2122
f 4042 4938 6908
f 4938 1098 6908
f 4997 6911 1157
f 4997 4999 6911
f 4999 1159 6911
f 3078 6914 1158
f 3078 3017 6914
f 3017 1097 6914
f 3076 6917 1156
f 3076 5902 6917
f 5902 2062 6917
f 3981 6920 2061
f 3981 6210 6920
f 6210 2370 6920
f 5647 6923 1807
f 5647 5649 6923
f 5649 1809 6923
f 3728 6926 1808
f 3728 5961 6926
f 5961 2121 6926
f 4935 6929 1095
f 4935 4936 6929
f 4936 1096 6929
f 3292 6932 1372
f 3292 3076 6932
f 3076 1156 6932
f 3334 6935 1414
f 3334 5256 6935
f 5256 1416 6935
f 3298 6938 1378
f 3298 5647 6938
f 5647 1807 6938
f 4675 6941 835
f 4675 4676 6941
f 4676 836 6941
f 3726 6944 1806
f 3726 3334 6944
f 3334 1414 6944
f 6355 6947 2515
f 6355 6313 6947
f 6313 2473 6947
f 3538 6950 1618
f 3538 5905 6950
f 5905 2065 6950
f 3483 6953 1563
f 3483 5651 6953
f 5651 1811 6953
f 3124 6956 1204
f 3124 5257 6956
f 5257 1417 6956
f 2926 6959 1006
f 2926 4997 6959
f 4997 1157 6959
f 2569 6962 649
f 2569 4935 6962
f 4935 1095 6962
f 4433 6965 2513
f 4433 4675 6965
f 4675 835 6965
f 3482 6968 1562
f 3482 6355 6968
f 6355 2515 6968
f 6357 6971 2517
f 6357 3482 6971
f 3482 1562 6971
f 3766 6974 1846
f 3766 4288 6974
f 4288 2368 6974
f 4674 6977 834
f 4674 4433 6977
f 4433 2513 6977
f 4934 6980 1094
f 4934 2600 6980
f 2600 680 6980
f 4933 6983 1093
f 4933 2569 6983
f 2569 649 6983
f 4673 6986 833
f 4673 3012 6986
f 3012 1092 6986
f 5037 6989 1197
f 5037 2926 6989
f 2926 1006 6989
f 6207 6992 2367
f 6207 3153 6992
f 3153 1233 6992
f 5251 6995 1411
f 5251 3124 6995
f 3124 1204 6995
f 5960 6998 2120
f 5960 3330 6998
f 3330 1410 6998
f 5643 7001 1803
f 5643 3483 7001
f 3483 1563 7001
f 5899 7004 2059
f 5899 3722 7004
f 3722 1802 7004
f 5898 7007 2058
f 5898 3538 7007
f 3538 1618 7007
f 5249 7010 1409
f 5249 3894 7010
f 3894 1974 7010
f 3980 7013 2060
f 3980 3766 7013
f 3766 1846 7013
f 3977 7016 2057
f 3977 5645 7016
f 5645 1805 7016
f 3724 7019 1804
f 3724 4934 7019
f 4934 1094 7019
f 5248 7022 1408
f 5248 5253 7022
f 5253 1413 7022
f 3332 7025 1412
f 3332 4673 7025
f 4673 833 7025
f 4992 7028 1152
f 4992 4995 7028
f 4995 1155 7028
f 3074 7031 1154
f 3074 6207 7031
f 6207 2367 7031
f 4929 7034 1089
f 4929 4931 7034
f 4931 1091 7034
f 3010 7037 1090
f 3010 5960 7037
f 5960 2120 7037
f 4670 7040 830
f 4670 4672 7040
f 4672 832 7040
f 2751 7043 831
f 2751 5899 7043
f 5899 2059 7043
f 4991 7046 1151
f 4991 4993 7046
f 4993 1153 7046
f 4039 7049 2119
f 4039 3977 7049
f 3977 2057 7049
f 4025 7052 2105
f 4025 6206 7052
f 6206 2366 7052
f 4285 7055 2365
f 4285 5248 7055
f 5248 1408 7055
f 5956 7058 2116
f 5956 5958 7058
f 5958 2118 7058
f 4037 7061 2117
f 4037 4992 7061
f 4992 1152 7061
f 5894 7064 2054
f 5894 5896 7064
f 5896 2056 7064
f 3975 7067 2055
f 3975 4929 7067
f 4929 1089 7067
f 5639 7070 1799
f 5639 5486 7070
f 5486 1646 7070
f 3720 7073 1800
f 3720 4670 7073
f 4670 830 7073
f 4926 7076 1086
f 4926 4928 7076
f 4928 1088 7076
f 4284 7079 2364
f 4284 4025 7079
f 4025 2105 7079
f 4283 7082 2363
f 4283 5247 7082
f 5247 1407 7082
f 3326 7085 1406
f 3326 5956 7085
f 5956 2116 7085
f 4988 7088 1148
f 4988 4990 7088
f 4990 1150 7088
f 3069 7091 1149
f 3069 5894 7091
f 5894 2054 7091
f 4925 7094 1085
f 4925 4927 7094
f 4927 1087 7094
f 2944 7097 1024
f 2944 5639 7097
f 5639 1799 7097
f 4666 7100 826
f 4666 4669 7100
f 4669 829 7100
f 2649 7103 729
f 2649 4283 7103
f 4283 2363 7103
f 2745 7106 825
f 2745 4668 7106
f 4668 828 7106
f 2747 7109 827
f 2747 4988 7109
f 4988 1148 7109
f 6200 7112 2360
f 6200 6202 7112
f 6202 2362 7112
f 4442 7115 2522
f 4442 4925 7115
f 4925 1085 7115
f 6199 7118 2359
f 6199 6201 7118
f 6201 2361 7118
f 3004 7121 1084
f 3004 2745 7121
f 2745 825 7121
f 3003 7124 1083
f 3003 5955 7124
f 5955 2115 7124
f 4018 7127 2098
f 4018 6200 7127
f 6200 2360 7127
f 5953 7130 2113
f 5953 5954 7130
f 5954 2114 7130
f 3067 7133 1147
f 3067 3003 7133
f 3003 1083 7133
f 5816 7136 1976
f 5816 5893 7136
f 5893 2053 7136
f 3128 7139 1208
f 3128 5249 7139
f 5249 1409 7139
f 2928 7142 1008
f 2928 4991 7142
f 4991 1151 7142
f 2573 7145 653
f 2573 4926 7145
f 4926 1086 7145
f 4436 7148 2516
f 4436 4666 7148
f 4666 826 7148
f 4096 7151 2176
f 4096 6199 7151
f 6199 2359 7151
f 3892 7154 1972
f 3892 5953 7154
f 5953 2113 7154
f 3540 7157 1620
f 3540 5816 7157
f 5816 1976 7157
f 5817 7160 1977
f 5817 3540 7160
f 3540 1620 7160
f 3325 7163 1405
f 3325 3972 7163
f 3972 2052 7163
f 5952 7166 2112
f 5952 3892 7166
f 3892 1972 7166
f 5638 7169 1798
f 5638 4120 7169
f 4120 2200 7169
f 6386 7172 2546
f 6386 4096 7172
f 4096 2176 7172
f 5244 7175 1404
f 5244 4276 7175
f 4276 2356 7175
f 4664 7178 824
f 4664 4436 7178
f 4436 2516 7178
f 4986 7181 1146
f 4986 2743 7181
f 2743 823 7181
f 4884 7184 1044
f 4884 2573 7184
f 2573 653 7184
f 4922 7187 1082
f 4922 3001 7187
f 3001 1081 7187
f 4985 7190 1145
f 4985 2928 7190
f 2928 1008 7190
f 4662 7193 822
f 4662 3064 7193
f 3064 1144 7193
f 5431 7196 1591
f 5431 3128 7196
f 3128 1208 7196
f 4661 7199 821
f 4661 4706 7199
f 4706 866 7199
f 3622 7202 1702
f 3622 3325 7202
f 3325 1405 7202
f 3715 7205 1795
f 3715 6198 7205
f 6198 2358 7205
f 4277 7208 2357
f 4277 5638 7208
f 5638 1798 7208
f 5949 7211 2109
f 5949 5951 7211
f 5951 2111 7211
f 4030 7214 2110
f 4030 5244 7214
f 5244 1404 7214
f 5888 7217 2048
f 5888 5891 7217
f 5891 2051 7217
f 3970 7220 2050
f 3970 4986 7220
f 4986 1146 7220
f 5634 7223 1794
f 5634 5637 7223
f 5637 1797 7223
f 3716 7226 1796
f 3716 4922 7226
f 4922 1082 7226
f 5241 7229 1401
f 5241 5243 7229
f 5243 1403 7229
f 3322 7232 1402
f 3322 4662 7232
f 4662 822 7232
f 4917 7235 1077
f 4917 4920 7235
f 4920 1080 7235
f 3969 7238 2049
f 3969 3715 7238
f 3715 1795 7238
f 3967 7241 2047
f 3967 4983 7241
f 4983 1143 7241
f 3062 7244 1142
f 3062 5949 7244
f 5949 2109 7244
f 4916 7247 1076
f 4916 4919 7247
f 4919 1079 7247
f 2998 7250 1078
f 2998 5888 7250
f 5888 2048 7250
f 4658 7253 818
f 4658 4660 7253
f 4660 820 7253
f 2739 7256 819
f 2739 5634 7256
f 5634 1794 7256
f 6193 7259 2353
f 6193 6195 7259
f 6195 2355 7259
f 4274 7262 2354
f 4274 5241 7262
f 5241 1401 7262
f 4980 7265 1140
f 4980 4981 7265
f 4981 1141 7265
f 4142 7268 2222
f 4142 3967 7268
f 3967 2047 7268
f 4026 7271 2106
f 4026 5948 7271
f 5948 2108 7271
f 4027 7274 2107
f 4027 4916 7274
f 4916 1076 7274
f 5884 7277 2044
f 5884 5886 7277
f 5886 2046 7277
f 3965 7280 2045
f 3965 4658 7280
f 4658 818 7280
f 5631 7283 1791
f 5631 5633 7283
f 5633 1793 7283
f 3712 7286 1792
f 3712 6193 7286
f 6193 2353 7286
f 5237 7289 1397
f 5237 5240 7289
f 5240 1400 7289
f 4272 7292 2352
f 4272 4026 7292
f 4026 2106 7292
f 4271 7295 2351
f 4271 5239 7295
f 5239 1399 7295
f 3318 7298 1398
f 3318 5884 7298
f 5884 2044 7298
f 4977 7301 1137
f 4977 4979 7301
f 4979 1139 7301
f 3058 7304 1138
f 3058 5631 7304
f 5631 1791 7304
f 5629 7307 1789
f 5629 5630 7307
f 5630 1790 7307
f 2737 7310 817
f 2737 4271 7310
f 4271 2351 7310
f 2736 7313 816
f 2736 4915 7313
f 4915 1075 7313
f 2994 7316 1074
f 2994 4977 7316
f 4977 1137 7316
f 5882 7319 2042
f 5882 5883 7319
f 5883 2043 7319
f 2993 7322 1073
f 2993 2736 7322
f 2736 816 7322
f 6020 7325 2180
f 6020 5944 7325
f 5944 2104 7325
f 4488 7328 648
f 4488 4661 7328
f 4661 821 7328
f 4844 7331 1004
f 4844 4917 7331
f 4917 1077 7331
f 5043 7334 1203
f 5043 4980 7334
f 4980 1140 7334
f 5401 7337 1561
f 5401 5237 7337
f 5237 1397 7337
f 5457 7340 1617
f 5457 5629 7340
f 5629 1789 7340
f 5904 7343 2064
f 5904 5882 7343
f 5882 2042 7343
f 3891 7346 1971
f 3891 6020 7346
f 6020 2180 7346
f 4851 7349 1011
f 4851 3888 7349
f 3888 1968 7349
f 2992 7352 1072
f 2992 2867 7352
f 2867 947 7352
f 5034 7355 1194
f 5034 2922 7355
f 2922 1002 7355
f 6190 7358 2350
f 6190 3112 7358
f 3112 1192 7358
f 5236 7361 1396
f 5236 3122 7361
f 3122 1202 7361
f 5943 7364 2103
f 5943 3315 7364
f 3315 1395 7364
f 5628 7367 1788
f 5628 3479 7367
f 3479 1559 7367
f 5881 7370 2041
f 5881 3767 7370
f 3767 1847 7370
f 5880 7373 2040
f 5880 3534 7373
f 3534 1614 7373
f 5627 7376 1787
f 5627 3959 7376
f 3959 2039 7376
f 6004 7379 2164
f 6004 3889 7379
f 3889 1969 7379
f 5234 7382 1394
f 5234 4083 7382
f 4083 2163 7382
f 6178 7385 2338
f 6178 4093 7385
f 4093 2173 7385
f 4653 7388 813
f 4653 4440 7388
f 4440 2520 7388
f 3198 7391 1278
f 3198 2992 7391
f 2992 1072 7391
f 3053 7394 1133
f 3053 4975 7394
f 4975 1135 7394
f 3054 7397 1134
f 3054 6190 7397
f 6190 2350 7397
f 4909 7400 1069
f 4909 4911 7400
f 4911 1071 7400
f 2990 7403 1070
f 2990 5943 7403
f 5943 2103 7403
f 4652 7406 812
f 4652 4655 7406
f 4655 815 7406
f 2734 7409 814
f 2734 5881 7409
f 5881 2041 7409
f 6186 7412 2346
f 6186 6189 7412
f 6189 2349 7412
f 4268 7415 2348
f 4268 5627 7415
f 5627 1787 7415
f 5940 7418 2100
f 5940 5942 7418
f 5942 2102 7418
f 4021 7421 2101
f 4021 5234 7421
f 5234 1394 7421
f 6185 7424 2345
f 6185 6187 7424
f 6187 2347 7424
f 3313 7427 1393
f 3313 3053 7427
f 3053 1133 7427
f 3310 7430 1390
f 3310 5878 7430
f 5878 2038 7430
f 3957 7433 2037
f 3957 4909 7433
f 4909 1069 7433
f 5623 7436 1783
f 5623 5625 7436
f 5625 1785 7436
f 3704 7439 1784
f 3704 4652 7439
f 4652 812 7439
f 5229 7442 1389
f 5229 5232 7442
f 5232 1392 7442
f 3311 7445 1391
f 3311 6186 7445
f 6186 2346 7445
f 4970 7448 1130
f 4970 4972 7448
f 4972 1132 7448
f 3051 7451 1131
f 3051 5940 7451
f 5940 2100 7451
f 5937 7454 2097
f 5937 5939 7454
f 5939 2099 7454
f 3706 7457 1786
f 3706 3310 7457
f 3310 1390 7457
f 3702 7460 1782
f 3702 4908 7460
f 4908 1068 7460
f 2987 7463 1067
f 2987 5623 7463
f 5623 1783 7463
f 4649 7466 809
f 4649 4651 7466
f 4651 811 7466
f 2730 7469 810
f 2730 5229 7469
f 5229 1389 7469
f 6182 7472 2342
f 6182 6184 7472
f 6184 2344 7472
f 4263 7475 2343
f 4263 4970 7475
f 4970 1130 7475
f 5873 7478 2033
f 5873 5876 7478
f 5876 2036 7478
f 3955 7481 2035
f 3955 3702 7481
f 3702 1782 7481
f 3937 7484 2017
f 3937 5936 7484
f 5936 2096 7484
f 4015 7487 2095
f 4015 4649 7487
f 4649 809 7487
f 5872 7490 2032
f 5872 5874 7490
f 5874 2034 7490
f 3991 7493 2071
f 3991 6182 7493
f 6182 2342 7493
f 5619 7496 1779
f 5619 5621 7496
f 5621 1781 7496
f 4014 7499 2094
f 4014 3937 7499
f 3937 2017 7499
f 4013 7502 2093
f 4013 5620 7502
f 5620 1780 7502
f 3730 7505 1810
f 3730 5872 7505
f 5872 2032 7505
f 5227 7508 1387
f 5227 5228 7508
f 5228 1388 7508
f 4261 7511 2341
f 4261 4013 7511
f 4013 2093 7511
f 5057 7514 1217
f 5057 4969 7514
f 4969 1129 7514
f 4446 7517 2526
f 4446 4653 7517
f 4653 813 7517
f 4101 7520 2181
f 4101 6185 7520
f 6185 2345 7520
f 3900 7523 1980
f 3900 5937 7523
f 5937 2097 7523
f 3545 7526 1625
f 3545 5873 7526
f 5873 2033 7526
f 3487 7529 1567
f 3487 5619 7529
f 5619 1779 7529
f 3130 7532 1210
f 3130 5227 7532
f 5227 1387 7532
f 3129 7535 1209
f 3129 5057 7535
f 5057 1217 7535
f 5055 7538 1215
f 5055 2920 7538
f 2920 1000 7538
f 4260 7541 2340
f 4260 3104 7541
f 3104 1184 7541
f 5226 7544 1386
f 5226 3120 7544
f 3120 1200 7544
f 4968 7547 1128
f 4968 3305 7547
f 3305 1385 7547
f 5678 7550 1838
f 5678 3478 7550
f 3478 1558 7550
f 4906 7553 1066
f 4906 3757 7553
f 3757 1837 7553
f 5869 7556 2029
f 5869 3532 7556
f 3532 1612 7556
f 4647 7559 807
f 4647 3948 7559
f 3948 2028 7559
f 5932 7562 2092
f 5932 3887 7562
f 3887 1967 7562
f 6179 7565 2339
f 6179 4073 7565
f 4073 2153 7565
f 6347 7568 2507
f 6347 4091 7568
f 4091 2171 7568
f 6169 7571 2329
f 6169 4426 7571
f 4426 2506 7571
f 4646 7574 806
f 4646 4432 7574
f 4432 2512 7574
f 6168 7577 2328
f 6168 2578 7577
f 2578 658 7577
f 2728 7580 808
f 2728 4260 7580
f 4260 2340 7580
f 2766 7583 846
f 2766 5871 7583
f 5871 2031 7583
f 3950 7586 2030
f 3950 4968 7586
f 4968 1128 7586
f 5616 7589 1776
f 5616 5618 7589
f 5618 1778 7589
f 3697 7592 1777
f 3697 4906 7592
f 4906 1066 7592
f 5395 7595 1555
f 5395 5224 7595
f 5224 1384 7595
f 3303 7598 1383
f 3303 4647 7598
f 4647 807 7598
f 5206 7601 1366
f 5206 4967 7601
f 4967 1127 7601
f 3287 7604 1367
f 3287 6179 7604
f 6179 2339 7604
f 4834 7607 994
f 4834 4837 7607
f 4837 997 7607
f 2916 7610 996
f 2916 6169 7610
f 6169 2329 7610
f 5801 7613 1961
f 5801 5803 7613
f 5803 1963 7613
f 2915 7616 995
f 2915 2766 7616
f 2766 846 7616
f 2913 7619 993
f 2913 4645 7619
f 4645 805 7619
f 2724 7622 804
f 2724 5616 7622
f 5616 1776 7622
f 6343 7625 2503
f 6343 6345 7625
f 6345 2505 7625
f 4424 7628 2504
f 4424 5395 7628
f 5395 1555 7628
f 6165 7631 2325
f 6165 6167 7631
f 6167 2327 7631
f 4246 7634 2326
f 4246 5206 7634
f 5206 1366 7634
f 5800 7637 1960
f 5800 5802 7637
f 5802 1962 7637
f 3835 7640 1915
f 3835 4834 7640
f 4834 994 7640
f 5612 7643 1772
f 5612 5615 7643
f 5615 1775 7643
f 3285 7646 1365
f 3285 2913 7646
f 2913 993 7646
f 3282 7649 1362
f 3282 5455 7649
f 5455 1615 7649
f 3693 7652 1773
f 3693 6343 7652
f 6343 2503 7652
f 5391 7655 1551
f 5391 5394 7655
f 5394 1554 7655
f 3473 7658 1553
f 3473 6165 7658
f 6165 2325 7658
f 5201 7661 1361
f 5201 5142 7661
f 5142 1302 7661
f 3283 7664 1363
f 3283 5800 7664
f 5800 1960 7664
f 5390 7667 1550
f 5390 5392 7667
f 5392 1552 7667
f 3335 7670 1415
f 3335 3282 7670
f 3282 1362 7670
f 3469 7673 1549
f 3469 4893 7673
f 4893 1053 7673
f 2911 7676 991
f 2911 5391 7676
f 5391 1551 7676
f 4641 7679 801
f 4641 4643 7679
f 4643 803 7679
f 2722 7682 802
f 2722 5201 7682
f 5201 1361 7682
f 5199 7685 1359
f 5199 5200 7685
f 5200 1360 7685
f 3691 7688 1771
f 3691 3469 7688
f 3469 1549 7688
f 3690 7691 1770
f 3690 6342 7691
f 6342 2502 7691
f 4421 7694 2501
f 4421 4641 7694
f 4641 801 7694
f 4829 7697 989
f 4829 4830 7697
f 4830 990 7697
f 3879 7700 1959
f 3879 3690 7700
f 3690 1770 7700
f 4501 7703 661
f 4501 4640 7703
f 4640 800 7703
f 3903 7706 1983
f 3903 6168 7706
f 6168 2328 7706
f 3547 7709 1627
f 3547 5801 7709
f 5801 1961 7709
f 3489 7712 1569
f 3489 5612 7712
f 5612 1772 7712
f 3133 7715 1213
f 3133 5390 7715
f 5390 1550 7715
f 2933 7718 1013
f 2933 5199 7718
f 5199 1359 7718
f 2577 7721 657
f 2577 4829 7721
f 4829 989 7721
f 4103 7724 2183
f 4103 4501 7724
f 4501 661 7724
f 6007 7727 2167
f 6007 3126 7727
f 3126 1206 7727
f 3913 7730 1993
f 3913 4081 7730
f 4081 2161 7730
f 6340 7733 2500
f 6340 4095 7733
f 4095 2175 7733
f 5798 7736 1958
f 5798 4256 7736
f 4256 2336 7736
f 4719 7739 879
f 4719 4434 7739
f 4434 2514 7739
f 5609 7742 1769
f 5609 2717 7742
f 2717 797 7742
f 4828 7745 988
f 4828 2572 7745
f 2572 652 7745
f 5388 7748 1548
f 5388 2907 7748
f 2907 987 7748
f 5033 7751 1193
f 5033 2927 7751
f 2927 1007 7751
f 5198 7754 1358
f 5198 3277 7754
f 3277 1357 7754
f 5387 7757 1547
f 5387 3127 7757
f 3127 1207 7757
f 4826 7760 986
f 4826 3299 7760
f 3299 1379 7760
f 5685 7763 1845
f 5685 3366 7763
f 3366 1446 7763
f 5607 7766 1767
f 5607 3549 7766
f 3549 1629 7766
f 4244 7769 2324
f 4244 3913 7769
f 3913 1993 7769
f 4241 7772 2321
f 4241 4639 7772
f 4639 799 7772
f 2718 7775 798
f 2718 5798 7775
f 5798 1958 7775
f 6337 7778 2497
f 6337 6339 7778
f 6339 2499 7778
f 4418 7781 2498
f 4418 5609 7781
f 5609 1769 7781
f 6160 7784 2320
f 6160 6163 7784
f 6163 2323 7784
f 4242 7787 2322
f 4242 5388 7787
f 5388 1548 7787
f 5795 7790 1955
f 5795 5797 7790
f 5797 1957 7790
f 3876 7793 1956
f 3876 5198 7793
f 5198 1358 7793
f 5606 7796 1766
f 5606 5608 7796
f 5608 1768 7796
f 3536 7799 1616
f 3536 4826 7799
f 4826 986 7799
f 5383 7802 1543
f 5383 5386 7802
f 5386 1546 7802
f 4441 7805 2521
f 4441 4241 7805
f 4241 2321 7805
f 4330 7808 2410
f 4330 5385 7808
f 5385 1545 7808
f 3464 7811 1544
f 3464 6337 7811
f 6337 2497 7811
f 5193 7814 1353
f 5193 5196 7814
f 5196 1356 7814
f 3275 7817 1355
f 3275 6160 7817
f 6160 2320 7817
f 4823 7820 983
f 4823 4825 7820
f 4825 985 7820
f 2904 7823 984
f 2904 5795 7823
f 5795 1955 7823
f 4633 7826 793
f 4633 4636 7826
f 4636 796 7826
f 2715 7829 795
f 2715 5606 7829
f 5606 1766 7829
f 5192 7832 1352
f 5192 5194 7832
f 5194 1354 7832
f 2714 7835 794
f 2714 4330 7835
f 4330 2410 7835
f 2712 7838 792
f 2712 6336 7838
f 6336 2496 7838
f 4415 7841 2495
f 4415 5193 7841
f 5193 1353 7841
f 6157 7844 2317
f 6157 6159 7844
f 6159 2319 7844
f 4238 7847 2318
f 4238 4823 7847
f 4823 983 7847
f 5792 7850 1952
f 5792 5794 7850
f 5794 1954 7850
f 3873 7853 1953
f 3873 4633 7853
f 4633 793 7853
f 4820 7856 980
f 4820 4822 7856
f 4822 982 7856
f 2901 7859 981
f 2901 2712 7859
f 2712 792 7859
f 2899 7862 979
f 2899 5605 7862
f 5605 1765 7862
f 3684 7865 1764
f 3684 6157 7865
f 6157 2317 7865
f 5380 7868 1540
f 5380 5382 7868
f 5382 1542 7868
f 3461 7871 1541
f 3461 5792 7871
f 5792 1952 7871
f 4630 7874 790
f 4630 4631 7874
f 4631 791 7874
f 3284 7877 1364
f 3284 2899 7877
f 2899 979 7877
f 3269 7880 1349
f 3269 5191 7880
f 5191 1351 7880
f 3270 7883 1350
f 3270 5380 7883
f 5380 1540 7883
f 6333 7886 2493
f 6333 6334 7886
f 6334 2494 7886
f 3459 7889 1539
f 3459 3269 7889
f 3269 1349 7889
f 6028 7892 2188
f 6028 6156 7892
f 6156 2316 7892
f 3302 7895 1382
f 3302 5607 7895
f 5607 1767 7895
f 3138 7898 1218
f 3138 5383 7898
f 5383 1543 7898
f 2936 7901 1016
f 2936 5192 7901
f 5192 1352 7901
f 2694 7904 774
f 2694 4820 7904
f 4820 980 7904
f 4445 7907 2525
f 4445 4630 7907
f 4630 790 7907
f 4105 7910 2185
f 4105 6333 7910
f 6333 2493 7910
f 4444 7913 2524
f 4444 6028 7913
f 6028 2188 7913
f 5481 7916 1641
f 5481 3485 7916
f 3485 1565 7916
f 3506 7919 1586
f 3506 3764 7919
f 3764 1844 7919
f 5791 7922 1951
f 5791 3541 7922
f 3541 1621 7922
f 4629 7925 789
f 4629 3870 7925
f 3870 1950 7925
f 6155 7928 2315
f 6155 3895 7928
f 3895 1975 7928
f 6332 7931 2492
f 6332 4082 7931
f 4082 2162 7931
f 6331 7934 2491
f 6331 4097 7934
f 4097 2177 7934
f 6154 7937 2314
f 6154 4410 7937
f 4410 2490 7937
f 4721 7940 881
f 4721 4438 7940
f 4438 2518 7940
f 5789 7943 1949
f 5789 2800 7943
f 2800 880 7943
f 4816 7946 976
f 4816 2575 7946
f 2575 655 7946
f 5602 7949 1762
f 5602 2983 7949
f 2983 1063 7949
f 5166 7952 1326
f 5166 3046 7952
f 3046 1126 7952
f 5186 7955 1346
f 5186 3141 7955
f 3141 1221 7955
f 3683 7958 1763
f 3683 3506 7958
f 3506 1586 7958
f 3681 7961 1761
f 3681 5378 7961
f 5378 1538 7961
f 3457 7964 1537
f 3457 4629 7964
f 4629 789 7964
f 5185 7967 1345
f 5185 5188 7967
f 5188 1348 7967
f 3267 7970 1347
f 3267 6332 7970
f 6332 2492 7970
f 4814 7973 974
f 4814 4818 7973
f 4818 978 7973
f 2897 7976 977
f 2897 6154 7976
f 6154 2314 7976
f 4626 7979 786
f 4626 4628 7979
f 4628 788 7979
f 2707 7982 787
f 2707 5789 7982
f 5789 1949 7982
f 6327 7985 2487
f 6327 6329 7985
f 6329 2489 7985
f 4408 7988 2488
f 4408 5602 7988
f 5602 1762 7988
f 4813 7991 973
f 4813 4815 7991
f 4815 975 7991
f 3868 7994 1948
f 3868 3681 7994
f 3681 1761 7994
f 3794 7997 1874
f 3794 6153 7997
f 6153 2313 7997
f 4232 8000 2312
f 4232 5185 8000
f 5185 1345 8000
f 5785 8003 1945
f 5785 5787 8003
f 5787 1947 8003
f 3866 8006 1946
f 3866 4814 8006
f 4814 974 8006
f 5598 8009 1758
f 5598 5600 8009
f 5600 1760 8009
f 3679 8012 1759
f 3679 4626 8012
f 4626 786 8012
f 5374 8015 1534
f 5374 5376 8015
f 5376 1536 8015
f 3455 8018 1535
f 3455 6327 8018
f 6327 2487 8018
f 4623 8021 783
f 4623 4625 8021
f 4625 785 8021
f 4231 8024 2311
f 4231 3794 8024
f 3794 1874 8024
f 4230 8027 2310
f 4230 5184 8027
f 5184 1344 8027
f 3263 8030 1343
f 3263 5785 8030
f 5785 1945 8030
f 4810 8033 970
f 4810 4812 8033
f 4812 972 8033
f 2891 8036 971
f 2891 5598 8036
f 5598 1758 8036
f 4622 8039 782
f 4622 4624 8039
f 4624 784 8039
f 2796 8042 876
f 2796 5374 8042
f 5374 1534 8042
f 6323 8045 2483
f 6323 6326 8045
f 6326 2486 8045
f 4332 8048 2412
f 4332 4230 8048
f 4230 2310 8048
f 4402 8051 2482
f 4402 6325 8051
f 6325 2485 8051
f 4404 8054 2484
f 4404 4810 8054
f 4810 970 8054
f 6147 8057 2307
f 6147 6149 8057
f 6149 2309 8057
f 4094 8060 2174
f 4094 4622 8060
f 4622 782 8060
f 6146 8063 2306
f 6146 6148 8063
f 6148 2308 8063
f 2701 8066 781
f 2701 4402 8066
f 4402 2482 8066
f 2700 8069 780
f 2700 5784 8069
f 5784 1944 8069
f 3933 8072 2013
f 3933 6147 8072
f 6147 2307 8072
f 5782 8075 1942
f 5782 5783 8075
f 5783 1943 8075
f 2889 8078 969
f 2889 2700 8078
f 2700 780 8078
f 5474 8081 1634
f 5474 5597 8081
f 5597 1757 8081
f 2938 8084 1018
f 2938 5186 8084
f 5186 1346 8084
f 2585 8087 665
f 2585 4813 8087
f 4813 973 8087
f 4449 8090 2529
f 4449 4623 8090
f 4623 783 8090
f 4109 8093 2189
f 4109 6323 8093
f 6323 2483 8093
f 3905 8096 1985
f 3905 6146 8096
f 6146 2306 8096
f 3550 8099 1630
f 3550 5782 8099
f 5782 1942 8099
f 2584 8102 664
f 2584 5474 8102
f 5474 1634 8102
f 5415 8105 1575
f 5415 3543 8105
f 3543 1623 8105
f 2888 8108 968
f 2888 3294 8108
f 3294 1374 8108
f 5596 8111 1756
f 5596 3486 8111
f 3486 1566 8111
f 5373 8114 1533
f 5373 3675 8114
f 3675 1755 8114
f 5862 8117 2022
f 5862 3544 8117
f 3544 1624 8117
f 5181 8120 1341
f 5181 3940 8120
f 3940 2020 8120
f 6143 8123 2303
f 6143 3898 8123
f 3898 1978 8123
f 4807 8126 967
f 4807 4222 8126
f 4222 2302 8126
f 6321 8129 2481
f 6321 4099 8129
f 4099 2179 8129
f 4619 8132 779
f 4619 4255 8132
f 4255 2335 8132
f 4618 8135 778
f 4618 4439 8135
f 4439 2519 8135
f 6320 8138 2480
f 6320 2798 8138
f 2798 878 8138
f 4806 8141 966
f 4806 2576 8141
f 2576 656 8141
f 4617 8144 777
f 4617 2940 8144
f 2940 1020 8144
f 3262 8147 1342
f 3262 2888 8147
f 2888 968 8147
f 3258 8150 1338
f 3258 6145 8150
f 6145 2305 8150
f 4224 8153 2304
f 4224 5373 8153
f 5373 1533 8153
f 5831 8156 1991
f 5831 5781 8156
f 5781 1941 8156
f 3860 8159 1940
f 3860 5181 8159
f 5181 1341 8159
f 5591 8162 1751
f 5591 5594 8162
f 5594 1754 8162
f 3673 8165 1753
f 3673 4807 8165
f 4807 967 8165
f 5369 8168 1529
f 5369 5372 8168
f 5372 1532 8168
f 3451 8171 1531
f 3451 4619 8171
f 4619 779 8171
f 5177 8174 1337
f 5177 5180 8174
f 5180 1340 8174
f 3259 8177 1339
f 3259 6320 8177
f 6320 2480 8177
f 6316 8180 2476
f 6316 6319 8180
f 6319 2479 8180
f 3450 8183 1530
f 3450 3258 8183
f 3258 1338 8183
f 3448 8186 1528
f 3448 4805 8186
f 4805 965 8186
f 2884 8189 964
f 2884 5831 8189
f 5831 1991 8189
f 4693 8192 853
f 4693 4616 8192
f 4616 776 8192
f 2695 8195 775
f 2695 5591 8195
f 5591 1751 8195
f 6315 8198 2475
f 6315 6318 8198
f 6318 2478 8198
f 4397 8201 2477
f 4397 5369 8201
f 5369 1529 8201
f 6139 8204 2299
f 6139 6141 8204
f 6141 2301 8204
f 4052 8207 2132
f 4052 5177 8207
f 5177 1337 8207
f 6138 8210 2298
f 6138 6140 8210
f 6140 2300 8210
f 3670 8213 1750
f 3670 3448 8213
f 3448 1528 8213
f 3721 8216 1801
f 3721 5778 8216
f 5778 1938 8216
f 3857 8219 1937
f 3857 4693 8219
f 4693 853 8219
f 5587 8222 1747
f 5587 5589 8222
f 5589 1749 8222
f 3668 8225 1748
f 3668 6315 8225
f 6315 2475 8225
f 5365 8228 1525
f 5365 5367 8228
f 5367 1527 8228
f 3446 8231 1526
f 3446 6139 8231
f 6139 2299 8231
f 5774 8234 1934
f 5774 5776 8234
f 5776 1936 8234
f 3855 8237 1935
f 3855 3721 8237
f 3721 1801 8237
f 3853 8240 1933
f 3853 5176 8240
f 5176 1336 8240
f 3255 8243 1335
f 3255 5587 8243
f 5587 1747 8243
f 4801 8246 961
f 4801 4803 8246
f 4803 963 8246
f 2882 8249 962
f 2882 5365 8249
f 5365 1525 8249
f 5585 8252 1745
f 5585 5586 8252
f 5586 1746 8252
f 4217 8255 2297
f 4217 3853 8255
f 3853 1933 8255
f 4216 8258 2296
f 4216 4613 8258
f 4613 773 8258
f 2692 8261 772
f 2692 4801 8261
f 4801 961 8261
f 5363 8264 1523
f 5363 5364 8264
f 5364 1524 8264
f 4394 8267 2474
f 4394 4216 8267
f 4216 2296 8267
f 5065 8270 1225
f 5065 5174 8270
f 5174 1334 8270
f 4452 8273 2532
f 4452 4617 8273
f 4617 777 8273
f 4111 8276 2191
f 4111 6316 8276
f 6316 2476 8276
f 3908 8279 1988
f 3908 6138 8279
f 6138 2298 8279
f 3555 8282 1635
f 3555 5774 8282
f 5774 1934 8282
f 3494 8285 1574
f 3494 5585 8285
f 5585 1745 8285
f 3142 8288 1222
f 3142 5363 8288
f 5363 1523 8288
f 2939 8291 1019
f 2939 5065 8291
f 5065 1225 8291
f 5036 8294 1196
f 5036 3129 8294
f 3129 1209 8294
f 2691 8297 771
f 2691 3253 8297
f 3253 1333 8297
f 5362 8300 1522
f 5362 3130 8300
f 3130 1210 8300
f 6135 8303 2295
f 6135 3441 8303
f 3441 1521 8303
f 5584 8306 1744
f 5584 3487 8306
f 3487 1567 8306
f 5772 8309 1932
f 5772 3760 8309
f 3760 1840 8309
f 5771 8312 1931
f 5771 3545 8312
f 3545 1625 8312
f 5583 8315 1743
f 5583 3850 8315
f 3850 1930 8315
f 5996 8318 2156
f 5996 3900 8318
f 3900 1980 8318
f 5360 8321 1520
f 5360 4074 8321
f 4074 2154 8321
f 6310 8324 2470
f 6310 4101 8324
f 4101 2181 8324
f 5172 8327 1332
f 5172 4250 8327
f 4250 2330 8327
f 4713 8330 873
f 4713 4446 8330
f 4446 2526 8330
f 6309 8333 2469
f 6309 2579 8333
f 2579 659 8333
f 2921 8336 1001
f 2921 2691 8336
f 2691 771 8336
f 2878 8339 958
f 2878 4800 8339
f 4800 960 8339
f 2879 8342 959
f 2879 6135 8342
f 6135 2295 8342
f 4607 8345 767
f 4607 4610 8345
f 4610 770 8345
f 2689 8348 769
f 2689 5772 8348
f 5772 1932 8348
f 6308 8351 2468
f 6308 6312 8351
f 6312 2472 8351
f 4391 8354 2471
f 4391 5583 8354
f 5583 1743 8354
f 6132 8357 2292
f 6132 6134 8357
f 6134 2294 8357
f 4213 8360 2293
f 4213 5360 8360
f 5360 1520 8360
f 5767 8363 1927
f 5767 5769 8363
f 5769 1929 8363
f 3848 8366 1928
f 3848 5172 8366
f 5172 1332 8366
f 4606 8369 766
f 4606 4608 8369
f 4608 768 8369
f 3251 8372 1331
f 3251 2878 8372
f 2878 958 8372
f 3248 8375 1328
f 3248 5582 8375
f 5582 1742 8375
f 3661 8378 1741
f 3661 4607 8378
f 4607 767 8378
f 5357 8381 1517
f 5357 5359 8381
f 5359 1519 8381
f 3438 8384 1518
f 3438 6308 8384
f 6308 2468 8384
f 5167 8387 1327
f 5167 5170 8387
f 5170 1330 8387
f 3249 8390 1329
f 3249 6132 8390
f 6132 2292 8390
f 4795 8393 955
f 4795 4797 8393
f 4797 957 8393
f 2830 8396 910
f 2830 5767 8396
f 5767 1927 8396
f 4794 8399 954
f 4794 4796 8399
f 4796 956 8399
f 3504 8402 1584
f 3504 3248 8402
f 3248 1328 8402
f 3436 8405 1516
f 3436 4605 8405
f 4605 765 8405
f 2684 8408 764
f 2684 5357 8408
f 5357 1517 8408
f 6305 8411 2465
f 6305 6307 8411
f 6307 2467 8411
f 4386 8414 2466
f 4386 5167 8414
f 5167 1327 8414
f 6129 8417 2289
f 6129 6131 8417
f 6131 2291 8417
f 4210 8420 2290
f 4210 4795 8420
f 4795 955 8420
f 5164 8423 1324
f 5164 5035 8423
f 5035 1195 8423
f 3660 8426 1740
f 3660 3436 8426
f 3436 1516 8426
f 3582 8429 1662
f 3582 5765 8429
f 5765 1925 8429
f 3844 8432 1924
f 3844 6305 8432
f 6305 2465 8432
f 5577 8435 1737
f 5577 5579 8435
f 5579 1739 8435
f 3658 8438 1738
f 3658 6129 8438
f 6129 2289 8438
f 5353 8441 1513
f 5353 5355 8441
f 5355 1515 8441
f 3843 8444 1923
f 3843 3582 8444
f 3582 1662 8444
f 4010 8447 2090
f 4010 5354 8447
f 5354 1514 8447
f 3362 8450 1442
f 3362 5577 8450
f 5577 1737 8450
f 5575 8453 1735
f 5575 5576 8453
f 5576 1736 8453
f 4208 8456 2288
f 4208 4010 8456
f 4010 2090 8456
f 5928 8459 2088
f 5928 5762 8459
f 5762 1922 8459
f 6363 8462 2523
f 6363 6309 8462
f 6309 2469 8462
f 4500 8465 660
f 4500 4606 8465
f 4606 766 8465
f 4855 8468 1015
f 4855 4794 8468
f 4794 954 8468
f 5056 8471 1216
f 5056 5164 8471
f 5164 1324 8471
f 5410 8474 1570
f 5410 5353 8474
f 5353 1513 8474
f 5468 8477 1628
f 5468 5575 8477
f 5575 1735 8477
f 4104 8480 2184
f 4104 5928 8480
f 5928 2088 8480
f 4508 8483 668
f 4508 4103 8483
f 4103 2183 8483
f 4384 8486 2464
f 4384 2791 8486
f 2791 871 8486
f 4897 8489 1057
f 4897 2577 8489
f 2577 657 8489
f 4793 8492 953
f 4793 2872 8492
f 2872 952 8492
f 5163 8495 1323
f 5163 2933 8495
f 2933 1013 8495
f 4602 8498 762
f 4602 3107 8498
f 3107 1187 8498
f 5209 8501 1369
f 5209 3133 8501
f 3133 1213 8501
f 6303 8504 2463
f 6303 3288 8504
f 3288 1368 8504
f 5572 8507 1732
f 5572 3489 8507
f 3489 1569 8507
f 6127 8510 2287
f 6127 3651 8510
f 3651 1731 8510
f 5855 8513 2015
f 5855 3547 8513
f 3547 1627 8513
f 5761 8516 1921
f 5761 3934 8516
f 3934 2014 8516
f 5997 8519 2157
f 5997 3903 8519
f 3903 1983 8519
f 5760 8522 1920
f 5760 4106 8522
f 4106 2186 8522
f 2683 8525 763
f 2683 4384 8525
f 4384 2464 8525
f 2679 8528 759
f 2679 5574 8528
f 5574 1734 8528
f 3653 8531 1733
f 3653 4793 8531
f 4793 953 8531
f 5349 8534 1509
f 5349 5352 8534
f 5352 1512 8534
f 3431 8537 1511
f 3431 4602 8537
f 4602 762 8537
f 5160 8540 1320
f 5160 5162 8540
f 5162 1322 8540
f 3241 8543 1321
f 3241 6303 8543
f 6303 2463 8543
f 4788 8546 948
f 4788 4791 8546
f 4791 951 8546
f 2870 8549 950
f 2870 6127 8549
f 6127 2287 8549
f 4598 8552 758
f 4598 4601 8552
f 4601 761 8552
f 2680 8555 760
f 2680 5761 8555
f 5761 1921 8555
f 6123 8558 2283
f 6123 6126 8558
f 6126 2286 8558
f 2869 8561 949
f 2869 2679 8561
f 2679 759 8561
f 2866 8564 946
f 2866 6302 8564
f 6302 2462 8564
f 4381 8567 2461
f 4381 5349 8567
f 5349 1509 8567
f 6122 8570 2282
f 6122 6125 8570
f 6125 2285 8570
f 4204 8573 2284
f 4204 5160 8573
f 5160 1320 8573
f 5757 8576 1917
f 5757 5759 8576
f 5759 1919 8576
f 3838 8579 1918
f 3838 4788 8579
f 4788 948 8579
f 5568 8582 1728
f 5568 5570 8582
f 5570 1730 8582
f 3649 8585 1729
f 3649 4598 8585
f 4598 758 8585
f 6299 8588 2459
f 6299 6300 8588
f 6300 2460 8588
f 3239 8591 1319
f 3239 2866 8591
f 2866 946 8591
f 3158 8594 1238
f 3158 5348 8594
f 5348 1508 8594
f 3427 8597 1507
f 3427 6122 8597
f 6122 2282 8597
f 5156 8600 1316
f 5156 5158 8600
f 5158 1318 8600
f 3237 8603 1317
f 3237 5757 8603
f 5757 1917 8603
f 4783 8606 943
f 4783 4785 8606
f 4785 945 8606
f 2864 8609 944
f 2864 5568 8609
f 5568 1728 8609
f 4594 8612 754
f 4594 4597 8612
f 4597 757 8612
f 3425 8615 1505
f 3425 3158 8615
f 3158 1238 8615
f 3424 8618 1504
f 3424 4596 8618
f 4596 756 8618
f 2675 8621 755
f 2675 5156 8621
f 5156 1316 8621
f 6296 8624 2456
f 6296 6298 8624
f 6298 2458 8624
f 4377 8627 2457
f 4377 4783 8627
f 4783 943 8627
f 4781 8630 941
f 4781 4782 8630
f 4782 942 8630
f 3647 8633 1727
f 3647 3424 8633
f 3424 1504 8633
f 3646 8636 1726
f 3646 6121 8636
f 6121 2281 8636
f 4200 8639 2280
f 4200 6296 8639
f 6296 2456 8639
f 5154 8642 1314
f 5154 5155 8642
f 5155 1315 8642
f 3836 8645 1916
f 3836 3646 8645
f 3646 1726 8645
f 5419 8648 1579
f 5419 5343 8648
f 5343 1503 8648
f 5824 8651 1984
f 5824 5760 8651
f 5760 1920 8651
f 6027 8654 2187
f 6027 6123 8654
f 6123 2283 8654
f 6367 8657 2527
f 6367 6299 8657
f 6299 2459 8657
f 4503 8660 663
f 4503 4594 8660
f 4594 754 8660
f 4857 8663 1017
f 4857 4781 8663
f 4781 941 8663
f 5060 8666 1220
f 5060 5154 8666
f 5154 1314 8666
f 4448 8669 2528
f 4448 5419 8669
f 5419 1579 8669
f 6035 8672 2195
f 6035 4444 8672
f 4444 2524 8672
f 4199 8675 2279
f 4199 4075 8675
f 4075 2155 8675
f 6177 8678 2337
f 6177 4105 8678
f 4105 2185 8678
f 5565 8681 1725
f 5565 4251 8681
f 4251 2331 8681
f 4593 8684 753
f 4593 4445 8684
f 4445 2525 8684
f 5342 8687 1502
f 5342 2672 8687
f 2672 752 8687
f 4780 8690 940
f 4780 2694 8690
f 2694 774 8690
f 5153 8693 1313
f 5153 2978 8693
f 2978 1058 8693
f 5152 8696 1312
f 5152 2936 8696
f 2936 1016 8696
f 4779 8699 939
f 4779 3231 8699
f 3231 1311 8699
f 5211 8702 1371
f 5211 3138 8702
f 3138 1218 8702
f 4591 8705 751
f 4591 3290 8705
f 3290 1370 8705
f 5692 8708 1852
f 5692 3302 8708
f 3302 1382 8708
f 5340 8711 1500
f 5340 3552 8711
f 3552 1632 8711
f 4315 8714 2395
f 4315 4199 8714
f 4199 2279 8714
f 4373 8717 2453
f 4373 6295 8717
f 6295 2455 8717
f 4374 8720 2454
f 4374 5565 8720
f 5565 1725 8720
f 6116 8723 2276
f 6116 6118 8723
f 6118 2278 8723
f 4197 8726 2277
f 4197 5342 8726
f 5342 1502 8726
f 5752 8729 1912
f 5752 5754 8729
f 5754 1914 8729
f 3833 8732 1913
f 3833 5153 8732
f 5153 1313 8732
f 5561 8735 1721
f 5561 5564 8735
f 5564 1724 8735
f 3643 8738 1723
f 3643 4779 8738
f 4779 939 8738
f 5215 8741 1375
f 5215 5341 8741
f 5341 1501 8741
f 3297 8744 1377
f 3297 4591 8744
f 4591 751 8744
f 5560 8747 1720
f 5560 5562 8747
f 5562 1722 8747
f 2670 8750 750
f 2670 4373 8750
f 4373 2453 8750
f 2667 8753 747
f 2667 5150 8753
f 5150 1310 8753
f 3229 8756 1309
f 3229 6116 8756
f 6116 2276 8756
f 4776 8759 936
f 4776 4778 8759
f 4778 938 8759
f 2857 8762 937
f 2857 5752 8762
f 5752 1912 8762
f 4586 8765 746
f 4586 4589 8765
f 4589 749 8765
f 2668 8768 748
f 2668 5561 8768
f 5561 1721 8768
f 6290 8771 2450
f 6290 6292 8771
f 6292 2452 8771
f 4371 8774 2451
f 4371 5215 8774
f 5215 1375 8774
f 5748 8777 1908
f 5748 5751 8777
f 5751 1911 8777
f 3045 8780 1125
f 3045 2667 8780
f 2667 747 8780
f 2855 8783 935
f 2855 6115 8783
f 6115 2275 8783
f 4194 8786 2274
f 4194 4776 8786
f 4776 936 8786
f 5747 8789 1907
f 5747 5750 8789
f 5750 1910 8789
f 3829 8792 1909
f 3829 4586 8792
f 4586 746 8792
f 5557 8795 1717
f 5557 5559 8795
f 5559 1719 8795
f 3638 8798 1718
f 3638 6290 8798
f 6290 2450 8798
f 6112 8801 2272
f 6112 6113 8801
f 6113 2273 8801
f 3228 8804 1308
f 3228 2855 8804
f 2855 935 8804
f 3109 8807 1189
f 3109 5338 8807
f 5338 1498 8807
f 3417 8810 1497
f 3417 5747 8810
f 5747 1907 8810
f 5145 8813 1305
f 5145 5147 8813
f 5147 1307 8813
f 3226 8816 1306
f 3226 5557 8816
f 5557 1717 8816
f 6288 8819 2448
f 6288 6289 8819
f 6289 2449 8819
f 3416 8822 1496
f 3416 3109 8822
f 3109 1189 8822
f 3415 8825 1495
f 3415 4774 8825
f 4774 934 8825
f 2853 8828 933
f 2853 5145 8828
f 5145 1305 8828
f 4584 8831 744
f 4584 4585 8831
f 4585 745 8831
f 3636 8834 1716
f 3636 3415 8834
f 3415 1495 8834
f 4867 8837 1027
f 4867 4772 8837
f 4772 932 8837
f 5413 8840 1573
f 5413 5340 8840
f 5340 1500 8840
f 5473 8843 1633
f 5473 5560 8843
f 5560 1720 8843
f 5827 8846 1987
f 5827 5748 8846
f 5748 1908 8846
f 6030 8849 2190
f 6030 6112 8849
f 6112 2272 8849
f 6370 8852 2530
f 6370 6288 8852
f 6288 2448 8852
f 4709 8855 869
f 4709 4584 8855
f 4584 744 8855
f 2586 8858 666
f 2586 4867 8858
f 4867 1027 8858
f 5480 8861 1640
f 5480 2584 8861
f 2584 664 8861
f 3826 8864 1906
f 3826 3635 8864
f 3635 1715 8864
f 5856 8867 2016
f 5856 3550 8867
f 3550 1630 8867
f 6287 8870 2447
f 6287 3825 8870
f 3825 1905 8870
f 5998 8873 2158
f 5998 3905 8873
f 3905 1985 8873
f 6110 8876 2270
f 6110 4189 8876
f 4189 2269 8876
f 6286 8879 2446
f 6286 4109 8879
f 4109 2189 8879
f 5744 8882 1904
f 5744 4253 8882
f 4253 2333 8882
f 4715 8885 875
f 4715 4449 8885
f 4449 2529 8885
f 5554 8888 1714
f 5554 2661 8888
f 2661 741 8888
f 4769 8891 929
f 4769 2585 8891
f 2585 665 8891
f 5334 8894 1494
f 5334 2979 8894
f 2979 1059 8894
f 5030 8897 1190
f 5030 2938 8897
f 2938 1018 8897
f 4768 8900 928
f 4768 3143 8900
f 3143 1223 8900
f 4191 8903 2271
f 4191 3826 8903
f 3826 1906 8903
f 4186 8906 2266
f 4186 5144 8906
f 5144 1304 8906
f 3223 8909 1303
f 3223 6287 8909
f 6287 2447 8909
f 4767 8912 927
f 4767 4771 8912
f 4771 931 8912
f 2850 8915 930
f 2850 6110 8915
f 6110 2270 8915
f 4580 8918 740
f 4580 4583 8918
f 4583 743 8918
f 2662 8921 742
f 2662 5744 8921
f 5744 1904 8921
f 6282 8924 2442
f 6282 6285 8924
f 6285 2445 8924
f 4364 8927 2444
f 4364 5554 8927
f 5554 1714 8927
f 6105 8930 2265
f 6105 6108 8930
f 6108 2268 8930
f 4187 8933 2267
f 4187 5334 8933
f 5334 1494 8933
f 5139 8936 1299
f 5139 5141 8936
f 5141 1301 8936
f 4363 8939 2443
f 4363 4186 8939
f 4186 2266 8939
f 4361 8942 2441
f 4361 5743 8942
f 5743 1903 8942
f 3822 8945 1902
f 3822 4767 8945
f 4767 927 8945
f 5551 8948 1711
f 5551 5553 8948
f 5553 1713 8948
f 3632 8951 1712
f 3632 4580 8951
f 4580 740 8951
f 5330 8954 1490
f 5330 5333 8954
f 5333 1493 8954
f 3412 8957 1492
f 3412 6282 8957
f 6282 2442 8957
f 5138 8960 1298
f 5138 5140 8960
f 5140 1300 8960
f 3056 8963 1136
f 3056 6105 8963
f 6105 2265 8963
f 5328 8966 1488
f 5328 5331 8966
f 5331 1491 8966
f 2658 8969 738
f 2658 4361 8969
f 4361 2441 8969
f 2582 8972 662
f 2582 4766 8972
f 4766 926 8972
f 2845 8975 925
f 2845 5551 8975
f 5551 1711 8975
f 4575 8978 735
f 4575 4577 8978
f 4577 737 8978
f 2656 8981 736
f 2656 5330 8981
f 5330 1490 8981
f 6278 8984 2438
f 6278 6280 8984
f 6280 2440 8984
f 4359 8987 2439
f 4359 5138 8987
f 5138 1298 8987
f 5549 8990 1709
f 5549 5550 8990
f 5550 1710 8990
f 2844 8993 924
f 2844 2582 8993
f 2582 662 8993
f 2843 8996 923
f 2843 6104 8996
f 6104 2264 8996
f 4183 8999 2263
f 4183 4575 8999
f 4575 735 8999
f 5739 9002 1899
f 5739 5741 9002
f 5741 1901 9002
f 3859 9005 1939
f 3859 6278 9005
f 6278 2438 9005
f 5738 9008 1898
f 5738 5740 9008
f 5740 1900 9008
f 3217 9011 1297
f 3217 2843 9011
f 2843 923 9011
f 3216 9014 1296
f 3216 5548 9014
f 5548 1708 9014
f 3627 9017 1707
f 3627 5739 9017
f 5739 1899 9017
f 6101 9020 2261
f 6101 6102 9020
f 6102 2262 9020
f 3407 9023 1487
f 3407 3216 9023
f 3216 1296 9023
f 6379 9026 2539
f 6379 6277 9026
f 6277 2437 9026
f 4861 9029 1021
f 4861 4768 9029
f 4768 928 9029
f 5064 9032 1224
f 5064 5139 9032
f 5139 1299 9032
f 5416 9035 1576
f 5416 5328 9035
f 5328 1488 9035
f 5477 9038 1637
f 5477 5549 9038
f 5549 1709 9038
f 5830 9041 1990
f 5830 5738 9041
f 5738 1898 9041
f 6032 9044 2192
f 6032 6101 9044
f 6101 2261 9044
f 2942 9047 1022
f 2942 6379 9047
f 6379 2539 9047
f 5071 9050 1231
f 5071 2939 9050
f 2939 1019 9050
f 3626 9053 1706
f 3626 3108 9053
f 3108 1188 9053
f 5326 9056 1486
f 5326 3142 9056
f 3142 1222 9056
f 5135 9059 1295
f 5135 3405 9059
f 3405 1485 9059
f 5682 9062 1842
f 5682 3494 9062
f 3494 1574 9062
f 4762 9065 922
f 4762 3761 9065
f 3761 1841 9065
f 5735 9068 1895
f 5735 3555 9068
f 3555 1635 9068
f 4573 9071 733
f 4573 3814 9071
f 3814 1894 9071
f 6100 9074 2260
f 6100 3908 9074
f 3908 1988 9074
f 6276 9077 2436
f 6276 4079 9077
f 4079 2159 9077
f 6275 9080 2435
f 6275 4111 9080
f 4111 2191 9080
f 6099 9083 2259
f 6099 4354 9083
f 4354 2434 9083
f 4572 9086 732
f 4572 4452 9086
f 4452 2532 9086
f 4760 9089 920
f 4760 4905 9089
f 4905 1065 9089
f 3893 9092 1973
f 3893 3626 9092
f 3626 1706 9092
f 3813 9095 1893
f 3813 5737 9095
f 5737 1897 9095
f 3816 9098 1896
f 3816 5135 9098
f 5135 1295 9098
f 5543 9101 1703
f 5543 5545 9101
f 5545 1705 9101
f 3624 9104 1704
f 3624 4762 9104
f 4762 922 9104
f 5322 9107 1482
f 5322 5324 9107
f 5324 1484 9107
f 3403 9110 1483
f 3403 4573 9110
f 4573 733 9110
f 5131 9113 1291
f 5131 5134 9113
f 5134 1294 9113
f 3213 9116 1293
f 3213 6276 9116
f 6276 2436 9116
f 4759 9119 919
f 4759 4761 9119
f 4761 921 9119
f 2929 9122 1009
f 2929 6099 9122
f 6099 2259 9122
f 5130 9125 1290
f 5130 5132 9125
f 5132 1292 9125
f 4177 9128 2257
f 4177 3813 9128
f 3813 1893 9128
f 4174 9131 2254
f 4174 4571 9131
f 4571 731 9131
f 2650 9134 730
f 2650 5543 9134
f 5543 1703 9134
f 6271 9137 2431
f 6271 6273 9137
f 6273 2433 9137
f 4352 9140 2432
f 4352 5322 9140
f 5322 1482 9140
f 6093 9143 2253
f 6093 6096 9143
f 6096 2256 9143
f 4175 9146 2255
f 4175 5131 9146
f 5131 1291 9146
f 5730 9149 1890
f 5730 5732 9149
f 5732 1892 9149
f 3811 9152 1891
f 3811 4759 9152
f 4759 919 9152
f 5318 9155 1478
f 5318 5321 9155
f 5321 1481 9155
f 4289 9158 2369
f 4289 4174 9158
f 4174 2254 9158
f 4350 9161 2430
f 4350 5541 9161
f 5541 1701 9161
f 3620 9164 1700
f 3620 6271 9164
f 6271 2431 9164
f 5317 9167 1477
f 5317 5320 9167
f 5320 1480 9167
f 3399 9170 1479
f 3399 6093 9170
f 6093 2253 9170
f 5127 9173 1287
f 5127 5129 9173
f 5129 1289 9173
f 3208 9176 1288
f 3208 5730 9176
f 5730 1890 9176
f 5538 9179 1698
f 5538 5539 9179
f 5539 1699 9179
f 2647 9182 727
f 2647 4350 9182
f 4350 2430 9182
f 2571 9185 651
f 2571 4758 9185
f 4758 918 9185
f 2837 9188 917
f 2837 5317 9188
f 5317 1477 9188
f 4564 9191 724
f 4564 4566 9191
f 4566 726 9191
f 2645 9194 725
f 2645 5127 9194
f 5127 1287 9194
f 5728 9197 1888
f 5728 5729 9197
f 5729 1889 9197
f 2836 9200 916
f 2836 2571 9200
f 2571 651 9200
f 2835 9203 915
f 2835 6269 9203
f 6269 2429 9203
f 4348 9206 2428
f 4348 4564 9206
f 4564 724 9206
f 6091 9209 2251
f 6091 6092 9209
f 6092 2252 9209
f 3206 9212 1286
f 3206 2835 9212
f 2835 915 9212
f 6382 9215 2542
f 6382 6267 9215
f 6267 2427 9215
f 4852 9218 1012
f 4852 4760 9218
f 4760 920 9218
f 5051 9221 1211
f 5051 5130 9221
f 5130 1290 9221
f 5408 9224 1568
f 5408 5318 9224
f 5318 1478 9224
f 5466 9227 1626
f 5466 5538 9227
f 5538 1698 9227
f 5822 9230 1982
f 5822 5728 9230
f 5728 1888 9230
f 6022 9233 2182
f 6022 6091 9233
f 6091 2251 9233
f 3132 9236 1212
f 3132 6382 9236
f 6382 2542 9236
f 4516 9239 676
f 4516 3146 9239
f 3146 1226 9239
f 3205 9242 1285
f 3205 2794 9242
f 2794 874 9242
f 4754 9245 914
f 4754 2587 9245
f 2587 667 9245
f 5727 9248 1887
f 5727 2833 9248
f 2833 913 9248
f 5124 9251 1284
f 5124 2943 9251
f 2943 1023 9251
f 5537 9254 1697
f 5537 3203 9254
f 3203 1283 9254
f 5213 9257 1373
f 5213 3147 9257
f 3147 1227 9257
f 5315 9260 1475
f 5315 3394 9260
f 3394 1474 9260
f 5535 9263 1695
f 5535 3497 9263
f 3497 1577 9263
f 5122 9266 1282
f 5122 3763 9266
f 3763 1843 9266
f 5859 9269 2019
f 5859 3558 9269
f 3558 1638 9269
f 4752 9272 912
f 4752 3804 9272
f 3804 1884 9272
f 6087 9275 2247
f 6087 3912 9275
f 3912 1992 9275
f 4751 9278 911
f 4751 4119 9278
f 4119 2199 9278
f 3396 9281 1476
f 3396 3205 9281
f 3205 1285 9281
f 3342 9284 1422
f 3342 4563 9284
f 4563 723 9284
f 2642 9287 722
f 2642 5727 9287
f 5727 1887 9287
f 6264 9290 2424
f 6264 6266 9290
f 6266 2426 9290
f 4345 9293 2425
f 4345 5537 9293
f 5537 1697 9293
f 6086 9296 2246
f 6086 6090 9296
f 6090 2250 9296
f 4169 9299 2249
f 4169 5315 9299
f 5315 1475 9299
f 5723 9302 1883
f 5723 5726 9302
f 5726 1886 9302
f 3805 9305 1885
f 3805 5122 9305
f 5122 1282 9305
f 5531 9308 1691
f 5531 5534 9308
f 5534 1694 9308
f 3613 9311 1693
f 3613 4752 9311
f 4752 912 9311
f 4559 9314 719
f 4559 4561 9314
f 4561 721 9314
f 3612 9317 1692
f 3612 3342 9317
f 3342 1422 9317
f 3610 9320 1690
f 3610 5313 9320
f 5313 1473 9320
f 3392 9323 1472
f 3392 6264 9323
f 6264 2424 9323
f 5119 9326 1279
f 5119 5121 9326
f 5121 1281 9326
f 3200 9329 1280
f 3200 6086 9329
f 6086 2246 9329
f 4747 9332 907
f 4747 4749 9332
f 4749 909 9332
f 2828 9335 908
f 2828 5723 9335
f 5723 1883 9335
f 4558 9338 718
f 4558 4560 9338
f 4560 720 9338
f 2803 9341 883
f 2803 5531 9341
f 5531 1691 9341
f 6260 9344 2420
f 6260 6263 9344
f 6263 2423 9344
f 3802 9347 1882
f 3802 3610 9347
f 3610 1690 9347
f 3799 9350 1879
f 3799 6262 9350
f 6262 2422 9350
f 4341 9353 2421
f 4341 5119 9353
f 5119 1279 9353
f 6082 9356 2242
f 6082 6085 9356
f 6085 2245 9356
f 4164 9359 2244
f 4164 4747 9359
f 4747 907 9359
f 5718 9362 1878
f 5718 5721 9362
f 5721 1881 9362
f 3800 9365 1880
f 3800 4558 9365
f 4558 718 9365
f 6081 9368 2241
f 6081 6083 9368
f 6083 2243 9368
f 4098 9371 2178
f 4098 3799 9371
f 3799 1879 9371
f 4160 9374 2240
f 4160 5529 9374
f 5529 1689 9374
f 3608 9377 1688
f 3608 6082 9377
f 6082 2242 9377
f 5309 9380 1469
f 5309 5311 9380
f 5311 1471 9380
f 3390 9383 1470
f 3390 5718 9383
f 5718 1878 9383
f 5716 9386 1876
f 5716 5717 9386
f 5717 1877 9386
f 4339 9389 2419
f 4339 4160 9389
f 4160 2240 9389
f 4338 9392 2418
f 4338 5117 9392
f 5117 1277 9392
f 3196 9395 1276
f 3196 5309 9395
f 5309 1469 9395
f 5526 9398 1686
f 5526 5527 9398
f 5527 1687 9398
f 2637 9401 717
f 2637 4338 9401
f 4338 2418 9401
f 5220 9404 1380
f 5220 5308 9404
f 5308 1468 9404
f 2595 9407 675
f 2595 4751 9407
f 4751 911 9407
f 4464 9410 2544
f 4464 4559 9410
f 4559 719 9410
f 4121 9413 2201
f 4121 6260 9413
f 6260 2420 9413
f 3916 9416 1996
f 3916 6081 9416
f 6081 2241 9416
f 3563 9419 1643
f 3563 5716 9419
f 5716 1876 9419
f 3503 9422 1583
f 3503 5526 9422
f 5526 1686 9422
f 3502 9425 1582
f 3502 5220 9425
f 5220 1380 9425
f 6385 9428 2545
f 6385 4114 9428
f 4114 2194 9428
f 2826 9431 906
f 2826 4337 9431
f 4337 2417 9431
f 4710 9434 870
f 4710 4454 9434
f 4454 2534 9434
f 4556 9437 716
f 4556 2635 9437
f 2635 715 9437
f 4745 9440 905
f 4745 2589 9440
f 2589 669 9440
f 6256 9443 2416
f 6256 2912 9443
f 2912 992 9443
f 5026 9446 1186
f 5026 2945 9446
f 2945 1025 9446
f 6079 9449 2239
f 6079 3193 9449
f 3193 1273 9449
f 5305 9452 1465
f 5305 3148 9452
f 3148 1228 9452
f 5715 9455 1875
f 5715 3384 9455
f 3384 1464 9455
f 5679 9458 1839
f 5679 3498 9458
f 3498 1578 9458
f 5525 9461 1685
f 5525 3604 9461
f 3604 1684 9461
f 5713 9464 1873
f 5713 3559 9464
f 3559 1639 9464
f 6254 9467 2414
f 6254 3919 9467
f 3919 1999 9467
f 2804 9470 884
f 2804 2826 9470
f 2826 906 9470
f 2632 9473 712
f 2632 5307 9473
f 5307 1467 9473
f 3386 9476 1466
f 3386 4556 9476
f 4556 716 9476
f 5112 9479 1272
f 5112 5115 9479
f 5115 1275 9479
f 3194 9482 1274
f 3194 6256 9482
f 6256 2416 9482
f 4742 9485 902
f 4742 4744 9485
f 4744 904 9485
f 2823 9488 903
f 2823 6079 9488
f 6079 2239 9488
f 4551 9491 711
f 4551 4554 9491
f 4554 714 9491
f 2633 9494 713
f 2633 5715 9494
f 5715 1875 9494
f 6251 9497 2411
f 6251 6255 9497
f 6255 2415 9497
f 4252 9500 2332
f 4252 5525 9500
f 5525 1685 9500
f 6075 9503 2235
f 6075 6078 9503
f 6078 2238 9503
f 4333 9506 2413
f 4333 2632 9506
f 2632 712 9506
f 4329 9509 2409
f 4329 6077 9509
f 6077 2237 9509
f 4156 9512 2236
f 4156 5112 9512
f 5112 1272 9512
f 5709 9515 1869
f 5709 5712 9515
f 5712 1872 9515
f 3791 9518 1871
f 3791 4742 9518
f 4742 902 9518
f 5521 9521 1681
f 5521 5523 9521
f 5523 1683 9521
f 3602 9524 1682
f 3602 4551 9524
f 4551 711 9524
f 5301 9527 1461
f 5301 5303 9527
f 5303 1463 9527
f 3382 9530 1462
f 3382 6251 9530
f 6251 2411 9530
f 5708 9533 1868
f 5708 5710 9533
f 5710 1870 9533
f 4154 9536 2234
f 4154 4329 9536
f 4329 2409 9536
f 4153 9539 2233
f 4153 5111 9539
f 5111 1271 9539
f 3190 9542 1270
f 3190 5709 9542
f 5709 1869 9542
f 4739 9545 899
f 4739 4741 9545
f 4741 901 9545
f 2820 9548 900
f 2820 5521 9548
f 5521 1681 9548
f 4548 9551 708
f 4548 4550 9551
f 4550 710 9551
f 2629 9554 709
f 2629 5301 9554
f 5301 1461 9554
f 5519 9557 1679
f 5519 5520 9557
f 5520 1680 9557
f 3787 9560 1867
f 3787 4153 9560
f 4153 2233 9560
f 3944 9563 2024
f 3944 6248 9563
f 6248 2408 9563
f 4327 9566 2407
f 4327 4739 9566
f 4739 899 9566
f 6070 9569 2230
f 6070 6072 9569
f 6072 2232 9569
f 4151 9572 2231
f 4151 4548 9572
f 4548 708 9572
f 5299 9575 1459
f 5299 5300 9575
f 5300 1460 9575
f 3598 9578 1678
f 3598 3944 9578
f 3944 2024 9578
f 3597 9581 1677
f 3597 5706 9581
f 5706 1866 9581
f 3785 9584 1865
f 3785 6070 9584
f 6070 2230 9584
f 5108 9587 1268
f 5108 5109 9587
f 5109 1269 9587
f 3378 9590 1458
f 3378 3597 9590
f 3597 1677 9590
f 3301 9593 1381
f 3301 4738 9593
f 4738 898 9593
f 4124 9596 2204
f 4124 6254 9596
f 6254 2414 9596
f 3918 9599 1998
f 3918 6075 9599
f 6075 2235 9599
f 3565 9602 1645
f 3565 5708 9602
f 5708 1868 9602
f 3509 9605 1589
f 3509 5519 9605
f 5519 1679 9605
f 3156 9608 1236
f 3156 5299 9608
f 5299 1459 9608
f 2953 9611 1033
f 2953 5108 9611
f 5108 1268 9611
f 3508 9614 1588
f 3508 3301 9614
f 3301 1381 9614
f 6088 9617 2248
f 6088 4456 9617
f 4456 2536 9617
f 4326 9620 2406
f 4326 4071 9620
f 4071 2151 9620
f 6383 9623 2543
f 6383 4116 9623
f 4116 2196 9623
f 5297 9626 1457
f 5297 4325 9626
f 4325 2405 9626
f 4547 9629 707
f 4547 4457 9629
f 4457 2537 9629
f 5107 9632 1267
f 5107 2626 9632
f 2626 706 9632
f 4872 9635 1032
f 4872 2590 9635
f 2590 670 9635
f 4737 9638 897
f 4737 2816 9638
f 2816 896 9638
f 5106 9641 1266
f 5106 2946 9641
f 2946 1026 9641
f 4545 9644 705
f 4545 3105 9644
f 3105 1185 9644
f 5397 9647 1557
f 5397 3149 9647
f 3149 1229 9647
f 6244 9650 2404
f 6244 3374 9650
f 3374 1454 9650
f 5514 9653 1674
f 5514 3501 9653
f 3501 1581 9653
f 6067 9656 2227
f 6067 3568 9656
f 3568 1648 9656
f 4088 9659 2168
f 4088 4326 9659
f 4326 2406 9659
f 4146 9662 2226
f 4146 6069 9662
f 6069 2229 9662
f 4148 9665 2228
f 4148 5297 9665
f 5297 1457 9665
f 5701 9668 1861
f 5701 5704 9668
f 5704 1864 9668
f 3783 9671 1863
f 3783 5107 9671
f 5107 1267 9671
f 5513 9674 1673
f 5513 5516 9674
f 5516 1676 9674
f 3595 9677 1675
f 3595 4737 9677
f 4737 897 9677
f 5293 9680 1453
f 5293 5296 9680
f 5296 1456 9680
f 3375 9683 1455
f 3375 4545 9683
f 4545 705 9683
f 5103 9686 1263
f 5103 5105 9686
f 5105 1265 9686
f 3184 9689 1264
f 3184 6244 9689
f 6244 2404 9689
f 5700 9692 1860
f 5700 5702 9692
f 5702 1862 9692
f 3947 9695 2027
f 3947 4146 9695
f 4146 2226 9695
f 3946 9698 2026
f 3946 4735 9698
f 4735 895 9698
f 2814 9701 894
f 2814 5701 9701
f 5701 1861 9701
f 4542 9704 702
f 4542 4544 9704
f 4544 704 9704
f 2623 9707 703
f 2623 5513 9707
f 5513 1673 9707
f 6240 9710 2400
f 6240 6242 9710
f 6242 2402 9710
f 4321 9713 2401
f 4321 5293 9713
f 5293 1453 9713
f 6063 9716 2223
f 6063 6065 9716
f 6065 2225 9716
f 4144 9719 2224
f 4144 5103 9719
f 5103 1263 9719
f 5508 9722 1668
f 5508 5512 9722
f 5512 1672 9722
f 3591 9725 1671
f 3591 3946 9725
f 3946 2026 9725
f 3769 9728 1849
f 3769 5699 9728
f 5699 1859 9728
f 3778 9731 1858
f 3778 4542 9731
f 4542 702 9731
f 5507 9734 1667
f 5507 5510 9734
f 5510 1670 9734
f 3589 9737 1669
f 3589 6240 9737
f 6240 2400 9737
f 5289 9740 1449
f 5289 5292 9740
f 5292 1452 9740
f 3430 9743 1510
f 3430 6063 9743
f 6063 2223 9743
f 5288 9746 1448
f 5288 5291 9746
f 5291 1451 9746
f 3370 9749 1450
f 3370 3769 9749
f 3769 1849 9749
f 3367 9752 1447
f 3367 5102 9752
f 5102 1262 9752
f 3181 9755 1261
f 3181 5507 9755
f 5507 1667 9755
f 4731 9758 891
f 4731 4733 9758
f 4733 893 9758
f 2812 9761 892
f 2812 5289 9761
f 5289 1449 9761
f 5098 9764 1258
f 5098 5100 9764
f 5100 1260 9764
f 3179 9767 1259
f 3179 3367 9767
f 3367 1447 9767
f 3177 9770 1257
f 3177 4541 9770
f 4541 701 9770
f 2620 9773 700
f 2620 4731 9773
f 4731 891 9773
f 4729 9776 889
f 4729 4730 9776
f 4730 890 9776
f 2982 9779 1062
f 2982 3177 9779
f 3177 1257 9779
f 2954 9782 1034
f 2954 4539 9782
f 4539 699 9782
f 3921 9785 2001
f 3921 6067 9785
f 6067 2227 9785
f 3567 9788 1647
f 3567 5700 9788
f 5700 1860 9788
f 3512 9791 1592
f 3512 5508 9791
f 5508 1668 9791
f 3157 9794 1237
f 3157 5288 9794
f 5288 1448 9794
f 2955 9797 1035
f 2955 5098 9797
f 5098 1258 9797
f 2597 9800 677
f 2597 4729 9800
f 4729 889 9800
f 3510 9803 1590
f 3510 2954 9803
f 2954 1034 9803
f 5865 9806 2025
f 5865 2592 9806
f 2592 672 9806
f 4086 9809 2166
f 4086 3906 9809
f 3906 1986 9809
f 5989 9812 2149
f 5989 3914 9812
f 3914 1994 9812
f 6061 9815 2221
f 6061 4140 9815
f 4140 2220 9815
f 6239 9818 2399
f 6239 4117 9818
f 4117 2197 9818
f 5696 9821 1856
f 5696 4451 9821
f 4451 2531 9821
f 4707 9824 867
f 4707 4458 9824
f 4458 2538 9824
f 5506 9827 1666
f 5506 2616 9827
f 2616 696 9827
f 4726 9830 886
f 4726 2593 9830
f 2593 673 9830
f 5285 9833 1445
f 5285 2805 9833
f 2805 885 9833
f 5023 9836 1183
f 5023 2948 9836
f 2948 1028 9836
f 5096 9839 1256
f 5096 3175 9839
f 3175 1255 9839
f 5284 9842 1444
f 5284 3150 9842
f 3150 1230 9842
f 5694 9845 1854
f 5694 3515 9845
f 3515 1595 9845
f 3777 9848 1857
f 3777 4086 9848
f 4086 2166 9848
f 3773 9851 1853
f 3773 4728 9851
f 4728 888 9851
f 2807 9854 887
f 2807 6061 9854
f 6061 2221 9854
f 4535 9857 695
f 4535 4538 9857
f 4538 698 9857
f 2617 9860 697
f 2617 5696 9860
f 5696 1856 9860
f 6236 9863 2396
f 6236 6238 9863
f 6238 2398 9863
f 4317 9866 2397
f 4317 5506 9866
f 5506 1666 9866
f 6057 9869 2217
f 6057 6059 9869
f 6059 2219 9869
f 4138 9872 2218
f 4138 5285 9872
f 5285 1445 9872
f 5852 9875 2012
f 5852 5695 9875
f 5695 1855 9875
f 4009 9878 2089
f 4009 5096 9878
f 5096 1256 9878
f 5501 9881 1661
f 5501 5505 9881
f 5505 1665 9881
f 3770 9884 1850
f 3770 3773 9884
f 3773 1853 9884
f 3580 9887 1660
f 3580 5504 9887
f 5504 1664 9887
f 3583 9890 1663
f 3583 4535 9890
f 4535 695 9890
f 5447 9893 1607
f 5447 5283 9893
f 5283 1443 9893
f 3529 9896 1609
f 3529 6236 9896
f 6236 2396 9896
f 5092 9899 1252
f 5092 5094 9899
f 5094 1254 9899
f 3173 9902 1253
f 3173 6057 9902
f 6057 2217 9902
f 4894 9905 1054
f 4894 4896 9905
f 4896 1056 9905
f 2975 9908 1055
f 2975 5852 9908
f 5852 2012 9908
f 5446 9911 1606
f 5446 5448 9911
f 5448 1608 9911
f 3426 9914 1506
f 3426 3580 9914
f 3580 1660 9914
f 3525 9917 1605
f 3525 4534 9917
f 4534 694 9917
f 2613 9920 693
f 2613 5447 9920
f 5447 1607 9920
f 6400 9923 2560
f 6400 6402 9923
f 6402 2562 9923
f 4481 9926 2561
f 4481 5092 9926
f 5092 1252 9926
f 6054 9929 2214
f 6054 6056 9929
f 6056 2216 9929
f 4135 9932 2215
f 4135 4894 9932
f 4894 1054 9932
f 5089 9935 1249
f 5089 5091 9935
f 5091 1251 9935
f 3170 9938 1250
f 3170 3525 9938
f 3525 1605 9938
f 3168 9941 1248
f 3168 5851 9941
f 5851 2011 9941
f 3930 9944 2010
f 3930 6400 9944
f 6400 2560 9944
f 5497 9947 1657
f 5497 5499 9947
f 5499 1659 9947
f 3578 9950 1658
f 3578 6054 9950
f 6054 2214 9950
f 4890 9953 1050
f 4890 4892 9953
f 4892 1052 9953
f 2971 9956 1051
f 2971 3168 9956
f 3168 1248 9956
f 2969 9959 1049
f 2969 5444 9959
f 5444 1604 9959
f 3523 9962 1603
f 3523 5497 9962
f 5497 1657 9962
f 4531 9965 691
f 4531 4532 9965
f 4532 692 9965
f 2797 9968 877
f 2797 2969 9968
f 2969 1049 9968
f 2788 9971 868
f 2788 6399 9971
f 6399 2559 9971
f 3569 9974 1649
f 3569 5694 9974
f 5694 1854 9974
f 3514 9977 1594
f 3514 5501 9977
f 5501 1661 9977
f 3159 9980 1239
f 3159 5446 9980
f 5446 1606 9980
f 2956 9983 1036
f 2956 5089 9983
f 5089 1249 9983
f 2601 9986 681
f 2601 4890 9986
f 4890 1050 9986
f 4469 9989 2549
f 4469 4531 9989
f 4531 691 9989
f 3513 9992 1593
f 3513 2788 9992
f 2788 868 9992
f 5614 9995 1774
f 5614 2950 9995
f 2950 1030 9995
f 3929 9998 2009
f 3929 3743 9998
f 3743 1823 9998
f 5917 10001 2077
f 5917 3562 10001
f 3562 1642 10001
f 4888 10004 1048
f 4888 3928 10004
f 3928 2008 10004
f 6053 10007 2213
f 6053 3915 10007
f 3915 1995 10007
f 4530 10010 690
f 4530 4132 10010
f 4132 2212 10010
f 6226 10013 2386
f 6226 4118 10013
f 4118 2198 10013
f 6398 10016 2558
f 6398 4477 10016
f 4477 2557 10016
f 4529 10019 689
f 4529 4461 10019
f 4461 2541 10019
f 6051 10022 2211
f 6051 2776 10022
f 2776 856 10022
f 4958 10025 1118
f 4958 2594 10025
f 2594 674 10025
f 5847 10028 2007
f 5847 2965 10028
f 2965 1045 10028
f 5017 10031 1177
f 5017 2951 10031
f 2951 1031 10031
f 5085 10034 1245
f 5085 3245 10034
f 3245 1325 10034
f 3768 10037 1848
f 3768 3929 10037
f 3929 2009 10037
f 3574 10040 1654
f 3574 5496 10040
f 5496 1656 10040
f 3575 10043 1655
f 3575 4888 10043
f 4888 1048 10043
f 5439 10046 1599
f 5439 5442 10046
f 5442 1602 10046
f 3521 10049 1601
f 3521 4530 10049
f 4530 690 10049
f 5084 10052 1244
f 5084 5087 10052
f 5087 1247 10052
f 3166 10055 1246
f 3166 6398 10055
f 6398 2558 10055
f 4883 10058 1043
f 4883 4887 10058
f 4887 1047 10058
f 2966 10061 1046
f 2966 6051 10061
f 6051 2211 10061
f 4526 10064 686
f 4526 4528 10064
f 4528 688 10064
f 2607 10067 687
f 2607 5847 10067
f 5847 2007 10067
f 5438 10070 1598
f 5438 5440 10070
f 5440 1600 10070
f 3419 10073 1499
f 3419 3574 10073
f 3574 1654 10073
f 3409 10076 1489
f 3409 6396 10076
f 6396 2556 10076
f 4475 10079 2555
f 4475 5439 10079
f 5439 1599 10079
f 6048 10082 2208
f 6048 6050 10082
f 6050 2210 10082
f 4129 10085 2209
f 4129 5084 10085
f 5084 1244 10085
f 5844 10088 2004
f 5844 5846 10088
f 5846 2006 10088
f 3925 10091 2005
f 3925 4883 10091
f 4883 1043 10091
f 5491 10094 1651
f 5491 5493 10094
f 5493 1653 10094
f 3771 10097 1851
f 3771 4526 10097
f 4526 686 10097
f 5490 10100 1650
f 5490 5492 10100
f 5492 1652 10100
f 3163 10103 1243
f 3163 3409 10103
f 3409 1489 10103
f 3111 10106 1191
f 3111 5437 10106
f 5437 1597 10106
f 3516 10109 1596
f 3516 6048 10109
f 6048 2208 10109
f 5080 10112 1240
f 5080 5082 10112
f 5082 1242 10112
f 3161 10115 1241
f 3161 5844 10115
f 5844 2004 10115
f 4879 10118 1039
f 4879 4882 10118
f 4882 1042 10118
f 2961 10121 1041
f 2961 5491 10121
f 5491 1651 10121
f 5842 10124 2002
f 5842 5843 10124
f 5843 2003 10124
f 2960 10127 1040
f 2960 3111 10127
f 3111 1191 10127
f 2958 10130 1038
f 2958 4525 10130
f 4525 685 10130
f 2604 10133 684
f 2604 5080 10133
f 5080 1240 10133
f 6392 10136 2552
f 6392 6394 10136
f 6394 2554 10136
f 4473 10139 2553
f 4473 4879 10139
f 4879 1039 10139
f 6045 10142 2205
f 6045 6047 10142
f 6047 2207 10142
f 2603 10145 683
f 2603 2958 10145
f 2958 1038 10145
f 2792 10148 872
f 2792 6046 10148
f 6046 2206 10148
f 4080 10151 2160
f 4080 6392 10151
f 6392 2552 10151
f 6390 10154 2550
f 6390 6391 10154
f 6391 2551 10154
f 4323 10157 2403
f 4323 2792 10157
f 2792 872 10157
f 4519 10160 679
f 4519 4522 10160
f 4522 682 10160
f 5075 10163 1235
f 5075 5085 10163
f 5085 1245 10163
f 5425 10166 1585
f 5425 5438 10166
f 5438 1598 10166
f 5484 10169 1644
f 5484 5490 10169
f 5490 1650 10169
f 5837 10172 1997
f 5837 5842 10172
f 5842 2002 10172
f 6043 10175 2203
f 6043 6045 10175
f 6045 2205 10175
f 6387 10178 2547
f 6387 6390 10178
f 6390 2550 10178
f 3507 10181 1587
f 3507 4519 10181
f 4519 679 10181
f 5074 10184 1234
f 5074 5072 10184
f 5072 1232 10184
f 4877 10187 1037
f 4877 4869 10187
f 4869 1029 10187
f 4518 10190 678
f 4518 4511 10190
f 4511 671 10190
f 6388 10193 2548
f 6388 6375 10193
f 6375 2535 10193
f 6042 10196 2202
f 6042 6033 10196
f 6033 2193 10196
f 5821 10199 1981
f 5821 5829 10199
f 5829 1989 10199
f 5476 10202 1636
f 5476 5471 10202
f 5471 1631 10202
f 5412 10205 1572
f 5412 5411 10205
f 5411 1571 10205
f 5059 10208 1219
f 5059 5054 10208
f 5054 1214 10208
f 4854 10211 1014
f 4854 4850 10211
f 4850 1010 10211
f 5829 10214 1989
f 5829 5819 10214
f 5819 1979 10214
f 5471 10217 1631
f 5471 5462 10217
f 5462 1622 10217
f 5411 10220 1571
f 5411 5404 10220
f 5404 1564 10220
f 5054 10223 1214
f 5054 5041 10223
f 5041 1201 10223
f 4850 10226 1010
f 4850 4843 10226
f 4843 1003 10226
f 4487 10229 647
f 4487 4494 10229
f 4494 654 10229
f 4494 10232 654
f 4494 4490 10232
f 4490 650 10232
f 4490 10235 650
f 4490 4484 10235
f 4484 644 10235
f 4843 10238 1003
f 4843 4839 10238
f 4839 999 10238
f 4484 10241 644
f 4484 4485 10241
f 4485 645 10241
