v -0.273906347860026 -6.675226402993719 27.119127830682427
v 13.409031749060015 -6.790529755820280 27.640726330471512
v 6.344990116521827 0.791815696525179 28.821157007209621
v -6.875067223048470 0.731149054386613 27.459807819187233
v -13.911207660803946 -6.604152575537940 26.777843744897865
v -6.886272385263847 -13.937679068576067 24.922958732716985
v 6.298349661010356 -12.889687732490138 23.086079397554734
v 29.341201595793454 -6.224975668159914 25.397827205416991
v 24.241418552403069 2.820037993843569 27.911231449492398
v 12.620179382698900 8.343857540622782 26.137869486973297
v -0.293748934988451 10.422333594486011 26.528936212035521
v -13.124309155585120 7.780975349470466 24.550563760111768
v -24.490401106429040 2.386179530622092 24.438213303325256
v -30.005709722633512 -6.535155671309597 26.435683493740679
v -25.384749765477331 -19.140654457902638 28.968619395961760
v -13.418342722448804 -23.317061795290162 22.975467922593687
v -0.267305028942807 -19.696233593323004 17.104871044234141
v 12.416774503109297 -16.114434617098453 16.014877256520329
v 23.941433282215922 -13.506547655923711 20.577667670847667
v 53.168812161169633 -7.435735255698705 30.419615568665865
v 44.891886812466552 7.548171245748256 31.333905996209008
v 28.336282971788012 13.469847991600695 23.730866230268905
v 13.255192971100964 15.151701992613468 20.153264971556645
v -0.305544052390628 15.659865854142755 19.319187997698119
v -13.831674641910253 14.726640832121118 19.670474668972830
v -28.627041168096810 11.952525542106786 21.301150234568571
v -44.850436289531622 6.595133079209587 27.981949641691820
v -53.649271692461170 -7.489734199062756 30.233731448210555
v -46.838619601742671 -26.619062268186628 30.410765149660868
v -30.297990131351956 -34.144539667052506 21.827251041804697
v -14.194983662304404 -29.669600354308361 13.982201387079003
v -0.272651780693160 -20.785055465293905 9.014667733302792
v 13.001805952867301 -17.649158297944609 8.518122178265198
v 27.600142683126336 -16.911107079635872 11.048984814151021
v 43.398011118200159 -15.424194501829616 17.821308961188119
v 91.195174234555253 -6.635192442350956 27.303576783584273
v 77.985659855381300 24.700603928529024 41.491928409246135
v 44.882411979811224 22.062034770920164 20.307017190789246
v 24.457575777441271 18.383825053179518 13.553309070371149
v 9.555253231486560 17.186383946016523 11.566192813341598
v -3.564512622519208 17.435955456057687 11.542255598337764
v -17.296419607535903 18.356527849866556 12.808553421102093
v -34.036859669569843 18.437758645770359 14.996169684029393
v -60.537804412473662 26.206488630329797 30.142879908278623
v -92.001272856227885 9.289730530804759 41.875648770958932
v -85.312746141128144 -18.009285022913112 21.336953728458091
v -62.305915381794655 -44.516270315358781 17.241195292488300
v -36.734271924450248 -44.302727882414445 8.440612134063160
v -17.851084543187920 -31.727920670974889 3.790066322794111
v -3.524800228286678 -20.468839527673364 2.117902647045622
v 9.461333577422067 -17.218998807043903 2.006686433950795
v 24.115144216252180 -18.584780199049526 2.982557977929114
v 44.078718766045654 -24.264234958385323 6.624858098147275
v 78.241897665820304 -41.506987618102272 25.666530806256240
v 104.448661725177146 -0.047659029526468 0.523771974605997
v 95.683715039832705 35.335486079036251 9.220826518671412
v 53.574104274935131 31.866540540318585 8.415066249085061
v 28.629225190293113 18.904291780087970 5.259718511812137
v 12.861078007964137 17.120232075848165 4.838893842264630
v -0.318958039867789 17.114802938468870 4.851945001573608
v -13.586670472460417 18.767176693807681 5.272125876716191
v -29.475897858211834 20.605800822414611 5.740897111235302
v -53.354213756764622 27.763793164028918 7.524431526653493
v -94.884404451940100 32.337388249865285 8.692693265740324
v -110.069630766337923 -0.290595897130068 0.698241141395605
v -90.717916813258640 -25.086518929716707 -5.410927061643532
v -55.916522046853018 -40.079037742505719 -9.129963922043334
v -31.319443116358805 -37.460922048836302 -8.513992199119647
v -13.711674449241015 -22.309751315093660 -4.813199364079237
v -0.286849855684572 -17.306960726921133 -3.599534554423979
v 12.862775158447532 -16.839442142478788 -3.499097462608550
v 28.981785945334263 -21.897859232244663 -4.758662974392605
v 54.557187560489176 -36.229591970468903 -8.305390673653440
v 94.830198963924062 -33.712410643658146 -7.731309055817838
v 92.179915165706731 6.997557173982161 -28.217076618064766
v 78.336023330402028 41.950391308033907 -24.939298729922683
v 45.096533026405858 30.029528356236625 -6.986738627043369
v 24.376623562924770 21.599857284586392 -2.234181213961510
v 9.475600411163867 18.451876924298105 -0.932921389541409
v -3.565154657676652 19.522440200476165 -0.849320808333902
v -17.325481578556655 22.096848128310796 -1.610526518470378
v -34.481279028156600 26.149790766976029 -4.020342615260834
v -60.847887182768808 37.877220557783168 -13.611449620800315
v -90.880187438261586 25.522638228877099 -29.348851156524862
v -91.626446334145228 -9.615846531697345 -39.586856898632185
v -59.261382658737261 -23.146065956490482 -24.890566387521879
v -34.526353540809112 -21.952355550807525 -16.117824105454261
v -17.246097263188148 -18.354283548800197 -11.317405884782927
v -3.506760561716423 -15.153988004718784 -8.689117899969473
v 9.503147742533882 -15.833578445312398 -9.311221378559511
v 24.865883155535606 -22.027835103682335 -14.736438190175011
v 46.546600927981530 -29.247566034543521 -25.361550317511732
v 76.778587916218072 -22.971973958669764 -37.282580970427425
v 53.151967468498839 7.278138200531257 -29.508118055901210
v 45.495271877305740 23.461711273386136 -26.005936450685315
v 28.344853428092595 23.036819171811281 -13.873919783834216
v 13.157192777828987 21.241564935488505 -9.089703878628804
v -0.333926962786709 21.068112813346136 -8.048346257619169
v -14.122262003572999 26.445867311277741 -11.443705187570679
v -29.684400341115879 28.096597233047042 -17.030533835948546
v -46.905678769138184 26.025891738847019 -28.942056253458187
v -55.110010674043828 8.576326879961558 -35.206769887401727
v -46.011356231358697 -8.589080423106306 -32.962593365402441
v -29.030795805105047 -14.220436946450175 -23.225113269060731
v -13.855296187652671 -15.415510655462523 -18.847331463352226
v -0.300510252146908 -13.764226924605527 -15.462629388054870
v 13.270087262357285 -15.601631107071016 -19.146963123927748
v 28.676290232405613 -15.372698320104309 -25.347266992873827
v 44.983688351730244 -7.950768385140110 -30.883412755621745
v 29.814629539255574 7.094590429481901 -28.849213491925777
v 24.058829313843852 14.345279075151083 -21.070352482672668
v 12.484703588247401 17.837656698722135 -16.778541753475167
v -0.340462706721740 20.512133866623344 -16.858524245851488
v -13.495416728455782 22.781766582700165 -21.568846193862917
v -25.360536758347017 18.069750933472935 -26.689597964639503
v -30.379617799530163 6.805013212441302 -27.898488770379604
v -25.024708012892884 -3.360501802814632 -28.619756359644150
v -13.256463311599891 -8.879056068051021 -25.530344094184638
v -0.311515664807763 -10.276855045390937 -24.138380866201043
v 12.739183859524227 -9.598807493035137 -27.808941563212485
v 24.687155007155720 -3.670501606184201 -32.058027336521249
v 13.154697342162626 5.534291141484659 -22.557612972166044
v 6.227935725937278 12.463404011141385 -21.686889589867306
v -6.965541512181481 13.756961730793730 -23.989211852267392
v -14.133246036968286 7.012940124000825 -28.683625795033006
v -6.933526280445013 -1.101323872248066 -26.911160732868613
v 6.289944588716262 -1.093187988074393 -27.127278857656663
v -0.329463909457693 5.823715647736670 -23.787628831202824
v 98.829795422348937 -9.009510190893394 -14.266376060654139
v 71.063454759312521 -1.739412340847702 -39.425998150840535
v -110.251356969839705 -4.814031238225772 -18.790987341259306
v -111.019980434306831 13.243893292009300 -15.062460346652449
v -105.129784366781834 -9.928272713391204 11.920548226603682
v -109.050952965694847 3.961327501110127 19.011163314512288
v -107.907342557544339 13.225855963947019 4.014524247074911
v -103.618168531822562 -10.113511467657361 -1.720582764703287
v 100.280415209411146 1.780609262599729 -6.938359771377899
v 103.631914647744935 -10.397277037040549 -2.016438946823015
v 104.425595368128086 -2.755608776415193 11.552807183023225
v 105.599706149267135 12.019051046022355 3.485209132291408
v 99.421171599695413 17.215872005443341 29.049668769646910
v 98.187116572107314 -26.679418954645850 16.662996968331640
v 96.937847429285966 24.838735459678414 -14.555145236560417
v -68.312206213018854 9.223002238491979 39.844493865214218
v -66.899447919455412 -23.528512639415052 27.286666018301077
v -68.516802957090363 26.592372736518165 -30.019949120292249
v -67.624091617760243 -9.099790082198886 -35.991890341117717
v -77.957243092334579 -30.880105415556194 -19.458254862910259
v -77.697442995918465 35.299029199862630 -2.893678442873647
v -77.400679827441479 -35.206144106909299 4.176877031703950
v -80.999883648489742 37.535046616268311 25.518498204831353
v -75.620647488557793 37.327445851119194 9.896859420558044
v -74.813960428887214 -35.647386612581457 -8.021253606165294
v 74.720638741755380 8.986889183271444 -36.385693897613770
v 77.996620534458444 -46.441991967942499 -10.838383187103265
v 77.273875377211183 44.400907487678872 11.466716654876759
v 73.563549135489879 -8.255344843781391 33.835259577355913
v 100.310740281024593 -10.761167205857767 13.127634813130184
v 100.581120752424795 16.459604457804325 -3.215470670320585
v 103.809019074558549 15.919191045782147 14.096809463224126
v -71.743669101542551 -1.420918405978822 36.240033899682494
v -72.761388407909067 16.500900048143670 -34.136071882442792
v -71.248578759632977 0.867833677721976 -33.120317615995944
v -70.477223415478250 -13.921722639232350 29.081110456136130
v 67.115354938021014 36.314839589058408 26.057983766015585
v 68.059664874050114 -47.330897278485921 6.710161146740864
v 66.361970349054374 41.343088958742335 -4.843659402764800
v 65.544706450399886 -31.636556733646383 -21.541851065647514
v 65.990060457300800 5.077534083304906 40.352901713506853
v 63.849654162995357 -18.545203808186976 26.914690094306909
v 67.671811808573167 26.666966317624361 -37.676517112025536
v -96.780146807231574 26.848870613865024 29.309631121680191
v -88.644748810520539 -22.285549939341951 8.235863286873737
v -92.135871702365208 28.201336582104801 -9.088927716292645
v -93.464151993546693 -22.865720128965432 -23.153957360132011
v -75.789751113391745 33.070325174224891 -21.346665487328160
v -76.133635826416679 -20.169641920370594 -35.327035267826396
v -77.433841396782938 21.609045752399290 40.188237302268597
v -73.970263577882719 -29.194366670421232 19.791055389130388
v -103.105536044022614 12.192031454242201 -28.167627220418087
v -102.494492693821442 -2.528586199838255 31.188909704344582
v 89.165818556345485 -43.848279988054372 8.943201491414271
v 85.721867678431011 -28.578146077905757 -22.102291879214707
v 86.892626090055074 38.600130447977051 -6.885384073837079
v 88.674492704876030 34.058234495802971 27.639507450703235
v 86.144653775341411 6.965822959085795 37.281693645707492
v 85.157112438629284 -21.807889834662344 27.938479943926261
v 86.566919748050097 -7.312874669398576 -37.307346242012088
v 86.326447742280806 23.563723626395138 -29.248622560174628
v -43.270585179546721 15.821768124356876 22.814778511040132
v -46.145960894974422 -40.335693372757234 20.689072606194525
v -44.372560912361521 29.885465935111334 -14.388779149584607
v -43.322185993592015 -16.432450687868698 -21.777131728509879
v 103.538572374891544 -2.390396935863169 -3.340159216596542
v 90.220132154193081 -17.940499251041732 -29.006245056592984
v 62.126852173294445 34.872947998734467 -29.254317855241293
v 58.659563655292871 -23.878533135644378 20.826789184136203
v 60.505317061259888 14.476541804674925 36.695086882833294
v 61.069710708614309 -15.579345172111317 -37.832153479405548
v -102.722409659092762 19.588449829145631 14.504227931862422
v -100.225360922722444 -17.286212298329865 -11.129826914989454
v -101.498662333825990 21.993982657202523 -2.127469636478525
v -96.765611367065915 -16.000850021137897 2.675351893513223
v 61.081595165897561 -26.363224880006339 -30.341773791064895
v 61.093837616563235 26.226664253514311 31.526926708129800
v 61.625927036093955 39.800345165479875 -15.598319327850032
v 60.680840877285668 -35.984935372707405 15.091011286074821
v -89.288427636628697 -8.036379018552745 32.324746410160429
v -91.262954471937419 8.487676147515646 -34.983056492574093
v -81.171089971736833 4.259895411800831 -34.926700664340373
v -79.009726316100185 -10.800862982719551 29.091793744026841
v -18.732086626536788 10.891316646927637 -27.101139598350905
v 17.981516058248694 2.749828396541777 -27.869648960411265
v 77.272287920791996 42.331669249207238 -6.189389578922363
v 76.016158695550985 -31.369840036895958 -22.701172399089067
v 78.391130731730044 36.991146951684406 28.088874071567716
v 79.267899816777984 -48.035548995329158 8.162318240132858
v 76.488001735285664 6.233459521641253 40.421917527117643
v 75.001339291947303 -21.457602740157888 29.344366658055851
v 77.744352543073234 26.370991005789637 -35.088610860418967
v -87.681462625442308 25.189925955431178 36.714746834328636
v -84.571507132096485 31.984027137050237 -15.872327482822250
v -81.642068460884545 -26.212078364067665 13.992427006263117
v -85.680024812422459 -22.841149607346502 -31.280738752137381
v -44.502593299608655 -28.121567473769979 -13.027401672293035
v -43.582618295473630 25.181429515934003 1.304755721552070
v -46.939226928174207 -45.715482257599952 -0.530174494078958
v -43.765648471672790 23.617472088595481 12.320117335267856
v 36.778179445629647 21.931922313922975 12.017385999565118
v 36.519198337013854 -22.880606199224182 0.507656662977825
v 36.753835665088864 24.637696717496702 0.655689951569234
v 37.786765135133443 -28.187368848997348 -13.979156202301461
v 37.703845554054517 -0.005363660926641 -32.086832655032651
v -38.338874699817424 -0.092129371455123 -31.857646566281801
v -38.745364405567891 15.989465368619395 -30.635848663829641
v 37.439914762342454 14.088761434412886 -26.859142939014227
v 36.644221359869974 -11.553774722508333 22.639865294750688
v -38.461403492043537 -15.771355908648179 30.684616428656113
v -37.433484763423699 -0.302273617205586 27.137464699527420
v 37.317682700503198 -0.229687984478978 30.184299075600727
v -66.869889849873800 35.063810084583530 15.367890393429191
v -65.863659215665265 34.191960869606397 3.661727739677232
v -66.579224298085023 -34.758833790649625 -13.713587991119752
v -67.433517833232415 -40.637500614496929 -2.854388503812388
v -46.323116605479193 20.994714812931051 20.172199146539192
v -49.439318624051246 -45.071870859035386 12.709134124139160
v -46.100072596685777 -20.589219258436547 -18.103655536381705
v -46.703243589351516 29.484067851929197 -7.334834369091816
v 57.316004326649029 -5.372277227384880 -33.904336025098488
v 82.911331722928153 3.239994746073885 -36.437574843024372
v -102.450469412318171 7.207419406414123 32.965637139966589
v -100.818043418064448 -7.153055743564750 -28.923096470357216
v -95.969412324990998 -14.957464249488520 17.780217505339891
v -109.731279114333731 0.957993825160911 6.070536897324571
v -108.642471605466753 -3.590859156745426 4.539732455800532
v -111.759035417382094 3.845785182043790 -4.117487071711929
v 55.747547377148898 -36.131432369502576 6.809245351652303
v 41.825534481252035 -28.960873321064479 -6.543521253491848
v 52.928236523852945 33.572334581968136 -18.399387506204388
v 41.416484414053372 24.811696088976149 6.705402349686311
v -104.730185134381401 16.060874150345288 24.865131867277320
v -102.597384044910484 20.916842787051500 -23.209914558473788
v -59.791045891222971 -46.140906233750805 3.244231373802810
v 89.823750726038540 35.085390292416129 -20.878358381472438
v -98.442284725595187 1.550984932028491 -35.461235431053922
v 70.549726749729018 -30.401108057237224 27.469902640074295
v 99.874943058140445 27.510007884066663 19.825427867973552
v -54.735951737447849 -37.346049686681255 26.435008876268412
v 55.889099062670695 29.321529979169107 23.277095570578268
v 103.413059852368875 7.077578185144855 20.901451916830137
v 64.459952295662546 39.879564231432269 10.256919211631331
v 67.459822647577298 -33.413212027198099 24.631817243189836
v 90.633090383848142 -35.787600803342883 23.732126252588053
v -56.547374290909701 7.914532383362591 33.979145329004183
v 94.229614457575892 -8.308219842673680 -26.612652347778713
v -51.831739742487215 32.337617442704691 -5.909287599666337
v 97.535949551962247 30.791707831603834 -2.913603882673902
v 102.195392450894943 24.380800837737475 6.179133682811814
v 90.455849697320346 21.753185000138153 37.811692661411264
v 97.970275252319524 -21.679272712630240 -11.504224232096906
v -42.689098787541340 7.712857835659426 -31.735804915628695
v 65.440663808662890 -43.117415892195048 -10.127115626326036
v 98.911244242917576 -31.374838263292663 4.475112451528171
v 100.357409605567298 -22.420871122245593 -5.115249175288707
v 60.236407893932352 16.944502642756888 -33.970821568324645
v 102.510444620064703 -18.861622222612421 7.508146765407374
v 96.250569153093096 4.897416605650406 29.104126475149602
v 56.107273339676617 25.464720251893318 -32.636276072617669
v -52.305386313001527 16.648762680794668 29.634105479982889
v 35.382267877612342 -26.221523282306972 -20.313364581403967
v -94.221809936530391 -10.909315587662864 26.714269661504357
v -102.975599490991613 -14.775296655131104 -21.403139028961398
v -41.599642190221566 23.603381842694134 6.494780756774700
v 93.846521411187268 -19.450605282047199 -19.171600451808985
v -102.471216808538202 21.923725632517247 -12.259073915804612
v -43.491573407578052 -39.762269905791221 -9.652160877234980
v -51.998315266592229 25.138984246688967 21.342899046421994
v -56.774895602880484 33.545503150249964 -2.812242887012744
v 99.236330460935335 13.329892426602260 -10.960779372587835
v 41.345572001836743 -6.615163351320459 27.530923867832239
v -64.170445834914062 33.277344211336171 8.736022976234194
v -79.426268711867806 -9.525688794598638 -39.093973115198075
v -61.079017326970359 0.929591019463384 34.779700467951379
v 55.494413444419088 36.128304083380840 -5.918231359824881
v 45.410736384577753 -29.756299981594907 -3.854966304398936
v -41.826392965088317 -7.012053335682273 28.341697299269089
v -24.457796126073035 -27.745759900257436 -9.691285477331416
v 52.242345811827597 18.788901451947215 29.171991635129793
v -53.411930901221311 33.531840728244504 -22.075645571850895
v -70.156022957043191 33.405046706981324 28.877663721865602
v 34.929063112081430 18.701698663643363 -23.250627534445346
v -81.131347920034329 -4.142071617766170 -37.694423838032520
v -56.311216610926742 28.027070642507638 19.107004532790214
v -79.998025318941657 9.163573967398447 42.714203044292596
v 95.249558393834832 -16.749263594641619 22.523437505579732
v -65.472018242190799 -35.165014363954867 24.253663389496229
v -81.781527445660302 3.294204395688908 40.601457743304763
v -102.684713368962392 23.652704068793003 6.382954627161994
v -54.760882708115773 -47.204003132980738 8.376817978535609
v -22.390050589624639 -30.002481631591685 -6.781131577823778
v 53.364668270640301 -23.128782926253773 -32.897355156935589
v 72.031914223384447 43.990954925850922 -15.009568935348936
v -57.539040566665697 -31.921245479764462 -17.352510596112495
v 97.007155623118607 4.482064205938129 -17.850704042640128
v 41.483662952298104 7.182369481968413 -29.167078476489344
v -26.844434980179404 -38.692658690390111 6.103970290412947
v 99.507140850457844 26.455735478841163 2.696833172225569
v 55.310302754381738 6.324238315213782 36.152193534289616
v -36.064940453634762 22.174276121993017 -28.021222453396838
v -61.686319648692510 18.045917833773174 -33.888085675584790
v 61.075888801339111 -42.109219396867815 -0.831729425440262
v 71.732154557186931 14.941668316306053 42.709217250997057
v 95.316911770584753 16.112743425563171 -21.904227552639767
v 34.903071217580674 25.372687388023607 -4.668616478825069
v 84.660256054443295 -47.283734382219251 -1.276433005284970
v -36.016536591602900 -23.031470624332343 30.318978740144665
v 63.552821753527041 8.319916406411176 -34.102989961529616
v 59.939959340585581 34.689207757015772 17.396285236377174
v 37.604831453910641 -22.318643340599007 -25.365177708561951
v 53.690101443921819 -16.887974805151217 22.252147466396746
v 73.139071721672323 35.993372028089730 -33.442536441624334
v 82.411293636032696 -38.268951762414382 -17.295270450601347
v 102.018897186107168 -21.070542609038455 1.176576491145607
v -88.900949620849588 36.919741543286925 17.284068598303236
v -79.763357383926689 26.861608867739889 -30.564138133200391
v 62.000511402137192 2.845831607628066 -34.730192418458479
v 83.498287138556208 40.797171961965361 20.186154546456361
v 72.392750867965816 -46.484050838977126 17.229960093660431
v -3.532274313473950 17.819839553854056 -21.916228386861423
v 96.491082232075200 -1.052739533727149 -21.765488065315481
v 71.993619498137150 32.063790235451599 35.338145956775946
v -96.008028319861154 19.031072246656763 37.551640047070812
v 71.664226068108789 -39.435474160671617 -16.614320723389337
v 73.909922233037264 -12.612863318697141 -40.872201591834624
v -35.526839016568125 -5.965323884051933 -30.760023584133393
v 45.174658571245779 -19.167656781199341 -30.147912470990910
v -23.041632263405955 -34.689374867697722 13.286556499858115
v -70.597949393405827 -40.793898659555097 10.904762182470741
v 52.641655320351198 -29.879592153308209 10.683575504514931
v -79.124178486835277 30.989713620657906 34.369917430280147
v -56.783354012940649 -8.912036868696500 -34.711076296771004
v 34.816382845561883 19.775184347128398 16.731300604731445
v 48.701021357755010 -31.169667818377604 -0.533742296067494
v -24.270592190198396 26.685306202065732 -7.631073434221427
v -61.318562823898787 -0.274226965839699 -36.090997279877172
v -57.684620288966279 26.619755640914136 -29.851316538046596
v 100.884958126726005 26.134461174830445 11.780871185354831
v 82.596184529277849 42.817743241146935 2.143145925023989
v 34.668026280457354 5.112535933219283 29.109784715665256
v 2.908450649489305 -5.340965864739723 -27.322968173384261
v -52.002772224440491 20.921531104451169 26.377764258057681
v -96.880284556663867 30.698563525029790 19.199080572906276
v -64.463239763665271 34.340877523548436 -23.366557976677701
v 87.834831704739813 -41.707218462913922 -10.307683806777399
v -52.540781842072661 -16.161092289817848 -29.299001874413008
v 68.469979477101390 -39.785490784759283 21.482203435665774
v 71.061522162514052 -28.318726219555657 -30.042083787832823
v -94.110714779305383 -18.076900173512719 -33.025934934165186
v -65.479764640463429 -44.082234245562937 7.058509440416021
v -34.839686187198716 4.323329557733927 25.436303663006534
v 34.334445797650105 -20.729343551493344 4.585870713302274
v -23.949095949797616 16.112562365759523 17.024542559903292
v -63.464362239484657 18.422119861793909 37.001816226317217
v 53.214688863141170 35.152224539548989 -11.304582455143610
v -38.145372989732849 27.609266137903045 -23.297935696498442
v 36.825322338503454 23.427983702102242 -20.067589644835785
v -60.308509127095427 -15.702122694136136 29.964106331017895
v 82.109647082397046 -31.971747259955336 28.279421863292296
v -68.375622623167814 -28.294533674844498 -23.194546756312842
v -86.581461116541675 34.811726433957048 2.722481629218774
v 99.008717283825860 -5.061923617544100 20.344500981566821
v -97.188704015450369 -16.534534807592827 10.163774093703303
v 94.973611678564993 -36.165734476190408 13.293063936358998
v 68.722578581141491 19.933896106148239 40.263056568008594
v -104.742844639180433 -6.980965328374351 21.971014626075050
v -81.913303410117834 21.761289972565173 -33.505123475938028
v 34.833405352166487 -5.804674217231145 -31.414252835452764
v -100.585004435996055 17.428479211432649 31.784358594748671
v 59.653989606002810 37.204537344035479 1.911449687643858
v 63.238835733817751 -8.190439907122808 32.805065437749924
v -108.468790024357943 3.748601534978759 -24.735636643804369
v 87.577652322997821 42.046909602046092 10.556956424159932
v 76.507496660062870 -31.699606088046423 28.589533923128812
v -57.011735263914375 -25.315958707621363 29.525438145882664
v 83.649209952496136 33.703892702718171 -28.690036002963375
v 59.389946805572777 -1.446019949289895 35.967099092298895
v -92.241062828742585 28.091084725119163 -19.426835524308089
v 53.710372389681076 29.280531415126248 -27.747966637924687
v -37.456126365224691 -11.568200233121861 -28.301651647007805
v 51.125421569388131 -24.372436960390164 13.984226620410139
v 93.114688180003625 -39.716437413711127 0.416267840839774
v -50.251431345118540 -17.052079123309653 30.860711850481724
v -50.849103172583241 17.781568766639150 -33.620567928919051
v 83.205437964888020 41.245121763566118 -16.012520875783878
v -68.573901316362040 24.673069709311445 36.208676494874702
v 72.588335854241535 -49.174246648322388 -2.429043107074440
v -82.028125898823461 12.565414781090436 -34.884035196911086
v 52.989166685169863 24.143231308458105 25.915889493285590
v -69.388527017215381 37.441727310512007 -8.229364557111744
v 44.225942317338983 28.582665749026738 -17.153145370025094
v -76.209463836543037 -20.900158773003124 24.509946387294420
v 84.896958933479567 -44.985042704808649 18.407255177444618
v -97.518750675779430 -17.912129300597915 -3.525332011711537
v -38.308554193424456 -31.226718444691169 27.360327744216775
v 50.119941511410033 -33.956387054725752 -17.129116085220296
v -21.740318740135969 -28.936107503821368 22.604932824042010
v -67.548325115457374 -21.965604843415012 -30.437752240612362
v 80.036627032965640 -0.965400689385671 36.308235814727482
v 95.258269765654859 26.495187582350511 29.369113584772759
v -110.997457743393639 -2.801770207752170 -8.980672398812475
v -62.739632842259176 -4.382848588040102 33.033608492795629
v 82.727508314084673 15.678788814971805 41.320859259709714
v -90.992139972272554 -0.223570730715970 38.543970081403160
v 80.917062576847897 16.429625176327193 -33.772254551880117
v -85.741912236144159 36.753483190608250 9.162931009571718
v 45.303386096013242 28.000933462276517 4.467174411934971
v 71.651868151915508 43.610471181706473 3.284174153937032
v 45.331728024316917 26.611538977331193 10.148242188385503
v -85.254475944279875 -29.537094985890221 -12.626672031751104
v 83.985550715394695 30.610082328111119 35.902845206285711
v -63.010275592240198 -16.892418981193458 -31.740620990496524
v 93.121003358745597 35.683733889557558 18.857042879755454
v 33.664727641320994 -13.924008866660262 18.787620183960811
v 96.434878459880323 10.276138650063189 -19.927366385268037
v 68.885753292867165 26.217589869815502 37.733479558177223
v -16.149906800611671 -16.525461226863964 26.897602928460412
v -52.056568464112935 -25.336904325832130 -18.617254503916996
v -50.387422695932628 -0.099637915649366 -35.500541927208950
v 71.898837569743250 41.657922433227860 19.276883119783296
v 56.050190587212001 -30.928940929108570 -23.778742901284147
v -102.821754390229728 2.448656586343724 -29.335394168422649
v 97.912051694261208 -0.055241604340937 24.670572095814332
v 46.186042157278564 -32.178301376034348 -11.141077331256145
v -65.554859768351861 -38.579274039939740 -8.945418475261210
v -89.732888701212758 33.754233862654736 28.309279803870464
v -68.852036754249625 -37.502231074192615 19.137425532165210
v 36.767166413692088 26.397048313685705 -10.405144851157679
v -99.738409896938364 -9.428238918177367 24.873245478252937
v -38.813872679016988 -42.840228516715626 -5.199383341294229
v -63.932196382397237 12.578095194572541 -34.905813311168018
v 84.182946989478410 8.324581303806374 -33.786421890366341
v -110.065766661775058 13.531757920901544 -5.425441368594843
v 77.052760495933384 -39.235069978333996 -17.195721864957306
v -84.150822090295890 -30.251844392954279 -0.601251974486535
v -83.214843742161662 -31.023698584500139 -6.794084431816706
v 95.116136995223343 -13.613428354878240 -21.897748445873876
v 69.493309227469439 42.695981833058369 -20.722122037604404
v -77.096785244132192 -26.584893260033766 -28.113998078726002
v -83.930812342314653 -15.539657788447593 -38.875017903729692
v 15.455683410253014 -2.356411479933549 -29.728583668166046
v -46.638217503456765 4.269624482326206 -33.892746771972796
v 36.564874813439005 10.603584629613875 27.713219656260726
v -80.506407272342827 -5.029342300696095 34.747232905364285
v -84.837637273586907 15.804944259026463 42.591169478009057
v -23.916817496281816 -35.418991211662309 -2.709459583249981
v 53.111566495318492 -11.753498698272640 -34.174000002425039
v -57.710656136511020 17.508769365394279 33.333041432862146
v 78.877264462847037 -48.812046154760075 -1.486373316721936
v -16.152562867991648 15.930071751655944 -25.384053683721827
v -98.095366907974480 2.864350197854920 37.935296506355002
v 71.269463973016073 17.811425799081213 -37.643333815536167
v -33.217279724241358 -42.790649738819063 -0.548413000329337
v -107.724856143710781 -8.037851764205675 -10.126997979728523
v -97.723317309401963 25.194059996470251 -16.212744149262114
v 36.722631467000078 17.427659137857482 21.717437526464892
v 82.915554717933574 -7.953297128088854 31.890793186509153
v 104.981710500146391 6.583892953698049 13.018854463803091
v 79.384672573826990 -15.067205653635625 31.016538344095817
v 78.005836631135494 43.173652765379721 -15.573899237707481
v 36.712684431231281 -11.929370038264606 -28.819673501925720
v 44.917819077597635 -9.460415974562487 26.487559713488658
v 78.900351735353610 -46.638445521967682 17.619351046343940
v -76.869559406010822 34.843352001857170 -12.212752226836120
v 93.020397277327788 32.730054477143653 -11.086120590896968
v 93.648950526105480 11.915403306909811 34.343971717358400
v -91.642350067176423 -0.345719013412401 -38.128031532743599
v -83.509447747865977 30.094756062296206 -25.771678250578024
v 91.725103316097446 37.508007682242543 1.038727780131171
v 78.737744043625781 35.098561835835980 -31.494278342830178
v 36.141977241037459 -19.671575734901960 8.441224727868194
v 77.391482310895753 15.366148980014012 42.481709660637996
v -46.866283706955365 12.328757616126767 -33.215528004613461
v 81.706513119465782 -26.424615718093051 -30.201134353861889
v 82.456772426149513 -15.634883403216044 -38.798537697676416
v -21.965787255793852 -32.460906474990779 18.164975366688150
v -93.629884183259449 30.441826068822628 -0.256740821194795
v -112.751575063990671 4.224409598943184 -17.408794654225542
v -61.039690872693299 -30.674120148003560 27.532733785487512
v -60.921676737614810 30.833901367409112 -26.803124102483018
v -8.564751375618323 -25.520435839571988 7.965572146758879
v -63.286256533732598 36.404075427767118 -4.875845104671251
v -63.144234624132423 31.701929782145871 23.155069206676874
v -36.786624863263555 9.193694222567867 24.461004222657614
v -52.564597827982134 33.975738698679720 -14.003709911390041
v -10.867728467167593 -25.859343152682143 3.023204092232514
v -25.735224140069445 -20.461677342694514 -14.030034181281424
v -106.652303114557270 18.018687814415365 -8.576081281310884
v -98.000775297240168 -15.621774284020791 -26.610597203018653
v 49.066085885365759 15.508985960541054 -28.962666873593772
v 77.886931938831353 41.617152320696505 20.184755055094293
v 44.282628512712762 15.688009047153889 26.983090891402668
v 69.881790769555025 39.764769614978874 -28.002728644620696
v 78.265153382822561 31.929141412901416 35.786073857972809
v 92.438968505449296 24.524136366008008 -22.512577355710544
v 90.680016231349057 -41.363925894664746 -4.851518636868836
v -53.404234499146867 23.630084062052692 25.179514475847860
v -97.745796946454277 19.465134266255010 -29.691658852015557
v -92.664516938331076 -24.683741410315303 -14.282247567495961
v -62.038047827224496 -10.917149009076351 30.469260230604188
v 15.288934942065676 1.798439826251677 28.265534553141350
v -63.198590728564952 4.725233164659649 -34.301157906013422
v -45.492333463090517 -3.892955004547979 28.949545480927743
v -33.132880481404818 -40.032969864195984 15.563807948359040
v -86.271711949306166 -2.420219364541135 -38.309294642359831
v 52.543230370825185 20.378910014391181 -30.729316236983724
v -84.615338121193631 32.329310129437900 32.018726738480552
v -15.637649498192763 1.512245451463248 25.660748232233551
v -91.466534340868591 17.414130255688590 -33.375646289230104
v 92.611116024718797 -24.655133781081723 23.563629158138475
v 52.825050061785788 10.936333718201331 33.744497272003272
v -73.523173307469591 28.302509353010329 35.537428019724821
v 21.559995812702315 6.208018864256223 -25.530318964921843
v 89.888416537093192 -0.044807946477442 -33.257867025465600
v -86.070479415359287 -27.733640820536369 -21.663014648643639
v 48.086935936864471 -11.894443814418395 24.567375656539934
v 15.110556913909679 -13.096704393373413 21.741255001331083
v 59.797808489713759 -35.205781975823420 -15.575379826189312
v -25.897511083846148 24.155905949712047 -2.802380181490611
v 77.316297528038987 43.839217641550555 2.583232579084338
v 90.705346771594890 -31.488939915947675 -15.311676522528263
v -106.045648193240496 -11.708909390352449 -14.976419413258201
v 51.417277774740882 -19.146816852838366 18.770625435313725
v -62.823855269449446 -29.529064025752287 -19.838020628894888
v 48.947602006602629 27.484959646997556 14.585188747532435
v 76.318813843342099 17.685732812787734 -36.029404509215652
v 49.150207410720974 31.319272983719944 0.771778521106232
v -109.021427718820519 8.748808794734725 11.567373507152224
v -21.506493855331364 25.917573466268387 -19.562364950711608
v 88.828700775878104 0.073728493098890 32.497843185606058
v 92.447158919566931 -25.503799459626787 -17.253777616003038
v -53.571405728308804 34.089514214683831 -10.386465594493714
v -83.073044992747072 -28.795090303561221 6.223717093209442
v 89.395142102783169 15.322194043404329 -28.871088748249981
v -55.816211094890420 -0.208893462997752 -35.966358596030297
v -51.387292929997855 -19.635709533899167 -23.176000478982228
v -73.567252891686394 37.458572054370045 20.672753158978932
v -32.839354745753305 -29.871637391661189 -12.687668847649071
v -93.710616695772515 33.013080228001982 23.672074736819660
v 66.158775801972197 -46.409067783012190 -1.913009168631001
v -100.436116878801357 23.571648452959767 22.008699850333862
v -54.258302787400019 22.408345912299772 -32.128621422839593
v -68.486252687502159 36.576672290746508 -17.841000706181532
v 68.823056476601693 -25.215003049376673 -34.321679903112980
v -57.850792014945192 -16.515736733089220 -30.462939844816493
v 48.976472703067813 -15.581528170606369 -32.398433419028002
v -106.771460764084821 12.175970294658811 16.906007922833862
v 17.384681429449650 -18.491998992354358 -11.957911771541102
v 45.214607908630747 -3.891026105497806 30.445157960555647
v -7.265941077925236 -24.627447691541484 15.521550765158253
v 68.723979537044613 -19.794990841220425 -38.821603153228175
v 96.454357191709278 -8.900084331507285 20.725377492326764
v -53.651379995331908 -21.235168227144797 30.711211031440346
v 49.008482881869824 -0.261239535600746 -30.674612727361762
v 45.280655501745649 10.727610071018024 -28.387844464962601
v -27.440283237222612 -27.333233768402209 26.573006523097668
v -46.057434158559893 -11.647849616114399 30.211836188625519
v 90.392990485514403 39.223820215036994 15.018189818128397
v 45.405102023417747 3.539166406981344 -30.386272032001411
v -90.246589710855531 17.761446253437946 40.563039642053120
v -23.003131297350709 -16.632635906697914 -17.525051933078419
v 35.506080290305505 -16.122006226840245 14.408802764357482
v -60.148170628747671 31.352233142408608 11.441224199996414
v -7.339824974635802 -25.061306170077454 11.498269052737491
v 18.923798793469356 -19.292999989414326 -9.119183739593350
v -85.234163625690584 32.491271243341274 -6.100368815442734
v -78.121213991036001 -16.468793656815873 25.908085096672309
v 65.927999856111882 -8.650617748692035 -39.421915891662401
v 48.661130322153340 -0.234670395291825 32.301526438108411
v -19.650686091853604 -12.872643723766767 27.857680091422033
v 20.705692261825181 -12.499366753271623 -26.596792811728257
v -112.071796209792637 -0.663447987026382 -11.458000268164213
v -76.250604632400893 -32.855779406554085 12.360521827974218
v 41.077388580640736 -15.348643704765818 -28.971320506450471
v -38.122359401567302 -37.539529197584571 21.499691308002468
v -54.119353927388879 -43.362862524221200 19.601565227575094
v -49.930782622155043 -34.661445239594642 -11.983877197314328
v 20.460787222602047 20.207750498758159 -15.166658712998652
v 21.065422520492543 -18.897716604557520 -4.188328196848921
v 90.854882251513416 -40.833604438380149 16.796456162908445
v -25.679121195753858 18.199617188135715 13.814155604781320
v 106.158663419022545 4.571201246398486 7.574963917483341
v 76.456025378597431 -27.564722967732251 -30.215619170610957
v -46.389561582871131 -34.161203269208876 26.522062695639939
v 40.661306176487813 27.425677854460087 -13.689425470508839
v -21.131836328433177 -11.633466527150221 -24.490960839191008
v -37.900886123927044 -33.081691185296243 -11.401270415091799
v -49.084642579546390 -0.424107522623994 29.898461133649633
v -27.986692539113186 -37.421373174251016 14.384065626187507
v -89.041723623885574 -17.141497859970659 -36.609397967873925
v 20.487490679822518 10.816487041141983 24.802383872451646
v 67.368512782711989 13.007210273034850 -35.974900431958901
v 69.781426579253647 -1.907517003795998 37.751224055661289
v 89.765181373623662 40.069412040879321 5.575383896504590
v 50.193021422791254 -29.924660192831993 6.586032525685305
v 61.479688776037371 -42.198343244729770 6.889414016858813
v -21.845512326928837 27.669405435878129 -14.280509799001180
v 79.091245739591685 -4.371557798856008 -39.980109297853346
v 20.899109876335867 -15.738335481153269 -22.440453980792572
v 84.371205623029894 -21.210644107050332 -34.101749375493824
v -72.153952326187550 -24.631283883774643 -29.592497550963138
v -78.208774139805797 38.522483482075266 17.728125136497244
v -8.771844858402526 23.219362931028481 -6.064414845123244
v 94.808272519437537 -38.195099379940103 6.758986688782105
v 99.486502642935037 -18.730598090957987 14.991608418006951
v 65.462853002946929 38.712267374487880 18.350795892960576
v -20.856090760258240 9.704172286972874 22.623715861085561
v -98.393851740997562 27.345397198765653 3.234496608370568
v 88.273203279114369 -14.253848234659319 27.771969350973084
v 89.425294582405229 -36.723377920119511 -13.208920238699509
v -86.643864952324350 15.199125939239291 -34.561837478131125
v -22.253837343770993 6.902547629468818 -28.239058116338001
v -81.925908147177338 -27.306605664763332 -25.602680524968768
v -13.565212240266263 -1.154995940193868 -28.261570444601372
v -88.081833750711397 29.701271218322141 -22.898430212311226
v 57.831390743565017 -33.182938225229179 -19.541924888317581
v 65.451504937062708 -37.485598559522998 -15.944101520740070
v 75.057841706537332 -1.145569672125724 37.410497528954942
v -55.049151818392190 0.187455840447868 32.247071678766545
v 21.337530038034956 -6.390298504972389 26.281870541165254
v -21.953855343200136 -6.593931099202980 26.385261448100387
v -108.461995161421314 -3.494814996181709 15.709005943721642
v 90.233672138060598 28.638969222081116 33.495525977354234
v -99.605112484564657 26.493419086186968 11.680998183741654
v 20.789887381709718 21.922925052212470 -11.439608803107436
v -36.728522499302628 21.810197412890613 8.934477122902234
v -79.470214977570876 -23.400541760320895 20.364405207139235
v -21.548690088118153 19.545487566222715 5.469519008949762
v 19.983924933565145 -16.150423854722710 13.398787104524764
v 40.594225296703719 16.616890973813803 24.304276922329663
v -7.088700958785929 23.888670793531638 -14.236938491808269
v -41.195067602015328 -43.249033925402799 15.054286431057747
v 6.344607150491293 -18.602564688474342 12.793216211469790
v 63.748070903861382 -42.397625186160177 11.354205262025751
v -85.565854315931077 -2.651146942956455 36.874502816559804
v 20.798165900584216 17.563431098584790 4.965647833661618
v 65.979845392334312 -41.769067084045624 16.586118051177500
v -21.425640812730855 -14.958271375188769 -21.134852883214034
v 58.580398187402089 -12.845220313676588 28.423637176095294
v 101.429456860460576 -16.190807250931659 -6.953911210602058
v -7.106277690001269 12.807266638786817 23.331792407129090
v -106.462234129898562 5.656996852008006 26.308076849216683
v 68.604538414740503 -13.671162058414094 30.921006864431561
v -71.999457104705527 8.677179920125543 -33.747049583286916
v 86.770259853283477 11.787913799888248 -31.318117094391148
v 6.510557574786446 13.200938546703352 23.711542614229877
v 102.448385696638638 16.710770995937555 21.805334691253883
v 53.777614010577743 -28.080703885734113 -28.117590093563667
v 104.626673196115476 -6.698448831427009 4.801920914985723
v 88.218775385634885 -28.876730807691029 26.519191749581683
v 6.399685690058522 20.773120104654556 -12.949286882187728
v 20.801878610898040 14.241227790404123 21.883505850796848
v 103.271215927409585 6.903528929908889 -1.899185689443140
v 93.699220685222130 -0.624147805684474 -27.749046793498113
v 64.480196621117685 -1.829411674872493 37.107735459998004
v 102.909760137463849 -10.775443561906474 5.756684673421908
v -36.566673872576224 22.730188144637083 3.473230801687963
v -7.085883744075146 -12.820892176969739 -21.474627326338080
v 85.832672263447378 -3.958060113547778 32.173856029672102
v 6.480400354332847 -12.931784867445220 -21.637752922629875
v 88.778207262904431 14.188685250408405 38.424731820554079
v -72.632314671797729 15.567362976224903 40.950561132274963
v -87.324798060537020 -13.104607547503566 26.896315132986786
v -107.992268634181798 13.137036355953096 -22.210023695194831
v -28.240825256576858 -39.385497095436094 -1.572773773480090
v 65.302807136612770 40.868053381947718 2.717887759402862
v 16.990667231780279 19.677332715039945 -1.687478418286526
v -107.041064077923636 0.429390621593427 25.629956291019990
v -45.203304284833941 29.422986615662865 -22.130406472672149
v 54.515698590794997 30.917957519629066 15.935181146788750
v 64.008257146582594 -3.494302866951690 -37.076482573394273
v -72.721941914944779 35.974527320996529 -14.962655280100877
v -36.092048510798612 13.534557301187931 21.573525957407007
v -82.321471616706901 38.098037297262593 13.535171302355591
v -7.262708738842446 23.657102386089061 -9.763660326013156
v 54.860961656022823 -36.600027783246901 -0.722400345421426
v 100.657617376217416 9.140256276130422 -5.174672387100744
v 94.901657340436486 31.385837484226741 24.126880493297442
v -21.225174149326012 13.275405232241122 20.414586698354032
v -32.855958428572769 -29.192787126317409 27.067500236550853
v 64.482064344332855 -27.208132046236507 24.300687051376233
v 17.031883997877689 17.531927202724688 12.521329563218851
v 54.450682597771127 34.146272454029109 1.281478083243008
v 53.992909221307229 -0.802635968156459 33.970652202222908
v -81.209848612160414 33.904132172699363 -9.410154353657871
v -19.551725884005425 1.795490871578547 -28.994962383760722
v -37.040762932781867 28.867001749211774 -15.693985647176007
v -52.707911888370511 -21.831085914267149 -21.458176891965188
v -72.735309494856011 -35.385949108353699 15.688133743316760
v -89.629121078800935 -26.646298641967423 -17.961844642457052
v -75.797896679110565 3.662439817730434 39.911641070250802
v -97.355318372787579 -20.572417190330590 -17.198619598987300
v -76.966666128823391 10.378949248331926 -34.504433260298839
v -6.824673686162570 -21.535366512794425 20.063098793713618
v 20.297870660261118 -17.018583023313461 9.725203709167836
v -39.367545109846233 28.295937131524830 -9.160935878230134
v 48.128630927951356 -32.709008282515796 -7.408324304019833
v 35.485343943230149 -25.268488124122197 -5.699854763212423
v 16.834307258831213 -17.405174769045463 2.498107118527566
v 88.805986685825374 37.408639046570691 -13.930209675374009
v -7.203633867359015 6.433688853858848 -26.310046021705809
v -70.255065847481518 20.261791011728938 39.199481630958736
v 48.912335863152556 28.965857930237515 -22.506670485573700
v 88.690730861561448 29.587330581547711 -25.682429024668135
v 99.550764509956480 23.733045132318317 -3.197335176337377
v -89.461701873867810 31.697547654306582 -3.241679805082633
v -59.495675691539127 31.226798233075879 5.640517718054242
v 30.662193894715546 14.335261582715898 -24.171500513659176
v 83.984018389839648 -14.850214928243833 29.778482833140977
v -27.193007262809726 24.292218823474272 -22.967669061941535
v 98.961148586786692 20.686810269701589 -8.922284651208674
v 18.675886833751946 17.669776888770450 9.185990840073105
v -36.181742866791865 -15.247278504934190 -22.432033601871602
v 61.582185616182791 37.927438146887440 -22.650275887977251
v -75.354183225431328 -4.348108900498360 -36.050826808198849
v -8.647817687304189 -15.391537456152301 -13.799307446904884
v 18.854885854132878 -2.030424121713836 28.193424932382275
v -71.105800830362654 -7.615204285377824 32.563405635204418
v -112.441150391144575 8.731869179905617 -9.500384248972573
v 41.711409332177887 -29.597026577535789 -19.938807851809770
v -7.216705675097958 -19.287395010440559 -3.948574534346538
v -96.217157702852603 -5.917240204673151 32.465579511950871
v 18.730930717112447 -10.524015800134304 24.549288307418017
v -10.454518930454814 -16.524746198967197 -9.874360959306884
v 31.339866233265031 -25.078798662892275 -14.354485030493095
v -61.349299145693308 -46.424251533627235 10.315836879244102
v -57.949134582483751 -43.790111280255722 -3.305905068630405
v -97.132386737370012 -8.598828298896029 -34.989944193490324
v 57.269821911358697 34.590324733962724 -24.001195881009671
v 48.914812591117254 31.949370177950421 -12.713948230308381
v 43.624643808340544 -20.072774444110944 12.396620395843607
v -23.424207993498907 21.166970590565850 1.988918244012586
v -52.656467056605678 29.914411915729382 0.753970804054798
v -23.395750430453127 19.288440544582663 9.229916595090007
v -50.988597101099828 -30.063514573661447 -15.250063470414180
v 18.692306765172898 19.038293204151653 1.218172475049424
v -99.741424069976247 13.227749403222404 35.698413508316165
v 33.285952201993176 -25.231452185082425 -9.333986904442714
v 6.549753407934289 -14.391151106216642 -17.211017385160833
v -87.382403212771592 -20.715866084564496 15.074616778319083
v 80.547432853857075 -10.038402355313291 -40.074614522068060
v 35.161450929708515 21.573970853408536 5.917202177834407
v 47.500108202297795 28.331275215170255 7.558354329601506
v -97.617707849036250 10.555537890550285 -32.445755869898889
v -6.882129454323980 21.735294429884092 -19.271134607171518
v -52.545706256862324 26.735085610789689 14.474741596259907
v -69.394211439374388 -41.412202370023294 3.930228468613128
v -101.179716677210237 21.694512397081855 27.265165285942700
v -107.359249634598470 10.120224601572886 22.058583148437847
v -32.047026615417465 17.036137695296336 -28.686262638196148
v 18.671534982648549 9.826717918010218 -21.619042664591205
v -92.292643801165767 -18.598023761154693 13.001089565875834
v -31.690363774936404 -1.724436423658054 -30.201547107918170
v -89.871645551438533 -23.914161583482844 1.488204815660668
v -110.085468348466151 6.605999092383287 2.507714731204151
v -19.212887461171690 -2.076873555069914 25.786068942583977
v 98.102305038036619 -2.260420332084924 -16.139595893085932
v -7.116349462886280 -14.401264908559289 -17.093031303176367
v 26.538361987997352 -10.121056964526186 -29.662756474636581
v -106.056379941462552 -6.259078686165604 -24.279118266414660
v 55.287264422903242 0.910192849375916 -31.532769269334128
v -32.650739271687179 25.896464044252266 -23.065954629292364
v -19.176550366082839 -21.516805506312149 26.621941721371307
v -10.447318892933602 20.797451161840122 -1.234941633022977
v 74.283078006335856 -14.768952890758253 31.332723196735973
v -67.347296450180139 -15.884222844824791 -34.032360579277736
v -107.258231189969877 17.417333608635463 -19.283620634711255
v -97.073474981727685 23.655155164935039 -26.591465374207143
v -31.977053341298934 28.167425223724337 -10.330177865283314
v -68.202507022803715 34.928143172040862 22.283471369880367
v 18.624281274103762 -6.763165341940734 -30.362730206308665
v -39.505495526811075 -40.642618695981426 18.439400604930825
v 84.659796631425749 39.234638696637631 -23.337647872695641
v 93.742410582774639 30.126662182253170 -17.856848843109397
v -71.697398339394454 -14.816464149456841 -36.362911447067219
v 43.747234632064732 -31.480859041783077 -15.612111593569008
v -79.772073206689086 -30.969150619830266 9.214606825401741
v 19.110719224696652 -18.712775357075593 -16.905504156910006
v 89.043847776626748 -12.867537307769258 -33.751361130996813
v -104.985636345116632 -1.822734838030455 -27.140766337825717
v -44.473789824364729 -13.051227666530025 -27.795236758289690
v -67.571229971652357 6.739208159078974 -33.828047316729496
v -50.772785163472918 -32.142893555011646 28.826687970060409
v -58.677038992825047 -41.706405967681619 22.571247799430573
v -97.933873825357082 8.267702045006967 38.246479833010298
v -37.446580393869219 -44.544139299923451 1.466398182355606
v -101.117059315743802 -13.183459805968944 7.288505592371131
v -75.392835278496179 -6.343471435216063 32.987507577885566
v -97.085576037434421 -1.831856115889892 35.544501388792781
v 98.192844466274479 31.713099736884065 14.573947716570657
v 100.343793952594140 22.635955291854611 24.776449728359438
v -10.434047342219142 17.855127618481017 12.166448061582482
v -94.697516807777603 14.140415345116338 -32.914229716925462
v 91.236616799992021 19.969188292586058 -25.951507456302533
v -110.786173465977896 8.762331213540405 -20.434997819179973
v 92.704927267760240 35.288192457309314 -5.049862167995699
v 84.898101760066979 -39.317720095267191 25.667656520890347
v 94.882300131355947 -31.402599788201393 20.484297865449548
v -19.366501236526144 20.637739046575156 -24.466721741023957
v -42.147864136162333 -36.109202877257161 24.379280722235087
v -104.455561253388595 -10.087465227819688 5.091846543140178
v 65.609544329994492 39.217855756460438 -25.212454291460119
v -100.935171331918340 6.918492465184774 -31.986054135000543
v -95.373994684843268 -4.010838781904909 -38.143582336149272
v 31.900849263817815 -20.966893630603963 -23.025127096948147
v -42.593005551351155 -21.257559019712765 31.273531302533836
v 6.562853753485783 -6.774412284918644 27.494301027316787
v -27.642717980823072 -12.690182453635739 28.341522636330261
v -41.682332829440057 -45.853032875826351 3.912454504421770
v -55.831852272789952 -45.493691354941134 15.176672388843940
v -51.480513702788166 -43.450533758691833 -5.137742958464505
v 6.266149347025147 -18.801141299455558 8.762002126015696
v 70.539265549862620 43.032353636228414 10.998092720099404
v 59.019016787329136 35.870468559299994 9.335468915358792
v -7.092299729045196 -6.638349378268559 26.938394479342190
v 67.260884761373049 3.327607738596658 -36.901766768114420
v 74.136155758155510 -36.257102271864667 27.326973222276294
v 67.303058889813826 -24.423948088740154 26.995641753815686
v 30.794285991162379 1.300273046417056 28.969841069134912
v 101.431979466329693 -5.697588542873010 -8.911461633947681
v -31.889305720451780 -17.459696119045297 30.091211573381251
v 12.809958990437210 11.832814869887329 -19.981823481115160
v 104.137836180032522 2.115655809675354 16.298472386477815
v 101.910378801131785 12.124786317130560 25.244524984887633
v 48.499267855292771 13.241922854402482 30.403836056016132
v 6.474939490078796 15.423790695811595 19.745353227239690
v -93.789801684146582 -20.586529602734252 -1.355576107393621
v -40.354132815503313 19.357634592539373 17.347967377751520
v 6.228554692106433 -9.888971940572155 -25.912291423310492
v -71.720916323638420 35.593858363170639 0.419650309697771
v -7.071551613498295 15.247601824800075 19.525920269588685
v -95.606893630904182 -21.337413721139100 -8.251552181494016
v 59.547196282800279 -30.019970867179307 18.101786568608201
v 6.370245657476419 5.489634825995830 -22.752696362890266
v 6.414088469397953 20.832169324841743 -8.590979599702059
v 67.374626405871297 -14.188297165472109 -39.928663172126228
v 31.188120855402691 -1.814304073044887 -32.400300808046637
v 72.444176751050080 -37.905106529498646 25.905999466498976
v 63.124686418345583 -28.612261805607670 22.663235953083284
v 61.317959626387079 33.057247146299275 24.810213320731844
v 50.521660619740608 25.530399207426758 21.682877264101542
v 102.336715457071762 21.838042296353773 17.051128812437078
v -30.996220853428635 1.010080046735466 25.591749856253742
v -48.141553853169682 -46.177413639338702 6.136588542881555
v -97.882444945936143 -12.767921586365986 -31.250728806784501
v 88.189051422945184 -23.460323153831279 -25.721897107546070
v -0.367834146345568 13.112015230221562 -22.842574312615803
v -43.019636659098765 -45.152300429409550 10.691001313546343
v -15.490419405162807 -27.355192589075852 -0.739779831965615
v -100.070645655888782 25.277393985082107 16.869898051775323
v -53.380761495789109 -46.330947671159855 1.258444205239018
v 18.850068876283927 16.858707955987150 16.887100201844184
v 2.835094008040896 -18.307480145888100 2.187667741019211
v -6.965793473694741 17.841437677891104 5.043659529753589
v -8.670312572630683 16.676864385011864 15.839975308618577
v 101.269431557575530 -25.291182912024297 6.042309861961892
v -19.131625695496357 -6.144090094597856 -27.152602523702697
v 30.414088288276037 -20.409158622622968 1.669259235267256
v -0.322259383858458 -13.313744034345984 23.858429658016668
v -72.814442680572995 -38.629844842169128 0.644913536855098
v -81.188178116266883 36.753445162735318 6.202975493697600
v -112.877416535348686 4.033722306475440 -10.716721956669138
v 84.535448123500316 23.510388197142845 40.491089899081459
v 95.379105603259617 19.580185740968691 33.831951548575780
v -72.268876339559583 -32.827744414757468 -16.590242978683246
v -105.438925955985169 16.470261977834014 9.282420767339334
v -109.690385815281957 2.445494984052843 12.559875343568059
v -0.283125861186668 0.774435116489707 28.315543618143433
v -29.414779332530664 -25.006611292127239 -13.167678064383903
v -6.749127573188032 9.179188061866165 25.696291249513173
v 55.469443651769623 -27.033632793162852 15.954115100649641
v 101.777752770842284 -9.785651516383675 -8.365125055428019
v -61.487224240529933 31.720478047460247 17.275090445396149
v -0.317547549790725 -1.137769504169277 -26.761123390140391
v 5.964216553267472 -17.562552309196686 16.400174667996417
v -34.213306384530355 -11.126622080572316 28.658348113808138
v -97.065156450584496 25.413263153571780 -5.660182056609238
v -50.809943250400728 7.221827985777746 30.771242103061784
v -62.306516403586990 8.570946990236271 37.158586508332853
v 100.083587783300146 -27.056838276932957 -0.400754571440243
v 64.751090923651944 23.222246667786095 36.134447699109757
v 77.104547509335688 0.949301052062907 -38.727885400748050
v 91.010480043081031 -7.858900713958200 -32.403146052770914
v 96.613132310265925 -8.668130792499458 -20.471118606059761
v -108.207445836209033 -4.769498107003784 9.077467924659929
v 6.271118074951215 16.890853101420699 4.811482676329421
v 91.475229964630714 5.798460803202511 33.569682604301846
v 6.268525255517018 -16.544085336600919 -3.467140471064698
v -97.694761112433255 24.968046163655494 -21.444214532551793
v 18.765269711524432 21.434865847919689 -5.660008921183116
v 60.854772406366472 -21.559288239136201 -34.933158401973898
v -61.812158950681422 -41.025480317366039 -6.303224439396674
v 99.869599488577634 -3.575176024132573 -10.722440396264718
v 2.993282615625359 17.199983806154684 11.539344085412530
v -76.665249776871050 36.445107848246124 3.481685628018150
v 18.477564203150532 -17.770605797937218 -0.254232926391746
v 104.313780961278212 18.333048490600930 4.747350437145922
v 99.281826159816802 30.070215482395689 7.668931590760025
v 6.024827471756391 18.952942402246283 -16.656575683342158
v -40.632535514633275 27.608391510110366 -5.738857694609465
v -6.786755574018855 -9.508275686864939 -24.738669590926662
v 26.420633419869048 -19.591094977154526 -20.726434259767490
v -79.882567926959993 -33.555088927428201 -4.374527873071585
v 97.547033156048272 27.967755427424102 -8.828306381860568
v 96.904499172363259 33.259135251689798 3.125371405853885
v -56.093481456728803 35.644765054947676 -9.662253607672632
v -47.772558236763274 28.633489821614155 -2.352535115010718
v 6.179182720766867 9.457044843673057 26.467703000297895
v 2.932394398381406 18.716129992356556 -0.981356872404148
v 99.235952149804262 -29.320315764211792 10.722806939777961
v 97.341846393724353 -32.798190158854553 -1.736860516423398
v 30.641968311474418 22.877299573230086 -0.864056721908262
v -8.854410916692995 -18.217400347406194 -6.446905575536661
v -42.609439475995799 21.302521752815721 -30.494955041907733
v 3.033826012855339 -14.950635268556900 -8.848333334121131
v -72.203490057647116 30.550473393707989 -26.262527306415759
v 30.292110688019910 -12.437549115531699 21.525462704341955
v 71.493042857224850 -45.540926573107491 -10.907141706354508
v 59.970008477577352 -39.716006046258748 -9.228316851438587
v -76.247852291392249 21.929728232112847 -33.042365084057870
v 64.503447006816543 31.457849665849743 -34.396282668564609
v -110.265794200866551 8.643744062845965 0.028965254330754
v 98.602704063385445 -15.381250217193591 -12.991302786474140
v 96.744249789365540 -27.837497013476447 -9.783232395731396
v -19.097678244577818 -25.014935379580475 -7.238011306975658
v 18.427913227138827 5.628264694775957 27.187730346913614
v 63.811544075848019 31.655519873542161 29.179546400962916
v 51.199786060234828 -6.673684746245794 -32.200344002640207
v -78.604096858770788 15.561644380491821 42.428653575697552
v 87.955838637994432 5.306939453025832 -32.875845737756407
v -80.060336219919478 -32.645412114582513 -10.335303129810109
v 66.295350575302393 29.400247674561452 33.752297519786012
v -59.871413753054917 13.192533720103699 35.714007930751507
v -32.150871624807117 -10.405124717029270 -27.444977820695854
v 101.581551675920963 0.863400347740950 20.840222662918769
v -36.601302493041388 7.237433151031130 -29.607490604000652
v -48.812827774622519 8.177057311670842 -33.773587394946937
v 30.696579735695341 19.859216496280613 12.726729770699805
v -66.598860343824072 -9.276830166166732 31.339211764985340
v 31.678978803552475 -10.900394991978921 -28.949325021377064
v -106.182616428450672 14.335960853811255 13.084443312680463
v 64.766040185203678 -20.806010857614091 -36.800788911655914
v 60.635249435389881 20.479256546143155 34.382516728525545
v 97.912088528856998 -28.198537499403795 -6.526481233930366
v 102.225888938782546 -16.461383447288341 -3.607220472359891
v 18.310071594161609 15.859570822236039 -18.632443556569743
v -67.592320156725975 36.133728250716644 -2.207229369427619
v 103.327714015769246 -14.661353421837781 2.747701020073965
v 100.865738239805481 -22.875802819667122 12.239771822349987
v 63.668044017618584 21.765579822965620 -36.503032074476017
v 56.916330803961131 12.176658919254796 -31.245312521631359
v 94.669165168219109 -26.739334830461118 -13.640283916949459
v -76.412385244814558 -33.352034415897805 -13.769192837453776
v -26.876621085036966 -9.278984066047965 -26.793636728312102
v -61.251174632050997 -37.439055541595401 -11.437442285263296
v 65.861001921781252 14.806087873216557 40.175766834908039
v 78.553358413948700 -26.728631624572550 28.935369719112803
v -34.583990713571986 11.396914239392167 -29.202566012642123
v 98.359857307100540 10.923838131494149 29.542923629161542
v 93.693130499108449 -0.850581613045695 28.170119706856848
v -86.539317205651514 -26.409085371524142 3.871892953347310
v 86.861072649387140 -17.071786720393082 -34.383612183314845
v -107.552804904999434 -6.650635465080401 -5.296024363447323
v 61.664083892506738 26.207279764669224 -35.639965161303088
v 50.836924219669626 24.438224504024308 -29.271586707218944
v 18.179640194533849 -14.842671294859304 18.313311711246204
v 23.886847283384913 4.944526484138643 -28.395986878133179
v 4.629913328127421 16.690008078604514 15.501674637571281
v -55.969913367161872 -31.510204934665587 28.607031341136285
v -48.608501687962161 11.608563593470773 28.751450653241488
v -56.185680507784710 21.614824666737729 30.189269887908345
v 40.818170807925284 -27.993273554931747 -23.005852568123736
v 30.118343768219564 -24.134733972075850 -17.528134573253908
v -98.381065277089334 -18.992651514643622 -22.358869695189881
v -107.020101264971231 -10.054804437774305 -20.237529347535570
v -98.605571860015786 -7.122309226466487 29.249635426979005
v -89.722030953776880 -14.342400074188951 23.946216819225583
v 39.710962608714290 -17.746019143279426 13.266645936966077
v -44.755712799114313 16.916752068932759 -32.277816864672452
v -44.324503195317583 -0.093585446784910 -33.806884235886550
v -18.790845057038048 5.051249995118816 24.376287699567552
v -100.648440931094939 -11.375896762061821 20.037643526140119
v 75.958254893691290 -49.240177526894534 2.915930729576010
v -109.576532739128240 7.218314507048465 5.124868484064550
v 90.191013067632355 -24.284430702142867 -20.923681069004843
v 96.692478846097913 -14.317652563632059 -16.892494957482668
v 40.815989404810772 27.554469230661873 -3.128908457166560
v 90.588328992365234 -19.407679645135708 25.827900239211452
v 4.525718069209190 -18.742862166025045 5.547238269145880
v -47.526847808865213 25.547876456552320 6.988118241546306
v -35.578705837696745 21.947912666882821 6.082540551328034
v -12.810416597458655 12.394034190073533 -25.754704595552266
v 53.382658614022205 -12.256751735668470 26.442715616115720
v -107.197104193439571 18.042502286457307 -13.704016471708677
v -97.348561136527266 25.139145480386269 -10.679009322164813
v -106.028262383720659 18.001448660224082 -3.749359540113687
v 105.216893966118747 5.979899640443841 1.953190475866419
v -76.522295201811360 -36.111765962849496 -1.985407359834636
v -105.261662011687363 18.013875854657321 0.937315308386251
v -8.577214989861744 -21.467417735577428 -1.387193809001555
v 18.571279264923675 -17.650234915592584 5.697141084352785
v -49.706544639406260 -40.082537429318322 -9.548738518382532
v -37.326191435990680 -38.880281898218470 -9.388043260321153
v 47.466911338879292 -19.595495297413176 15.609805764106259
v -48.705948328371584 32.086908286703562 -18.271850985866756
v 4.562431374304901 19.662528414645784 -4.514880603090649
v 101.716850480783776 20.506835546699580 1.352322230820985
v -27.828689630834880 12.463627005481737 -27.710455424423401
v 41.467169035366311 18.775684545684197 -26.433494414742210
v 26.106998219678694 23.199742830082236 -8.031746967972605
v -38.640614007630873 17.159040899308913 18.930753936923569
v -24.556120642233857 8.842719504906450 -27.467963620206177
v 27.165428466847228 1.952991800001558 -31.125392683856042
v 12.157396657933901 0.780181620047436 -27.406496494537130
v -55.144489280764709 30.486455055360253 2.288471853639643
v -58.613788131837964 36.255641715657291 -8.068047562061690
v 54.713883477447006 16.231298663228408 -31.325733791021797
v -82.252456211474708 -14.682441516122964 25.546344752479612
v -56.140560296609067 25.857693694088550 25.844177918385423
v -47.927075407489902 24.294764677261195 16.804439834521041
v -101.968181031341857 -13.734301311200776 -6.415689047115039
v -31.981239573502052 23.366958045106891 0.855480500818956
v 98.578383469177751 19.134980218358354 -12.909904105874686
v 99.573302202877102 7.560211262359504 -8.887274268318233
v -35.692029782633888 27.976570563619553 -9.763316867450003
v 31.465068438785085 21.261374116091503 -18.864255374775119
v 98.117661518019247 -13.786134198581651 17.987637233222173
v -23.283750254801319 -24.448920064767623 26.578362293135061
v -24.828940529490627 -9.683030062979590 27.245061522677751
v -104.169380432841479 11.772170829839428 29.229180503506960
v -85.499283542229776 -9.592273544107227 -40.006708465299326
v -73.531729113609330 -9.312171074845608 -37.518093315863666
v -69.755427253253330 35.705107069256940 9.293490003088221
v -58.778575302600011 30.489128937936012 8.128265252918105
v 47.261265553699857 -7.016608682051893 28.961105332558002
v 35.377439032815005 -6.316423459570610 26.291719072939902
v -88.909170829508142 29.839297015625220 32.935463324829300
v -43.970529212171506 -33.998657481812870 -11.543443458035272
v 26.197660950225011 8.509420375368354 26.660263604686939
v -39.535509378834554 -24.924376211016686 -14.415769231805768
v -107.882151864094979 -1.810140668589669 20.814815955729831
v 68.787169799001916 -46.710260308185681 -6.511095423074560
v -57.478195403889430 -3.178251867127860 32.131734039489260
v -64.596723614162642 5.015550313596712 37.552801209189667
v -64.286579790885881 -40.440954791131290 21.368436326768538
v -66.266034114398309 -29.403730439953819 25.950946414195286
v 50.308612592185256 33.056697576716161 -6.453490837842033
v 60.808430964695987 38.981372959345293 -5.362001929307084
v 26.867327170276859 10.855040178405897 -25.137065946027459
v 82.200755720076629 -47.015958548085564 13.370338165521190
v -75.465922359715719 36.009644246501253 27.499830893280837
v -65.197498885433006 30.037936793185111 29.695417223221270
v 86.433767032826182 -22.599313445940314 -29.996564049105853
v 88.236755333296145 -40.958596177000885 21.549989156143248
v -50.065826370123403 30.068389151975396 -25.737237067945873
v -56.998487551803990 36.187454185250608 -17.976017610251173
v 25.933785760737383 19.268039675329121 -18.009353708417574
v 49.830481904184879 -33.249104517365858 -6.023019611107900
v 41.047583961966517 -26.170612711882434 -1.738272055011556
v -86.042014863489428 9.162857996175600 42.891896687432329
v -74.080542688311141 9.162330501005071 41.582366624117178
v 58.364783584476250 38.325158952029348 -10.745156006251998
v -107.381505875293627 -5.565479715319564 -0.469088999791428
v -70.738938338509044 35.770466377475053 6.778923887438369
v -76.269232468350438 -1.725171936975746 -35.139659978992505
v -86.297582439507991 -6.720376010363337 -39.550261287114175
v 63.895472186380452 -34.842261693527888 20.024252213500006
v -47.727197084925628 -7.247326649303542 29.355060722760768
v -35.925566753565285 -6.786086889965853 27.326553325368376
v -100.933452806687498 -12.925941635381932 15.035853009544363
v 48.456160235124457 20.553183783296401 24.874850003626801
v 56.242701348569973 16.734190923572530 33.135739847958511
v -54.812288649362152 27.935161947257122 13.320031186644304
v -58.128763614185118 27.561546197517544 24.811584319062657
v 97.615700014351106 14.748498674968776 -16.547035354794588
v -27.694449979414017 -32.775585377571772 -9.392332328718698
v -21.117451367546952 -22.778399184908601 -10.113114148972473
v -104.102498122831420 -12.767157452268101 -10.611835313815281
v 26.237387117915130 16.751462870165117 19.101038206764809
v -58.603535526383133 -46.511033611270548 12.946669725293344
v -50.826341279925572 -46.809522953972461 3.885694727094425
v 4.625958008333971 17.014987483910716 8.199029090598719
v 75.207874764435601 43.849695025416679 -20.139888478053798
v 69.132675255054835 42.893301559770357 -9.903514200166498
v 63.565333987516027 -13.327324971863707 29.790875842764247
v -13.216780005320066 -28.612194390422349 5.879705518529500
v 3.030544986755341 5.763774625049815 28.319146227404623
v -76.754473214722381 0.902419483552059 38.476436681567847
v -86.942378783173936 6.056264154025545 41.938768478174175
v 40.224564958930301 21.066246592507493 -24.607446093329461
v 29.554071130506312 16.434267336983641 -22.038988450317401
v -52.827409534380642 3.746338215419424 31.915671532813104
v 44.704524376529520 -27.081478464084896 1.417154705560049
v -47.943813542570219 -16.276017726154688 -25.522217456062069
v 43.290536108288990 14.756803781817567 -27.731876555605659
v -99.134723854325131 28.313229930852945 7.523968998952771
v -105.560712326291991 18.567810233192915 5.216508279168155
v 97.094599912907839 -21.775950395228190 19.886210824064936
v 93.156538735495715 -11.683428830345134 24.839058093152772
v 75.115793618806791 39.768415729764961 23.939461849047206
v -8.580140441853642 17.964356038750005 8.385333161310378
v -86.377019461235705 1.995937284971163 -36.680414319344813
v -48.556303731615998 26.256529859615380 4.366239157033544
v 57.124561457282930 -19.455325673836107 -35.664295459041952
v 49.826809696195333 -26.445576716030068 -29.455012313296457
v -44.354337703570849 -16.399277992674797 31.002344552516327
v -31.800661301935509 -17.928083204940563 -19.516326481504134
v 63.889426564002143 40.877501667640452 -10.218817386651228
v -92.626435164982496 26.508120028647738 33.607784202632459
v 67.350131175457179 36.061282134863688 -31.924058563190080
v -38.952281309424251 -19.015748424162986 -18.731640250102924
v 67.981569158980065 41.183550210881883 14.848269115042809
v -40.327252920282504 -21.145602929437583 -16.942991851684624
v -77.831763640042411 30.567167592343285 -26.336553621557275
v 56.620473601494595 22.545371952672632 30.409709936928845
v -38.668832390158180 -28.972146007090640 -12.804877663431821
v 31.419222439012675 9.516015971180746 26.867268116197334
v 69.321689019180354 -20.121337508996092 28.462207708089206
v -8.583526548378131 19.077797412796620 2.190667115401460
v -26.617823106021458 -33.957671148881587 -7.895793130045692
v -18.245642357375413 -25.978053971742284 -5.634246780832414
v -77.626181653122714 -15.146418466080652 -38.189058373226096
v -70.766409634948587 -26.740069276594578 24.137832557944794
v 4.612992691611666 -14.661593726434608 -12.359341602602179
v -45.532017952874590 -45.782102418092279 8.364586583524714
v -3.690678027466943 5.707517079902066 27.604542337613456
v -3.312984234688881 -17.386144801823789 21.656507300118793
v -69.917918874116879 3.630010999432894 38.737869853562650
v 72.905508837728775 3.669030120054852 -38.081836588172429
v 95.087737331810331 5.789402916862014 -23.251989068541288
v 98.508755274856298 3.123769025941010 -12.355899952837756
v 98.570456968462594 24.382535434831080 -8.941861216278195
v 103.574068146727683 20.297729748469145 10.179325043312737
v -70.633574975745105 21.798573589798139 -32.701374955301418
v -58.410126866927278 -27.506240924122732 -21.087354572299891
v -56.712576263575961 -36.193543496973042 -13.436114018063218
v -97.720877599644723 26.372920531938512 -1.233463502561954
v 81.558173364946200 -47.505306123859313 -6.274059004463883
v 87.178313337723523 -45.946831720300054 3.844450398411976
v -92.816537699881394 -19.263822329595762 5.481914221132541
v -19.298297061075125 -2.248236571683587 -28.392291455081690
v 47.325519157075036 7.164748081794589 -29.092603682939757
v 35.642248839325305 7.240186286643929 -29.233423893077436
v 58.741705804317604 30.613148199018383 -31.513241542713430
v 100.279023823418328 21.528024128134909 -0.335590170747417
v 98.023803811012300 31.128139741818664 5.893396607794403
v 65.572042961319951 17.319273794439809 -36.364385546927885
v 68.795634398361997 9.977046835579721 41.826874062147368
v 74.810516381189359 19.923572999744756 42.673209946183420
v -3.684241701029551 -5.986443807256842 -26.361374591284715
v -90.721652192704781 -16.640478602385212 19.665190442373227
v 45.016743006430396 29.356242833384108 -1.196078122797023
v -19.757392859401353 -31.302497941711259 -1.722844061790645
v -67.477411832206073 -31.526904452528523 -18.454216826243591
v 70.375717659464485 31.603012960072014 -36.122153891614353
v 75.860893817751460 39.499430012216195 -29.635882742297927
v -31.608880656104077 -41.801438376812662 7.306887090951623
v -22.319986611627431 -35.246909124669905 4.944746654064718
v -83.528458947080949 -22.178868874212107 17.715327230210676
v -65.080224381949691 22.502366470928195 -32.321168741186334
v -58.374039043416047 13.363649086544676 -34.804305639960496
v -10.106230352012515 -18.681204809654687 24.053959846097840
v 40.709317951612313 22.250931453354930 16.276490492126928
v -27.405049147451688 -17.281483733032363 -18.579237713623971
v -70.165730372230570 33.897169298333694 -22.456143317423361
v 58.955863847868905 -10.355898395495178 -36.406346257886021
v 50.150356591806037 6.926606144217863 33.634099720162894
v 60.544029260363367 5.669741335597434 38.513196060980206
v -41.438975427398439 24.200209204980361 -28.608248126419866
v -30.724895025497243 20.102434395028382 -27.318008011565055
v 31.486864672673306 24.691703615518460 -9.297159694202536
v 81.247083681607535 34.151659664755769 32.240479410853062
v 64.322290427240404 -45.050157340490372 2.937985380224966
v 57.943503376004301 -38.997141356544837 -4.543776326654550
v 80.295941647503440 42.018175157817907 -11.091894768502261
v 93.829686664695387 11.568603358453533 -25.120466222936820
v 96.441201525794540 20.555136334875382 -18.393172435168822
v -52.474486426785091 -45.131223915752791 -2.060300312691631
v -27.667644392747473 1.767545376620415 -28.641181336199097
v -69.187772343397882 29.379680363129083 32.910642164775894
v -42.015990133077146 -4.414630731087212 -32.945778887679317
v -89.600800503894973 35.957303999069723 22.953350600504557
v -48.523941026978129 25.801066683475103 9.945778602913890
v -33.044484884652725 -14.221524117087437 29.560178770447926
v 75.838233105957841 -48.023287368039206 12.832773298961309
v -17.640971242385117 -29.887999546518230 18.629207657042127
v 62.928333053770714 9.886340613949432 39.283717594570092
v 44.877103656488309 1.765388730371995 31.638835538496945
v 72.655863417609254 37.212047555298177 27.427898808473969
v 89.258208232530450 -43.898387579747371 -0.501165050026305
v 92.516659926860157 -4.181694143009976 -30.240657438874571
v 3.160766333079530 17.007621217367536 -19.844038920919651
v 4.578280966566740 17.572817771793929 1.910784566268460
v 52.965257302773779 -17.528527850970121 -34.260224916424242
v 105.247000110040858 14.095573266689271 8.836102647842795
v 40.044274405157559 27.600798913754375 -5.833650044623451
v 29.676556312567364 23.367407200387635 -3.476881479358576
v -29.713190188319416 -39.808964744664415 10.953795308679393
v 31.504742835718936 16.926635974641776 20.438760185463142
v 98.179994324686959 8.907332570594223 -14.426324737382249
v -86.378356969195636 20.754868867241743 40.121580256805238
v 4.607538204318655 -16.065339297320978 -6.326173837758963
v -92.074174487177814 34.911774309495534 12.963732453734703
v -85.144696122640028 37.923733930547172 21.535658951339958
v -45.153955848982164 -43.606214623552859 -5.633989454512368
v 58.422639836707880 7.780734742786987 -31.650702624288503
v 68.982384439964221 8.742284815396388 -35.973466067207106
v 70.062740185164614 -47.275775407773111 12.067048634181283
v 75.169738735891642 -44.595530756919516 21.904548921754074
v -41.402928331143180 -24.894062155602548 30.582295839326932
v -30.681505616219741 -21.106284028368126 29.736191593060955
v -10.076968516819630 18.500063341681077 -23.225090722807305
v -82.625710690981180 23.723944601231551 38.986749140973032
v 43.342146244842610 -0.148328105799142 -31.271264051577461
v -94.374243477561961 14.315351347748997 40.405200540952777
v -96.733954426668205 23.202902141165051 33.711870122310749
v 80.872288857942323 30.152161370516104 -32.182747379332753
v 63.296305105522300 35.833652354437682 21.856547458084009
v 56.792861182182207 33.228527611168033 12.895785085289148
v 105.215731862729783 -1.452808072559610 6.027353734412246
v 79.663048200191980 10.894412613712246 41.136030463011338
v -47.810817412674439 16.217435519103461 26.196363867248596
v -38.939824966380272 20.929355181510505 13.608180163316291
v 72.466475774546780 -7.132839167924464 -40.514481847085300
v 75.425919066022260 -18.048471924395241 -39.881592927589153
v 73.590851389004030 -48.544987908185796 7.580942076904135
v 52.257494215420543 -33.615777392937410 3.129384329747018
v 69.417977954165508 34.487371697341189 30.906363687095443
v 74.894720821948283 28.792873545795622 38.998849890278528
v 80.381264464411501 -42.769136204251076 -14.469206468016401
v 84.065352095732138 -33.422303831970659 -19.697121609985153
v 33.249696356235042 -18.706009231354766 -25.116373750224646
v 41.948399151223811 -25.947532415535782 -25.591600744729028
v 93.370186747537545 -36.335533631452137 18.761282039771025
v 91.942171632254073 -30.272941415873508 23.997943344722522
v -69.787811608931136 -32.227206082230737 22.085749697207007
v 80.480527353862669 43.059476251273267 15.949313219358599
v 86.248848866390915 37.737293192216839 24.079914132277004
v 58.720455848263668 -17.770557467689265 24.671915913362238
v 48.618428947508079 -16.028256074853537 19.906219935237104
v -23.303220029568390 22.487519305808476 -23.740225705672962
v 101.568131955303912 22.229944714043668 20.939044721291211
v 52.357166916498883 28.482828386663016 18.963193751217176
v 23.924729101032707 -20.679904545195768 -6.924669009077055
v -74.134479757953116 26.790777038014241 -30.376091413160090
v -85.398868182900429 26.514098680414254 -30.306999951004080
v 102.907462893671735 -15.748932187681056 -0.428680047383877
v 100.749961250608450 -26.314304736228561 2.808026170734809
v -89.866076382776853 -23.322301496209896 -27.500358214237696
v -34.377476798861252 3.345199126517282 -29.821832558477599
v -55.449091291868207 30.600714861567095 -26.484611034260308
v 4.591018931230494 -17.289530798530812 -0.802573889376816
v 45.546290014730666 -24.561253697610127 -28.409368764280188
v 45.008636707179988 -13.574834773893953 -30.735601366440388
v 66.673271648943285 42.288377616105464 -15.348300504576565
v 67.765394606877265 -44.835195268931443 14.466577471661081
v -20.188410784863567 -33.621347258776829 8.550601748479240
v -26.443758097865768 -34.853214337952245 17.776783530183963
v -63.657011335019469 -43.489526227268001 0.160441918190683
v 15.575573449470443 13.859699096805585 -19.247577156765974
v -15.660337576218199 24.701216802621069 -6.316299960117210
v 97.713456123401102 -30.505703829414237 -4.139951059499304
v 84.995936573039302 -1.906826064283985 -37.365666777097303
v 57.695603928160864 4.995944192963744 -31.860842400188684
v 66.374883626182196 0.646229250827133 -37.472116074662900
v 3.042514890306552 -16.375880484710873 20.160202894769846
v 63.303510307923979 -29.191381535026078 -26.051671879428731
v -67.224822097786415 17.294293054169170 -34.098660966727955
v 94.719784096225041 3.011711367688114 -25.199035689117498
v 97.764413996815662 -5.038336476462415 -18.056013453588474
v -61.324692616713087 33.848150308392661 0.419196614170607
v -60.265045677346670 -36.564765865345159 25.827880366104637
v -80.072500937564769 34.736251658895426 30.296827910797084
v -78.250674593944808 26.528808731276431 37.640740798452697
v 104.209813113367360 11.581219284545615 17.641606116965882
v -58.887596641841128 34.288594590825831 -22.928231806746012
v 100.218211868550895 -26.143837048422398 11.474119751151328
v -100.133486224880400 -2.973477135795117 -32.604618131761832
v 62.661503419255176 -39.092855267398214 -12.795205497238211
v 44.890724907973301 24.731322965428816 15.394748238271671
v 1.349822904306581 15.144988500409152 -21.807695839253476
v -8.465311294698296 20.407233142479022 -21.870768861155330
v 87.546943932851491 26.546168562507066 37.442824855286517
v -103.929231065544741 17.941535881008306 19.685153541680620
v -84.147295529038018 -9.445345023470464 30.736772640583155
v 22.522609084324412 -8.533614581604244 -30.179488733884469
v 100.236627524231068 5.867321712210522 25.324355840746033
v -41.174618936166958 29.229368005117678 -18.907554499023416
v 33.706031844070090 3.722840518894879 -30.988507508462689
v 74.463054528989687 43.257225441010696 -1.490655679177642
v -73.997867479292353 -37.998529919051066 7.540596776803877
v -66.769177412938333 -43.133388743321731 14.207141469153987
v 86.552253791017719 -44.949243231033797 -5.965135189941952
v 68.679916914724032 -35.317574728456066 -18.826076399092187
v 74.766283314446170 -43.362974849101320 -14.170671560646037
v 58.169736651029361 -39.390311177243554 3.031233193114797
v 33.299707287522097 -3.286772457555871 27.915067203961449
v 57.098456398913136 36.970886853617905 -17.076886859762126
v -13.396820665664407 -27.144148048038097 18.903145244774485
v -96.604296144321722 -21.151789466046385 -12.696778777620658
v 71.758557831411707 42.470148218186019 -5.526546913108444
v 74.686323294307599 22.172949470490249 -37.094564598612600
v -30.301832996549933 -4.639137442588785 -29.590949882813433
v -40.744761897548962 -7.308341628797616 -31.940075786315901
v -15.848974298593152 -30.984799305197757 8.881465440056399
v -66.326156580138218 -0.397863656202404 35.886956096713810
v 48.540422656073552 -26.891534473025800 8.523531062014630
v 56.601377612624425 -32.977370433749137 12.934003760151366
v 32.740351336016239 20.341661589738532 8.628605018805331
v 91.512410879582276 29.937192199973275 -21.941542721328158
v 73.839244354374529 -35.384917965206078 -19.634922930796041
v -102.869066721110983 21.807615086717462 -17.766249094553142
v -10.518649301840146 2.950611723342581 -27.881054592926045
v 105.826277910910491 9.313679738592031 8.293701972235393
v -94.020094215313094 -20.745043799476420 -28.207490224303715
v -93.351499820903214 -14.287862086528714 -37.058597253255762
v -66.505116454640913 30.734488002695862 -26.996007460606108
v -62.584849824952080 36.898025289363169 -18.801216559566416
v -69.438454086400398 -4.012021338497614 -34.919641331601106
v -17.671867450437080 26.926819929933906 -15.681138779501252
v 37.131683364713922 -17.158838328323377 -27.190171734816776
v 88.520050865601533 38.600654880154032 19.659101948580215
v 16.885854566526060 -14.444452699634454 -23.137754841665803
v -74.541461157954558 37.683969475792495 15.271264897619762
v 51.371461109176096 -34.073454818936327 -4.370319273369297
v 46.327047513448484 -27.796503751529198 3.081733142139663
v 32.766644051722714 21.622749340802514 2.905654138233435
v -86.188565812930108 6.435710413810254 -35.404882242494267
v 96.337423160713016 -35.758011267398643 2.418795295548628
v -26.870848710874110 28.066547511388283 -12.290786025564948
v 91.674748961089804 -37.952562422456438 -9.195459508853322
v 83.197972292045662 -44.621936240990536 -10.922152641767964
v -102.003540840545583 -16.423268653548636 -16.254500351901040
v 29.656708313549093 18.994665014970813 15.115136755000551
v 39.906465845193729 20.787579361893425 18.442298025871445
v 28.197081184573548 -21.833564916744898 -19.081915814649914
v -102.321103466814463 -11.173154584210089 -25.496648722995864
v -62.203237025811717 -9.006826521272254 -35.355473127755111
v -51.378539379352972 -8.794634034585364 -33.944653760398168
v -53.536224669717434 -4.570620884649603 -35.430691489932535
v 41.044384753907863 3.671544849376917 31.073853988963108
v 92.418188656131463 16.793958959008595 36.529089538385449
v -10.470162288783959 10.476963032515661 -26.589570552808421
v 82.119239471685674 -48.208292069093602 3.487885544940058
v 86.834381186780718 -35.124453763201132 -16.618627934720276
v -26.526773336694667 7.315918122563143 23.274512705193555
v 73.161426223129425 2.023806739735466 39.443680621561377
v 98.568882247262877 30.899478721520971 10.513987005960537
v 102.624221088083331 21.114374110160771 12.974944707059747
v 80.059781887672642 44.120199471490928 6.789396413255789
v 84.825730995445682 40.855633741877035 -2.400951243774161
v 75.179779589619784 34.931101871570235 31.976746237009312
v 79.220238674964207 -34.854095692785961 -20.050223764251335
v -64.468856554444358 -4.689578281487384 -36.113060408019720
v -58.211671594351316 4.166457130319730 -35.821511961119768
v -56.263585709171110 17.953246201170678 -33.882281717922616
v -19.168686558568179 26.814462849762474 -9.479161110133928
v -29.379869786488776 26.363328598206980 -5.844859686888098
v 41.347876403694421 -3.987461828563968 -31.572044128942366
v -88.448302406912518 30.248957822039088 -12.498971346862874
v -63.100236415521152 26.631376983722326 -29.970216179900671
v -52.275376844733103 26.447787297001724 -29.549539976634840
v -83.640059042841798 38.286744340918737 17.515913930025906
v -97.182462231003356 29.061201967765239 24.367305744770313
v -96.077881322128292 31.729703896546212 13.941766621279186
v 93.240383785656078 24.353086876099127 33.937020302153023
v 63.359685919403148 -31.798800967241711 21.498356058980750
v -86.027591200894079 -25.656914980996145 -26.666035964443520
v 26.737558866348824 -22.476814257575370 -9.664012491854008
v 75.664550200925646 31.393026583840857 -34.874657189155442
v -74.539432967752845 32.613651969566682 31.971229098257222
v -13.513590139829846 25.714835477003909 -16.886433612721774
v 97.250682304542195 -33.944185533414668 8.927254859301934
v -61.697573858104661 22.613460682819980 34.041372187173394
v -65.703043399422398 13.870054835261014 38.892759778098117
v 84.486245447871482 -46.595230994595724 8.641453156292931
v 64.509139008397170 -37.935618960457973 18.337402774493743
v 73.046698410265037 -41.098423565295363 24.110514495574058
v 25.782204155034144 -15.540924175600290 15.936367140352504
v -50.349560665242066 -39.200495739165660 23.885777054609314
v 82.231880182968141 25.041959664295071 -32.421492504223572
v 29.477548076585091 3.941524618149539 28.359390565017385
v 39.807851870286747 6.305842820781843 30.120455309465100
v 61.584935639774280 -6.993892843530352 -36.731409464613805
v -2.002087462674689 -3.208701570607045 -26.995419733000620
v 7.804613416539562 -7.503142694775382 -27.663065820544190
v -56.169347455069349 23.658490206488942 28.356548985461011
v -47.778941267604303 18.240315407555016 24.435618358715423
v 39.207860272816099 -25.856994783270540 -3.046188840157293
v 22.741772221365526 -19.197738731903179 -18.772872363520541
v -80.975784409482500 -21.977742665304874 -33.778424512417580
v 92.610422525694133 -13.228116214057662 -28.037722932929768
v 83.689224075993380 36.022607228949099 28.193813001867248
v 9.358650721822251 -5.391456545501854 -28.375925708464020
v -109.287586988477329 -1.305919315001447 10.897588032729214
v -43.840130707749196 11.441441432066840 25.881784761867806
v 67.881514898338608 42.157119629844743 6.811170066795500
v 104.278069399437229 -5.232061733116663 -0.783690609650368
v -91.650940746708216 -17.790061548204360 16.407468122987957
v 26.770582753189945 -1.895952826912334 27.308752318546627
v -84.932825781350260 -19.640555577538255 -35.540024174688163
v -27.250720416964835 -2.083502461892370 25.389354477809967
v -64.158798214080079 -44.881444323213074 12.207933273954726
v -66.518564921865490 -42.487479128463612 2.069917700052663
v -31.705338852371639 8.218231879185691 23.558988311091458
v 73.929742860656120 -26.133402813711513 -34.015084883113211
v 68.306180776427937 -29.955994465915566 -25.781538765797777
v -96.353398907208017 11.322624914012255 39.431773222721553
v 97.862747326072892 27.187969797070878 24.760254396154480
v -55.902836680543530 -19.648885816273260 -27.090005338713066
v -49.220911882320571 -12.517036194939507 -31.325870439184953
v 96.852818034804386 31.906323195458953 19.478242248101559
v -106.045087188740496 10.956917793260953 25.754243873605866
v -76.233718390016705 2.555787386002460 -33.907499039466316
v -54.266767043595380 12.345065185299426 32.089940856009768
v -23.615792832966815 1.778902915253895 -28.812723703616751
v 78.880672950039326 -29.005562329204679 -26.507912260981016
v 44.128481845803655 -12.554335941301639 22.236696775791579
v 87.331831039069669 40.466966783903224 1.543999841469005
v 83.638206471379547 -26.890782213338717 28.123231934629310
v 80.262604496355351 -36.962530459913836 27.658832987519105
v 82.555352810529726 43.767107454418827 11.073921078787116
v 92.036356090846553 39.176115348262677 9.914308896858451
v -63.745504096378006 -25.908955795508597 -24.222900254199111
v -73.154316068575199 -30.046384963012162 -21.613012237097152
v -83.481639667183074 28.338258834079305 35.869166846539315
v 92.121833027961827 -18.738423711042341 -24.128135059091505
v -39.051177308617433 25.513168494670367 -1.418366578259624
v 95.269339760642310 -5.930232110992027 23.993526007273129
v 102.148129583910816 -4.059294932272484 16.174730127089216
v 9.724049440179282 2.348970131063132 -25.031299969992055
v 57.178615641538627 35.861962067956718 -20.565936872687423
v -56.972545503326522 -11.607368167282580 30.290661113094242
v -63.672296455553514 -19.693485414077166 29.022052531131827
v -39.890813867480894 5.421161571134993 26.563181954152515
v -29.698724216575144 3.296486484303177 24.701155255139508
v -110.003984522396237 -0.632120015238292 -22.099560992366264
v -106.015506633356708 8.024233674271001 -26.675800170152275
v -77.324649825664096 19.179335253973193 -34.038594512195360
v -86.515931769867237 24.005949461627921 -32.013513799421766
v 100.252188120602668 -12.614509026427999 -10.667798809794901
v 96.896553747935386 -31.574697550650452 15.104725958529560
v 92.395427778034986 -40.297024914732702 11.195478983705637
v 91.637111658957949 34.059782115118608 -16.015865056266627
v -71.135434304456084 36.632668967687621 12.637534178667892
v 39.298981801597684 -22.289378047087595 5.523375544545406
v 29.257122062717869 -19.524847145367389 3.755017753723733
v -93.238309494818395 -19.884584794097524 2.062065714929916
v 71.247780212146097 5.546285951695603 40.885904425726764
v -45.112054659366720 1.369004917516917 28.699298750934762
v 12.826304574756978 -13.321499308678328 -23.966876021330027
v -59.879011090965115 -12.949878281802633 -33.316550705358956
v -29.010933160983761 17.087550368700015 15.884576068187249
v -18.887938662639925 15.376789078668899 18.315720725074733
v -31.688054740253676 19.782327064164679 10.463234047532593
v -42.471028443776987 27.004858141706773 -26.257125521142051
v -33.898045919283078 27.928435775663942 -20.192838668665310
v -31.279468531803541 15.509538109491086 18.427007481100858
v 70.767676135621898 -31.724018942484573 -22.287499389356718
v 33.646819321135389 10.542294483689799 -27.755533815155932
v 11.314000050657556 -15.974710412892977 -14.262962587206626
v 85.679613840658220 41.770494142568104 15.476788914228116
v 49.205166221730238 32.513569374392830 -9.144209117271462
v 57.302002804650002 37.672884339185536 -13.470368677548933
v -82.147068719485958 35.099040710001873 -0.093847101280442
v -90.915973528788214 33.999533261611155 5.629152048634676
v 79.467701468057726 21.412146660289764 -34.671200870577124
v 32.588328904171149 23.224158097773454 -16.966841861627696
v 41.106387914387810 23.531409651437162 -23.114976692431163
v 85.145331370230281 28.685558259591318 -29.153791915790332
v 81.386481010795706 38.327137137468007 -27.356015239936859
v -86.738355183332843 19.686184495925744 -33.708108215878802
v 73.182782804039661 22.511350277677614 41.416116420387951
v 64.589776277828051 17.217749232016267 38.515552891502828
v -105.139644137737278 -8.609759436756722 16.999107257424267
v -103.878562593162528 -4.957530940875615 26.741292302400371
v -92.853378613598309 -19.309834931133640 9.181646254651353
v -101.395895129815145 -13.524912079949537 11.076466147357767
v 60.160137128231149 28.586865767087154 -33.781476897673038
v -101.752279668663064 12.378784154798929 32.530999948181623
v -98.932979956595702 22.279000125061696 30.696167780042813
v 87.281988207370361 -44.785128318464785 13.744008353497298
v 81.761862006692056 -43.949651255539585 22.550438524214712
v 86.819532670573111 18.737126007040885 40.104674728241527
v 9.877633105402793 -3.080398470911005 28.755214983297286
v -31.619684479078604 23.256238219157105 -25.520381185398794
v -66.250755315772281 0.281072499192896 -34.489920809184909
v 9.860332404541500 -10.025170707023292 25.600847317885140
v -68.643340552385965 -18.677203448747850 28.017078896405298
v -80.290775238998762 32.898204443324474 -18.712568261038093
v 72.909100853340050 26.740920493738123 -37.139566055912155
v 52.276053184344342 33.804146170564422 -2.559326654399839
v -31.213811694068880 11.920646217122590 -28.290415779624745
v -73.693264738067185 36.304777678131074 5.177516952145160
v 74.667984723605613 43.305977583581800 -10.581692400989983
v -91.994053679473168 22.359144271970049 37.477495344156054
v 29.765026170214039 -4.784989279737166 -31.968149869710899
v 39.908270322378094 -6.815730775726466 -30.892873233604238
v 86.650862652470607 -34.106446342952005 26.719937901129583
v -67.937263948641515 17.065195772787490 39.285035368431636
v 30.075884066951289 -23.670940411938439 -9.516912085554276
v 62.874215844476787 39.537878150723444 -1.437156329090037
v 56.590748311989294 34.571877611956999 5.171307591373546
v 77.320369922791500 -36.789509870908681 27.720590504849849
v 75.764057850163070 -26.570444025272678 28.875479452141651
v 58.187667921311892 -7.846231856757173 31.670073335188700
v 68.372317935438730 -8.360874535949359 33.600828711428335
v 27.750715920049799 17.822235667737232 -19.988859523067831
v 70.155150385497834 -48.761034689830403 2.159449917026144
v 75.281807752318400 -48.389364521920953 -6.829429673972252
v -65.389347543614065 -14.804704329847459 29.496663469427467
v -3.644053747759578 9.792924826381757 -23.900238227380395
v -106.312168977219045 -6.988293280057448 1.405430391525472
v -107.154712483444101 -6.901900214604529 8.235763942261606
v 82.283539745916499 40.995032498712803 -6.594838011185848
v -92.181870352211817 28.134855246913620 -14.257823567979393
v -91.879346255639163 27.398637328884814 -24.584744538146992
v 66.487831444648265 -5.128319108842049 35.408425946054557
v -10.346060986348874 -10.377333697759552 26.470672002555926
v -105.225046425651954 1.439208496328142 29.145829829565987
v 60.793534590799730 -39.379440578321613 11.180319536149570
v 62.928409208676364 -43.100500940477289 -5.581473506011678
v 53.102994053807201 31.702342270941152 -23.218434803735949
v 44.520443597757854 26.544354667745274 -21.930366764963981
v 44.491490647535159 29.624695551329197 -12.100747712149328
v -107.602149872399124 -1.349407320360564 -24.777513444000093
v 61.076068478113712 39.688984453048562 -10.467576843619149
v -31.668621002668438 -25.292452919757725 28.709321957089443
v -71.173247185208567 -38.250463426972658 -5.471431753589932
v -93.266752612837195 34.305606516695491 18.287145760386434
v -3.708577933367369 -22.806462887826687 12.274195653534150
v -51.956118806690796 -26.036493997630110 30.222045579509427
v -61.980996953289292 -24.447891841172673 28.497786465859818
v -59.672458351570192 22.482113658716266 -32.199642129220180
v 99.033491769616361 -0.259976577805475 -11.492784413604310
v 30.623196840841228 -15.576430592606169 14.986872400128149
v 53.260052633163063 -2.894588910380912 -31.914716626451781
v -20.768703649711579 24.517430360986513 -4.558341305764052
v 86.942296349171343 38.743199249388539 -18.595328720473205
v 26.656586409387433 -10.088696031362922 23.307415481862620
v -52.961426279481991 13.204538445078740 -34.610880122865588
v -48.786472995113378 22.159720386711982 -31.809047291876990
v 91.420871936190380 -42.064869864748410 4.672798028738072
v 94.235573953737813 -36.895552130528678 -3.735593389014374
v 56.268702516856337 -4.457942433349489 33.223749788974153
v 62.602804648752276 1.725508087219170 38.425456906980671
v 80.151426202338570 -21.774405909326592 29.198213633775808
v -81.134051932606923 -1.020772582300777 37.894333218001151
v 67.720123838878138 32.116251781352361 32.484245550970208
v -48.213842844099446 27.358794794248990 0.957733629922643
v -76.609484442780641 6.460997969775882 -34.120375464321846
v -98.081161836196799 -3.575774893767441 -35.525651062568329
v 58.246102485510633 28.055725041449872 27.662455581707277
v 102.777751844183555 -8.823614601773736 9.079214021342462
v 57.816575688763415 32.204029949872243 -28.598695344263177
v 49.654103555624310 26.316962380167254 -26.816041368917016
v 71.813630926580487 -17.542493761938609 30.067952425499623
v -18.614619736845523 -32.186174665395093 13.635792313186450
v 84.550505439204869 11.248334237037982 39.557652576415684
v 80.493541465630813 20.248695500845987 42.091330228437677
v 85.026080409232065 39.887094584570747 -11.449978527851991
v 81.018322230291858 42.125096659635020 -20.569304465639050
v 54.825569975917674 -24.192643281396002 17.484043658810663
v 47.545443727149802 -24.393757926257432 10.357660097631442
v -41.696702234421494 -10.166483381743216 -30.756248253241058
v -33.247421075132792 -12.879735937768679 -25.749207752566605
v -10.388723592988949 -2.936895807378757 27.077510945507402
v -55.286533601988303 -16.380354388749993 30.481209786256983
v 21.151376019474700 -0.222397373467615 -30.621493673252154
v -64.415455891945982 25.649014286812402 33.414666878212174
v -72.934963845573208 23.299697869282436 38.473999014280352
v 74.144640005767670 10.464867656645168 42.104571792292475
v 81.431507931144836 6.505276851659945 39.184028121553283
v 9.500233075450735 4.711144835404234 27.924120459858202
v -101.919160688150626 21.885530506423471 -7.199072916229980
v 92.205224453295372 30.532049175443852 28.711674024663452
v 97.705983749086357 22.010536773729463 29.479587119424924
v 66.051429992029071 -27.456967653113800 -30.278625299018643
v -58.673791592739619 -20.517595612707055 29.829522423017039
v -14.997449934705996 -11.569653630080396 27.055077001291949
v -51.950188225650543 -12.282084652095037 30.375864460466907
v -48.567942051183408 -21.864001176084876 31.066385445107397
v 72.736396538108579 -25.959674926264960 28.644707245990514
v -90.526130302453680 34.993004395824059 8.865239112735985
v -80.703619181972016 37.510251534132713 9.470537725043215
v -41.150289844081442 3.141384588803229 27.527710593105933
v -42.541999695184010 -29.072551229322819 29.199923207723067
v -34.195820109931255 -32.942086096458155 24.884598532338831
v -72.716041954273706 -27.555662585873421 -25.730319710957055
v 81.008945572487349 39.243372223862927 24.347213608285649
v -62.066019046093672 -33.663790101840952 -15.802623597087948
v -45.132208976626821 27.363529584549504 -3.003587336984169
v -95.978099624891868 -13.512868761713495 -34.303902327180708
v 2.995418835644483 2.236219633066248 -25.160097201193423
v 56.068634948524895 -29.968263682371202 14.416339314052991
v 52.301592345173141 -35.212416091342419 -12.729428958516797
v 48.208944429452345 -32.058967693897330 -21.452758854485552
v -84.157072961384230 31.386706748237636 -20.900795242331881
v -73.473489180198641 -38.407364744967893 4.055799977325012
v -91.651969408182993 4.324557975024204 40.758202195746719
v -90.174328720028655 -4.273974577832151 35.605931360968093
v 3.014660289043160 -2.996886022350878 28.293433159724479
v -73.391651172691851 -17.490646284365798 26.977791558017671
v -10.070076873099461 -5.073383948013404 -26.575251748630219
v 81.034731903294045 -30.459575879008479 -22.823904453577761
v 36.616862939017665 25.358394935619231 -15.374465255491044
v 48.646069531348871 30.966978453627632 -17.737067639212420
v 86.469776651100233 32.575228938536874 31.951073582444955
v 81.104711256744423 27.998874072018783 39.188463816044887
v -73.538401058996527 36.351588793171572 -5.561933993726861
v -65.128569457053743 38.099136122582117 -10.901275905208516
v 51.972670342871943 3.039022496719130 34.259188007685992
v 101.501575911357648 -14.813525117083930 10.356572113915682
v -86.653250579904793 10.546980979720910 -35.056186433611593
v -77.393731892885299 14.538483996664748 -34.550884785398026
v -28.542482863359314 -6.960944816610503 -28.226107954470972
v -81.824892940276754 -30.718189579866177 -16.176246282356324
v -88.178911392483244 -27.564448001754918 -9.008884578387446
v 30.999172959988925 -18.681457231418591 7.768663848950307
v -29.836121926814073 -41.030273884829910 2.769026117692515
v 56.967692922551059 25.250731663214303 28.803593702595865
v 49.006823780853587 23.021141432262912 23.039023154738892
v -86.393776615981352 1.410948948103671 39.816479748095105
v -77.908026832454070 -27.810588092071146 16.971289485209816
v -3.537880609117385 2.461899843615585 -25.770589837612309
v -71.605023288941609 -22.265986120021800 26.018980842866863
v -80.755402655075457 -19.447423252383757 22.913728933727391
v -3.585654886190534 -10.283913790095667 25.963267452982311
v -94.243843991753636 -21.626371864850210 -4.437395293050439
v -100.608541894261293 -14.046177905881246 -2.614385047793971
v 83.194904657630147 2.889272584685655 37.044584189909898
v 76.820563794218131 -4.664559473152709 35.177888557165375
v 87.053043318638530 34.635816415811135 -25.077080497042370
v -70.814542478599506 -35.672286493084286 -11.111278546722478
v -17.554824732727635 -26.165842228351629 22.835099239438623
v -25.986461838642256 -31.602744062666911 22.274342691616933
v -103.409385005940393 16.854751565544486 -26.160082520242092
v -100.322871029175388 -13.194391493448242 0.497868639162732
v -110.982648675327638 -3.951971110538407 -13.883526477629195
v -110.575526218410005 -1.560178600468249 -4.133558422077234
v -63.419982202161428 -22.531142045449489 -27.636292493348787
v -71.758925476277213 -21.232067808991555 -33.086885466895076
v 97.213373696061382 17.661432147047204 -17.516046521839918
v -23.013489999265722 -7.695561035858558 -27.014318664395834
v -40.381780259129556 -14.087797705470807 -25.097976079489769
v 83.819249812913057 20.038684951430124 -31.812861916834407
v 77.865227706567936 12.719299700136363 -35.220363127685665
v 56.445799814712849 19.628813527707521 31.767689862832896
v 102.050688801520536 11.708454630915289 -2.616604163587888
v -67.225917769279377 -2.948473113913093 34.724027922282950
v -58.235572200717812 -5.878395636632183 31.435924102844218
v 78.826418114525438 6.128756351000414 -36.461166525766281
v -62.751271941673799 -42.384689057489148 -3.146169202507193
v -61.064806299973391 -20.161219278094592 -28.484077306361929
v -65.190378203547311 -13.186667376868009 -34.353193573567324
v 22.575594927664802 16.754675178489549 17.914531180153947
v 62.008470479093539 38.616085338882442 6.088386669831817
v -94.994277135702902 5.201390631221811 -35.736369099228455
v -54.547539887631032 -12.802288140237033 -32.450746856214117
v 94.689166898405873 35.786416997340197 14.105204231335430
v 91.060835516736716 35.092816868777454 23.371901950762862
v -95.200802382212672 -13.122340917628780 22.353437922626515
v 64.918273302458445 26.283218060899138 34.720084808914606
v 73.256716979161993 25.730643799780008 40.155672027911407
v 69.008814218780401 42.470919605936253 -0.779337335952919
v 74.413196955884075 44.381001368222663 7.373319695464591
v 99.408903757551997 8.405539457945059 27.458247021867724
v -17.445908515151078 -13.879711873704141 -21.968645955890103
v -49.609686279375389 31.779975965664018 -10.656839164759408
v 49.445938075833908 29.921478966474876 6.438048237728339
v 41.088448541320453 26.205661437741060 2.527487603449731
v 91.875554301342490 -10.626953792802652 -30.330535847883816
v 41.120689257159974 24.138733402232567 11.050651807679063
v 49.460193129342095 29.226523433720981 9.278332241258658
v -3.602671926717047 -3.017273168889191 27.726768456592939
v 71.859584114262759 -48.063810543010476 9.841259353818799
v -62.687920347810277 13.525864550229764 37.464433796274243
v -111.488610131354520 8.801474255243974 -4.682812093818875
v -27.722369076857088 22.162379205317489 1.363532271169877
v -76.231711032953228 12.378329076096632 42.227615422225952
v 65.238518253812131 41.720782809717790 -12.768444178062939
v -93.534257036935387 30.617018844694069 29.030461270069146
v -85.481339060444355 36.075983532305685 27.138542098587713
v 62.084901576462286 37.451396801771779 13.875176511136193
v 3.042227883720488 -10.067250692898419 25.590336792977656
v 79.955510198833522 42.681909659178004 -2.042968822537029
v -103.097650876272041 2.246348400474365 32.602766987356297
v 38.554803965379108 -14.416121674570668 18.139973929038579
v 28.801326467004802 -13.690891216735240 19.667427835883871
v 9.423820725193014 -14.860551482867663 19.771302211065304
v -47.491808586623328 -41.890085641200848 -7.636915846446712
v -81.438682031526625 -25.006634721363842 -29.908192071343947
v 22.496362254308060 22.233942467022221 -6.786460058289846
v -52.724582277516632 4.259125386184198 -35.579379248497645
v -48.116085633928165 -4.438453203589348 -34.689956546610290
v 54.964376417520263 -34.497053078698031 -16.318957747687580
v 45.832133583615239 -31.978476617942984 -18.596984084773005
v -85.179666534855969 -24.288216603832662 11.131375798849806
v 94.547995082818304 8.666776197053313 -24.207559007027843
v 97.953271640371156 11.806941148262780 -15.482175087301005
v 74.541873330584323 43.427007483328474 15.480816662450550
v 69.411483978268336 39.231127134587446 22.792830560499620
v -70.276996791502214 -29.425880345133340 23.065362191866818
v -71.620172711514130 -18.184811040839488 -34.973540360146096
v -10.046991285205513 4.335168974491593 26.298478308411912
v 85.263985520348072 15.900840381672007 -31.502650105385239
v -73.611209443545576 -36.971963276381125 11.709041924056125
v -59.022870938545687 -4.667516113033768 -35.958988805286680
v -79.425446858166652 35.889397581167827 1.683190804626918
v -25.090032564141467 -37.453095974955453 1.646219307772318
v -47.723766889879670 -43.151362414226007 16.936319310594417
v -102.327804068509607 -11.610254529676357 2.785943886958950
v -90.036057323654873 -20.796992777144375 -32.396334302095042
v 9.602496937067162 8.862990956220893 -21.747687298053538
v 79.540252983105660 8.725522662269881 -35.390292709913531
v 88.475087868584964 7.777770691287366 -31.395614510503009
v -93.695472950287794 -3.268356347290996 35.768268644095080
v 73.849930683805169 42.995969199369192 -23.085377917329446
v 65.469754437052245 41.430806621309380 -18.194978317078625
v 40.323402279163290 -23.524736276027362 3.546836842812229
v -11.546250099614747 -15.201140503108229 25.818041873733446
v -20.747656522329642 -17.846259117197498 28.004168654088495
v 98.360954103406840 6.022840745036918 -13.389829674235424
v -102.032441315426539 -2.404444926966481 -29.312904685171212
v -103.173581361174087 7.338902298496556 -28.957365835472668
v -0.345350697812197 5.722784386897548 28.094355441002040
v 85.170363037994520 42.656137901212901 6.321146533939229
v -84.885114645193667 32.194881250113767 -10.982926500548633
v -42.820284607085163 -44.631699097380938 -2.984755150804510
v -34.958754037670651 -40.415546119582146 -7.042740451086861
v -75.240169415971479 -25.213127191139858 22.370713166168930
v -55.633087922647427 -24.277782675402463 -21.796320612307522
v -48.393422648789674 -26.575550246986978 -15.591924129716990
v 68.716577514462756 34.013039945157850 -34.338368422302885
v -10.106933976770678 23.830531477413963 -18.139437617298505
v 22.809372144453977 -1.881497138668720 27.605826516194330
v 60.790704308630822 -31.175940287539564 -22.597891929469064
v 51.275861714310167 -30.428871224901194 -24.796706508577593
v -71.352746952609010 -33.308596977107314 19.417048008341446
v -65.936591492260874 -41.425828248990733 18.495664554209583
v -22.052367318345620 14.473407192576168 -26.868553179717168
v 76.542924284636655 -8.479632728819615 -40.788256279285250
v -66.159298513317466 19.932543144602452 -33.322444539748844
v -42.152294818608780 -45.382576166432273 0.423297742924273
v -32.031578930370713 -40.587931403124379 -4.784008475939815
v -34.791770957813227 -43.971664484051558 3.946607741256935
v -71.707660440215193 35.901377764917299 24.943175991491437
v 94.559874741925185 -3.348782252545463 25.994124550927722
v 100.986764185654977 3.383907703327584 23.018369548493244
v -75.462310636546320 -12.221046946748316 -38.106895163638072
v -70.245852381851577 -37.283520715307851 -8.558904031595153
v -60.765734253902984 -39.508012474982436 -9.153106234732375
v -10.102171703238579 -24.339080655093291 19.511070421543184
v -101.309645588995195 -6.214912874804483 28.205136868071975
v -97.906375883452796 -12.282552589287913 21.368775141083653
v 62.638633094840536 18.843321745038004 36.399047870716061
v -87.845173020428945 -12.715484210244057 -39.657708721470485
v -80.012574099426402 -18.024365808411371 -37.365666559784678
v -108.560548431748487 8.520525424688339 -23.699412868156880
v 15.142507088489079 -17.608116637197455 -7.729720265118845
v 65.792209979075849 9.946455973437944 40.616820903622880
v 26.610188886501302 -20.046586686374010 -0.932591671812840
v 103.262349916149475 11.915768480757384 21.477299758856589
v 50.379717413216689 -34.187368204459808 -9.723453894025436
v 41.985608041364472 -30.184475007884775 -12.560069071232636
v -33.747121000403268 -3.434653166184248 26.636838801763322
v 94.959071292343921 34.474696437962940 -1.006402627584009
v 68.424699126280345 -41.665478974555889 -13.714081235828056
v -94.834466998220918 26.210602465793507 -23.098575828199266
v -81.130074534621556 18.836318987282034 41.719531618040754
v -88.507553583781217 12.597614039230891 42.657608429392823
v -13.038468064198060 22.743034474896408 -3.796496812564778
v 40.968091291254964 28.123968463730300 -8.689322523960200
v 32.549255162722837 24.739637566502850 -12.145114581306673
v -68.098305091100556 1.643706174359874 37.258197313510088
v -53.771992881890256 -33.215386476857994 -14.576875111856001
v 101.896238861257942 -1.604249474275671 18.498333167674165
v -77.548612171564130 -28.924929548660799 -23.883758572380643
v -76.590227396240337 -23.688648647349225 -31.994111820278562
v -100.550272130931276 0.002678704384511 34.860674069307436
v -95.226535368374826 6.016227705720732 40.280261654579789
v -68.993329848575399 37.376767833017183 -13.073520220658651
v -68.347029889493427 14.540228634973495 -34.527294763387161
v -59.520033417083773 10.587969948894024 -35.167818764281819
v -108.952039505212582 13.363003612086285 -0.713851441506903
v -110.867304973095756 13.567416994129546 -10.217179790238673
v 30.435437114017873 2.827285447309660 -31.119755704528693
v 78.514203567478958 -48.113233775590359 -6.292873235515413
v 79.117400523400093 -48.695363884555299 3.358011579097441
v -56.997881175974349 12.741884013726185 33.868988123351173
v -58.836767331200683 22.087465634406151 32.109835693392142
v 57.767169096887841 10.468817560313056 36.741870045267426
v -40.138535170961987 -11.371888150499119 29.579545231709467
v 104.506272895434805 17.231906536982120 9.473408719718854
v -87.056713378921216 -28.170828069845960 -6.095820258274284
v -79.137456636293280 -33.549806035981312 -7.442808534867042
v 30.524742570271979 24.216995164118337 -6.357014797534834
v 77.554189791089740 -43.167831829895022 -14.394742891362123
v 76.524093279706008 -35.162829271755619 -19.747026351390158
v 92.922916916683249 -15.870548386603874 -25.570510437841424
v 97.000970303924262 -11.316491626027641 -18.092660690114013
v -67.874956059605026 -25.384059671899436 -27.028139469504367
v 57.954665951911828 -36.315269424023597 11.109273793168999
v -87.433874656640342 -27.668600587254048 -3.006147666017353
v -80.821226671042169 -32.782896228743560 1.796160405419005
v 84.525226372006529 -0.542665366442344 34.590202624634642
v 16.860709759755853 13.242080298807096 22.734931994290765
v -27.355696033970563 -36.772133628090643 -5.829558956242966
v -20.840905193906444 -33.623609791609042 0.528605434984577
v -105.122579095748179 19.968991086716997 -15.787141670448195
v 61.130902905252256 -21.338344318183470 24.086999712372961
v -51.427143518075013 11.983472401546457 30.430381581114151
v 20.033194371367330 -3.003328266018888 -31.050479030927530
v 10.894178481150400 -1.748185433669342 -28.341276075964380
v 22.848568082165528 10.214035182180295 -23.208030633142712
v -4.549614684016488 -22.929569399791767 8.517493330712931
v 9.374406927139544 15.225666606480562 -19.338035939097242
v -42.485226327774129 2.090045964010574 -32.885966230941555
v -50.835686539878523 6.447442062465910 -34.717322474306457
v -84.897282422110905 -6.664016402464219 33.698292209939297
v -76.119600232189441 -3.261238901589243 35.549033755078682
v -3.677063278870166 22.575457662036666 -11.135789730610547
v -105.641500443405747 -9.049705671313736 -5.932050116420957
v -109.426676826284421 -6.697845254326321 -14.432271429393658
v 60.989306413521383 29.887966937806699 28.411534161680805
v -62.254943657184540 -38.720544778447071 23.791239962030986
v 40.708857326135671 9.101590823531515 29.590144615270937
v 32.444917478661417 12.053937739260313 25.746135218888170
v 11.380988263214116 16.655662315657285 15.985474668915604
v 79.118106046754690 -47.608955724874221 12.932333739728826
v 78.590135037952876 -44.650847301139414 22.013158583817109
v 2.962567585296642 9.182308995952438 -22.901346831959160
v -48.181794254891273 25.113838624025366 13.381350348452106
v 57.996534967171648 21.185614316814043 -33.724660985158792
v -109.778943412072280 4.869319946837458 8.848370057788459
v 69.456896237493481 22.231822403335819 -38.136364176363848
v 72.967534208719911 13.414449096625882 -36.831685427974328
v 56.998514607426138 -13.670248590544603 -36.199483265649732
v 49.162534029106006 -9.859682040764008 -32.236140690016747
v 16.763506867558398 21.070199875635655 -12.241632513414457
v 87.255219616141233 -7.404463856239115 29.926243556229707
v 78.309416494083635 -8.225756570092081 33.180221522490982
v -18.898781207483328 -28.717627804850082 -3.790800841053666
v -11.559030820069566 14.843553293405261 -24.686741717572300
v -20.751468329355646 17.008240424881127 -26.059066713371816
v -100.415839106576129 23.436148068568421 -19.766107720973348
v -94.879009875372532 26.602259386814154 -12.650222190780315
v 91.150126078192486 -21.531210880054147 -22.514679819509702
v 95.351462036080733 31.818910158769462 -7.026584525088384
v -23.222136668743961 -2.109012867858806 25.388054355484993
v -98.143795274869390 6.124217979822973 -34.134264522372106
v -79.131010454979062 -32.097325251608716 -14.989693949246796
v -72.377153143944540 24.314992263064745 -31.627599299210516
v -105.616555576052008 17.226393513497307 -22.893844784762468
v 30.688003153869349 -8.035900100532059 -30.708462889956703
v 49.172688815256784 -21.219581197532886 -31.708697104569964
v -104.819153218662947 -10.692217232574702 -23.034689752042532
v 59.687660868284823 -1.273450711590969 -34.252230306694102
v 41.383648440497424 -20.748640742106620 -27.769804817346866
v 78.374818729353876 30.826860753108697 -33.551999451685603
v 78.761057925148449 38.923020934042427 -28.619635942661542
v 85.290615166808095 -40.220383231800575 -14.045835708401629
v -46.696014100861404 19.591838158487075 -32.201520033011320
v 32.538409253772969 15.411681590396277 22.688547303758487
v 40.860552333669219 19.610735469104458 20.907317187602001
v 22.683537062743184 -10.264430326665902 23.844114361211282
v 92.700808456884033 2.386363997748770 31.012448338373623
v -111.918588562021412 -0.394564379581736 -18.202076526921296
v -112.469397227969125 8.879196888636066 -16.362457014312987
v 40.534215941342282 25.988470022077600 -18.602353861848886
v 103.233247837853483 14.291114271183707 0.062196847179413
v 104.629368168131222 11.276657016811093 13.594835829850552
v 104.900960559172148 1.896117844246299 12.325817310375303
v 90.167774404839065 35.919884642060261 -9.033629014890792
v 95.325798790997595 29.004939961523188 -12.930846734725556
v 72.271923591700684 34.864596227719126 31.526131641343724
v 96.868857869528242 14.538926934902531 32.034003274462250
v 90.019172583463785 9.377923388571464 36.019789519789022
v 32.970528803227694 -9.006473209854603 24.186355626888613
v 77.627990565725597 42.692248169392855 -10.887934185671458
v 78.314599660384104 43.104184290397853 -20.322348855367331
v 30.436823466445375 6.802125445628724 27.858984467057141
v 84.921703448453130 -44.983735382453219 -8.483030547465177
v -75.980185015753989 28.807774721702657 -28.506271122692912
v 58.557313202316394 -28.769057396848709 -27.152390287631714
v 65.422073516819154 40.537791670996263 -21.770743647279836
v -13.013194365371215 -16.577746596464277 -12.435475426539170
v -40.003811622157556 12.548011883312327 23.702432949167825
v 53.062163341460192 -32.775809349228567 -20.626022697836127
v 40.831370998560431 -9.968877905246332 -29.974500189096531
v 32.654418617154633 -13.772969007792652 -27.297121561715834
v 77.732358031390547 20.085841151921514 42.507927570874621
v 76.972452048533128 10.747640930691478 41.668730723900850
v 79.790666926152696 -19.526305241502715 -38.471289425918748
v 84.703273914944518 -11.516239140277587 -38.344136191512597
v 9.491065650915226 -11.637605501004469 -25.044839628115302
v 30.546451590543764 18.174012111897028 17.873069679897085
v 24.106080367215714 0.933797005215048 -30.964738196255723
v 76.469599578757908 -11.646846729496904 32.381719303887458
v 82.298826544521063 -18.463081567616467 29.585825976904317
v -60.680361264475160 35.757955465359558 -20.910375409480508
v -103.115124638838935 -10.890843819425811 16.061280273883284
v -91.450677725199313 4.064763026377533 -36.538326022722195
v -91.710518943090406 -4.911423138813928 -39.299000550565211
v -87.288371988953728 28.099948800851259 -27.739741695502492
v -79.663974107993099 31.674870221338569 -23.596184279876720
v -73.856660308597668 -37.217577303703173 -3.705549251411908
v 70.957907818382154 6.234966685754634 -37.021063491512329
v 11.278430626053867 20.177973153827473 -4.915157714210276
v -73.609937746535763 -34.500331793367444 -12.412561716103058
v 22.636586868235025 17.936822065796541 9.259280321568397
v 73.524578184610831 -29.744770407525259 -26.320644667153175
v -13.466051759542077 -12.729926399829083 -22.750650950234977
v -77.295730267628713 35.121668319889373 -7.556768753118682
v -76.392330735946857 34.226833652757563 -16.839529680274040
v 22.330769070165005 6.987533101237913 26.832866559733539
v 49.030276434577004 -8.485826066603774 28.500404489234736
v 40.793462917017052 -10.444201651123080 24.502741273744292
v -35.376810767678101 -18.432818067208931 -19.091627080621713
v -0.328402288162267 -12.607310492937652 -20.036344795535946
v 31.915106981214656 -18.055132859396348 9.639334762653258
v 40.206054547835656 -21.758851040011315 7.422627944301423
v 93.931993368420663 36.666125961686632 5.084557362198201
v 89.314928429112314 38.063643984546815 -2.925709169287602
v -97.746888333169210 15.046981053088235 -31.190276118737490
v -71.986374002895957 6.354171558633050 40.200942706790009
v -18.433979553400331 -15.945949336856998 -18.147255355969481
v -53.834447612746260 28.602538919456684 -28.086437377916418
v -107.132395041121697 15.718871503756748 0.157477795077922
v -88.445949257854835 30.127937867929742 -17.662963413356962
v 78.285037054698734 -14.218252941621941 -40.392055944876994
v -81.980779189925514 17.213641613878064 -34.529108269891431
v 26.556135533640475 18.551747819128082 9.407126031786945
v -80.892951899013170 27.497913163461710 36.886719299595065
v 79.404151950798763 -25.028811743059624 -34.015464784300640
v 83.713346234999932 -27.500288065873406 -26.151006768237178
v -0.161587664250188 -16.855326617027799 20.813830200324254
v 71.928092575646389 -47.850613544839320 -6.864834349248348
v 99.679650298039292 -7.919474445125850 16.745924972426071
v -57.117605015193867 32.503034526762512 -24.700253980233349
v -64.719989355927495 28.783862753776344 -28.503030778770022
v -53.936106789098481 -28.802271606519476 29.496325726483214
v -50.964398979502853 10.462797420360811 -34.328814828150456
v -42.797620954975805 14.161909679275318 -31.955489925216906
v 40.443009481574002 13.108546795989861 27.292352204280490
v -61.653225140171550 29.240976603076103 26.804454237069820
v -64.895421502571864 33.603559156811592 19.303347164772639
v 90.437871720235421 -43.124390733984477 2.102865265120364
v 59.750368115357674 23.641115726994947 -34.862931599515719
v -77.252802430261184 33.852397749347631 31.215085127415669
v -26.074766518578350 -33.417966282548782 20.073094571388431
v -17.995676906866048 -31.219512365611401 16.128027206003516
v 74.088514927556943 41.338031419976659 -26.757503472685407
v 65.905041658988438 37.509648545588774 -28.759041546811741
v -23.293550819633403 11.654133469437983 -27.269450615348227
v 83.369668410802490 -47.434762567601886 6.057308185304848
v -85.751994518080693 -28.815925585262065 -17.172788958626921
v 44.467518230491237 19.071661934697339 23.822460776608523
v 44.424897956735926 11.824912893146458 29.568151891970221
v 32.736382366363550 -22.429321982530904 -2.112791080187732
v -57.977365942027987 -34.154877932310981 27.349632334933506
v -63.957059878776363 -27.092269756125880 27.374350633865731
v 61.948000821347783 12.650252148581229 -33.874754540497229
v -27.572999993142439 19.456349060150050 9.791390127014648
v 85.606403440017104 -11.109758329621325 29.856494466940269
v -40.710360609724873 11.851919855141574 -31.216148892981085
v -92.808684930115149 29.211607786990538 -4.632384193893876
v -94.397521568714808 31.582449781268302 4.157451399024540
v -11.218068578480439 -27.831458324154120 10.962231297365228
v -6.054166280214514 -22.979775681510130 5.046485564940287
v 81.072856442361868 -0.495960204425570 -38.436047535693035
v -45.348502483892482 -24.248606299757675 -15.392231206268679
v -85.905617573957116 33.645168115582472 -1.686944788936068
v -95.954453267468622 -19.440231210669296 -25.002674233044406
v -99.616895762652661 -11.495636823491951 -27.910411308866685
v -99.717713945497934 23.592796503120514 -8.960969391715413
v 78.339400261355934 34.619037828779817 32.042153197937580
v 78.153301413529348 28.641375512355690 39.054003231038877
v 85.150562131818916 -42.629825318862274 22.410886382041880
v -66.485163504127925 32.828325078419894 26.136704941402641
v 3.080813076998054 -13.402454100864533 -18.567560335091940
v 47.073743842421642 19.610976616313231 -28.072109004822739
v 51.118428873868190 11.394911043880972 -29.185330780018322
v -75.075734769331518 -9.304141199266061 30.956680196099843
v -58.144411426956204 29.839937483975081 15.296620882889776
v -62.005194397631307 37.478878780949593 -9.169335310771219
v -64.604325220667477 35.145706198177628 -0.655388491932989
v 72.345954304638667 -33.426646220330838 -20.852059320115288
v -49.291213902740203 31.510395558385582 -22.117749252769737
v 92.660736133722963 15.783567387422384 -25.654155722128060
v -58.175561835598984 32.283450588200260 1.373003380065327
v -32.721210860310137 10.536667745511437 22.812098917696829
v -40.825093388477626 7.887983746580616 26.201696665709356
v 78.148046354421368 39.465657759638930 24.230769752482793
v 77.594065829243632 43.307570966338581 15.920101664529057
v 87.919233737396610 -44.626126797718364 -3.145115114033189
v 92.954966470492252 -37.673872122454959 -6.363960524691832
v -93.102246800053663 28.651590079134213 31.428104921265728
v -48.561837841364117 31.744220269606917 -14.200490878610362
v -56.595438933462844 36.161628589830123 -13.806639696036338
v -109.126320450056056 15.885337867453259 -11.810899191031497
v -104.000541522721107 19.922282222570193 -5.359840466342857
v -100.618275508214083 15.920263418565298 -29.169404982756600
v -94.466527738978954 22.681595598765355 -29.762256457852871
v -21.490691215386729 -19.407935173833327 -12.673673874453588
v -30.066612470983596 -21.342197447647401 -15.247642430089503
v 40.023187468907835 -13.448870582652852 20.201269746886780
v -7.314249387630881 -22.990950175061727 2.644514271718658
v -14.316171017571072 -28.847508543151790 3.388107907671770
v -28.518430657941384 -28.943375618150384 -11.457970042294573
v -70.551013221959010 36.466024590153381 -3.914916547153052
v 89.548261485530460 24.102092753666984 -26.039127481478094
v 94.927769088072537 24.770352313459760 -18.672697538402364
v 102.440027969758745 -6.789273562621364 12.371080473293688
v 95.047377429228717 8.365869457809088 31.826819331093244
v -17.381827023046093 12.453258500546578 21.461339046239075
v -54.412967652225049 -40.746967696205559 23.365212233891420
v -3.671107860676201 -13.434765002574624 -18.515877703611977
v -85.418453175721396 37.161176107274031 24.376699669745477
f 836 1514 3
f 1 1631 897
f 1 1704 844
f 1 844 1657
f 1 888 1714
f 836 1517 2
f 649 1429 1765
f 2 746 530
f 530 9 955
f 1116 937 11
f 1116 1755 897
f 1734 899 12
f 537 12 1010
f 537 13 785
f 785 1879 650
f 599 837 15
f 599 1751 446
f 446 1751 792
f 6 723 1156
f 1966 17 1295
f 1295 17 904
f 546 995 19
f 546 752 2
f 1895 19 1569
f 578 20 598
f 848 369 1411
f 1068 1911 1146
f 9 1945 955
f 10 620 1836
f 937 675 11
f 11 675 24
f 670 860 25
f 670 25 12
f 636 708 26
f 636 26 1375
f 1434 2021 513
f 380 1464 239
f 532 617 28
f 238 1135 835
f 238 336 850
f 1557 336 709
f 1057 426 792
f 16 1664 1215
f 723 579 17
f 17 1560 32
f 17 32 662
f 17 662 904
f 18 33 658
f 995 658 19
f 1408 34 1565
f 19 1718 946
f 1447 35 545
f 1535 400 406
f 713 328 1641
f 21 540 854
f 472 659 485
f 1894 38 1364
f 681 881 23
f 23 881 711
f 23 1858 855
f 24 923 41
f 860 884 25
f 25 821 42
f 382 610 1482
f 382 1482 26
f 702 1040 190
f 702 1917 513
f 274 962 908
f 274 303 648
f 211 692 1047
f 1611 582 29
f 404 508 998
f 1616 613 424
f 533 661 48
f 533 48 1186
f 505 357 1587
f 510 1115 515
f 1845 50 32
f 1018 882 51
f 1018 51 841
f 33 51 728
f 33 1030 724
f 34 52 1476
f 1951 53 760
f 862 1624 1337
f 1269 340 545
f 1535 668 400
f 391 1806 964
f 1371 893 279
f 2024 1266 156
f 869 338 269
f 554 1703 438
f 1192 229 362
f 1962 58 1940
f 39 741 711
f 40 59 915
f 923 60 41
f 41 60 883
f 821 61 42
f 42 61 657
f 610 1484 43
f 1212 1019 63
f 1212 63 775
f 241 592 301
f 2027 172 1138
f 200 318 895
f 134 896 651
f 830 1542 136
f 783 66 1833
f 1833 66 1824
f 880 756 1207
f 1234 840 1720
f 1649 694 326
f 1182 475 320
f 878 69 515
f 1029 69 750
f 882 1281 51
f 51 917 71
f 51 71 728
f 52 608 1791
f 52 887 1476
f 363 1087 1354
f 359 257 1337
f 478 1539 1817
f 638 315 1128
f 581 315 1056
f 140 1900 926
f 2041 823 189
f 56 1952 623
f 167 1113 1137
f 1700 231 260
f 58 941 78
f 58 78 665
f 59 696 79
f 59 79 915
f 1222 79 938
f 60 80 883
f 1148 80 793
f 61 81 657
f 62 761 1708
f 686 82 1457
f 1621 929 248
f 1044 2020 736
f 493 1944 1519
f 1545 407 484
f 773 1687 1880
f 292 721 1362
f 1454 1618 389
f 1454 389 894
f 1762 447 247
f 1145 1069 567
f 567 898 2039
f 1105 307 320
f 69 88 753
f 69 942 750
f 70 89 944
f 917 90 71
f 1789 90 577
f 608 594 1273
f 1530 754 767
f 726 1793 73
f 547 645 168
f 646 168 1323
f 953 280 284
f 849 129 922
f 461 1676 434
f 980 94 2012
f 831 196 743
f 1803 1497 96
f 1200 96 1039
f 1039 96 654
f 696 1938 79
f 1035 864 98
f 1035 98 938
f 80 98 632
f 80 632 793
f 1290 99 1386
f 364 626 1359
f 929 725 248
f 83 2029 1085
f 497 345 1275
f 396 949 1468
f 1357 417 210
f 1516 531 365
f 427 795 441
f 375 810 1123
f 565 193 247
f 1193 104 590
f 1956 667 105
f 88 105 1916
f 745 105 787
f 89 106 944
f 90 1153 768
f 1490 107 577
f 931 628 108
f 1002 834 290
f 1283 603 109
f 1283 109 575
f 543 959 75
f 1744 1681 154
f 325 1172 236
f 1489 110 737
f 1497 1055 96
f 607 975 112
f 607 112 1869
f 97 112 680
f 864 680 98
f 1851 113 660
f 660 774 1764
f 1349 114 558
f 1270 828 115
f 385 329 1198
f 779 115 1037
f 235 1995 1973
f 1847 281 234
f 234 1279 782
f 1332 1645 963
f 615 886 118
f 1697 1942 105
f 687 930 119
f 687 119 1949
f 106 2010 768
f 1480 1925 120
f 1352 120 600
f 600 120 800
f 490 397 1527
f 1318 866 1816
f 233 1172 325
f 110 542 1078
f 780 851 1289
f 112 851 1846
f 112 1846 928
f 774 1311 114
f 1241 349 124
f 828 479 1874
f 115 1770 1037
f 1041 212 641
f 1208 641 1445
f 886 643 118
f 118 643 1633
f 930 126 1179
f 1179 126 1414
f 370 903 127
f 120 470 800
f 121 1598 1927
f 996 213 542
f 122 863 1743
f 876 1541 124
f 1372 730 125
f 125 730 1342
f 903 128 1623
f 1460 863 122
f 550 560 981
f 1298 683 75
f 1195 1413 597
f 1887 249 790
f 65 992 1092
f 1666 2032 180
f 1669 256 430
f 1958 1814 135
f 1477 203 856
f 181 1505 1783
f 181 697 1505
f 398 777 261
f 135 951 784
f 1864 1013 254
f 1852 483 1050
f 203 1659 423
f 324 350 1159
f 1052 1206 143
f 901 129 849
f 1459 2043 139
f 678 138 1427
f 611 1343 487
f 611 55 1026
f 55 682 1026
f 270 852 487
f 429 652 1395
f 1512 422 2008
f 1306 885 978
f 825 494 1903
f 1161 143 933
f 691 178 958
f 1955 1090 720
f 596 46 1656
f 1075 1265 316
f 83 1085 1347
f 1190 413 1570
f 1737 564 361
f 1367 1481 441
f 960 1881 982
f 439 719 1986
f 174 595 1389
f 63 736 1063
f 1288 1682 756
f 456 358 1321
f 360 1302 536
f 512 313 902
f 924 1738 890
f 344 435 1232
f 982 148 894
f 1558 153 1780
f 154 1158 1937
f 1236 337 621
f 1361 1259 374
f 1373 335 1168
f 1319 1330 167
f 635 449 1141
f 1994 638 1870
f 428 1660 1602
f 634 142 978
f 685 138 678
f 140 1678 1900
f 1052 143 740
f 1224 140 926
f 871 160 1378
f 596 211 1047
f 1072 431 1680
f 1297 330 460
f 1812 460 673
f 85 1095 1060
f 722 1580 210
f 529 164 1540
f 529 968 164
f 1582 869 269
f 1129 1731 165
f 363 705 1256
f 416 1071 1967
f 712 304 1521
f 437 1694 695
f 1766 450 1296
f 1488 1436 215
f 622 647 1376
f 328 540 1196
f 710 266 847
f 1586 219 794
f 1139 950 196
f 555 1331 220
f 568 372 1393
f 570 879 200
f 1188 769 223
f 253 1099 392
f 906 174 1024
f 735 595 174
f 1366 2004 518
f 175 1278 544
f 1811 572 701
f 572 373 1194
f 1807 642 468
f 469 302 1151
f 691 1529 731
f 1979 1302 360
f 421 656 1760
f 656 223 1653
f 131 1466 789
f 1897 1466 131
f 692 291 1006
f 1549 697 181
f 1219 335 2025
f 1402 283 939
f 215 1446 1634
f 1014 1877 294
f 729 1473 264
f 1380 214 1715
f 707 1690 185
f 1266 1451 156
f 1835 559 1660
f 559 916 186
f 488 219 1576
f 388 679 1449
f 466 1829 1421
f 1771 1253 627
f 434 555 1496
f 2041 189 733
f 190 1040 857
f 190 1251 999
f 29 812 613
f 1740 605 246
f 82 1054 725
f 698 1485 101
f 742 409 1595
f 1948 1136 87
f 55 194 137
f 138 194 1427
f 1965 503 875
f 808 1924 188
f 1173 1508 288
f 1636 420 759
f 1269 552 340
f 35 1033 552
f 332 394 985
f 972 1144 1677
f 354 865 597
f 1134 321 677
f 970 200 895
f 570 200 1313
f 861 528 66
f 1659 1050 423
f 318 202 1028
f 1997 506 637
f 1507 133 816
f 830 1741 816
f 573 580 93
f 168 1296 1436
f 198 1503 1785
f 1257 165 956
f 384 259 759
f 1076 1492 77
f 207 663 666
f 867 1407 54
f 1652 433 664
f 818 181 751
f 1954 527 822
f 396 1961 640
f 210 312 534
f 1357 210 1131
f 164 2013 211
f 473 1314 211
f 1874 479 1770
f 212 1021 125
f 121 1842 1598
f 213 1043 122
f 1591 76 1910
f 1330 1113 167
f 155 1827 1259
f 1488 215 2017
f 1257 1218 165
f 523 1201 2006
f 1512 492 422
f 1214 1705 1255
f 1250 1588 432
f 332 1601 501
f 847 1612 219
f 219 986 1576
f 1520 171 1184
f 1500 499 1890
f 1138 1245 352
f 1230 221 589
f 222 1627 644
f 1545 1389 407
f 223 562 806
f 223 806 602
f 1344 378 1278
f 1430 469 1420
f 67 606 1031
f 764 447 1762
f 63 1132 762
f 1019 1132 63
f 838 227 1773
f 1109 319 839
f 43 1252 857
f 43 1484 655
f 438 772 260
f 967 58 1962
f 52 1791 887
f 1087 726 73
f 1700 1016 231
f 941 334 1226
f 232 754 290
f 1793 1625 73
f 109 1388 1243
f 1527 397 1388
f 355 234 782
f 448 1009 1724
f 1008 235 1973
f 1198 329 943
f 1038 236 311
f 584 236 1124
f 300 491 1064
f 19 946 1569
f 837 1213 850
f 1097 28 586
f 1097 532 28
f 872 1795 14
f 1429 848 9
f 300 1064 578
f 151 566 631
f 1080 566 151
f 511 1640 419
f 242 859 1093
f 243 553 1620
f 153 1663 1780
f 379 358 776
f 1936 153 1558
f 245 228 1049
f 190 245 1417
f 873 227 838
f 661 246 877
f 247 193 1140
f 225 2001 1069
f 561 2029 83
f 1621 248 936
f 1195 476 249
f 957 109 583
f 627 130 911
f 911 1158 154
f 1810 814 480
f 352 1245 398
f 1307 451 265
f 874 378 518
f 46 1180 769
f 291 1691 1006
f 254 1013 784
f 254 255 914
f 254 65 255
f 255 65 1092
f 135 1814 951
f 601 1897 131
f 625 331 1202
f 625 663 1550
f 230 1989 727
f 72 767 727
f 743 196 758
f 1584 408 758
f 771 1356 58
f 1338 771 58
f 1313 200 576
f 671 778 134
f 693 1666 180
f 174 1876 1024
f 755 263 319
f 379 1433 1288
f 802 1500 76
f 1591 802 76
f 265 1687 496
f 1307 1581 757
f 867 54 846
f 266 403 1534
f 1605 707 185
f 676 160 871
f 268 1990 1301
f 268 2046 1409
f 269 699 1272
f 418 870 1651
f 676 1304 160
f 452 1316 287
f 695 167 1531
f 635 271 1713
f 710 272 266
f 862 207 1096
f 1263 393 827
f 679 539 187
f 617 1121 648
f 907 1841 1444
f 912 808 188
f 683 543 75
f 276 561 935
f 1044 762 298
f 56 934 1952
f 327 934 1175
f 278 327 927
f 1162 278 367
f 892 1638 37
f 690 279 1513
f 280 560 294
f 1470 129 901
f 235 965 1995
f 281 965 234
f 1202 331 569
f 547 168 646
f 1358 940 283
f 909 973 284
f 974 669 138
f 909 284 343
f 979 285 1863
f 1866 621 481
f 286 885 343
f 685 286 977
f 287 1696 988
f 287 988 2044
f 1863 285 535
f 1173 288 408
f 190 1417 1251
f 289 477 1444
f 1001 339 1262
f 749 1001 92
f 751 181 1005
f 181 1783 1005
f 131 1004 551
f 131 789 1004
f 655 62 1020
f 686 226 293
f 294 1456 466
f 952 294 1015
f 1341 262 796
f 2030 1023 132
f 296 1067 616
f 1234 296 459
f 297 313 1048
f 245 297 526
f 298 276 935
f 298 1045 511
f 706 299 159
f 324 444 1229
f 1065 300 240
f 1065 237 300
f 301 242 1062
f 241 301 1062
f 302 744 1061
f 1779 1061 804
f 274 908 303
f 144 1157 1073
f 399 1077 304
f 1077 1091 304
f 1749 230 1088
f 230 1418 1088
f 1098 306 905
f 1098 239 306
f 1106 516 2034
f 954 88 69
f 1100 418 1651
f 521 1100 1987
f 1084 698 101
f 509 1390 1970
f 44 1081 1599
f 512 1976 799
f 311 236 737
f 1055 1537 1086
f 210 1094 312
f 312 744 302
f 775 1102 313
f 313 2014 902
f 1089 1800 45
f 1089 45 1118
f 187 539 1017
f 1127 142 634
f 316 456 1074
f 268 1301 813
f 1577 317 664
f 314 317 720
f 653 1125 318
f 1125 637 318
f 319 880 1110
f 319 1110 873
f 1150 954 69
f 878 1150 69
f 321 1223 1133
f 321 1133 920
f 1910 76 1112
f 1284 467 1748
f 1165 323 1805
f 243 1620 984
f 1053 1752 1229
f 1160 786 324
f 584 325 236
f 588 325 1171
f 1739 475 1187
f 618 326 357
f 1036 159 1174
f 734 277 327
f 713 406 328
f 1216 198 1197
f 791 1515 329
f 329 1199 779
f 1297 1163 1772
f 1189 366 1563
f 1325 705 331
f 1551 948 282
f 1177 332 985
f 1177 1601 332
f 1729 444 1104
f 2019 1205 563
f 231 1016 334
f 1803 96 1200
f 478 1817 1167
f 1912 1361 374
f 238 835 336
f 336 1239 424
f 1235 346 1293
f 1235 94 980
f 1248 843 57
f 338 699 269
f 290 834 339
f 603 490 1919
f 1268 1840 170
f 340 668 1022
f 76 1185 1982
f 499 1185 1890
f 1260 215 1634
f 1260 183 550
f 1276 974 138
f 286 343 977
f 1711 568 172
f 151 631 1233
f 945 146 1274
f 949 1163 162
f 845 1294 346
f 700 249 1887
f 216 1267 1619
f 1267 1351 347
f 54 1238 1860
f 1407 1238 54
f 1221 123 1310
f 349 876 124
f 324 786 350
f 913 275 350
f 1693 1258 445
f 523 1381 351
f 45 1244 1437
f 221 1525 589
f 1324 1827 155
f 1797 353 947
f 1960 354 770
f 93 580 1254
f 409 355 963
f 1210 234 355
f 1134 1885 321
f 1262 1888 356
f 357 326 1187
f 1286 49 1334
f 1736 1320 358
f 358 1320 776
f 1592 410 900
f 53 624 1336
f 1242 1455 221
f 1400 360 541
f 1368 448 1724
f 1368 1440 375
f 362 967 1363
f 1228 362 1926
f 53 1355 624
f 1122 305 363
f 798 364 1359
f 1567 364 548
f 1367 1737 361
f 1348 365 1383
f 1084 101 1391
f 1391 101 571
f 367 278 927
f 267 367 819
f 1715 214 549
f 1451 1379 156
f 240 1370 369
f 369 472 1146
f 1423 1415 127
f 119 370 858
f 371 245 526
f 1416 44 1000
f 1559 1232 372
f 1394 64 653
f 1346 509 1970
f 1346 146 945
f 374 1891 639
f 335 1322 2025
f 565 375 1123
f 574 375 1439
f 1096 207 1406
f 207 666 1406
f 1435 573 93
f 1435 93 612
f 874 757 1622
f 1345 85 619
f 755 379 263
f 1321 358 379
f 872 380 239
f 1375 26 1434
f 1475 230 1749
f 1951 1475 53
f 708 382 26
f 25 42 1483
f 274 1819 962
f 383 1403 415
f 304 1091 384
f 1327 259 384
f 192 716 1317
f 791 329 385
f 614 420 1899
f 95 1119 1498
f 1463 1518 145
f 1463 145 1562
f 1534 403 986
f 1450 826 388
f 1453 427 1670
f 389 553 1183
f 1495 390 506
f 435 390 1495
f 452 391 964
f 581 1968 391
f 1506 392 1169
f 253 392 781
f 609 1472 393
f 633 283 1402
f 332 1178 394
f 394 1502 445
f 395 1070 651
f 1011 1099 253
f 84 1469 538
f 1275 345 396
f 108 788 969
f 397 866 233
f 1059 398 261
f 352 398 766
f 712 399 304
f 843 399 1532
f 400 672 1536
f 400 1536 1547
f 1788 1467 401
f 401 451 809
f 587 1452 402
f 1452 623 402
f 846 1533 403
f 403 1450 388
f 29 1561 812
f 582 1561 29
f 733 189 1499
f 189 1246 1499
f 406 400 684
f 406 1575 1197
f 407 1959 644
f 1798 1546 797
f 408 288 994
f 1585 95 732
f 193 810 1674
f 1594 1333 409
f 760 53 1593
f 1593 53 1336
f 633 1358 283
f 1168 335 1219
f 586 28 1610
f 28 1462 1610
f 571 1571 413
f 1571 1892 413
f 1590 414 1204
f 729 1568 414
f 1209 310 541
f 383 415 731
f 1255 166 1012
f 1538 569 416
f 396 1468 1961
f 417 722 210
f 308 1144 418
f 1582 269 418
f 493 419 701
f 242 976 859
f 732 1553 420
f 420 1553 1498
f 1152 421 1760
f 1518 421 1655
f 1079 217 1405
f 422 1511 609
f 1658 861 66
f 203 423 856
f 829 191 604
f 336 424 709
f 749 1626 1726
f 645 450 1766
f 585 1665 426
f 426 505 1215
f 630 177 1671
f 1733 795 1671
f 647 428 218
f 486 1870 688
f 893 429 1395
f 820 1438 429
f 430 601 1668
f 992 483 1852
f 1335 1679 431
f 968 747 164
f 432 892 1589
f 1250 432 501
f 1118 45 1629
f 1810 480 1629
f 1410 434 1496
f 75 674 563
f 703 152 1614
f 152 890 1614
f 772 436 260
f 57 556 1699
f 842 1426 271
f 549 214 1319
f 229 1702 260
f 1192 1702 229
f 66 1647 1824
f 66 528 1647
f 279 652 1312
f 1201 185 1422
f 441 574 1683
f 427 441 1670
f 1441 819 442
f 1689 56 587
f 443 591 1717
f 443 1717 237
f 324 1159 444
f 444 1205 333
f 1692 961 205
f 394 445 910
f 6 1750 1191
f 5 1609 1548
f 323 1164 447
f 1761 86 717
f 1369 564 448
f 471 1009 448
f 2024 156 1730
f 449 842 1141
f 425 1626 1918
f 450 1767 677
f 401 1467 451
f 451 832 265
f 36 1777 989
f 1458 391 452
f 258 232 1794
f 232 805 1794
f 454 243 984
f 921 454 1781
f 1712 455 536
f 1712 1211 455
f 316 1265 456
f 1768 718 456
f 1225 457 334
f 614 1635 457
f 1784 1011 253
f 458 1691 291
f 1759 1032 68
f 482 1759 1774
f 460 1190 1813
f 811 531 163
f 75 1745 674
f 75 959 1745
f 2030 132 1815
f 462 748 1707
f 1340 215 1828
f 1828 215 1382
f 150 1834 932
f 562 1834 150
f 1825 960 153
f 464 465 932
f 913 466 275
f 294 466 1015
f 1112 76 1747
f 76 1982 1747
f 1721 224 1420
f 468 1808 630
f 619 85 1786
f 85 1060 1786
f 1423 1843 470
f 470 1043 213
f 102 1848 1723
f 102 966 1848
f 369 1412 472
f 521 659 1974
f 817 473 211
f 1117 317 1577
f 958 1799 474
f 1242 221 1230
f 1739 694 475
f 1837 68 1149
f 575 109 1868
f 1868 109 957
f 1000 44 1820
f 477 1403 383
f 1373 478 335
f 1818 1012 478
f 1241 1873 479
f 479 1021 212
f 480 251 1716
f 1809 181 818
f 481 1176 979
f 1331 171 1520
f 1775 482 1186
f 1775 815 482
f 430 1668 483
f 1853 131 551
f 484 407 918
f 1875 262 1341
f 1228 485 362
f 1857 1893 22
f 1661 486 428
f 488 1929 738
f 487 1343 1224
f 1304 1901 160
f 157 1928 1871
f 794 219 488
f 1524 489 322
f 414 489 1204
f 1350 1261 490
f 108 969 1920
f 300 1947 491
f 2036 35 1447
f 1859 1214 217
f 1859 217 1079
f 714 493 222
f 149 1639 1943
f 933 143 1904
f 1904 143 803
f 690 1371 279
f 916 1907 186
f 1131 210 534
f 265 496 833
f 1519 1935 497
f 1143 345 497
f 498 825 1953
f 1448 1380 368
f 405 1246 499
f 1399 341 499
f 591 500 1007
f 1648 381 500
f 501 432 1589
f 332 501 1178
f 1972 966 102
f 413 502 1570
f 612 93 1964
f 1964 93 629
f 629 1923 504
f 1923 1254 504
f 426 1665 505
f 30 1287 1980
f 1996 735 174
f 1996 174 906
f 891 748 507
f 824 401 507
f 1562 1991 508
f 508 1075 316
f 373 1305 509
f 1969 1280 509
f 593 1845 32
f 31 1115 1998
f 2016 511 976
f 298 511 1300
f 44 1975 1081
f 44 1103 1975
f 513 1917 1425
f 380 513 1464
f 1698 2028 514
f 514 2028 1034
f 515 69 1029
f 1999 515 2037
f 307 898 516
f 2035 1136 516
f 1025 517 462
f 1604 295 517
f 518 378 1344
f 292 518 1003
f 1124 236 1038
f 1046 519 535
f 1129 520 449
f 2023 1619 520
f 1856 521 1974
f 1988 854 521
f 522 1139 1983
f 522 1983 831
f 37 2007 1258
f 37 1638 2007
f 2042 524 803
f 2042 1206 524
f 525 374 1360
f 411 525 1573
f 526 297 1048
f 1416 526 44
f 797 2033 527
f 527 2033 538
f 1329 721 528
f 528 719 439
f 28 529 1462
f 1680 431 529
f 3 530 1603
f 1514 530 3
f 460 1813 531
f 531 1384 365
f 306 239 532
f 239 1479 532
f 618 1227 326
f 604 801 533
f 534 1095 85
f 1933 534 85
f 535 519 2011
f 288 535 994
f 536 1066 221
f 1455 536 221
f 1596 537 5
f 1734 12 537
f 538 1501 640
f 527 538 822
f 1264 827 539
f 539 142 1127
f 328 1821 540
f 540 198 1101
f 541 360 1303
f 1600 541 178
f 542 213 122
f 542 122 780
f 912 188 543
f 188 1292 543
f 544 642 148
f 1646 544 148
f 545 340 1022
f 491 545 1946
f 1517 546 2
f 1719 18 546
f 948 547 1308
f 73 1625 547
f 548 1387 82
f 62 1708 1051
f 156 549 1695
f 1379 549 156
f 953 550 981
f 342 1374 639
f 551 292 1362
f 483 551 1107
f 552 410 1592
f 552 197 340
f 1453 86 553
f 553 1164 323
f 1309 554 438
f 870 554 38
f 434 1676 555
f 1866 481 555
f 556 1076 77
f 556 77 1181
f 134 557 896
f 576 200 970
f 100 558 739
f 626 558 100
f 688 36 559
f 36 989 559
f 550 183 560
f 560 1014 294
f 276 248 561
f 1698 514 561
f 1727 173 562
f 173 990 562
f 563 1735 1675
f 823 563 189
f 365 1384 564
f 564 102 1723
f 86 565 717
f 1439 375 565
f 799 241 566
f 566 241 1353
f 1105 567 2039
f 1145 567 616
f 455 1211 568
f 1559 372 568
f 569 1551 282
f 569 1071 416
f 777 570 261
f 1393 372 570
f 1385 571 413
f 366 571 1563
f 1811 1640 572
f 83 1347 572
f 377 1607 573
f 920 971 573
f 441 1481 574
f 1688 375 574
f 321 575 1223
f 1885 575 321
f 134 576 557
f 778 576 134
f 577 807 91
f 1789 577 594
f 240 578 1217
f 300 578 240
f 16 1328 1782
f 1560 593 32
f 573 971 580
f 580 865 354
f 1458 581 391
f 1128 315 581
f 1597 387 582
f 387 1608 582
f 583 588 94
f 1566 583 790
f 94 584 2012
f 1171 325 584
f 1057 585 426
f 15 1240 585
f 238 586 1135
f 306 586 1822
f 1491 587 402
f 1351 587 347
f 1243 233 588
f 233 325 588
f 589 1244 45
f 1800 589 45
f 88 1956 105
f 516 590 2034
f 1565 34 591
f 34 1950 591
f 313 1102 2014
f 592 63 1063
f 579 31 593
f 31 1998 593
f 594 577 91
f 594 91 1273
f 2002 1494 595
f 595 714 1757
f 164 596 1632
f 164 211 596
f 597 1413 700
f 354 597 1253
f 1641 328 1196
f 578 598 1217
f 5 599 1609
f 5 650 599
f 108 600 788
f 628 600 108
f 430 256 601
f 891 507 601
f 179 602 718
f 223 602 1653
f 356 1888 603
f 1350 490 603
f 30 604 533
f 1617 604 30
f 268 813 2046
f 605 47 839
f 606 764 225
f 606 1067 296
f 96 607 654
f 1086 111 607
f 52 925 608
f 71 594 608
f 1263 609 393
f 1083 609 273
f 382 42 610
f 763 1993 610
f 139 611 1902
f 1249 55 611
f 215 612 1446
f 377 612 1941
f 613 268 1409
f 613 191 829
f 1802 614 457
f 77 1554 614
f 667 1697 105
f 983 1673 615
f 616 567 68
f 1032 616 68
f 532 1479 617
f 907 1121 617
f 30 618 1287
f 30 533 618
f 1430 619 469
f 1742 619 224
f 1068 22 620
f 620 681 1836
f 621 337 1992
f 621 1176 481
f 169 622 1376
f 400 1547 684
f 623 1448 368
f 623 368 1756
f 624 363 1256
f 624 257 359
f 257 625 1550
f 1325 331 625
f 1386 99 626
f 1349 558 626
f 188 627 1292
f 1771 627 770
f 1419 807 628
f 1352 600 628
f 195 629 991
f 503 629 1082
f 1831 630 427
f 1618 630 389
f 631 566 1353
f 631 152 703
f 632 704 99
f 632 99 1290
f 1472 633 393
f 182 1572 633
f 1642 634 286
f 315 634 1056
f 1247 635 338
f 165 1731 635
f 12 636 1010
f 12 25 2045
f 637 1166 202
f 637 202 318
f 738 187 638
f 187 1017 638
f 639 550 74
f 374 639 1360
f 640 417 1643
f 538 640 209
f 641 212 125
f 641 125 715
f 1397 224 642
f 642 224 1721
f 715 125 643
f 643 125 1342
f 644 1934 84
f 407 644 1546
f 547 1725 645
f 425 1918 645
f 1797 646 353
f 547 646 1308
f 622 157 647
f 1661 428 647
f 648 1072 28
f 617 648 28
f 2 649 746
f 2 752 649
f 650 1879 1431
f 650 14 1058
f 651 1424 914
f 1504 651 133
f 1605 185 652
f 652 185 1637
f 200 653 318
f 879 653 200
f 654 607 1869
f 919 654 97
f 228 655 293
f 43 655 1252
f 1656 46 656
f 1188 223 656
f 657 761 62
f 763 657 62
f 658 33 724
f 658 34 1408
f 521 1987 659
f 659 38 1894
f 1401 660 1764
f 704 660 99
f 533 801 661
f 1740 246 661
f 662 32 841
f 662 33 18
f 625 166 663
f 663 166 1237
f 664 433 1630
f 473 664 1849
f 665 765 59
f 39 1940 741
f 666 663 1285
f 666 348 376
f 590 104 667
f 104 615 667
f 1268 170 668
f 668 1114 400
f 284 280 669
f 952 129 1470
f 899 670 12
f 11 24 670
f 251 1549 1716
f 1059 261 1442
f 400 1114 672
f 1147 219 1586
f 673 811 163
f 1580 1443 210
f 674 461 434
f 674 1735 563
f 10 23 675
f 675 23 855
f 820 676 1271
f 141 853 676
f 677 321 204
f 1914 677 204
f 1249 678 55
f 1583 678 139
f 388 1528 679
f 1264 539 679
f 680 112 928
f 680 113 98
f 620 22 681
f 22 1108 681
f 55 137 682
f 1678 706 159
f 350 275 683
f 1220 543 683
f 684 622 169
f 406 684 1575
f 1583 685 678
f 1642 286 685
f 62 686 1020
f 62 1051 686
f 105 687 787
f 105 1942 687
f 1835 688 559
f 486 688 428
f 1949 119 689
f 689 119 858
f 1588 690 432
f 186 1907 690
f 144 691 1090
f 1404 1529 691
f 211 1314 692
f 208 291 692
f 824 1788 401
f 796 262 1883
f 482 1774 694
f 694 68 1837
f 1686 695 399
f 1426 695 271
f 59 765 696
f 919 97 696
f 671 134 697
f 697 1070 395
f 1034 192 698
f 192 1317 698
f 1248 57 699
f 699 57 554
f 1294 700 346
f 597 700 130
f 701 572 176
f 493 701 1944
f 2021 702 513
f 26 1487 702
f 344 703 435
f 631 703 1392
f 632 98 704
f 1851 660 704
f 363 1354 705
f 705 1203 331
f 682 137 706
f 1053 299 706
f 429 1438 707
f 1441 442 707
f 2045 25 708
f 25 1483 708
f 709 1617 30
f 585 709 30
f 1840 710 170
f 197 868 710
f 711 59 40
f 23 711 1858
f 57 712 556
f 1532 399 712
f 20 713 598
f 20 1574 713
f 595 149 714
f 149 1943 714
f 1170 715 643
f 641 715 1445
f 798 100 716
f 716 100 1486
f 717 565 247
f 447 717 247
f 718 1736 358
f 718 358 456
f 528 175 719
f 719 175 544
f 720 317 1117
f 1955 720 1157
f 292 1003 721
f 721 175 528
f 1644 162 722
f 162 673 722
f 6 1191 723
f 16 1782 723
f 724 52 34
f 658 724 34
f 725 716 192
f 725 192 248
f 305 258 726
f 258 453 726
f 727 232 258
f 230 727 1418
f 728 925 52
f 33 728 1030
f 1590 729 414
f 1903 494 729
f 124 1541 730
f 730 1654 126
f 731 1600 178
f 691 731 178
f 1636 732 420
f 408 732 1552
f 264 733 1662
f 1339 733 264
f 159 734 1174
f 740 143 1161
f 506 390 735
f 2002 595 735
f 736 2020 1300
f 736 242 301
f 737 110 1078
f 1120 737 111
f 1994 738 638
f 488 738 486
f 739 1270 115
f 1515 1199 329
f 159 740 734
f 299 740 159
f 741 665 59
f 741 59 711
f 193 742 1140
f 193 1674 742
f 1327 743 1461
f 1915 743 1748
f 312 1094 744
f 744 1348 147
f 89 745 106
f 88 1916 753
f 746 649 1765
f 746 9 530
f 431 1679 747
f 2013 817 211
f 1815 132 748
f 748 1898 507
f 232 749 805
f 232 290 749
f 750 89 70
f 50 750 70
f 208 751 291
f 433 1746 1630
f 546 19 752
f 752 19 1895
f 753 745 89
f 69 753 942
f 1530 1398 754
f 754 1002 290
f 1109 755 319
f 47 1432 755
f 756 921 67
f 756 840 1207
f 757 1581 833
f 757 85 1345
f 758 408 1552
f 743 758 1461
f 759 1554 77
f 1492 759 77
f 35 760 1033
f 500 760 1007
f 657 81 761
f 761 81 548
f 1579 226 936
f 762 276 298
f 42 763 610
f 42 657 763
f 1805 323 764
f 323 447 764
f 665 78 765
f 765 78 696
f 766 398 1509
f 45 1437 814
f 767 754 232
f 767 232 727
f 768 689 107
f 1490 768 107
f 769 1428 781
f 769 173 1727
f 770 627 188
f 1924 770 188
f 229 260 771
f 260 231 771
f 438 1703 772
f 57 1699 772
f 832 773 1880
f 180 2032 1954
f 660 113 774
f 113 349 774
f 297 775 313
f 1862 775 1049
f 776 889 244
f 379 776 1433
f 1510 172 777
f 172 570 777
f 1442 261 778
f 261 576 778
f 987 779 1522
f 329 779 235
f 975 780 1289
f 1844 780 111
f 781 392 1506
f 769 781 173
f 782 1208 117
f 1332 782 117
f 173 783 990
f 173 1169 783
f 784 256 65
f 254 784 65
f 5 785 650
f 537 785 5
f 922 129 786
f 786 1299 350
f 787 687 2047
f 745 787 106
f 788 1315 121
f 788 121 1526
f 1555 401 809
f 789 252 1366
f 790 583 94
f 346 790 1293
f 100 791 1486
f 100 739 791
f 792 1664 16
f 446 792 16
f 793 1801 81
f 61 793 81
f 157 794 1928
f 672 794 157
f 804 147 795
f 795 147 1684
f 132 796 693
f 1023 796 132
f 262 797 527
f 1798 797 918
f 82 798 1054
f 82 1387 798
f 310 799 1776
f 512 799 2009
f 800 1842 121
f 1315 800 121
f 604 191 801
f 801 191 661
f 414 1568 802
f 264 1662 802
f 803 1339 264
f 1473 803 264
f 1733 804 795
f 1779 804 1151
f 805 749 1726
f 805 425 453
f 806 562 150
f 806 150 602
f 577 107 807
f 807 107 628
f 1421 195 808
f 195 991 808
f 809 1753 252
f 789 809 252
f 375 1440 810
f 810 1594 409
f 673 460 811
f 460 531 811
f 1971 404 998
f 812 268 613
f 813 1855 1074
f 813 47 605
f 814 766 251
f 814 251 480
f 815 1758 459
f 815 459 482
f 816 1667 203
f 392 816 203
f 747 161 817
f 1850 473 817
f 433 818 1746
f 480 818 433
f 819 1377 56
f 819 56 1689
f 141 820 1606
f 141 676 820
f 25 884 821
f 1130 61 821
f 822 538 209
f 773 822 209
f 524 333 823
f 2019 563 823
f 1898 824 507
f 132 693 824
f 1796 277 825
f 1878 494 825
f 826 1083 273
f 826 1528 388
f 827 1471 142
f 827 142 539
f 558 114 828
f 114 479 828
f 424 829 604
f 613 829 424
f 133 830 816
f 133 1543 830
f 1915 831 743
f 522 831 467
f 1754 180 832
f 180 773 832
f 833 1933 85
f 757 833 85
f 931 108 834
f 834 1261 339
f 835 1611 29
f 835 1239 336
f 1 836 1631
f 1 1714 836
f 1058 14 837
f 14 905 837
f 48 838 815
f 246 1154 877
f 839 319 246
f 605 839 246
f 756 67 840
f 840 67 1031
f 841 51 33
f 662 841 33
f 1730 156 842
f 156 1695 842
f 1713 271 843
f 1686 399 843
f 844 1596 5
f 844 5 1548
f 337 845 346
f 1236 845 337
f 266 846 403
f 272 846 266
f 1147 847 219
f 710 847 170
f 1326 240 848
f 240 369 848
f 194 849 137
f 138 849 194
f 850 1240 15
f 837 850 15
f 780 122 851
f 851 122 1743
f 1459 139 852
f 852 139 1902
f 287 1316 1696
f 853 270 1792
f 854 540 308
f 854 308 521
f 855 997 24
f 675 855 24
f 856 1658 66
f 783 856 66
f 857 228 245
f 190 857 245
f 858 1415 120
f 1925 858 120
f 859 1639 149
f 859 149 924
f 670 24 860
f 24 41 860
f 423 201 861
f 1329 528 861
f 197 862 868
f 197 900 862
f 1623 128 863
f 863 1861 123
f 79 1938 864
f 97 680 864
f 580 199 865
f 865 199 597
f 1526 121 866
f 866 121 1042
f 272 867 846
f 272 376 867
f 868 1396 272
f 868 272 710
f 956 165 869
f 1247 338 869
f 418 269 870
f 269 1272 870
f 267 871 367
f 676 871 1271
f 13 872 1431
f 1465 380 872
f 246 873 1154
f 319 873 246
f 2004 874 518
f 252 757 874
f 875 503 1082
f 1877 1456 294
f 1310 123 876
f 123 1861 876
f 877 838 48
f 661 877 48
f 2038 878 515
f 1182 1872 878
f 570 372 879
f 372 653 879
f 319 263 880
f 263 756 880
f 681 1685 881
f 881 39 711
f 32 50 882
f 50 70 882
f 883 80 1148
f 1130 883 61
f 860 41 884
f 884 41 821
f 939 283 885
f 885 283 1277
f 615 1673 886
f 1170 643 886
f 887 1989 230
f 887 230 381
f 1 1657 888
f 6 1156 888
f 776 1628 889
f 1027 153 1936
f 890 1494 390
f 890 390 435
f 256 891 601
f 256 748 891
f 1513 279 892
f 279 1312 892
f 1906 141 893
f 141 1606 893
f 894 389 1183
f 153 1939 1663
f 895 1126 135
f 557 895 135
f 896 1864 254
f 896 1424 651
f 897 1755 1155
f 1 897 1704
f 567 87 898
f 898 2035 516
f 1155 11 899
f 11 670 899
f 900 410 359
f 900 1624 862
f 138 901 849
f 669 901 138
f 902 592 241
f 512 902 1976
f 1414 126 903
f 126 1654 903
f 904 662 18
f 1719 904 18
f 905 306 1822
f 905 1213 837
f 1604 906 2005
f 1166 906 202
f 27 907 617
f 999 1841 907
f 1706 383 1404
f 908 144 1073
f 283 909 1277
f 283 940 909
f 910 1692 205
f 972 910 205
f 1681 911 154
f 627 911 2000
f 1220 912 543
f 275 1701 912
f 1299 913 350
f 1830 466 913
f 914 1543 133
f 651 914 133
f 915 79 1222
f 40 915 1111
f 559 1896 916
f 287 2044 916
f 51 1281 917
f 70 1231 917
f 918 797 262
f 1875 918 262
f 78 919 696
f 1722 654 919
f 204 920 573
f 321 920 204
f 756 1682 921
f 244 454 921
f 137 922 1564
f 849 922 137
f 24 997 923
f 40 1111 923
f 152 924 890
f 1523 924 152
f 728 71 925
f 925 71 608
f 926 159 1036
f 1162 926 278
f 927 327 1175
f 1377 927 56
f 928 123 1221
f 680 928 113
f 1457 82 929
f 82 725 929
f 687 118 930
f 118 1633 930
f 1365 931 834
f 1419 628 931
f 932 1825 153
f 1027 932 153
f 1878 933 494
f 734 933 277
f 327 277 934
f 934 277 1796
f 935 561 83
f 298 935 1045
f 936 248 276
f 762 936 276
f 3 1603 937
f 10 675 937
f 938 98 80
f 60 938 80
f 1306 939 885
f 1471 939 142
f 411 1573 940
f 940 1291 909
f 58 1356 941
f 231 334 941
f 942 753 89
f 942 89 750
f 943 329 235
f 943 235 1008
f 944 1153 90
f 70 944 1231
f 1143 945 1913
f 373 945 1194
f 946 443 237
f 946 1908 8
f 947 1324 155
f 1539 947 155
f 331 1203 948
f 73 547 948
f 396 345 949
f 1274 146 1882
f 1184 171 950
f 950 171 993
f 951 462 1707
f 951 256 784
f 280 952 669
f 280 294 952
f 973 953 284
f 74 550 953
f 320 307 954
f 1106 88 954
f 955 620 10
f 530 955 10
f 1854 956 869
f 961 956 205
f 1566 957 583
f 476 957 249
f 314 958 474
f 691 958 1709
f 543 250 959
f 959 250 461
f 465 439 960
f 1646 1881 960
f 445 351 961
f 351 1578 961
f 962 477 383
f 962 383 1706
f 963 1645 983
f 409 963 1595
f 964 852 270
f 1778 964 270
f 987 116 965
f 965 1279 234
f 502 281 966
f 966 281 471
f 362 229 967
f 1338 58 967
f 529 431 968
f 431 747 968
f 969 1884 397
f 969 397 490
f 557 970 895
f 576 970 557
f 920 199 971
f 971 199 580
f 198 972 1101
f 198 1785 972
f 909 1291 973
f 74 953 973
f 343 284 974
f 284 669 974
f 607 111 975
f 111 780 975
f 976 511 419
f 976 2040 859
f 977 1276 138
f 685 977 138
f 978 885 286
f 634 978 286
f 171 979 993
f 481 979 1865
f 1046 980 519
f 337 980 1992
f 981 560 280
f 953 981 280
f 153 982 1939
f 960 982 153
f 104 983 615
f 963 983 104
f 984 323 1165
f 454 984 1781
f 985 1503 198
f 1216 985 198
f 986 403 388
f 986 388 1449
f 235 987 965
f 235 779 987
f 988 853 141
f 988 141 1906
f 989 452 287
f 989 1896 559
f 990 783 464
f 990 464 562
f 991 629 504
f 991 504 808
f 1669 430 992
f 430 483 992
f 993 1978 288
f 1508 993 288
f 994 535 95
f 1585 994 95
f 546 18 995
f 18 658 995
f 110 996 542
f 121 1927 1042
f 855 40 997
f 997 40 923
f 998 1990 268
f 812 998 268
f 27 999 907
f 190 999 1425
f 289 1000 477
f 371 1000 289
f 749 290 1001
f 290 339 1001
f 754 91 1002
f 1365 834 1002
f 1003 518 2003
f 1003 175 721
f 1004 789 1886
f 1004 292 551
f 1005 458 291
f 751 1005 291
f 1006 1180 46
f 692 1006 46
f 1007 760 35
f 591 1007 35
f 413 1008 502
f 1892 1008 413
f 1847 234 1009
f 1009 234 1210
f 1010 636 13
f 537 1010 13
f 458 395 1011
f 1504 1931 1011
f 1012 1538 416
f 1012 416 478
f 557 135 1013
f 1013 135 784
f 560 183 1014
f 183 875 1014
f 1015 466 1830
f 952 1015 129
f 1181 77 1016
f 1016 1225 334
f 1017 539 315
f 1017 315 638
f 32 1018 841
f 32 882 1018
f 228 293 1019
f 293 226 1019
f 1020 686 293
f 655 1020 293
f 479 1873 1021
f 1021 1372 125
f 1022 668 20
f 545 1022 20
f 517 295 1023
f 1839 796 1023
f 1024 484 295
f 906 1024 2005
f 202 1025 1028
f 2031 517 1025
f 1026 682 140
f 611 1026 140
f 150 1027 889
f 150 932 1027
f 1028 1958 135
f 1126 1028 135
f 50 1029 750
f 515 1029 2037
f 1030 728 52
f 1030 52 724
f 1031 606 296
f 840 1031 1720
f 459 296 1032
f 296 616 1032
f 1033 760 410
f 1033 410 552
f 2018 1034 698
f 514 1034 309
f 79 1035 938
f 79 864 1035
f 278 1036 327
f 926 1036 278
f 1984 212 1041
f 779 1037 1522
f 95 1038 1119
f 519 1038 2011
f 1722 1039 654
f 1826 1039 1226
f 702 43 1040
f 1040 43 857
f 116 1041 641
f 1037 1041 116
f 1042 996 110
f 866 1042 1816
f 470 1843 1043
f 1043 1460 122
f 63 1044 736
f 63 762 1044
f 1045 935 83
f 1045 83 2015
f 285 1046 535
f 285 980 1046
f 1047 692 46
f 596 1047 46
f 1048 1103 44
f 526 1048 44
f 1049 775 297
f 245 1049 297
f 1050 483 1107
f 1050 201 423
f 1051 548 82
f 1051 82 686
f 299 1052 740
f 299 1104 1052
f 137 1053 706
f 1160 1752 1053
f 1054 798 716
f 1054 716 725
f 386 311 1055
f 1120 1537 1055
f 1056 634 158
f 581 1056 158
f 15 1057 792
f 15 585 1057
f 599 1058 837
f 650 1058 599
f 251 1059 671
f 1509 398 1059
f 1060 312 302
f 1060 302 469
f 1061 744 147
f 1061 147 804
f 1062 242 1093
f 1474 1062 152
f 1063 736 301
f 592 1063 301
f 1064 491 1946
f 1064 20 578
f 1326 1065 240
f 8 1908 1065
f 536 455 1066
f 1711 172 2027
f 606 225 1067
f 1067 225 616
f 9 1068 1945
f 1411 1911 1068
f 1069 247 1142
f 1069 87 567
f 697 134 1070
f 1070 134 651
f 569 282 1071
f 1071 282 947
f 648 303 1072
f 303 431 1072
f 1804 161 1335
f 908 1073 303
f 1074 456 1769
f 813 1074 47
f 508 1991 1075
f 1152 1732 1075
f 1521 304 1076
f 304 384 1076
f 1531 167 1077
f 167 1137 1077
f 1078 1844 111
f 737 1078 111
f 422 1079 1511
f 492 1079 422
f 1400 1979 360
f 310 1776 1080
f 1081 512 2009
f 1081 310 1209
f 1082 629 195
f 875 1082 195
f 2008 422 1083
f 422 609 1083
f 309 1084 1280
f 2018 698 1084
f 1085 514 309
f 1930 1305 373
f 96 1086 607
f 1055 1086 96
f 363 305 1087
f 305 726 1087
f 1088 258 305
f 1122 1088 305
f 314 1089 317
f 314 474 1089
f 1090 691 1709
f 1090 314 720
f 1077 1556 1091
f 1091 1493 384
f 1092 992 136
f 1542 1092 136
f 1093 1523 152
f 1062 1093 152
f 210 1443 1094
f 1094 163 744
f 534 312 1095
f 1095 312 1060
f 272 1096 376
f 1396 1096 272
f 306 1097 586
f 306 532 1097
f 14 1098 905
f 14 1795 1098
f 1011 1931 1099
f 1099 133 1507
f 521 308 1100
f 308 418 1100
f 1101 972 1677
f 540 1101 308
f 775 63 1102
f 1102 63 592
f 1048 313 1103
f 1103 313 512
f 1104 444 333
f 1104 1672 1052
f 68 1105 1149
f 68 567 1105
f 307 1106 954
f 307 516 1106
f 1107 551 201
f 1050 1107 201
f 1926 362 1363
f 1108 1685 681
f 47 1109 839
f 47 755 1109
f 1110 880 227
f 1110 227 873
f 1111 915 60
f 1111 60 923
f 322 1112 467
f 489 1112 322
f 1524 322 1113
f 1710 1284 206
f 668 170 1114
f 1114 170 672
f 1334 49 1115
f 1115 2038 515
f 3 1116 897
f 3 937 1116
f 1850 1117 473
f 720 1117 161
f 1652 1118 433
f 1089 1118 317
f 1119 1038 311
f 1119 311 386
f 311 1120 1055
f 311 737 1120
f 907 274 1121
f 1121 274 648
f 53 1122 1355
f 53 1088 1122
f 1123 810 193
f 565 1123 193
f 519 1124 1038
f 584 1124 519
f 653 64 1125
f 64 637 1125
f 895 318 1126
f 318 1028 1126
f 315 1127 634
f 539 1127 315
f 36 1128 581
f 638 1128 36
f 1218 1129 165
f 2023 520 1129
f 41 1130 821
f 41 883 1130
f 496 1131 534
f 209 1131 1932
f 1019 226 1132
f 1132 226 1579
f 1133 1867 199
f 1133 199 920
f 92 1134 677
f 92 1282 1134
f 1135 586 412
f 1135 412 835
f 742 104 1136
f 1136 104 1193
f 1137 1710 206
f 1137 1556 1077
f 221 1138 1525
f 1066 1138 221
f 522 341 1139
f 341 1763 1139
f 1140 1948 87
f 247 1140 1142
f 1141 842 271
f 635 1141 271
f 1142 1140 87
f 1069 1142 87
f 1935 1143 497
f 176 945 1143
f 972 205 1144
f 1144 1650 418
f 225 1145 616
f 225 1069 1145
f 1146 1857 22
f 1068 1146 22
f 170 1147 672
f 170 847 1147
f 61 1148 793
f 883 1148 61
f 1149 1105 320
f 475 1149 320
f 878 1872 1150
f 320 954 1150
f 1151 804 177
f 469 1151 1787
f 145 1152 1075
f 1655 421 1152
f 944 106 1153
f 1153 106 768
f 1154 873 838
f 1154 838 877
f 4 1155 899
f 897 1155 4
f 1156 723 17
f 1156 17 1966
f 1157 720 161
f 1157 161 1804
f 911 130 1158
f 1158 130 845
f 1159 1298 75
f 1159 1728 444
f 137 1160 1053
f 137 1564 1160
f 734 1161 933
f 740 1161 734
f 160 1162 1378
f 160 1823 1162
f 1882 146 1163
f 1163 1189 1772
f 553 86 1164
f 1164 86 1761
f 67 1165 606
f 984 1165 67
f 637 506 1166
f 506 906 1166
f 335 1167 1322
f 478 1167 335
f 182 1168 1572
f 217 1985 1405
f 1169 392 203
f 1169 203 1477
f 117 1170 886
f 117 715 1170
f 94 1171 584
f 588 1171 94
f 1318 110 1172
f 1172 110 1489
f 1584 1173 408
f 196 950 1173
f 1174 734 327
f 1036 1174 327
f 1175 934 56
f 927 1175 56
f 621 285 1176
f 1176 285 979
f 1790 1177 985
f 1478 218 1177
f 1178 501 1921
f 1178 1502 394
f 119 1179 370
f 930 1179 119
f 1006 253 1180
f 1180 1428 769
f 436 1181 1016
f 556 1181 436
f 49 1182 878
f 1838 475 1182
f 1183 553 243
f 894 1183 243
f 341 1184 1763
f 1399 1184 341
f 499 341 1185
f 1185 341 522
f 1186 1649 326
f 1227 1186 326
f 1187 475 1838
f 1286 1187 49
f 46 1188 656
f 46 769 1188
f 1163 146 1189
f 146 1390 1189
f 460 330 1190
f 1385 413 1190
f 1191 446 16
f 1191 16 723
f 38 1192 1364
f 1309 438 1192
f 516 1193 590
f 1136 1193 516
f 1194 945 176
f 572 1194 176
f 199 1195 597
f 199 1867 1195
f 1196 540 21
f 598 1196 21
f 1197 1821 328
f 406 1197 328
f 101 1198 943
f 1485 1198 101
f 739 115 1199
f 1199 115 779
f 1826 1200 1039
f 457 1200 334
f 523 440 1201
f 1637 185 1201
f 166 1202 569
f 625 1202 166
f 705 73 1203
f 1203 73 948
f 1204 489 1909
f 184 1204 1544
f 444 1728 1205
f 1205 75 563
f 1052 1672 1206
f 1206 333 524
f 1207 840 227
f 880 1207 227
f 782 116 1208
f 116 641 1208
f 415 1209 541
f 1081 1209 415
f 103 1210 1333
f 1009 1210 103
f 2048 1233 1211
f 1211 344 568
f 1862 1212 775
f 228 1019 1212
f 905 238 1213
f 1213 238 850
f 492 348 1214
f 1237 1705 1214
f 1215 505 1981
f 16 1215 1328
f 169 1216 1197
f 1790 985 1216
f 1217 598 21
f 240 1217 1370
f 1905 1381 1218
f 216 1129 1218
f 411 1219 525
f 1168 1219 1977
f 275 1220 683
f 275 912 1220
f 113 1221 349
f 928 1221 113
f 60 1222 938
f 915 1222 60
f 1223 575 476
f 1223 476 1133
f 160 1224 1823
f 1901 1224 160
f 1016 77 1225
f 1802 457 1225
f 1226 1039 78
f 941 1226 78
f 618 533 1227
f 533 1186 1227
f 22 1228 1108
f 22 1893 1228
f 1229 444 1729
f 1053 1229 299
f 474 1230 589
f 1799 1230 474
f 1231 944 90
f 1231 90 917
f 1232 1613 64
f 1232 64 1394
f 1233 631 1392
f 1233 344 1211
f 1758 1234 459
f 227 840 1234
f 337 1235 980
f 337 346 1235
f 154 1236 621
f 154 1937 1236
f 348 1237 1214
f 663 1237 1285
f 376 348 1238
f 1238 348 492
f 835 29 1239
f 1239 1616 424
f 850 336 1240
f 1240 336 1557
f 114 1241 479
f 114 1311 1241
f 178 1242 1230
f 1303 360 1963
f 583 1243 588
f 109 1243 583
f 589 352 1244
f 1244 352 766
f 1138 172 1245
f 1245 172 1510
f 1410 220 1246
f 1246 220 1889
f 165 1247 869
f 165 635 1247
f 338 1248 699
f 338 843 1248
f 139 1249 611
f 139 678 1249
f 218 1250 1922
f 1602 186 1250
f 1251 371 289
f 1251 289 999
f 1252 655 228
f 1252 228 857
f 1253 597 130
f 1253 130 627
f 1254 580 354
f 1254 354 1960
f 217 1255 1012
f 1214 1255 217
f 1256 705 257
f 624 1256 257
f 351 1257 1578
f 1905 1218 1257
f 1258 523 351
f 1258 351 445
f 1259 463 342
f 1259 1891 374
f 342 1260 1374
f 1382 215 1260
f 834 108 1261
f 1261 108 1920
f 92 1262 1282
f 1001 1262 92
f 273 1263 827
f 273 609 1263
f 273 1264 679
f 273 827 1264
f 1075 1732 1265
f 1265 1768 456
f 520 347 1266
f 1491 402 1266
f 1422 185 1267
f 185 1690 1267
f 340 1268 668
f 340 197 1268
f 35 1269 545
f 35 552 1269
f 739 558 1270
f 558 828 1270
f 1271 871 267
f 820 1271 267
f 1272 699 554
f 1272 554 870
f 1273 1398 72
f 608 1273 72
f 345 1274 949
f 945 1274 1913
f 84 1275 1469
f 1934 1275 84
f 977 343 1276
f 343 974 1276
f 1277 909 343
f 885 1277 343
f 1278 1742 224
f 1278 224 1397
f 965 116 1279
f 1279 116 782
f 1280 1957 366
f 1280 366 509
f 882 70 1281
f 1281 70 917
f 1282 1262 356
f 1282 356 1134
f 356 1283 575
f 356 603 1283
f 1113 322 1284
f 322 467 1284
f 1285 1237 348
f 666 1285 348
f 357 1286 1587
f 357 1187 1286
f 1287 618 357
f 1287 357 505
f 263 1288 756
f 379 1288 263
f 1289 851 112
f 975 1289 112
f 1567 1290 364
f 1801 1290 81
f 940 74 1291
f 1291 74 973
f 1292 627 2000
f 1292 250 543
f 1293 790 94
f 1235 1293 94
f 845 130 1294
f 130 700 1294
f 7 1295 904
f 888 1295 7
f 1296 1914 204
f 1296 1607 377
f 1812 1297 460
f 162 1163 1297
f 1159 350 1298
f 350 683 1298
f 786 129 1299
f 129 913 1299
f 1300 511 2016
f 736 1300 242
f 1301 508 316
f 1301 1855 813
f 1080 151 1302
f 1302 151 536
f 178 1303 1242
f 541 1303 178
f 1792 270 1304
f 270 487 1304
f 1085 309 1305
f 1305 1969 509
f 142 1306 978
f 142 939 1306
f 252 1307 757
f 252 1753 1307
f 1308 646 282
f 948 1308 282
f 38 1309 1192
f 38 554 1309
f 349 1310 876
f 1221 1310 349
f 774 349 1311
f 1311 349 1241
f 1312 652 440
f 1312 440 892
f 261 1313 576
f 570 1313 261
f 473 1849 1314
f 1314 208 692
f 788 600 1315
f 600 800 1315
f 1778 270 1316
f 1316 270 853
f 1317 716 385
f 1317 385 698
f 233 1318 1172
f 233 866 1318
f 437 1319 1694
f 549 1319 437
f 602 150 1320
f 1320 1628 776
f 47 1321 1432
f 456 1321 1769
f 1322 1912 374
f 1322 374 525
f 2017 215 1340
f 646 1323 353
f 947 353 1324
f 353 463 1324
f 257 1325 625
f 257 705 1325
f 8 1326 848
f 8 1065 1326
f 1493 1327 384
f 206 743 1327
f 1328 1215 31
f 1328 31 579
f 201 1329 861
f 201 721 1329
f 1319 214 1330
f 214 1113 1330
f 555 481 1331
f 481 1865 1331
f 355 1332 963
f 355 782 1332
f 1333 1210 355
f 1333 355 409
f 31 1334 1115
f 1286 1334 31
f 303 1335 431
f 1073 1335 303
f 1336 624 359
f 410 1336 359
f 1337 1832 207
f 862 1337 207
f 229 1338 967
f 229 771 1338
f 803 524 1339
f 524 733 1339
f 353 1340 463
f 1323 1340 353
f 1839 1341 796
f 484 1341 295
f 1342 730 126
f 643 1342 126
f 611 140 1343
f 1343 140 1224
f 175 1344 1278
f 518 1344 2003
f 378 1345 619
f 757 1345 1622
f 373 1346 945
f 373 509 1346
f 1347 1930 373
f 1347 373 572
f 744 163 1348
f 1516 365 1348
f 99 1349 626
f 1401 114 1349
f 339 1350 603
f 339 1261 1350
f 1267 442 1351
f 442 587 1351
f 107 1352 628
f 1480 120 1352
f 1353 1474 152
f 631 1353 152
f 1354 1087 73
f 1354 73 705
f 1355 1122 363
f 1355 363 624
f 771 231 1356
f 1356 231 941
f 209 1357 1131
f 1643 417 1357
f 633 411 1358
f 411 940 1358
f 1359 626 100
f 798 1359 100
f 1360 639 74
f 525 1360 2026
f 1167 155 1361
f 155 1259 1361
f 1362 721 201
f 551 1362 201
f 1363 967 39
f 1108 1363 39
f 1364 1192 362
f 485 1364 362
f 91 1365 1002
f 91 931 1365
f 292 1366 518
f 789 1366 1886
f 147 1367 1684
f 1383 365 1367
f 1688 1368 375
f 1369 448 1368
f 361 1369 1368
f 361 564 1369
f 1370 1217 21
f 1370 1412 369
f 690 495 1371
f 495 893 1371
f 1021 124 1372
f 124 730 1372
f 217 1373 1985
f 1818 478 1373
f 1374 1260 550
f 1374 550 639
f 1465 1375 380
f 636 1375 13
f 1376 647 218
f 1478 1376 218
f 819 367 1377
f 367 927 1377
f 1378 1162 367
f 871 1378 367
f 1756 368 1379
f 368 549 1379
f 498 1953 1380
f 184 1544 1380
f 523 2006 1381
f 1381 216 1218
f 342 1382 1260
f 463 1382 342
f 147 1383 1367
f 1348 1383 147
f 531 102 1384
f 1384 102 564
f 330 1385 1190
f 330 571 1385
f 364 1386 626
f 1290 1386 364
f 548 364 1387
f 1387 364 798
f 1388 397 233
f 1388 233 1243
f 1389 595 1757
f 1389 1959 407
f 509 366 1390
f 1390 366 1189
f 366 1391 571
f 1957 1391 366
f 1392 703 344
f 1233 1392 344
f 172 1393 570
f 568 1393 172
f 372 1394 653
f 1232 1394 372
f 1395 652 279
f 893 1395 279
f 868 862 1396
f 862 1096 1396
f 544 1397 642
f 1278 1397 544
f 1273 91 1398
f 1398 91 754
f 220 1399 1889
f 220 1184 1399
f 310 1400 541
f 310 1080 1400
f 99 1401 1349
f 99 660 1401
f 393 1402 939
f 633 1402 393
f 1820 44 1403
f 1403 44 1599
f 144 1404 691
f 908 1404 144
f 1405 1168 182
f 1079 1405 182
f 1406 666 376
f 1096 1406 376
f 867 376 1407
f 376 1238 1407
f 19 1408 1718
f 658 1408 19
f 1409 605 191
f 613 1409 191
f 189 1410 1246
f 1675 434 1410
f 9 1411 1068
f 848 1411 9
f 1370 21 1412
f 1412 1856 472
f 1195 249 1413
f 1413 249 700
f 370 1414 903
f 1179 1414 370
f 858 370 1415
f 1415 370 127
f 371 1416 1000
f 371 526 1416
f 1417 245 371
f 1417 371 1251
f 1418 727 258
f 1418 258 1088
f 91 1419 931
f 91 807 1419
f 1420 469 1787
f 468 1420 1808
f 275 1421 1701
f 466 1421 275
f 216 1422 1267
f 1201 1422 216
f 120 1423 470
f 120 1415 1423
f 896 254 1424
f 1424 254 914
f 1425 999 27
f 513 1425 2022
f 842 437 1426
f 437 695 1426
f 1427 194 55
f 678 1427 55
f 1180 253 1428
f 1428 253 781
f 649 8 1429
f 8 848 1429
f 224 1430 1420
f 224 619 1430
f 1431 872 14
f 650 1431 14
f 1432 1321 379
f 1432 379 755
f 1433 776 244
f 1433 244 1288
f 380 1434 513
f 1375 1434 380
f 377 1435 612
f 377 573 1435
f 1436 1296 377
f 1436 377 1941
f 1437 1244 766
f 1437 766 814
f 820 267 1438
f 1438 267 707
f 86 1439 565
f 574 1439 86
f 1368 103 1440
f 1440 103 810
f 267 1441 707
f 267 819 1441
f 671 1442 778
f 1059 1442 671
f 673 163 1443
f 1443 163 1094
f 1444 1819 274
f 907 1444 274
f 1445 715 117
f 1208 1445 117
f 1446 612 503
f 1446 503 1965
f 491 1447 545
f 1947 1447 491
f 623 498 1448
f 498 1380 1448
f 1449 679 187
f 986 1449 187
f 403 1533 1450
f 54 826 1450
f 1266 402 1451
f 402 1379 1451
f 587 56 1452
f 56 623 1452
f 389 1453 553
f 1831 427 1453
f 148 1454 894
f 1807 468 1454
f 1963 360 1455
f 360 536 1455
f 875 195 1456
f 1456 1829 466
f 226 1457 929
f 686 1457 226
f 36 1458 1777
f 36 581 1458
f 391 1459 1806
f 391 1968 1459
f 1043 127 1460
f 127 863 1460
f 1461 758 259
f 1327 1461 259
f 1462 529 387
f 1462 387 1597
f 387 1463 1608
f 1540 164 1463
f 1464 513 2022
f 1464 1615 239
f 13 1465 872
f 13 1375 1465
f 507 401 1466
f 1466 401 1555
f 693 180 1467
f 1467 180 1754
f 1468 949 162
f 1468 162 1644
f 1469 1275 396
f 1469 1501 538
f 669 1470 901
f 952 1470 669
f 827 393 1471
f 393 939 1471
f 609 182 1472
f 182 633 1472
f 729 494 1473
f 494 803 1473
f 1353 241 1474
f 241 1062 1474
f 500 381 1475
f 381 230 1475
f 1476 887 381
f 1648 1476 381
f 783 1477 856
f 1169 1477 783
f 169 1478 1177
f 169 1376 1478
f 239 1615 1479
f 1479 27 617
f 107 1480 1352
f 107 689 1480
f 1367 361 1481
f 1481 361 574
f 1482 610 43
f 1482 1487 26
f 1483 42 382
f 1483 382 708
f 610 1993 1484
f 1484 62 655
f 698 385 1485
f 385 1198 1485
f 1486 791 385
f 716 1486 385
f 1482 43 1487
f 1487 43 702
f 168 1488 1323
f 168 1436 1488
f 236 1489 737
f 1172 1489 236
f 90 1490 577
f 90 768 1490
f 347 1491 1266
f 347 587 1491
f 1076 384 1492
f 384 759 1492
f 1091 206 1493
f 206 1327 1493
f 890 1738 1494
f 1494 149 595
f 1997 1495 506
f 1613 1495 64
f 1496 555 220
f 1410 1496 220
f 457 1635 1497
f 386 1055 1497
f 1498 1119 386
f 420 1498 1899
f 1499 1246 405
f 733 1499 405
f 802 405 1500
f 405 499 1500
f 1469 396 1501
f 1501 396 640
f 1178 37 1502
f 1502 1693 445
f 985 394 1503
f 1503 394 910
f 395 1504 1011
f 395 651 1504
f 1505 697 395
f 1505 395 458
f 173 1506 1169
f 781 1506 173
f 392 1507 816
f 1099 1507 392
f 1173 950 1508
f 950 993 1508
f 251 1509 1059
f 766 1509 251
f 398 1510 777
f 1245 1510 398
f 1511 1079 182
f 1511 182 609
f 54 1512 826
f 54 1860 1512
f 432 1513 892
f 690 1513 432
f 836 2 1514
f 2 530 1514
f 791 739 1515
f 739 1199 1515
f 163 1516 1348
f 163 531 1516
f 836 7 1517
f 7 546 1517
f 1463 164 1518
f 164 1632 1518
f 222 1519 1627
f 493 1519 222
f 220 1520 1184
f 1331 1520 220
f 556 1521 1076
f 712 1521 556
f 1522 1037 116
f 987 1522 116
f 1093 859 1523
f 859 924 1523
f 214 1524 1113
f 1909 489 1524
f 1525 1138 352
f 1525 352 589
f 397 1526 866
f 1884 1526 397
f 109 1527 1388
f 490 1527 1919
f 826 273 1528
f 1528 273 679
f 1404 383 1529
f 1529 383 731
f 72 1530 767
f 72 1398 1530
f 399 1531 1077
f 695 1531 399
f 57 1532 712
f 843 1532 57
f 846 54 1533
f 1533 54 1450
f 219 1534 986
f 1612 1534 219
f 20 1535 1574
f 20 668 1535
f 1536 672 157
f 1536 157 622
f 1120 111 1537
f 1537 111 1086
f 1012 166 1538
f 166 569 1538
f 478 416 1539
f 416 1967 1539
f 387 1540 1463
f 529 1540 387
f 876 128 1541
f 1541 128 730
f 830 255 1542
f 255 1092 1542
f 914 255 1543
f 1543 255 830
f 1544 1204 214
f 1544 214 1380
f 174 1545 1876
f 174 1389 1545
f 1546 644 84
f 1546 84 797
f 1547 1536 622
f 1547 622 684
f 1548 1750 6
f 844 1548 6
f 251 671 1549
f 671 697 1549
f 1550 663 207
f 1832 1550 207
f 569 331 1551
f 331 948 1551
f 1552 732 259
f 758 1552 259
f 732 95 1553
f 1553 95 1498
f 759 420 1554
f 1554 420 614
f 789 1555 809
f 1466 1555 789
f 1137 206 1556
f 1556 206 1091
f 585 1557 709
f 1240 1557 585
f 244 1558 454
f 889 1558 244
f 344 1559 568
f 344 1232 1559
f 17 579 1560
f 579 593 1560
f 582 404 1561
f 1561 404 1971
f 404 1562 508
f 1463 1562 404
f 1563 571 330
f 1189 1563 330
f 1564 922 786
f 1564 786 1160
f 443 1565 591
f 1408 1565 443
f 249 1566 790
f 249 957 1566
f 81 1567 548
f 81 1290 1567
f 729 264 1568
f 1568 264 802
f 1569 946 8
f 649 1569 8
f 1570 1972 102
f 1190 1570 102
f 571 101 1571
f 101 943 1571
f 1572 1168 1977
f 1572 411 633
f 1573 525 2026
f 1573 74 940
f 1574 1535 406
f 1574 406 713
f 1575 684 169
f 1575 169 1197
f 1576 986 187
f 488 1576 1929
f 473 1577 664
f 1117 1577 473
f 1578 1257 956
f 1578 956 961
f 762 1579 936
f 1132 1579 762
f 722 673 1580
f 673 1443 1580
f 1307 265 1581
f 1581 265 833
f 1650 1582 418
f 1854 869 1582
f 2043 1583 139
f 158 685 1583
f 196 1584 758
f 196 1173 1584
f 408 1585 732
f 408 994 1585
f 672 1586 794
f 1147 1586 672
f 1587 1286 31
f 505 1587 1981
f 1250 186 1588
f 186 690 1588
f 1589 892 37
f 501 1589 1921
f 184 1590 1204
f 184 729 1590
f 414 1591 489
f 414 802 1591
f 197 1592 900
f 552 1592 197
f 410 1593 1336
f 760 1593 410
f 810 103 1594
f 103 1333 1594
f 1595 963 104
f 742 1595 104
f 844 4 1596
f 4 537 1596
f 412 1597 582
f 1462 1597 412
f 1598 470 213
f 1598 213 996
f 1599 1081 415
f 1403 1599 415
f 731 415 1600
f 415 541 1600
f 1177 218 1601
f 1601 218 1922
f 218 1602 1250
f 428 1602 218
f 1603 530 10
f 1603 10 937
f 2031 1604 517
f 202 906 1604
f 429 1605 652
f 429 707 1605
f 1606 820 429
f 1606 429 893
f 1296 204 1607
f 1607 204 573
f 1608 1463 404
f 1608 404 582
f 1609 599 446
f 1609 446 1548
f 1610 1462 412
f 586 1610 412
f 835 412 1611
f 412 582 1611
f 847 266 1612
f 266 1534 1612
f 1232 435 1613
f 435 1495 1613
f 1614 890 435
f 703 1614 435
f 1464 27 1615
f 1615 27 1479
f 1239 29 1616
f 29 613 1616
f 709 424 1617
f 424 604 1617
f 1454 468 1618
f 468 630 1618
f 1619 1267 347
f 1619 347 520
f 1620 553 323
f 1620 323 984
f 226 1621 936
f 226 929 1621
f 1622 1345 378
f 874 1622 378
f 127 1623 863
f 903 1623 127
f 900 359 1624
f 1624 359 1337
f 453 425 1625
f 1625 1725 547
f 749 92 1626
f 1626 1767 450
f 1627 1519 497
f 1627 497 644
f 1320 150 1628
f 1628 150 889
f 1629 480 433
f 1118 1629 433
f 1630 751 208
f 664 1630 208
f 1631 836 3
f 1631 3 897
f 1632 596 421
f 1632 421 1518
f 1633 643 126
f 1633 126 930
f 1634 1446 183
f 1260 1634 183
f 614 386 1635
f 1635 386 1497
f 259 1636 759
f 259 732 1636
f 440 1637 1201
f 652 1637 440
f 892 440 1638
f 1638 440 523
f 859 2040 1639
f 1639 419 493
f 2015 83 1640
f 1640 83 572
f 598 1641 1196
f 713 1641 598
f 158 1642 685
f 158 634 1642
f 209 1643 1357
f 640 1643 209
f 417 1644 722
f 1468 1644 417
f 1332 117 1645
f 1645 117 983
f 439 1646 960
f 439 1986 1646
f 1647 528 439
f 1647 439 465
f 34 1648 1950
f 34 1476 1648
f 1186 482 1649
f 482 694 1649
f 1144 205 1650
f 205 1582 1650
f 1651 870 38
f 1100 1651 38
f 317 1652 664
f 317 1118 1652
f 1653 602 179
f 656 1653 179
f 730 128 1654
f 1654 128 903
f 145 1655 1152
f 1518 1655 145
f 421 1656 656
f 596 1656 421
f 1657 844 6
f 1657 6 888
f 856 423 1658
f 423 861 1658
f 203 1667 1659
f 136 1050 1659
f 1660 559 186
f 1660 186 1602
f 157 1661 647
f 157 1871 1661
f 1662 733 405
f 1662 405 802
f 1663 894 243
f 1663 243 454
f 792 426 1664
f 1664 426 1215
f 585 30 1665
f 1665 30 1980
f 1883 262 1666
f 262 527 1666
f 816 1741 1667
f 1667 136 1659
f 1668 601 131
f 1668 131 1853
f 65 1669 992
f 65 256 1669
f 1670 441 1683
f 1453 1670 86
f 1671 795 427
f 630 1671 427
f 1104 333 1672
f 1672 333 1206
f 983 117 1673
f 1673 117 886
f 1674 810 409
f 1674 409 742
f 189 1675 1410
f 563 1675 189
f 1744 154 1676
f 1676 154 555
f 1677 1144 308
f 1101 1677 308
f 140 682 1678
f 682 706 1678
f 1335 161 1679
f 1679 161 747
f 28 1680 529
f 1072 1680 28
f 461 250 1681
f 250 911 1681
f 1288 244 1682
f 1682 244 921
f 1683 574 86
f 1670 1683 86
f 1684 1367 441
f 795 1684 441
f 1108 39 1685
f 1685 39 881
f 271 1686 843
f 271 695 1686
f 773 209 1687
f 1687 209 1932
f 361 1688 574
f 361 1368 1688
f 442 1689 587
f 819 1689 442
f 707 442 1690
f 1690 442 1267
f 1784 253 1691
f 1691 253 1006
f 910 445 1692
f 445 961 1692
f 1502 37 1693
f 37 1258 1693
f 1694 1319 167
f 1694 167 695
f 1695 549 437
f 1695 437 842
f 1696 1316 853
f 1696 853 988
f 667 615 1697
f 615 118 1697
f 248 1698 561
f 248 192 1698
f 1699 556 436
f 1699 436 772
f 436 1700 260
f 436 1016 1700
f 1701 1421 808
f 1701 808 912
f 1192 438 1702
f 1702 438 260
f 554 57 1703
f 1703 57 772
f 1704 897 4
f 1704 4 844
f 1237 166 1705
f 1705 166 1255
f 908 1706 1404
f 962 1706 908
f 1707 748 256
f 951 1707 256
f 1708 761 548
f 1708 548 1051
f 1709 958 314
f 1090 1709 314
f 1137 1113 1710
f 1113 1284 1710
f 455 1711 1066
f 455 568 1711
f 151 1712 536
f 2048 1211 1712
f 338 1713 843
f 635 1713 338
f 1714 888 7
f 1714 7 836
f 368 1715 549
f 1380 1715 368
f 1716 1549 181
f 1809 1716 181
f 1717 591 35
f 1717 35 2036
f 1718 1408 443
f 1718 443 946
f 7 1719 546
f 7 904 1719
f 1720 1031 296
f 1234 1720 296
f 468 1721 1420
f 642 1721 468
f 78 1722 919
f 78 1039 1722
f 1723 471 448
f 564 1723 448
f 1724 1009 103
f 1368 1724 103
f 1625 425 1725
f 1725 425 645
f 1726 1626 425
f 805 1726 425
f 223 1727 562
f 769 1727 223
f 1159 75 1728
f 1728 75 1205
f 299 1729 1104
f 1229 1729 299
f 449 1730 842
f 520 1730 449
f 1129 449 1731
f 1731 449 635
f 1152 179 1732
f 1732 179 1265
f 177 1733 1671
f 177 804 1733
f 4 1734 537
f 4 899 1734
f 674 434 1735
f 1735 434 1675
f 718 602 1736
f 602 1320 1736
f 1367 365 1737
f 365 564 1737
f 924 149 1738
f 1738 149 1494
f 326 1739 1187
f 326 694 1739
f 191 1740 661
f 191 605 1740
f 830 136 1741
f 1741 136 1667
f 1278 378 1742
f 378 619 1742
f 1743 863 123
f 851 1743 123
f 461 1744 1676
f 461 1681 1744
f 1745 959 461
f 1745 461 674
f 1746 818 751
f 1746 751 1630
f 1747 522 467
f 1112 1747 467
f 1748 743 206
f 1284 1748 206
f 53 1749 1088
f 1475 1749 53
f 1548 446 1750
f 1750 446 1191
f 599 15 1751
f 1751 15 792
f 1160 324 1752
f 1752 324 1229
f 809 451 1753
f 1753 451 1307
f 451 1754 832
f 1467 1754 451
f 1116 11 1755
f 1755 11 1155
f 402 1756 1379
f 623 1756 402
f 1757 714 222
f 1389 1757 222
f 1773 227 1758
f 227 1234 1758
f 482 459 1759
f 459 1032 1759
f 1760 656 179
f 1152 1760 179
f 447 1761 717
f 1164 1761 447
f 225 1762 2001
f 764 1762 225
f 1763 1184 950
f 1763 950 1139
f 1764 774 114
f 1401 1764 114
f 1765 1429 9
f 746 1765 9
f 168 1766 1296
f 645 1766 168
f 1626 92 1767
f 1767 92 677
f 1265 179 1768
f 179 718 1768
f 1769 1321 47
f 1074 1769 47
f 1770 479 212
f 1770 212 1984
f 354 1771 770
f 354 1253 1771
f 1772 1189 330
f 1297 1772 330
f 815 1773 1758
f 838 1773 815
f 1774 1759 68
f 1774 68 694
f 48 1775 1186
f 48 815 1775
f 1776 799 566
f 1776 566 1080
f 1777 1458 452
f 1777 452 989
f 452 1778 1316
f 452 964 1778
f 302 1779 1151
f 302 1061 1779
f 1780 1663 454
f 1558 1780 454
f 1781 984 67
f 921 1781 67
f 1782 1328 579
f 1782 579 723
f 1783 1505 458
f 1783 458 1005
f 458 1784 1691
f 458 1011 1784
f 1785 1503 910
f 1785 910 972
f 1786 1060 469
f 619 1786 469
f 1787 1151 177
f 1420 1787 177
f 824 693 1788
f 693 1467 1788
f 71 1789 594
f 71 90 1789
f 169 1790 1216
f 169 1177 1790
f 1791 608 72
f 1791 72 887
f 676 1792 1304
f 853 1792 676
f 726 453 1793
f 453 1625 1793
f 1794 805 453
f 258 1794 453
f 872 239 1795
f 1795 239 1098
f 498 1796 825
f 934 1796 498
f 282 1797 947
f 282 646 1797
f 407 1798 918
f 407 1546 1798
f 958 178 1799
f 178 1230 1799
f 1089 474 1800
f 474 589 1800
f 793 632 1801
f 632 1290 1801
f 77 1802 1225
f 77 614 1802
f 457 1803 1200
f 457 1497 1803
f 1073 1804 1335
f 1157 1804 1073
f 606 1805 764
f 1165 1805 606
f 1806 1459 852
f 1806 852 964
f 148 1807 1454
f 148 642 1807
f 1808 1420 177
f 1808 177 630
f 480 1809 818
f 480 1716 1809
f 45 1810 1629
f 45 814 1810
f 419 1811 701
f 419 1640 1811
f 162 1812 673
f 162 1297 1812
f 1813 1190 102
f 1813 102 531
f 1025 462 1814
f 1814 462 951
f 462 1815 748
f 517 1815 462
f 1816 1042 110
f 1318 1816 110
f 1817 1539 155
f 1817 155 1167
f 217 1818 1373
f 217 1012 1818
f 1444 477 1819
f 1819 477 962
f 477 1820 1403
f 1000 1820 477
f 1197 198 1821
f 1821 198 540
f 1822 586 238
f 905 1822 238
f 1823 1224 926
f 1823 926 1162
f 1824 1647 465
f 464 1824 465
f 932 465 1825
f 465 960 1825
f 334 1826 1226
f 334 1200 1826
f 1324 463 1827
f 1827 463 1259
f 463 1828 1382
f 1340 1828 463
f 1456 195 1829
f 1829 195 1421
f 129 1830 913
f 1015 1830 129
f 389 1831 1453
f 389 630 1831
f 1337 257 1832
f 257 1550 1832
f 464 1833 1824
f 783 1833 464
f 562 464 1834
f 1834 464 932
f 428 1835 1660
f 428 688 1835
f 1836 681 23
f 10 1836 23
f 475 1837 1149
f 694 1837 475
f 49 1838 1182
f 1187 1838 49
f 295 1839 1023
f 295 1341 1839
f 1268 197 1840
f 197 710 1840
f 999 289 1841
f 1841 289 1444
f 800 470 1842
f 1842 470 1598
f 1423 127 1843
f 1843 127 1043
f 1078 542 1844
f 542 780 1844
f 593 510 1845
f 1999 50 1845
f 1846 851 123
f 1846 123 928
f 471 1847 1009
f 471 281 1847
f 1848 966 471
f 1848 471 1723
f 1849 664 208
f 1849 208 1314
f 161 1850 817
f 161 1117 1850
f 98 1851 704
f 98 113 1851
f 136 1852 1050
f 992 1852 136
f 483 1853 551
f 1668 1853 483
f 205 1854 1582
f 205 956 1854
f 1301 316 1855
f 1855 316 1074
f 1412 21 1856
f 1988 521 1856
f 1146 472 1857
f 472 485 1857
f 1858 711 40
f 1858 40 855
f 492 1859 1079
f 492 1214 1859
f 1860 1238 492
f 1860 492 1512
f 863 128 1861
f 1861 128 876
f 228 1862 1049
f 228 1212 1862
f 288 1863 535
f 1978 1863 288
f 896 557 1864
f 557 1013 1864
f 1865 979 171
f 1865 171 1331
f 154 1866 555
f 154 621 1866
f 1133 476 1867
f 1867 476 1195
f 476 1868 957
f 575 1868 476
f 1869 112 97
f 654 1869 97
f 1870 638 36
f 1870 36 688
f 1871 488 486
f 1871 486 1661
f 1182 320 1872
f 1872 320 1150
f 1241 124 1873
f 1873 124 1021
f 115 1874 1770
f 828 1874 115
f 484 1875 1341
f 484 918 1875
f 1876 1545 484
f 1876 484 1024
f 1014 875 1877
f 875 1456 1877
f 277 1878 825
f 277 933 1878
f 785 13 1879
f 1879 13 1431
f 1880 1687 265
f 832 1880 265
f 1646 148 1881
f 1881 148 982
f 949 1882 1163
f 1274 1882 949
f 693 1883 1666
f 796 1883 693
f 969 788 1884
f 788 1526 1884
f 1134 356 1885
f 356 575 1885
f 1886 1366 292
f 1004 1886 292
f 346 1887 790
f 700 1887 346
f 1262 339 1888
f 1888 339 603
f 1889 1399 499
f 1246 1889 499
f 1890 1185 76
f 1500 1890 76
f 1259 342 1891
f 1891 342 639
f 1571 943 1892
f 943 1008 1892
f 1857 485 1893
f 1893 485 1228
f 485 1894 1364
f 659 1894 485
f 649 1895 1569
f 752 1895 649
f 989 287 1896
f 1896 287 916
f 601 507 1897
f 507 1466 1897
f 748 132 1898
f 132 824 1898
f 1899 1498 386
f 614 1899 386
f 1900 1678 159
f 1900 159 926
f 1304 487 1901
f 487 1224 1901
f 1902 611 487
f 852 1902 487
f 184 1903 729
f 825 1903 184
f 494 1904 803
f 933 1904 494
f 351 1905 1257
f 351 1381 1905
f 495 1906 893
f 988 1906 495
f 916 495 1907
f 1907 495 690
f 946 237 1908
f 1908 237 1065
f 214 1909 1524
f 1204 1909 214
f 489 1910 1112
f 1591 1910 489
f 1411 369 1911
f 1911 369 1146
f 1322 1167 1912
f 1167 1361 1912
f 1913 1274 345
f 1143 1913 345
f 1296 450 1914
f 450 677 1914
f 467 1915 1748
f 467 831 1915
f 1916 105 745
f 1916 745 753
f 702 190 1917
f 1917 190 1425
f 1918 1626 450
f 1918 450 645
f 1919 1527 109
f 603 1919 109
f 1920 969 490
f 1261 1920 490
f 1921 1589 37
f 1178 1921 37
f 1922 1250 501
f 1601 1922 501
f 629 93 1923
f 93 1254 1923
f 808 504 1924
f 504 770 1924
f 1480 689 1925
f 689 858 1925
f 1108 1926 1363
f 1228 1926 1108
f 1927 1598 996
f 1927 996 1042
f 1928 794 488
f 1928 488 1871
f 1929 1576 187
f 1929 187 738
f 1347 1085 1930
f 1085 1305 1930
f 1504 133 1931
f 1931 133 1099
f 1932 1131 496
f 1687 1932 496
f 833 496 1933
f 496 534 1933
f 644 497 1934
f 497 1275 1934
f 1519 176 1935
f 176 1143 1935
f 889 1936 1558
f 1027 1936 889
f 1937 1158 845
f 1937 845 1236
f 696 97 1938
f 1938 97 864
f 1939 982 894
f 1939 894 1663
f 1940 58 665
f 1940 665 741
f 1941 612 215
f 1436 1941 215
f 1697 118 1942
f 1942 118 687
f 1943 1639 493
f 1943 493 714
f 1944 701 176
f 1944 176 1519
f 1945 1068 620
f 1945 620 955
f 1946 545 20
f 1064 1946 20
f 300 237 1947
f 237 1447 1947
f 1140 742 1948
f 742 1136 1948
f 106 1949 2010
f 687 1949 2047
f 1950 1648 500
f 1950 500 591
f 500 1951 760
f 500 1475 1951
f 1952 934 498
f 1952 498 623
f 1953 825 184
f 1953 184 1380
f 773 1954 822
f 180 1954 773
f 144 1955 1157
f 144 1090 1955
f 88 590 1956
f 590 667 1956
f 1280 1084 1957
f 1084 1391 1957
f 1028 1025 1958
f 1025 1814 1958
f 1389 222 1959
f 1959 222 644
f 504 1960 770
f 1254 1960 504
f 1961 1468 417
f 1961 417 640
f 39 1962 1940
f 967 1962 39
f 1242 1963 1455
f 1303 1963 1242
f 503 1964 629
f 612 1964 503
f 183 1965 875
f 1446 1965 183
f 888 1966 1295
f 1156 1966 888
f 1967 1071 947
f 1967 947 1539
f 581 158 1968
f 1968 158 1459
f 1305 309 1969
f 309 1280 1969
f 1970 1390 146
f 1346 1970 146
f 812 1971 998
f 1561 1971 812
f 1570 502 1972
f 502 966 1972
f 1973 281 502
f 1008 1973 502
f 1974 659 472
f 1856 1974 472
f 1975 1103 512
f 1975 512 1081
f 1976 902 241
f 1976 241 799
f 1977 1219 411
f 1572 1977 411
f 993 979 1978
f 979 1863 1978
f 1400 1080 1979
f 1080 1302 1979
f 1980 1287 505
f 1665 1980 505
f 1981 1587 31
f 1215 1981 31
f 1982 1185 522
f 1982 522 1747
f 1983 1139 196
f 1983 196 831
f 1037 1984 1041
f 1770 1984 1037
f 1985 1373 1168
f 1985 1168 1405
f 1986 719 544
f 1986 544 1646
f 1987 1100 38
f 1987 38 659
f 21 1988 1856
f 21 854 1988
f 887 72 1989
f 1989 72 727
f 998 508 1990
f 1990 508 1301
f 1562 145 1991
f 1991 145 1075
f 1992 980 285
f 621 1992 285
f 763 62 1993
f 1993 62 1484
f 486 1994 1870
f 486 738 1994
f 1995 965 281
f 1995 281 1973
f 506 1996 906
f 506 735 1996
f 64 1997 637
f 64 1495 1997
f 1998 1115 510
f 1998 510 593
f 510 1999 1845
f 510 515 1999
f 2000 911 250
f 1292 2000 250
f 2001 1762 247
f 2001 247 1069
f 390 2002 735
f 390 1494 2002
f 2003 1344 175
f 1003 2003 175
f 1366 252 2004
f 252 874 2004
f 2005 1024 295
f 1604 2005 295
f 2006 1201 216
f 2006 216 1381
f 2007 1638 523
f 2007 523 1258
f 826 2008 1083
f 1512 2008 826
f 2009 799 310
f 1081 2009 310
f 2010 1949 689
f 2010 689 768
f 2011 1038 95
f 535 2011 95
f 2012 584 519
f 980 2012 519
f 164 747 2013
f 747 817 2013
f 2014 1102 592
f 2014 592 902
f 511 2015 1640
f 1045 2015 511
f 242 2016 976
f 1300 2016 242
f 1323 2017 1340
f 1488 2017 1323
f 309 2018 1084
f 309 1034 2018
f 333 2019 823
f 333 1205 2019
f 1044 298 2020
f 2020 298 1300
f 1434 26 2021
f 26 702 2021
f 2022 1425 27
f 1464 2022 27
f 216 2023 1129
f 216 1619 2023
f 520 2024 1730
f 520 1266 2024
f 2025 1322 525
f 1219 2025 525
f 2026 1360 74
f 1573 2026 74
f 1066 2027 1138
f 1711 2027 1066
f 1698 192 2028
f 2028 192 1034
f 561 514 2029
f 2029 514 1085
f 517 2030 1815
f 517 1023 2030
f 202 2031 1025
f 202 1604 2031
f 1666 527 2032
f 2032 527 1954
f 797 84 2033
f 2033 84 538
f 2034 590 88
f 1106 2034 88
f 898 87 2035
f 87 1136 2035
f 237 2036 1447
f 1717 2036 237
f 2037 1029 50
f 1999 2037 50
f 1115 49 2038
f 49 878 2038
f 2039 898 307
f 1105 2039 307
f 976 419 2040
f 2040 419 1639
f 524 2041 733
f 524 823 2041
f 143 2042 803
f 143 1206 2042
f 1459 158 2043
f 158 1583 2043
f 2044 988 495
f 2044 495 916
f 636 2045 708
f 12 2045 636
f 2046 813 605
f 2046 605 1409
f 2047 1949 106
f 787 2047 106
f 151 2048 1712
f 151 1233 2048
