# Blender 4.0.2
# www.blender.org
o Sphere
v 0.000000 2.041621 -48.970150
v 0.154589 2.036648 48.970150
v 0.308989 4.070814 48.880638
v 0.463013 6.100020 48.731575
v 0.616472 8.121795 48.523136
v 0.769181 10.133674 48.255577
v 0.920952 12.133207 47.929234
v 1.071602 14.117958 47.544491
v 1.220946 16.085510 47.101822
v 1.368802 18.033459 46.601772
v 1.514991 19.959442 46.044937
v 1.659333 21.861103 45.432011
v 1.801655 23.736135 44.763725
v 1.941781 25.582245 44.040909
v 2.079541 27.397188 43.264431
v 2.214768 29.178749 42.435246
v 2.347297 30.924765 41.554356
v 2.476965 32.633102 40.622841
v 2.603616 34.301674 39.641834
v 2.727095 35.928463 38.612530
v 2.847251 37.511478 37.536179
v 2.963938 39.048790 36.414097
v 3.077014 40.538528 35.247650
v 3.186342 41.978870 34.038261
v 3.291786 43.368073 32.787399
v 3.393221 44.704437 31.496593
v 3.490522 45.986340 30.167414
v 3.583570 47.212208 28.801477
v 3.672251 48.380558 27.400455
v 3.756459 49.489964 25.966047
v 3.836091 50.539074 24.500000
v 3.911048 51.526611 23.004108
v 3.981241 52.451374 21.480188
v 4.046582 53.312225 19.930098
v 4.106994 54.108131 18.355722
v 4.162402 54.838112 16.758987
v 4.212739 55.501282 15.141833
v 4.257943 56.096828 13.506232
v 4.297960 56.624031 11.854174
v 4.332740 57.082249 10.187674
v 4.362241 57.470917 8.508761
v 4.386428 57.789566 6.819483
v 4.405271 58.037811 5.121895
v 4.418746 58.215347 3.418067
v 4.426838 58.321949 1.710075
v 4.429536 58.357498 0.000000
v 4.426838 58.321949 -1.710075
v 4.418746 58.215347 -3.418067
v 4.405271 58.037811 -5.121895
v 4.386428 57.789566 -6.819483
v 4.362241 57.470917 -8.508761
v 4.332740 57.082249 -10.187674
v 4.297960 56.624031 -11.854174
v 4.257943 56.096828 -13.506232
v 4.212739 55.501282 -15.141833
v 4.162402 54.838112 -16.758987
v 4.106994 54.108131 -18.355722
v 4.046582 53.312225 -19.930098
v 3.981241 52.451374 -21.480188
v 3.911048 51.526611 -23.004108
v 3.836091 50.539074 -24.500000
v 3.756459 49.489964 -25.966047
v 3.672251 48.380558 -27.400455
v 3.583570 47.212208 -28.801477
v 3.490522 45.986340 -30.167414
v 3.393221 44.704437 -31.496593
v 3.291786 43.368073 -32.787399
v 3.186342 41.978870 -34.038261
v 3.077014 40.538528 -35.247650
v 2.963938 39.048790 -36.414097
v 2.847251 37.511478 -37.536179
v 2.727095 35.928463 -38.612530
v 2.603616 34.301674 -39.641834
v 2.476965 32.633102 -40.622841
v 2.347297 30.924765 -41.554356
v 2.214768 29.178749 -42.435246
v 2.079541 27.397188 -43.264431
v 1.941781 25.582245 -44.040909
v 1.801655 23.736135 -44.763725
v 1.659333 21.861103 -45.432011
v 1.514991 19.959442 -46.044937
v 1.368802 18.033459 -46.601772
v 1.220946 16.085510 -47.101822
v 1.071602 14.117958 -47.544491
v 0.920952 12.133207 -47.929234
v 0.769181 10.133674 -48.255577
v 0.616472 8.121795 -48.523136
v 0.463013 6.100020 -48.731575
v 0.308989 4.070814 -48.880638
v 0.154589 2.036648 -48.970150
v 0.308424 2.021752 48.970150
v 0.616472 4.041041 48.880638
v 0.923769 6.055406 48.731575
v 1.229941 8.062394 48.523136
v 1.534615 10.059559 48.255577
v 1.837418 12.044468 47.929234
v 2.137983 14.014704 47.544491
v 2.435943 15.967862 47.101822
v 2.730935 17.901566 46.601772
v 3.022600 19.813463 46.044937
v 3.310583 21.701216 45.432011
v 3.594532 23.562534 44.763725
v 3.874102 25.395144 44.040909
v 4.148951 27.196812 43.264431
v 4.418746 28.965343 42.435246
v 4.683157 30.698589 41.554356
v 4.941864 32.394432 40.622841
v 5.194547 34.050800 39.641834
v 5.440903 35.665691 38.612530
v 5.680631 37.237133 37.536179
v 5.913436 38.763199 36.414097
v 6.139038 40.242039 35.247650
v 6.357160 41.671848 34.038261
v 6.567536 43.050888 32.787399
v 6.769911 44.377480 31.496593
v 6.964039 45.650005 30.167414
v 7.149681 46.866909 28.801477
v 7.326612 48.026714 27.400455
v 7.494618 49.128006 25.966047
v 7.653492 50.169441 24.500000
v 7.803041 51.149757 23.004108
v 7.943085 52.067757 21.480188
v 8.073450 52.922314 19.930098
v 8.193979 53.712395 18.355722
v 8.304526 54.437038 16.758987
v 8.404954 55.095356 15.141833
v 8.495142 55.686546 13.506232
v 8.574981 56.209900 11.854174
v 8.644372 56.664761 10.187674
v 8.703231 57.050587 8.508761
v 8.751485 57.366905 6.819483
v 8.789079 57.613338 5.121895
v 8.815965 57.789574 3.418067
v 8.832108 57.895393 1.710075
v 8.837492 57.930687 0.000000
v 8.832108 57.895393 -1.710075
v 8.815965 57.789574 -3.418067
v 8.789079 57.613338 -5.121895
v 8.751485 57.366905 -6.819483
v 8.703231 57.050587 -8.508761
v 8.644372 56.664761 -10.187674
v 8.574981 56.209900 -11.854174
v 8.495142 55.686546 -13.506232
v 8.404954 55.095356 -15.141833
v 8.304526 54.437038 -16.758987
v 8.193979 53.712395 -18.355722
v 8.073450 52.922314 -19.930098
v 7.943085 52.067757 -21.480188
v 7.803041 51.149757 -23.004108
v 7.653492 50.169441 -24.500000
v 7.494618 49.128006 -25.966047
v 7.326612 48.026714 -27.400455
v 7.149681 46.866909 -28.801477
v 6.964039 45.650005 -30.167414
v 6.769911 44.377480 -31.496593
v 6.567536 43.050888 -32.787399
v 6.357160 41.671848 -34.038261
v 6.139038 40.242039 -35.247650
v 5.913436 38.763199 -36.414097
v 5.680631 37.237133 -37.536179
v 5.440903 35.665691 -38.612530
v 5.194547 34.050800 -39.641834
v 4.941864 32.394432 -40.622841
v 4.683157 30.698589 -41.554356
v 4.418746 28.965343 -42.435246
v 4.148951 27.196812 -43.264431
v 3.874102 25.395144 -44.040909
v 3.594532 23.562534 -44.763725
v 3.310583 21.701216 -45.432011
v 3.022600 19.813463 -46.044937
v 2.730935 17.901566 -46.601772
v 2.435943 15.967862 -47.101822
v 2.137983 14.014704 -47.544491
v 1.837418 12.044468 -47.929234
v 1.534615 10.059559 -48.255577
v 1.229941 8.062394 -48.523136
v 0.923769 6.055406 -48.731575
v 0.616472 4.041041 -48.880638
v 0.308424 2.021752 -48.970150
v 0.460757 1.997007 48.970150
v 0.920952 3.991580 48.880638
v 1.380026 5.981291 48.731575
v 1.837418 7.963714 48.523136
v 2.292572 9.936435 48.255577
v 2.744932 11.897049 47.929234
v 3.193948 13.843169 47.544491
v 3.639073 15.772423 47.101822
v 4.079764 17.682459 46.601772
v 4.515485 19.570957 46.044937
v 4.945703 21.435602 45.432011
v 5.369897 23.274139 44.763725
v 5.787548 25.084318 44.040909
v 6.198148 26.863935 43.264431
v 6.601196 28.610821 42.435246
v 6.996203 30.322851 41.554356
v 7.382686 31.997938 40.622841
v 7.760171 33.634033 39.641834
v 8.128203 35.229160 38.612530
v 8.486336 36.781368 37.536179
v 8.834126 38.288754 36.414097
v 9.171153 39.749493 35.247650
v 9.497006 41.161804 34.038261
v 9.811290 42.523968 32.787399
v 10.113620 43.834320 31.496593
v 10.403627 45.091270 30.167414
v 10.680960 46.293282 28.801477
v 10.945278 47.438889 27.400455
v 11.196264 48.526699 25.966047
v 11.433606 49.555389 24.500000
v 11.657021 50.523708 23.004108
v 11.866231 51.430473 21.480188
v 12.060984 52.274567 19.930098
v 12.241045 53.054981 18.355722
v 12.406191 53.770752 16.758987
v 12.556223 54.421013 15.141833
v 12.690953 55.004971 13.506232
v 12.810225 55.521915 11.854174
v 12.913889 55.971210 10.187674
v 13.001819 56.352314 8.508761
v 13.073907 56.664761 6.819483
v 13.130069 56.908173 5.121895
v 13.170234 57.082256 3.418067
v 13.194350 57.186779 1.710075
v 13.202393 57.221642 0.000000
v 13.194350 57.186779 -1.710075
v 13.170234 57.082256 -3.418067
v 13.130069 56.908173 -5.121895
v 13.073907 56.664761 -6.819483
v 13.001819 56.352314 -8.508761
v 12.913889 55.971210 -10.187674
v 12.810225 55.521915 -11.854174
v 12.690953 55.004971 -13.506232
v 12.556223 54.421013 -15.141833
v 12.406191 53.770752 -16.758987
v 12.241045 53.054981 -18.355722
v 12.060984 52.274567 -19.930098
v 11.866231 51.430473 -21.480188
v 11.657021 50.523708 -23.004108
v 11.433606 49.555389 -24.500000
v 11.196264 48.526699 -25.966047
v 10.945278 47.438889 -27.400455
v 10.680960 46.293282 -28.801477
v 10.403627 45.091270 -30.167414
v 10.113620 43.834320 -31.496593
v 9.811290 42.523968 -32.787399
v 9.497006 41.161804 -34.038261
v 9.171153 39.749493 -35.247650
v 8.834126 38.288754 -36.414097
v 8.486336 36.781368 -37.536179
v 8.128203 35.229160 -38.612530
v 7.760171 33.634033 -39.641834
v 7.382686 31.997938 -40.622841
v 6.996203 30.322851 -41.554356
v 6.601196 28.610821 -42.435246
v 6.198148 26.863935 -43.264431
v 5.787548 25.084318 -44.040909
v 5.369897 23.274139 -44.763725
v 4.945703 21.435602 -45.432011
v 4.515485 19.570957 -46.044937
v 4.079764 17.682459 -46.601772
v 3.639073 15.772423 -47.101822
v 3.193948 13.843169 -47.544491
v 2.744932 11.897049 -47.929234
v 2.292572 9.936435 -48.255577
v 1.837418 7.963714 -48.523136
v 1.380026 5.981291 -48.731575
v 0.920952 3.991580 -48.880638
v 0.460757 1.997007 -48.970150
v 0.610845 1.962532 48.970150
v 1.220946 3.922673 48.880638
v 1.829559 5.878035 48.731575
v 2.435943 7.826236 48.523136
v 3.039360 9.764901 48.255577
v 3.639073 11.691669 47.929234
v 4.234353 13.604193 47.544491
v 4.824473 15.500142 47.101822
v 5.408716 17.377203 46.601772
v 5.986370 19.233101 46.044937
v 6.556729 21.065556 45.432011
v 7.119101 22.872355 44.763725
v 7.672799 24.651283 44.040909
v 8.217148 26.400179 43.264431
v 8.751487 28.116909 42.435246
v 9.275164 29.799385 41.554356
v 9.787539 31.445551 40.622841
v 10.287989 33.053402 39.641834
v 10.775906 34.620991 38.612530
v 11.250695 36.146408 37.536179
v 11.711776 37.627769 36.414097
v 12.158587 39.063293 35.247650
v 12.590585 40.451221 34.038261
v 13.007244 41.789871 32.787399
v 13.408055 43.077602 31.496593
v 13.792531 44.312855 30.167414
v 14.160202 45.494114 28.801477
v 14.510621 46.619946 27.400455
v 14.843364 47.688976 25.966047
v 15.158018 48.699909 24.500000
v 15.454207 49.651508 23.004108
v 15.731567 50.542625 21.480188
v 15.989759 51.372143 19.930098
v 16.228474 52.139088 18.355722
v 16.447414 52.842503 16.758987
v 16.646318 53.481537 15.141833
v 16.824936 54.055412 13.506232
v 16.983061 54.563435 11.854174
v 17.120491 55.004974 10.187674
v 17.237064 55.379498 8.508761
v 17.332636 55.686550 6.819483
v 17.407089 55.925762 5.121895
v 17.460337 56.096836 3.418067
v 17.492310 56.199554 1.710075
v 17.502974 56.233818 0.000000
v 17.492310 56.199554 -1.710075
v 17.460337 56.096836 -3.418067
v 17.407089 55.925762 -5.121895
v 17.332636 55.686550 -6.819483
v 17.237064 55.379498 -8.508761
v 17.120491 55.004974 -10.187674
v 16.983061 54.563435 -11.854174
v 16.824936 54.055412 -13.506232
v 16.646318 53.481537 -15.141833
v 16.447414 52.842503 -16.758987
v 16.228474 52.139088 -18.355722
v 15.989759 51.372143 -19.930098
v 15.731567 50.542625 -21.480188
v 15.454207 49.651508 -23.004108
v 15.158018 48.699909 -24.500000
v 14.843364 47.688976 -25.966047
v 14.510621 46.619946 -27.400455
v 14.160202 45.494114 -28.801477
v 13.792531 44.312855 -30.167414
v 13.408055 43.077602 -31.496593
v 13.007244 41.789871 -32.787399
v 12.590585 40.451221 -34.038261
v 12.158587 39.063293 -35.247650
v 11.711776 37.627769 -36.414097
v 11.250695 36.146408 -37.536179
v 10.775906 34.620991 -38.612530
v 10.287989 33.053402 -39.641834
v 9.787539 31.445551 -40.622841
v 9.275164 29.799385 -41.554356
v 8.751487 28.116909 -42.435246
v 8.217148 26.400179 -43.264431
v 7.672799 24.651283 -44.040909
v 7.119101 22.872355 -44.763725
v 6.556729 21.065556 -45.432011
v 5.986370 19.233101 -46.044937
v 5.408716 17.377203 -46.601772
v 4.824473 15.500142 -47.101822
v 4.234353 13.604193 -47.544491
v 3.639073 11.691669 -47.929234
v 3.039360 9.764901 -48.255577
v 2.435943 7.826236 -48.523136
v 1.829559 5.878035 -48.731575
v 1.220946 3.922673 -48.880638
v 0.610845 1.962532 -48.970150
v 0.757957 1.918496 48.970150
v 1.514991 3.834655 48.880638
v 2.270179 5.746142 48.731575
v 3.022601 7.650628 48.523136
v 3.771340 9.545794 48.255577
v 4.515485 11.429328 47.929234
v 5.254128 13.298939 47.544491
v 5.986370 15.152346 47.101822
v 6.711318 16.987289 46.601772
v 7.428091 18.801546 46.044937
v 8.135811 20.592880 45.432011
v 8.833621 22.359140 44.763725
v 9.520669 24.098150 44.040909
v 10.196115 25.807806 43.264431
v 10.859141 27.486013 42.435246
v 11.508936 29.130737 41.554356
v 12.144710 30.739965 40.622841
v 12.765684 32.311741 39.641834
v 13.371108 33.844158 38.612530
v 13.960243 35.335342 37.536179
v 14.532367 36.783466 36.414097
v 15.086786 38.186779 35.247650
v 15.622823 39.543568 34.038261
v 16.139830 40.852180 32.787399
v 16.637169 42.111012 31.496593
v 17.114239 43.318550 30.167414
v 17.570459 44.473305 28.801477
v 18.005270 45.573875 27.400455
v 18.418146 46.618916 25.966047
v 18.808580 47.607166 24.500000
v 19.176102 48.537415 23.004108
v 19.520260 49.408535 21.480188
v 19.840635 50.219444 19.930098
v 20.136839 50.969181 18.355722
v 20.408508 51.656807 16.758987
v 20.655315 52.281506 15.141833
v 20.876951 52.842506 13.506232
v 21.073156 53.339123 11.854174
v 21.243685 53.770756 10.187674
v 21.388332 54.136879 8.508761
v 21.506920 54.437042 6.819483
v 21.599306 54.670883 5.121895
v 21.665377 54.838123 3.418067
v 21.705050 54.938534 1.710075
v 21.718283 54.972027 0.000000
v 21.705050 54.938534 -1.710075
v 21.665377 54.838123 -3.418067
v 21.599306 54.670883 -5.121895
v 21.506920 54.437042 -6.819483
v 21.388332 54.136879 -8.508761
v 21.243685 53.770756 -10.187674
v 21.073156 53.339123 -11.854174
v 20.876951 52.842506 -13.506232
v 20.655315 52.281506 -15.141833
v 20.408508 51.656807 -16.758987
v 20.136839 50.969181 -18.355722
v 19.840635 50.219444 -19.930098
v 19.520260 49.408535 -21.480188
v 19.176102 48.537415 -23.004108
v 18.808580 47.607166 -24.500000
v 18.418146 46.618916 -25.966047
v 18.005270 45.573875 -27.400455
v 17.570459 44.473305 -28.801477
v 17.114239 43.318550 -30.167414
v 16.637169 42.111012 -31.496593
v 16.139830 40.852180 -32.787399
v 15.622823 39.543568 -34.038261
v 15.086786 38.186779 -35.247650
v 14.532367 36.783466 -36.414097
v 13.960243 35.335342 -37.536179
v 13.371108 33.844158 -38.612530
v 12.765684 32.311741 -39.641834
v 12.144710 30.739965 -40.622841
v 11.508936 29.130737 -41.554356
v 10.859141 27.486013 -42.435246
v 10.196115 25.807806 -43.264431
v 9.520669 24.098150 -44.040909
v 8.833621 22.359140 -44.763725
v 8.135811 20.592880 -45.432011
v 7.428091 18.801546 -46.044937
v 6.711318 16.987289 -46.601772
v 5.986370 15.152346 -47.101822
v 5.254128 13.298939 -47.544491
v 4.515485 11.429328 -47.929234
v 3.771340 9.545794 -48.255577
v 3.022601 7.650628 -48.523136
v 2.270179 5.746142 -48.731575
v 1.514991 3.834655 -48.880638
v 0.757957 1.918496 -48.970150
v 0.901377 1.865114 48.970150
v 1.801655 3.727955 48.880638
v 2.699739 5.586255 48.731575
v 3.594533 7.437747 48.523136
v 4.484947 9.280180 48.255577
v 5.369898 11.111304 47.929234
v 6.248306 12.928894 47.544491
v 7.119102 14.730729 47.101822
v 7.981223 16.514614 46.601772
v 8.833622 18.278389 46.044937
v 9.675255 20.019878 45.432011
v 10.505105 21.736992 44.763725
v 11.322154 23.427614 44.040909
v 12.125409 25.089699 43.264431
v 12.913891 26.721210 42.435246
v 13.686639 28.320168 41.554356
v 14.442713 29.884617 40.622841
v 15.181187 31.412663 39.641834
v 15.901169 32.902439 38.612530
v 16.601780 34.352135 37.536179
v 17.282158 35.759956 36.414097
v 17.941484 37.124226 35.247650
v 18.578947 38.443260 34.038261
v 19.193781 39.715462 32.787399
v 19.785227 40.939262 31.496593
v 20.352568 42.113205 30.167414
v 20.895115 43.235825 28.801477
v 21.412199 44.305771 27.400455
v 21.903200 45.321735 25.966047
v 22.367510 46.282490 24.500000
v 22.804575 47.186852 23.004108
v 23.213854 48.033733 21.480188
v 23.594851 48.822079 19.930098
v 23.947100 49.550949 18.355722
v 24.270174 50.219448 16.758987
v 24.563681 50.826763 15.141833
v 24.827255 51.372150 13.506232
v 25.060585 51.854950 11.854174
v 25.263380 52.274574 10.187674
v 25.435396 52.630508 8.508761
v 25.576426 52.922321 6.819483
v 25.686293 53.149654 5.121895
v 25.764866 53.312241 3.418067
v 25.812044 53.409859 1.710075
v 25.827782 53.442421 0.000000
v 25.812044 53.409859 -1.710075
v 25.764866 53.312241 -3.418067
v 25.686293 53.149654 -5.121895
v 25.576426 52.922321 -6.819483
v 25.435396 52.630508 -8.508761
v 25.263380 52.274574 -10.187674
v 25.060585 51.854950 -11.854174
v 24.827255 51.372150 -13.506232
v 24.563681 50.826763 -15.141833
v 24.270174 50.219448 -16.758987
v 23.947100 49.550949 -18.355722
v 23.594851 48.822079 -19.930098
v 23.213854 48.033733 -21.480188
v 22.804575 47.186852 -23.004108
v 22.367510 46.282490 -24.500000
v 21.903200 45.321735 -25.966047
v 21.412199 44.305771 -27.400455
v 20.895115 43.235825 -28.801477
v 20.352568 42.113205 -30.167414
v 19.785227 40.939262 -31.496593
v 19.193781 39.715462 -32.787399
v 18.578947 38.443260 -34.038261
v 17.941484 37.124226 -35.247650
v 17.282158 35.759956 -36.414097
v 16.601780 34.352135 -37.536179
v 15.901169 32.902439 -38.612530
v 15.181187 31.412663 -39.641834
v 14.442713 29.884617 -40.622841
v 13.686639 28.320168 -41.554356
v 12.913891 26.721210 -42.435246
v 12.125409 25.089699 -43.264431
v 11.322154 23.427614 -44.040909
v 10.505105 21.736992 -44.763725
v 9.675255 20.019878 -45.432011
v 8.833622 18.278389 -46.044937
v 7.981223 16.514614 -46.601772
v 7.119102 14.730729 -47.101822
v 6.248306 12.928894 -47.544491
v 5.369898 11.111304 -47.929234
v 4.484947 9.280180 -48.255577
v 3.594533 7.437747 -48.523136
v 2.699739 5.586255 -48.731575
v 1.801655 3.727955 -48.880638
v 0.901377 1.865114 -48.970150
v 1.040405 1.802645 48.970150
v 2.079542 3.603092 48.880638
v 3.116146 5.399152 48.731575
v 4.148952 7.188632 48.523136
v 5.176704 8.969355 48.255577
v 6.198150 10.739148 47.929234
v 7.212042 12.495860 47.544491
v 8.217150 14.237345 47.101822
v 9.212244 15.961483 46.601772
v 10.196117 17.666182 46.044937
v 11.167563 19.349344 45.432011
v 12.125409 21.008944 44.763725
v 13.068480 22.642941 44.040909
v 13.995628 24.249357 43.264431
v 14.905726 25.826223 42.435246
v 15.797663 27.371626 41.554356
v 16.670351 28.883678 40.622841
v 17.522728 30.360540 39.641834
v 18.353760 31.800421 38.612530
v 19.162434 33.201561 37.536179
v 19.947754 34.562233 36.414097
v 20.708773 35.880802 35.247650
v 21.444559 37.155663 34.038261
v 22.154224 38.385250 32.787399
v 22.836895 39.568066 31.496593
v 23.491743 40.702690 30.167414
v 24.117970 41.787704 28.801477
v 24.714811 42.821815 27.400455
v 25.281542 43.803749 25.966047
v 25.817469 44.732327 24.500000
v 26.321943 45.606400 23.004108
v 26.794353 46.424915 21.480188
v 27.234112 47.186859 19.930098
v 27.640694 47.891319 18.355722
v 28.013597 48.537422 16.758987
v 28.352375 49.124397 15.141833
v 28.656603 49.651520 13.506232
v 28.925920 50.118145 11.854174
v 29.159996 50.523716 10.187674
v 29.358545 50.867725 8.508761
v 29.521328 51.149769 6.819483
v 29.648138 51.369488 5.121895
v 29.738832 51.526627 3.418067
v 29.793285 51.620975 1.710075
v 29.811453 51.652447 0.000000
v 29.793285 51.620975 -1.710075
v 29.738832 51.526627 -3.418067
v 29.648138 51.369488 -5.121895
v 29.521328 51.149769 -6.819483
v 29.358545 50.867725 -8.508761
v 29.159996 50.523716 -10.187674
v 28.925920 50.118145 -11.854174
v 28.656603 49.651520 -13.506232
v 28.352375 49.124397 -15.141833
v 28.013597 48.537422 -16.758987
v 27.640694 47.891319 -18.355722
v 27.234112 47.186859 -19.930098
v 26.794353 46.424915 -21.480188
v 26.321943 45.606400 -23.004108
v 25.817469 44.732327 -24.500000
v 25.281542 43.803749 -25.966047
v 24.714811 42.821815 -27.400455
v 24.117970 41.787704 -28.801477
v 23.491743 40.702690 -30.167414
v 22.836895 39.568066 -31.496593
v 22.154224 38.385250 -32.787399
v 21.444559 37.155663 -34.038261
v 20.708773 35.880802 -35.247650
v 19.947754 34.562233 -36.414097
v 19.162434 33.201561 -37.536179
v 18.353760 31.800421 -38.612530
v 17.522728 30.360540 -39.641834
v 16.670351 28.883678 -40.622841
v 15.797663 27.371626 -41.554356
v 14.905726 25.826223 -42.435246
v 13.995628 24.249357 -43.264431
v 13.068480 22.642941 -44.040909
v 12.125409 21.008944 -44.763725
v 11.167563 19.349344 -45.432011
v 10.196117 17.666182 -46.044937
v 9.212244 15.961483 -46.601772
v 8.217150 14.237345 -47.101822
v 7.212042 12.495860 -47.544491
v 6.198150 10.739148 -47.929234
v 5.176704 8.969355 -48.255577
v 4.148952 7.188632 -48.523136
v 3.116146 5.399152 -48.731575
v 2.079542 3.603092 -48.880638
v 1.040405 1.802645 -48.970150
v 1.174364 1.731393 48.970150
v 2.347297 3.460676 48.880638
v 3.517371 5.185744 48.731575
v 4.683158 6.904493 48.523136
v 5.843241 8.614832 48.255577
v 6.996204 10.314672 47.929234
v 8.140643 12.001948 47.544491
v 9.275166 13.674598 47.101822
v 10.398384 15.330589 46.601772
v 11.508938 16.967905 46.044937
v 12.605465 18.584539 45.432011
v 13.686639 20.178543 44.763725
v 14.751137 21.747953 44.040909
v 15.797663 23.290874 43.264431
v 16.824940 24.805414 42.435246
v 17.831720 26.289732 41.554356
v 18.816772 27.742018 40.622841
v 19.778900 29.160505 39.641834
v 20.716932 30.543472 38.612530
v 21.629728 31.889231 37.536179
v 22.516167 33.196121 36.414097
v 23.375170 34.462578 35.247650
v 24.205696 35.687042 34.038261
v 25.006735 36.868034 32.787399
v 25.777304 38.004093 31.496593
v 26.516468 39.093872 30.167414
v 27.223326 40.135998 28.801477
v 27.897015 41.129234 27.400455
v 28.536715 42.072357 25.966047
v 29.141647 42.964233 24.500000
v 29.711077 43.803757 23.004108
v 30.244312 44.589920 21.480188
v 30.740694 45.321747 19.930098
v 31.199625 45.998363 18.355722
v 31.620541 46.618927 16.758987
v 32.002941 47.182701 15.141833
v 32.346340 47.688988 13.506232
v 32.650333 48.137173 11.854174
v 32.914547 48.526711 10.187674
v 33.138660 48.857124 8.508761
v 33.322403 49.128017 6.819483
v 33.465542 49.339050 5.121895
v 33.567913 49.489983 3.418067
v 33.629379 49.580601 1.710075
v 33.649879 49.610828 0.000000
v 33.629379 49.580601 -1.710075
v 33.567913 49.489983 -3.418067
v 33.465542 49.339050 -5.121895
v 33.322403 49.128017 -6.819483
v 33.138660 48.857124 -8.508761
v 32.914547 48.526711 -10.187674
v 32.650333 48.137173 -11.854174
v 32.346340 47.688988 -13.506232
v 32.002941 47.182701 -15.141833
v 31.620541 46.618927 -16.758987
v 31.199625 45.998363 -18.355722
v 30.740694 45.321747 -19.930098
v 30.244312 44.589920 -21.480188
v 29.711077 43.803757 -23.004108
v 29.141647 42.964233 -24.500000
v 28.536715 42.072357 -25.966047
v 27.897015 41.129234 -27.400455
v 27.223326 40.135998 -28.801477
v 26.516468 39.093872 -30.167414
v 25.777304 38.004093 -31.496593
v 25.006735 36.868034 -32.787399
v 24.205696 35.687042 -34.038261
v 23.375170 34.462578 -35.247650
v 22.516167 33.196121 -36.414097
v 21.629728 31.889231 -37.536179
v 20.716932 30.543472 -38.612530
v 19.778900 29.160505 -39.641834
v 18.816772 27.742018 -40.622841
v 17.831720 26.289732 -41.554356
v 16.824940 24.805414 -42.435246
v 15.797663 23.290874 -43.264431
v 14.751137 21.747953 -44.040909
v 13.686639 20.178543 -44.763725
v 12.605465 18.584539 -45.432011
v 11.508938 16.967905 -46.044937
v 10.398384 15.330589 -46.601772
v 9.275166 13.674598 -47.101822
v 8.140643 12.001948 -47.544491
v 6.996204 10.314672 -47.929234
v 5.843241 8.614832 -48.255577
v 4.683158 6.904493 -48.523136
v 3.517371 5.185744 -48.731575
v 2.347297 3.460676 -48.880638
v 1.174364 1.731393 -48.970150
v 1.302602 1.651706 48.970150
v 2.603617 3.301400 48.880638
v 3.901460 4.947073 48.731575
v 5.194549 6.586716 48.523136
v 6.481310 8.218338 48.255577
v 7.760174 9.839943 47.929234
v 9.029583 11.449563 47.544491
v 10.287992 13.045229 47.101822
v 11.533865 14.625005 46.601772
v 12.765689 16.186964 46.044937
v 13.981954 17.729195 45.432011
v 15.181190 19.249834 44.763725
v 16.361929 20.747013 44.040909
v 17.522732 22.218922 43.264431
v 18.662186 23.663754 42.435246
v 19.778904 25.079758 41.554356
v 20.871521 26.465202 40.622841
v 21.938711 27.818405 39.641834
v 22.979176 29.137720 38.612530
v 23.991646 30.421539 37.536179
v 24.974880 31.668282 36.414097
v 25.927687 32.876450 35.247650
v 26.848904 34.044563 34.038261
v 27.737415 35.171196 32.787399
v 28.592127 36.254967 31.496593
v 29.412010 37.294590 30.167414
v 30.196053 38.288757 28.801477
v 30.943306 39.236279 27.400455
v 31.652861 40.135994 25.966047
v 32.323853 40.986820 24.500000
v 32.955460 41.787704 23.004108
v 33.546925 42.537685 21.480188
v 34.097507 43.235828 19.930098
v 34.606556 43.881310 18.355722
v 35.073437 44.473309 16.758987
v 35.497589 45.011139 15.141833
v 35.878487 45.494125 13.506232
v 36.215675 45.921680 11.854174
v 36.508743 46.293285 10.187674
v 36.757324 46.608490 8.508761
v 36.961140 46.866920 6.819483
v 37.119904 47.068241 5.121895
v 37.233452 47.212227 3.418067
v 37.301632 47.298672 1.710075
v 37.324371 47.327507 0.000000
v 37.301632 47.298672 -1.710075
v 37.233452 47.212227 -3.418067
v 37.119904 47.068241 -5.121895
v 36.961140 46.866920 -6.819483
v 36.757324 46.608490 -8.508761
v 36.508743 46.293285 -10.187674
v 36.215675 45.921680 -11.854174
v 35.878487 45.494125 -13.506232
v 35.497589 45.011139 -15.141833
v 35.073437 44.473309 -16.758987
v 34.606556 43.881310 -18.355722
v 34.097507 43.235828 -19.930098
v 33.546925 42.537685 -21.480188
v 32.955460 41.787704 -23.004108
v 32.323853 40.986820 -24.500000
v 31.652861 40.135994 -25.966047
v 30.943306 39.236279 -27.400455
v 30.196053 38.288757 -28.801477
v 29.412010 37.294590 -30.167414
v 28.592127 36.254967 -31.496593
v 27.737415 35.171196 -32.787399
v 26.848904 34.044563 -34.038261
v 25.927687 32.876450 -35.247650
v 24.974880 31.668282 -36.414097
v 23.991646 30.421539 -37.536179
v 22.979176 29.137720 -38.612530
v 21.938711 27.818405 -39.641834
v 20.871521 26.465202 -40.622841
v 19.778904 25.079758 -41.554356
v 18.662186 23.663754 -42.435246
v 17.522732 22.218922 -43.264431
v 16.361929 20.747013 -44.040909
v 15.181190 19.249834 -44.763725
v 13.981954 17.729195 -45.432011
v 12.765689 16.186964 -46.044937
v 11.533865 14.625005 -46.601772
v 10.287992 13.045229 -47.101822
v 9.029583 11.449563 -47.544491
v 7.760174 9.839943 -47.929234
v 6.481310 8.218338 -48.255577
v 5.194549 6.586716 -48.523136
v 3.901460 4.947073 -48.731575
v 2.603617 3.301400 -48.880638
v 1.302602 1.651706 -48.970150
v 1.424494 1.563973 48.970150
v 2.847252 3.126040 48.880638
v 4.266542 4.684299 48.731575
v 5.680632 6.236850 48.523136
v 7.087803 7.781805 48.255577
v 8.486338 9.317275 47.929234
v 9.874533 10.841397 47.544491
v 11.250697 12.352306 47.101822
v 12.613153 13.848169 46.601772
v 13.960246 15.327162 46.044937
v 15.290323 16.787474 45.432011
v 16.601780 18.227339 44.763725
v 17.893005 19.644993 44.040909
v 19.162432 21.038721 43.264431
v 20.408512 22.406807 42.435246
v 21.629726 23.747599 41.554356
v 22.824587 25.059452 40.622841
v 23.991640 26.340776 39.641834
v 25.129467 27.590012 38.612530
v 26.236679 28.805641 37.536179
v 27.311922 29.986158 36.414097
v 28.353886 31.130156 35.247650
v 29.361307 32.236221 34.038261
v 30.332962 33.303009 32.787399
v 31.267654 34.329216 31.496593
v 32.164257 35.313614 30.167414
v 33.021667 36.254974 28.801477
v 33.838844 37.152168 27.400455
v 34.614796 38.004093 25.966047
v 35.348576 38.809727 24.500000
v 36.039284 39.568069 23.004108
v 36.686100 40.278214 21.480188
v 37.288204 40.939274 19.930098
v 37.844887 41.550465 18.355722
v 38.355457 42.111023 16.758987
v 38.819298 42.620281 15.141833
v 39.235840 43.077614 13.506232
v 39.604580 43.482460 11.854174
v 39.925072 43.834328 10.187674
v 40.196915 44.132790 8.508761
v 40.419796 44.377495 6.819483
v 40.593422 44.568119 5.121895
v 40.717598 44.704456 3.418067
v 40.792156 44.786308 1.710075
v 40.817024 44.813614 0.000000
v 40.792156 44.786308 -1.710075
v 40.717598 44.704456 -3.418067
v 40.593422 44.568119 -5.121895
v 40.419796 44.377495 -6.819483
v 40.196915 44.132790 -8.508761
v 39.925072 43.834328 -10.187674
v 39.604580 43.482460 -11.854174
v 39.235840 43.077614 -13.506232
v 38.819298 42.620281 -15.141833
v 38.355457 42.111023 -16.758987
v 37.844887 41.550465 -18.355722
v 37.288204 40.939274 -19.930098
v 36.686100 40.278214 -21.480188
v 36.039284 39.568069 -23.004108
v 35.348576 38.809727 -24.500000
v 34.614796 38.004093 -25.966047
v 33.838844 37.152168 -27.400455
v 33.021667 36.254974 -28.801477
v 32.164257 35.313614 -30.167414
v 31.267654 34.329216 -31.496593
v 30.332962 33.303009 -32.787399
v 29.361307 32.236221 -34.038261
v 28.353886 31.130156 -35.247650
v 27.311922 29.986158 -36.414097
v 26.236679 28.805641 -37.536179
v 25.129467 27.590012 -38.612530
v 23.991640 26.340776 -39.641834
v 22.824587 25.059452 -40.622841
v 21.629726 23.747599 -41.554356
v 20.408512 22.406807 -42.435246
v 19.162432 21.038721 -43.264431
v 17.893005 19.644993 -44.040909
v 16.601780 18.227339 -44.763725
v 15.290323 16.787474 -45.432011
v 13.960246 15.327162 -46.044937
v 12.613153 13.848169 -46.601772
v 11.250697 12.352306 -47.101822
v 9.874533 10.841397 -47.544491
v 8.486338 9.317275 -47.929234
v 7.087803 7.781805 -48.255577
v 5.680632 6.236850 -48.523136
v 4.266542 4.684299 -48.731575
v 2.847252 3.126040 -48.880638
v 1.424494 1.563973 -48.970150
v 1.539446 1.468620 48.970150
v 3.077015 2.935449 48.880638
v 4.610837 4.398704 48.731575
v 6.139040 5.856598 48.523136
v 7.659765 7.307360 48.255577
v 9.171156 8.749215 47.929234
v 10.671373 10.180413 47.544491
v 12.158590 11.599204 47.101822
v 13.630993 13.003867 46.601772
v 15.086791 14.392687 46.044937
v 16.524200 15.763968 45.432011
v 17.941488 17.116045 44.763725
v 19.336908 18.447268 44.040909
v 20.708775 19.756021 43.264431
v 22.055410 21.040695 42.435246
v 23.375172 22.299740 41.554356
v 24.666456 23.531612 40.622841
v 25.927685 24.734818 39.641834
v 27.157331 25.907888 38.612530
v 28.353891 27.049404 37.536179
v 29.515902 28.157948 36.414097
v 30.641947 29.232199 35.247650
v 31.730667 30.270826 34.038261
v 32.780727 31.272573 32.787399
v 33.790848 32.236214 31.496593
v 34.759800 33.160591 30.167414
v 35.686405 34.044559 28.801477
v 36.569527 34.887054 27.400455
v 37.408089 35.687038 25.966047
v 38.201084 36.443558 24.500000
v 38.947529 37.155663 23.004108
v 39.646545 37.822514 21.480188
v 40.297237 38.443268 19.930098
v 40.898842 39.017197 18.355722
v 41.450611 39.543571 16.758987
v 41.951881 40.021786 15.141833
v 42.402042 40.451237 13.506232
v 42.800537 40.831398 11.854174
v 43.146889 41.161812 10.187674
v 43.440670 41.442078 8.508761
v 43.681538 41.671864 6.819483
v 43.869171 41.850868 5.121895
v 44.003372 41.978893 3.418067
v 44.083946 42.055748 1.710075
v 44.110821 42.081390 0.000000
v 44.083946 42.055748 -1.710075
v 44.003372 41.978893 -3.418067
v 43.869171 41.850868 -5.121895
v 43.681538 41.671864 -6.819483
v 43.440670 41.442078 -8.508761
v 43.146889 41.161812 -10.187674
v 42.800537 40.831398 -11.854174
v 42.402042 40.451237 -13.506232
v 41.951881 40.021786 -15.141833
v 41.450611 39.543571 -16.758987
v 40.898842 39.017197 -18.355722
v 40.297237 38.443268 -19.930098
v 39.646545 37.822514 -21.480188
v 38.947529 37.155663 -23.004108
v 38.201084 36.443558 -24.500000
v 37.408089 35.687038 -25.966047
v 36.569527 34.887054 -27.400455
v 35.686405 34.044559 -28.801477
v 34.759800 33.160591 -30.167414
v 33.790848 32.236214 -31.496593
v 32.780727 31.272573 -32.787399
v 31.730667 30.270826 -34.038261
v 30.641947 29.232199 -35.247650
v 29.515902 28.157948 -36.414097
v 28.353891 27.049404 -37.536179
v 27.157331 25.907888 -38.612530
v 25.927685 24.734818 -39.641834
v 24.666456 23.531612 -40.622841
v 23.375172 22.299740 -41.554356
v 22.055410 21.040695 -42.435246
v 20.708775 19.756021 -43.264431
v 19.336908 18.447268 -44.040909
v 17.941488 17.116045 -44.763725
v 16.524200 15.763968 -45.432011
v 15.086791 14.392687 -46.044937
v 13.630993 13.003867 -46.601772
v 12.158590 11.599204 -47.101822
v 10.671373 10.180413 -47.544491
v 9.171156 8.749215 -47.929234
v 7.659765 7.307360 -48.255577
v 6.139040 5.856598 -48.523136
v 4.610837 4.398704 -48.731575
v 3.077015 2.935449 -48.880638
v 1.539446 1.468620 -48.970150
v 1.646897 1.366112 48.970150
v 3.291788 2.730558 48.880638
v 4.932669 4.091679 48.731575
v 6.567538 5.447814 48.523136
v 8.194409 6.797314 48.255577
v 9.811294 8.138529 47.929234
v 11.416224 9.469831 47.544491
v 13.007248 10.789592 47.101822
v 14.582422 12.096210 46.601772
v 16.139835 13.388092 46.044937
v 17.677574 14.663659 45.432011
v 19.193787 15.921365 44.763725
v 20.686605 17.159668 44.040909
v 22.154228 18.377071 43.264431
v 23.594856 19.572077 42.435246
v 25.006737 20.743242 41.554356
v 26.388149 21.889130 40.622841
v 27.737411 23.008352 39.641834
v 29.052885 24.099545 38.612530
v 30.332966 25.161385 37.536179
v 31.576082 26.192551 36.414097
v 32.780724 27.191822 35.247650
v 33.945435 28.157955 34.038261
v 35.068794 29.089781 32.787399
v 36.149418 29.986158 31.496593
v 37.186001 30.846018 30.167414
v 38.177280 31.668285 28.801477
v 39.122044 32.451973 27.400455
v 40.019138 33.196117 25.966047
v 40.867481 33.899834 24.500000
v 41.666031 34.562237 23.004108
v 42.413834 35.182541 21.480188
v 43.109947 35.759968 19.930098
v 43.753540 36.293835 18.355722
v 44.343822 36.783474 16.758987
v 44.880081 37.228306 15.141833
v 45.361664 37.627785 13.506232
v 45.787975 37.981407 11.854174
v 46.158501 38.288761 10.187674
v 46.472786 38.549465 8.508761
v 46.730465 38.763206 6.819483
v 46.931198 38.929718 5.121895
v 47.074764 39.048813 3.418067
v 47.160965 39.120300 1.710075
v 47.189713 39.144154 0.000000
v 47.160965 39.120300 -1.710075
v 47.074764 39.048813 -3.418067
v 46.931198 38.929718 -5.121895
v 46.730465 38.763206 -6.819483
v 46.472786 38.549465 -8.508761
v 46.158501 38.288761 -10.187674
v 45.787975 37.981407 -11.854174
v 45.361664 37.627785 -13.506232
v 44.880081 37.228306 -15.141833
v 44.343822 36.783474 -16.758987
v 43.753540 36.293835 -18.355722
v 43.109947 35.759968 -19.930098
v 42.413834 35.182541 -21.480188
v 41.666031 34.562237 -23.004108
v 40.867481 33.899834 -24.500000
v 40.019138 33.196117 -25.966047
v 39.122044 32.451973 -27.400455
v 38.177280 31.668285 -28.801477
v 37.186001 30.846018 -30.167414
v 36.149418 29.986158 -31.496593
v 35.068794 29.089781 -32.787399
v 33.945435 28.157955 -34.038261
v 32.780724 27.191822 -35.247650
v 31.576082 26.192551 -36.414097
v 30.332966 25.161385 -37.536179
v 29.052885 24.099545 -38.612530
v 27.737411 23.008352 -39.641834
v 26.388149 21.889130 -40.622841
v 25.006737 20.743242 -41.554356
v 23.594856 19.572077 -42.435246
v 22.154228 18.377071 -43.264431
v 20.686605 17.159668 -44.040909
v 19.193787 15.921365 -44.763725
v 17.677574 14.663659 -45.432011
v 16.139835 13.388092 -46.044937
v 14.582422 12.096210 -46.601772
v 13.007248 10.789592 -47.101822
v 11.416224 9.469831 -47.544491
v 9.811294 8.138529 -47.929234
v 8.194409 6.797314 -48.255577
v 6.567538 5.447814 -48.523136
v 4.932669 4.091679 -48.731575
v 3.291788 2.730558 -48.880638
v 1.646897 1.366112 -48.970150
v 1.746326 1.256948 48.970150
v 3.490523 2.512364 48.880638
v 5.230469 3.764719 48.731575
v 6.964041 5.012488 48.523136
v 8.689132 6.254152 48.255577
v 10.403631 7.488193 47.929234
v 12.105457 8.713115 47.544491
v 13.792536 9.927414 47.101822
v 15.462809 11.129622 46.601772
v 17.114246 12.318273 46.044937
v 18.744823 13.491911 45.432011
v 20.352573 14.649116 44.763725
v 21.935522 15.788468 44.040909
v 23.491745 16.908590 43.264431
v 25.019352 18.008106 42.435246
v 26.516470 19.085686 41.554356
v 27.981283 20.140007 40.622841
v 29.412004 21.169794 39.641834
v 30.806898 22.173792 38.612530
v 32.164261 23.150782 37.536179
v 33.482430 24.099546 36.414097
v 34.759800 25.018970 35.247650
v 35.994827 25.907902 34.038261
v 37.186001 26.765266 32.787399
v 38.331871 27.590015 31.496593
v 39.431034 28.381165 30.167414
v 40.482162 29.137726 28.801477
v 41.483963 29.858789 27.400455
v 42.435219 30.543468 25.966047
v 43.334782 31.190956 24.500000
v 44.181538 31.800426 23.004108
v 44.974491 32.371162 21.480188
v 45.712627 32.902451 19.930098
v 46.395081 33.393654 18.355722
v 47.020996 33.844166 16.758987
v 47.589630 34.253456 15.141833
v 48.100288 34.621010 13.506232
v 48.552338 34.946373 11.854174
v 48.945232 35.229168 10.187674
v 49.278496 35.469040 8.508761
v 49.551731 35.665703 6.819483
v 49.764584 35.818913 5.121895
v 49.916809 35.928490 3.418067
v 50.008221 35.994267 1.710075
v 50.038704 36.016212 0.000000
v 50.008221 35.994267 -1.710075
v 49.916809 35.928490 -3.418067
v 49.764584 35.818913 -5.121895
v 49.551731 35.665703 -6.819483
v 49.278496 35.469040 -8.508761
v 48.945232 35.229168 -10.187674
v 48.552338 34.946373 -11.854174
v 48.100288 34.621010 -13.506232
v 47.589630 34.253456 -15.141833
v 47.020996 33.844166 -16.758987
v 46.395081 33.393654 -18.355722
v 45.712627 32.902451 -19.930098
v 44.974491 32.371162 -21.480188
v 44.181538 31.800426 -23.004108
v 43.334782 31.190956 -24.500000
v 42.435219 30.543468 -25.966047
v 41.483963 29.858789 -27.400455
v 40.482162 29.137726 -28.801477
v 39.431034 28.381165 -30.167414
v 38.331871 27.590015 -31.496593
v 37.186001 26.765266 -32.787399
v 35.994827 25.907902 -34.038261
v 34.759800 25.018970 -35.247650
v 33.482430 24.099546 -36.414097
v 32.164261 23.150782 -37.536179
v 30.806898 22.173792 -38.612530
v 29.412004 21.169794 -39.641834
v 27.981283 20.140007 -40.622841
v 26.516470 19.085686 -41.554356
v 25.019352 18.008106 -42.435246
v 23.491745 16.908590 -43.264431
v 21.935522 15.788468 -44.040909
v 20.352573 14.649116 -44.763725
v 18.744823 13.491911 -45.432011
v 17.114246 12.318273 -46.044937
v 15.462809 11.129622 -46.601772
v 13.792536 9.927414 -47.101822
v 12.105457 8.713115 -47.544491
v 10.403631 7.488193 -47.929234
v 8.689132 6.254152 -48.255577
v 6.964041 5.012488 -48.523136
v 5.230469 3.764719 -48.731575
v 3.490523 2.512364 -48.880638
v 1.746326 1.256948 -48.970150
v 1.837246 1.141660 48.970150
v 3.672253 2.281929 48.880638
v 5.502788 3.419419 48.731575
v 7.326616 4.552742 48.523136
v 9.141521 5.680521 48.255577
v 10.945284 6.801375 47.929234
v 12.735714 7.913947 47.544491
v 14.510628 9.016870 47.101822
v 16.267860 10.108812 46.601772
v 18.005280 11.188438 46.044937
v 19.720751 12.254431 45.432011
v 21.412209 13.305497 44.763725
v 23.077568 14.340347 44.040909
v 24.714815 15.357733 43.264431
v 26.321955 16.356400 42.435246
v 27.897020 17.335144 41.554356
v 29.438095 18.292763 40.622841
v 30.943304 19.228098 39.641834
v 32.410824 20.140009 38.612530
v 33.838852 21.027390 37.536179
v 35.225655 21.889133 36.414097
v 36.569530 22.724230 35.247650
v 37.868855 23.531626 34.038261
v 39.122044 24.310352 32.787399
v 40.327576 25.059454 31.496593
v 41.483967 25.778040 30.167414
v 42.589817 26.465210 28.801477
v 43.643776 27.120138 27.400455
v 44.644558 27.742018 25.966047
v 45.590954 28.330118 24.500000
v 46.481796 28.883686 23.004108
v 47.316036 29.402077 21.480188
v 48.092606 29.884632 19.930098
v 48.810585 30.330784 18.355722
v 49.469090 30.739975 16.758987
v 50.067329 31.111725 15.141833
v 50.604572 31.445568 13.506232
v 51.080154 31.741087 11.854174
v 51.493507 31.997944 10.187674
v 51.844120 32.215813 8.508761
v 52.131584 32.394440 6.819483
v 52.355518 32.533592 5.121895
v 52.515671 32.633121 3.418067
v 52.611839 32.692863 1.710075
v 52.643909 32.712799 0.000000
v 52.611839 32.692863 -1.710075
v 52.515671 32.633121 -3.418067
v 52.355518 32.533592 -5.121895
v 52.131584 32.394440 -6.819483
v 51.844120 32.215813 -8.508761
v 51.493507 31.997944 -10.187674
v 51.080154 31.741087 -11.854174
v 50.604572 31.445568 -13.506232
v 50.067329 31.111725 -15.141833
v 49.469090 30.739975 -16.758987
v 48.810585 30.330784 -18.355722
v 48.092606 29.884632 -19.930098
v 47.316036 29.402077 -21.480188
v 46.481796 28.883686 -23.004108
v 45.590954 28.330118 -24.500000
v 44.644558 27.742018 -25.966047
v 43.643776 27.120138 -27.400455
v 42.589817 26.465210 -28.801477
v 41.483967 25.778040 -30.167414
v 40.327576 25.059454 -31.496593
v 39.122044 24.310352 -32.787399
v 37.868855 23.531626 -34.038261
v 36.569530 22.724230 -35.247650
v 35.225655 21.889133 -36.414097
v 33.838852 21.027390 -37.536179
v 32.410824 20.140009 -38.612530
v 30.943304 19.228098 -39.641834
v 29.438095 18.292763 -40.622841
v 27.897020 17.335144 -41.554356
v 26.321955 16.356400 -42.435246
v 24.714815 15.357733 -43.264431
v 23.077568 14.340347 -44.040909
v 21.412209 13.305497 -44.763725
v 19.720751 12.254431 -45.432011
v 18.005280 11.188438 -46.044937
v 16.267860 10.108812 -46.601772
v 14.510628 9.016870 -47.101822
v 12.735714 7.913947 -47.544491
v 10.945284 6.801375 -47.929234
v 9.141521 5.680521 -48.255577
v 7.326616 4.552742 -48.523136
v 5.502788 3.419419 -48.731575
v 3.672253 2.281929 -48.880638
v 1.837246 1.141660 -48.970150
v 1.919215 1.020811 48.970150
v 3.836092 2.040378 48.880638
v 5.748297 3.057459 48.731575
v 7.653496 4.070816 48.523136
v 9.549375 5.079215 48.255577
v 11.433613 6.081421 47.929234
v 13.303924 7.076223 47.544491
v 15.158026 8.062397 47.101822
v 16.993658 9.038754 46.601772
v 18.808592 10.004096 46.044937
v 20.600601 10.957249 45.432011
v 22.367523 11.897056 44.763725
v 24.107183 12.822362 44.040909
v 25.817478 13.732054 43.264431
v 27.496321 14.625007 42.435246
v 29.141657 15.500147 41.554356
v 30.751488 16.356396 40.622841
v 32.323853 17.192726 39.641834
v 33.856846 18.008104 38.612530
v 35.348591 18.801554 37.536179
v 36.797260 19.572079 36.414097
v 38.201096 20.318777 35.247650
v 39.558388 21.040709 34.038261
v 40.867489 21.737003 32.787399
v 42.126808 22.406807 31.496593
v 43.334793 23.049328 30.167414
v 44.489983 23.663757 28.801477
v 45.590961 24.249361 27.400455
v 46.636395 24.805408 25.966047
v 47.625011 25.331259 24.500000
v 48.555599 25.826231 23.004108
v 49.427059 26.289747 21.480188
v 50.238277 26.721222 19.930098
v 50.988289 27.120146 18.355722
v 51.676170 27.486021 16.758987
v 52.301102 27.818420 15.141833
v 52.862316 28.116926 13.506232
v 53.359116 28.381163 11.854174
v 53.790913 28.610828 10.187674
v 54.157169 28.805637 8.508761
v 54.457458 28.965353 6.819483
v 54.691376 29.089779 5.121895
v 54.858681 29.178776 3.418067
v 54.959137 29.232189 1.710075
v 54.992641 29.250013 0.000000
v 54.959137 29.232189 -1.710075
v 54.858681 29.178776 -3.418067
v 54.691376 29.089779 -5.121895
v 54.457458 28.965353 -6.819483
v 54.157169 28.805637 -8.508761
v 53.790913 28.610828 -10.187674
v 53.359116 28.381163 -11.854174
v 52.862316 28.116926 -13.506232
v 52.301102 27.818420 -15.141833
v 51.676170 27.486021 -16.758987
v 50.988289 27.120146 -18.355722
v 50.238277 26.721222 -19.930098
v 49.427059 26.289747 -21.480188
v 48.555599 25.826231 -23.004108
v 47.625011 25.331259 -24.500000
v 46.636395 24.805408 -25.966047
v 45.590961 24.249361 -27.400455
v 44.489983 23.663757 -28.801477
v 43.334793 23.049328 -30.167414
v 42.126808 22.406807 -31.496593
v 40.867489 21.737003 -32.787399
v 39.558388 21.040709 -34.038261
v 38.201096 20.318777 -35.247650
v 36.797260 19.572079 -36.414097
v 35.348591 18.801554 -37.536179
v 33.856846 18.008104 -38.612530
v 32.323853 17.192726 -39.641834
v 30.751488 16.356396 -40.622841
v 29.141657 15.500147 -41.554356
v 27.496321 14.625007 -42.435246
v 25.817478 13.732054 -43.264431
v 24.107183 12.822362 -44.040909
v 22.367523 11.897056 -44.763725
v 20.600601 10.957249 -45.432011
v 18.808592 10.004096 -46.044937
v 16.993658 9.038754 -46.601772
v 15.158026 8.062397 -47.101822
v 13.303924 7.076223 -47.544491
v 11.433613 6.081421 -47.929234
v 9.549375 5.079215 -48.255577
v 7.653496 4.070816 -48.523136
v 5.748297 3.057459 -48.731575
v 3.836092 2.040378 -48.880638
v 1.919215 1.020811 -48.970150
v 0.000000 0.000000 -49.000000
v 1.991835 0.894988 48.970150
v 3.981242 1.788886 48.880638
v 5.965801 2.680604 48.731575
v 7.943089 3.569057 48.523136
v 9.910703 4.453162 48.255577
v 11.866239 5.331840 47.929234
v 13.807318 6.204025 47.544491
v 15.731575 7.068645 47.101822
v 17.636663 7.924658 46.601772
v 19.520271 8.771015 46.044937
v 21.380087 9.606684 45.432011
v 23.213865 10.430653 44.763725
v 25.019352 11.241908 44.040909
v 26.794359 12.039474 43.264431
v 28.536726 12.822362 42.435246
v 30.244318 13.589635 41.554356
v 31.915064 14.340344 40.622841
v 33.546921 15.073589 39.641834
v 35.137920 15.788466 38.612530
v 36.686111 16.484119 37.536179
v 38.189594 17.159670 36.414097
v 39.646549 17.814333 35.247650
v 41.055202 18.447281 34.038261
v 42.413834 19.057753 32.787399
v 43.720802 19.644995 31.496593
v 44.974491 20.208323 30.167414
v 46.173393 20.747017 28.801477
v 47.316032 21.260443 27.400455
v 48.401020 21.747950 25.966047
v 49.427044 22.208988 24.500000
v 50.392849 22.642952 23.004108
v 51.297279 23.049334 21.480188
v 52.139191 23.427626 19.930098
v 52.917580 23.777382 18.355722
v 53.631493 24.098160 16.758987
v 54.280071 24.389587 15.141833
v 54.862518 24.651299 13.506232
v 55.378120 24.882967 11.854174
v 55.826256 25.084326 10.187674
v 56.206367 25.255121 8.508761
v 56.518021 25.395149 6.819483
v 56.760788 25.504240 5.121895
v 56.934422 25.582270 3.418067
v 57.038681 25.629097 1.710075
v 57.073452 25.644724 0.000000
v 57.038681 25.629097 -1.710075
v 56.934422 25.582270 -3.418067
v 56.760788 25.504240 -5.121895
v 56.518021 25.395149 -6.819483
v 56.206367 25.255121 -8.508761
v 55.826256 25.084326 -10.187674
v 55.378120 24.882967 -11.854174
v 54.862518 24.651299 -13.506232
v 54.280071 24.389587 -15.141833
v 53.631493 24.098160 -16.758987
v 52.917580 23.777382 -18.355722
v 52.139191 23.427626 -19.930098
v 51.297279 23.049334 -21.480188
v 50.392849 22.642952 -23.004108
v 49.427044 22.208988 -24.500000
v 48.401020 21.747950 -25.966047
v 47.316032 21.260443 -27.400455
v 46.173393 20.747017 -28.801477
v 44.974491 20.208323 -30.167414
v 43.720802 19.644995 -31.496593
v 42.413834 19.057753 -32.787399
v 41.055202 18.447281 -34.038261
v 39.646549 17.814333 -35.247650
v 38.189594 17.159670 -36.414097
v 36.686111 16.484119 -37.536179
v 35.137920 15.788466 -38.612530
v 33.546921 15.073589 -39.641834
v 31.915064 14.340344 -40.622841
v 30.244318 13.589635 -41.554356
v 28.536726 12.822362 -42.435246
v 26.794359 12.039474 -43.264431
v 25.019352 11.241908 -44.040909
v 23.213865 10.430653 -44.763725
v 21.380087 9.606684 -45.432011
v 19.520271 8.771015 -46.044937
v 17.636663 7.924658 -46.601772
v 15.731575 7.068645 -47.101822
v 13.807318 6.204025 -47.544491
v 11.866239 5.331840 -47.929234
v 9.910703 4.453162 -48.255577
v 7.943089 3.569057 -48.523136
v 5.965801 2.680604 -48.731575
v 3.981242 1.788886 -48.880638
v 1.991835 0.894988 -48.970150
v 2.054750 0.764805 48.970150
v 4.106997 1.528678 48.880638
v 6.154241 2.290689 48.731575
v 8.193983 3.049909 48.523136
v 10.223748 3.805415 48.255577
v 12.241054 4.556281 47.929234
v 14.243443 5.301601 47.544491
v 16.228481 6.040454 47.101822
v 18.193747 6.771954 46.601772
v 20.136850 7.495202 46.044937
v 22.055410 8.209316 45.432011
v 23.947113 8.913433 44.763725
v 25.809628 9.606685 44.040909
v 27.640701 10.288239 43.264431
v 29.438103 10.957249 42.435246
v 31.199633 11.612916 41.554356
v 32.923149 12.254428 40.622841
v 34.606556 12.881018 39.641834
v 36.247810 13.491909 38.612530
v 37.844898 14.086374 37.536179
v 39.395874 14.663661 36.414097
v 40.898849 15.223100 35.247650
v 42.351994 15.763982 34.038261
v 43.753544 16.285654 32.787399
v 45.101791 16.787474 31.496593
v 46.395084 17.268864 30.167414
v 47.631855 17.729200 28.801477
v 48.810585 18.167944 27.400455
v 49.929848 18.584538 25.966047
v 50.988277 18.978518 24.500000
v 51.984589 19.349358 23.004108
v 52.917587 19.696629 21.480188
v 53.786091 20.019894 19.930098
v 54.589066 20.318773 18.355722
v 55.325527 20.592892 16.758987
v 55.994595 20.841930 15.141833
v 56.595440 21.065575 13.506232
v 57.127323 21.263544 11.854174
v 57.589615 21.435612 10.187674
v 57.981731 21.581566 8.508761
v 58.303234 21.701225 6.819483
v 58.553665 21.794449 5.121895
v 58.732788 21.861130 3.418067
v 58.840336 21.901142 1.710075
v 58.876205 21.914497 0.000000
v 58.840336 21.901142 -1.710075
v 58.732788 21.861130 -3.418067
v 58.553665 21.794449 -5.121895
v 58.303234 21.701225 -6.819483
v 57.981731 21.581566 -8.508761
v 57.589615 21.435612 -10.187674
v 57.127323 21.263544 -11.854174
v 56.595440 21.065575 -13.506232
v 55.994595 20.841930 -15.141833
v 55.325527 20.592892 -16.758987
v 54.589066 20.318773 -18.355722
v 53.786091 20.019894 -19.930098
v 52.917587 19.696629 -21.480188
v 51.984589 19.349358 -23.004108
v 50.988277 18.978518 -24.500000
v 49.929848 18.584538 -25.966047
v 48.810585 18.167944 -27.400455
v 47.631855 17.729200 -28.801477
v 46.395084 17.268864 -30.167414
v 45.101791 16.787474 -31.496593
v 43.753544 16.285654 -32.787399
v 42.351994 15.763982 -34.038261
v 40.898849 15.223100 -35.247650
v 39.395874 14.663661 -36.414097
v 37.844898 14.086374 -37.536179
v 36.247810 13.491909 -38.612530
v 34.606556 12.881018 -39.641834
v 32.923149 12.254428 -40.622841
v 31.199633 11.612916 -41.554356
v 29.438103 10.957249 -42.435246
v 27.640701 10.288239 -43.264431
v 25.809628 9.606685 -44.040909
v 23.947113 8.913433 -44.763725
v 22.055410 8.209316 -45.432011
v 20.136850 7.495202 -46.044937
v 18.193747 6.771954 -46.601772
v 16.228481 6.040454 -47.101822
v 14.243443 5.301601 -47.544491
v 12.241054 4.556281 -47.929234
v 10.223748 3.805415 -48.255577
v 8.193983 3.049909 -48.523136
v 6.154241 2.290689 -48.731575
v 4.106997 1.528678 -48.880638
v 2.054750 0.764805 -48.970150
v 2.107655 0.630896 48.970150
v 4.212741 1.261023 48.880638
v 6.312697 1.889614 48.731575
v 8.404958 2.515903 48.523136
v 10.486983 3.139128 48.255577
v 12.556230 3.758526 47.929234
v 14.610177 4.373348 47.544491
v 16.646324 4.982836 47.101822
v 18.662189 5.586258 46.601772
v 20.655325 6.182872 46.044937
v 22.623281 6.771954 45.432011
v 24.563694 7.352787 44.763725
v 26.474161 7.924658 44.040909
v 28.352381 8.486880 43.264431
v 30.196062 9.038753 42.435246
v 32.002945 9.579620 41.554356
v 33.770840 10.108809 40.622841
v 35.497589 10.625690 39.641834
v 37.181103 11.129621 38.612530
v 38.819309 11.620003 37.536179
v 40.410217 12.096210 36.414097
v 41.951893 12.557700 35.247650
v 43.442455 13.003881 34.038261
v 44.880093 13.434214 32.787399
v 46.263050 13.848167 31.496593
v 47.589645 14.245271 30.167414
v 48.858257 14.625007 28.801477
v 50.067337 14.986934 27.400455
v 51.215416 15.330585 25.966047
v 52.301098 15.655585 24.500000
v 53.323063 15.961493 23.004108
v 54.280087 16.247963 21.480188
v 55.170948 16.514626 19.930098
v 55.994598 16.761177 18.355722
v 56.750023 16.987299 16.758987
v 57.436314 17.192734 15.141833
v 58.052635 17.377220 13.506232
v 58.598209 17.540527 11.854174
v 59.072403 17.682467 10.187674
v 59.474621 17.802866 8.508761
v 59.804398 17.901571 6.819483
v 60.061275 17.978477 5.121895
v 60.245014 18.033485 3.418067
v 60.355328 18.066486 1.710075
v 60.392124 18.077505 0.000000
v 60.355328 18.066486 -1.710075
v 60.245014 18.033485 -3.418067
v 60.061275 17.978477 -5.121895
v 59.804398 17.901571 -6.819483
v 59.474621 17.802866 -8.508761
v 59.072403 17.682467 -10.187674
v 58.598209 17.540527 -11.854174
v 58.052635 17.377220 -13.506232
v 57.436314 17.192734 -15.141833
v 56.750023 16.987299 -16.758987
v 55.994598 16.761177 -18.355722
v 55.170948 16.514626 -19.930098
v 54.280087 16.247963 -21.480188
v 53.323063 15.961493 -23.004108
v 52.301098 15.655585 -24.500000
v 51.215416 15.330585 -25.966047
v 50.067337 14.986934 -27.400455
v 48.858257 14.625007 -28.801477
v 47.589645 14.245271 -30.167414
v 46.263050 13.848167 -31.496593
v 44.880093 13.434214 -32.787399
v 43.442455 13.003881 -34.038261
v 41.951893 12.557700 -35.247650
v 40.410217 12.096210 -36.414097
v 38.819309 11.620003 -37.536179
v 37.181103 11.129621 -38.612530
v 35.497589 10.625690 -39.641834
v 33.770840 10.108809 -40.622841
v 32.002945 9.579620 -41.554356
v 30.196062 9.038753 -42.435246
v 28.352381 8.486880 -43.264431
v 26.474161 7.924658 -44.040909
v 24.563694 7.352787 -44.763725
v 22.623281 6.771954 -45.432011
v 20.655325 6.182872 -46.044937
v 18.662189 5.586258 -46.601772
v 16.646324 4.982836 -47.101822
v 14.610177 4.373348 -47.544491
v 12.556230 3.758526 -47.929234
v 10.486983 3.139128 -48.255577
v 8.404958 2.515903 -48.523136
v 6.312697 1.889614 -48.731575
v 4.212741 1.261023 -48.880638
v 2.107655 0.630896 -48.970150
v 2.150291 0.493913 48.970150
v 4.297963 0.987225 48.880638
v 6.440399 1.479333 48.731575
v 8.574986 1.969640 48.523136
v 10.699129 2.457547 48.255577
v 12.810234 2.942459 47.929234
v 14.905731 3.423789 47.544491
v 16.983068 3.900941 47.101822
v 19.039711 4.373346 46.601772
v 21.073168 4.840420 46.044937
v 23.080936 5.301599 45.432011
v 25.060602 5.756318 44.763725
v 27.009716 6.204022 44.040909
v 28.925930 6.644174 43.264431
v 30.806908 7.076220 42.435246
v 32.650345 7.499653 41.554356
v 34.453999 7.913941 40.622841
v 36.215683 8.318597 39.641834
v 37.933250 8.713108 38.612530
v 39.604595 9.097019 37.536179
v 41.227688 9.469830 36.414097
v 42.800552 9.831121 35.247650
v 44.321270 10.180426 34.038261
v 45.787991 10.517323 32.787399
v 47.198921 10.841393 31.496593
v 48.552353 11.152277 30.167414
v 49.846626 11.449563 28.801477
v 51.080162 11.732907 27.400455
v 52.251465 12.001941 25.966047
v 53.359116 12.256380 24.500000
v 54.401756 12.495869 23.004108
v 55.378139 12.720137 21.480188
v 56.287018 12.928900 19.930098
v 57.127331 13.121920 18.355722
v 57.898037 13.298945 16.758987
v 58.598217 13.459776 15.141833
v 59.227001 13.604205 13.506232
v 59.783611 13.732053 11.854174
v 60.267399 13.843175 10.187674
v 60.677753 13.937431 8.508761
v 61.014198 14.014705 6.819483
v 61.276276 14.074916 5.121895
v 61.463730 14.117982 3.418067
v 61.576275 14.143813 1.710075
v 61.613815 14.152440 0.000000
v 61.576275 14.143813 -1.710075
v 61.463730 14.117982 -3.418067
v 61.276276 14.074916 -5.121895
v 61.014198 14.014705 -6.819483
v 60.677753 13.937431 -8.508761
v 60.267399 13.843175 -10.187674
v 59.783611 13.732053 -11.854174
v 59.227001 13.604205 -13.506232
v 58.598217 13.459776 -15.141833
v 57.898037 13.298945 -16.758987
v 57.127331 13.121920 -18.355722
v 56.287018 12.928900 -19.930098
v 55.378139 12.720137 -21.480188
v 54.401756 12.495869 -23.004108
v 53.359116 12.256380 -24.500000
v 52.251465 12.001941 -25.966047
v 51.080162 11.732907 -27.400455
v 49.846626 11.449563 -28.801477
v 48.552353 11.152277 -30.167414
v 47.198921 10.841393 -31.496593
v 45.787991 10.517323 -32.787399
v 44.321270 10.180426 -34.038261
v 42.800552 9.831121 -35.247650
v 41.227688 9.469830 -36.414097
v 39.604595 9.097019 -37.536179
v 37.933250 8.713108 -38.612530
v 36.215683 8.318597 -39.641834
v 34.453999 7.913941 -40.622841
v 32.650345 7.499653 -41.554356
v 30.806908 7.076220 -42.435246
v 28.925930 6.644174 -43.264431
v 27.009716 6.204022 -44.040909
v 25.060602 5.756318 -44.763725
v 23.080936 5.301599 -45.432011
v 21.073168 4.840420 -46.044937
v 19.039711 4.373346 -46.601772
v 16.983068 3.900941 -47.101822
v 14.905731 3.423789 -47.544491
v 12.810234 2.942459 -47.929234
v 10.699129 2.457547 -48.255577
v 8.574986 1.969640 -48.523136
v 6.440399 1.479333 -48.731575
v 4.297963 0.987225 -48.880638
v 2.150291 0.493913 -48.970150
v 2.182451 0.354524 48.970150
v 4.362244 0.708616 48.880638
v 6.536724 1.061844 48.731575
v 8.703236 1.413780 48.523136
v 10.859148 1.763994 48.255577
v 13.001828 2.112056 47.929234
v 15.128666 2.457549 47.544491
v 17.237072 2.800042 47.101822
v 19.324476 3.139128 46.601772
v 21.388346 3.474387 46.044937
v 23.426144 3.805415 45.432011
v 25.435415 4.131805 44.763725
v 27.413683 4.453162 44.040909
v 29.358555 4.769098 43.264431
v 31.267666 5.079213 42.435246
v 33.138676 5.383149 41.554356
v 34.969303 5.680517 40.622841
v 36.757336 5.970975 39.641834
v 38.500595 6.254148 38.612530
v 40.196934 6.529716 37.536179
v 41.844299 6.797313 36.414097
v 43.440693 7.056646 35.247650
v 44.984154 7.307373 34.038261
v 46.472809 7.549191 32.787399
v 47.904842 7.781802 31.496593
v 49.278515 8.004951 30.167414
v 50.592148 8.218337 28.801477
v 51.844131 8.421721 27.400455
v 53.032951 8.614825 25.966047
v 54.157177 8.797463 24.500000
v 55.215408 8.969365 23.004108
v 56.206390 9.130341 21.480188
v 57.128868 9.280187 19.930098
v 57.981743 9.418735 18.355722
v 58.763977 9.545800 16.758987
v 59.474632 9.661242 15.141833
v 60.112820 9.764913 13.506232
v 60.677753 9.856679 11.854174
v 61.168777 9.936439 10.187674
v 61.585270 10.004096 8.508761
v 61.926746 10.059560 6.819483
v 62.192741 10.102782 5.121895
v 62.383007 10.133697 3.418067
v 62.497231 10.152233 1.710075
v 62.535332 10.158425 0.000000
v 62.497231 10.152233 -1.710075
v 62.383007 10.133697 -3.418067
v 62.192741 10.102782 -5.121895
v 61.926746 10.059560 -6.819483
v 61.585270 10.004096 -8.508761
v 61.168777 9.936439 -10.187674
v 60.677753 9.856679 -11.854174
v 60.112820 9.764913 -13.506232
v 59.474632 9.661242 -15.141833
v 58.763977 9.545800 -16.758987
v 57.981743 9.418735 -18.355722
v 57.128868 9.280187 -19.930098
v 56.206390 9.130341 -21.480188
v 55.215408 8.969365 -23.004108
v 54.157177 8.797463 -24.500000
v 53.032951 8.614825 -25.966047
v 51.844131 8.421721 -27.400455
v 50.592148 8.218337 -28.801477
v 49.278515 8.004951 -30.167414
v 47.904842 7.781802 -31.496593
v 46.472809 7.549191 -32.787399
v 44.984154 7.307373 -34.038261
v 43.440693 7.056646 -35.247650
v 41.844299 6.797313 -36.414097
v 40.196934 6.529716 -37.536179
v 38.500595 6.254148 -38.612530
v 36.757336 5.970975 -39.641834
v 34.969303 5.680517 -40.622841
v 33.138676 5.383149 -41.554356
v 31.267666 5.079213 -42.435246
v 29.358555 4.769098 -43.264431
v 27.413683 4.453162 -44.040909
v 25.435415 4.131805 -44.763725
v 23.426144 3.805415 -45.432011
v 21.388346 3.474387 -46.044937
v 19.324476 3.139128 -46.601772
v 17.237072 2.800042 -47.101822
v 15.128666 2.457549 -47.544491
v 13.001828 2.112056 -47.929234
v 10.859148 1.763994 -48.255577
v 8.703236 1.413780 -48.523136
v 6.536724 1.061844 -48.731575
v 4.362244 0.708616 -48.880638
v 2.182451 0.354524 -48.970150
v 2.203979 0.213408 48.970150
v 4.405274 0.426556 48.880638
v 6.601202 0.639183 48.731575
v 8.789084 0.851033 48.523136
v 10.966264 1.061846 48.255577
v 13.130079 1.271364 47.929234
v 15.277896 1.479337 47.544491
v 17.407099 1.685501 47.101822
v 19.515093 1.889617 46.601772
v 21.599319 2.091427 46.044937
v 23.657219 2.290691 45.432011
v 25.686310 2.487163 44.763725
v 27.684093 2.680606 44.040909
v 29.648149 2.870788 43.264431
v 31.576092 3.057460 42.435246
v 33.465553 3.240417 41.554356
v 35.314240 3.419418 40.622841
v 37.119911 3.594262 39.641834
v 38.880363 3.764717 38.612530
v 40.593441 3.930601 37.536179
v 42.257050 4.091679 36.414097
v 43.869190 4.247791 35.247650
v 45.427879 4.398718 34.038261
v 46.931221 4.544281 32.787399
v 48.377380 4.684297 31.496593
v 49.764603 4.818625 30.167414
v 51.091190 4.947073 28.801477
v 52.355526 5.069503 27.400455
v 53.556072 5.185740 25.966047
v 54.691383 5.295686 24.500000
v 55.760056 5.399162 23.004108
v 56.760815 5.496061 21.480188
v 57.692387 5.586261 19.930098
v 58.553677 5.669662 18.355722
v 59.343624 5.746149 16.758987
v 60.061295 5.815641 15.141833
v 60.705776 5.878046 13.506232
v 61.276279 5.933284 11.854174
v 61.772148 5.981295 10.187674
v 62.192749 6.022021 8.508761
v 62.537598 6.055405 6.819483
v 62.806213 6.081428 5.121895
v 62.998352 6.100040 3.418067
v 63.113701 6.111191 1.710075
v 63.152184 6.114920 0.000000
v 63.113701 6.111191 -1.710075
v 62.998352 6.100040 -3.418067
v 62.806213 6.081428 -5.121895
v 62.537598 6.055405 -6.819483
v 62.192749 6.022021 -8.508761
v 61.772148 5.981295 -10.187674
v 61.276279 5.933284 -11.854174
v 60.705776 5.878046 -13.506232
v 60.061295 5.815641 -15.141833
v 59.343624 5.746149 -16.758987
v 58.553677 5.669662 -18.355722
v 57.692387 5.586261 -19.930098
v 56.760815 5.496061 -21.480188
v 55.760056 5.399162 -23.004108
v 54.691383 5.295686 -24.500000
v 53.556072 5.185740 -25.966047
v 52.355526 5.069503 -27.400455
v 51.091190 4.947073 -28.801477
v 49.764603 4.818625 -30.167414
v 48.377380 4.684297 -31.496593
v 46.931221 4.544281 -32.787399
v 45.427879 4.398718 -34.038261
v 43.869190 4.247791 -35.247650
v 42.257050 4.091679 -36.414097
v 40.593441 3.930601 -37.536179
v 38.880363 3.764717 -38.612530
v 37.119911 3.594262 -39.641834
v 35.314240 3.419418 -40.622841
v 33.465553 3.240417 -41.554356
v 31.576092 3.057460 -42.435246
v 29.648149 2.870788 -43.264431
v 27.684093 2.680606 -44.040909
v 25.686310 2.487163 -44.763725
v 23.657219 2.290691 -45.432011
v 21.599319 2.091427 -46.044937
v 19.515093 1.889617 -46.601772
v 17.407099 1.685501 -47.101822
v 15.277896 1.479337 -47.544491
v 13.130079 1.271364 -47.929234
v 10.966264 1.061846 -48.255577
v 8.789084 0.851033 -48.523136
v 6.601202 0.639183 -48.731575
v 4.405274 0.426556 -48.880638
v 2.203979 0.213408 -48.970150
v 2.214769 0.071252 48.970150
v 4.426841 0.142417 48.880638
v 6.633520 0.213407 48.731575
v 8.832114 0.284140 48.523136
v 11.019953 0.354526 48.255577
v 13.194362 0.424478 47.929234
v 15.352693 0.493917 47.544491
v 17.492319 0.562748 47.101822
v 19.610634 0.630899 46.601772
v 21.705065 0.698277 46.044937
v 23.773041 0.764808 45.432011
v 25.812065 0.830404 44.763725
v 27.819632 0.894990 44.040909
v 29.793301 0.958491 43.264431
v 31.730682 1.020811 42.435246
v 33.629395 1.081899 41.554356
v 35.487129 1.141660 40.622841
v 37.301643 1.200039 39.641834
v 39.070713 1.256945 38.612530
v 40.792175 1.312336 37.536179
v 42.463932 1.366112 36.414097
v 44.083965 1.418241 35.247650
v 45.650284 1.468634 34.038261
v 47.160988 1.517231 32.787399
v 48.614227 1.563970 31.496593
v 50.008240 1.608823 30.167414
v 51.341320 1.651706 28.801477
v 52.611847 1.692587 27.400455
v 53.818268 1.731390 25.966047
v 54.959141 1.768108 24.500000
v 56.033047 1.802655 23.004108
v 57.038700 1.835006 21.480188
v 57.974838 1.865120 19.930098
v 58.840340 1.892967 18.355722
v 59.634159 1.918503 16.758987
v 60.355343 1.941706 15.141833
v 61.002975 1.962542 13.506232
v 61.576275 1.980982 11.854174
v 62.074570 1.997010 10.187674
v 62.497231 2.010607 8.508761
v 62.843765 2.021749 6.819483
v 63.113701 2.030446 5.121895
v 63.306782 2.036665 3.418067
v 63.422695 2.040376 1.710075
v 63.461365 2.041623 0.000000
v 63.422695 2.040376 -1.710075
v 63.306782 2.036665 -3.418067
v 63.113701 2.030446 -5.121895
v 62.843765 2.021749 -6.819483
v 62.497231 2.010607 -8.508761
v 62.074570 1.997010 -10.187674
v 61.576275 1.980982 -11.854174
v 61.002975 1.962542 -13.506232
v 60.355343 1.941706 -15.141833
v 59.634159 1.918503 -16.758987
v 58.840340 1.892967 -18.355722
v 57.974838 1.865120 -19.930098
v 57.038700 1.835006 -21.480188
v 56.033047 1.802655 -23.004108
v 54.959141 1.768108 -24.500000
v 53.818268 1.731390 -25.966047
v 52.611847 1.692587 -27.400455
v 51.341320 1.651706 -28.801477
v 50.008240 1.608823 -30.167414
v 48.614227 1.563970 -31.496593
v 47.160988 1.517231 -32.787399
v 45.650284 1.468634 -34.038261
v 44.083965 1.418241 -35.247650
v 42.463932 1.366112 -36.414097
v 40.792175 1.312336 -37.536179
v 39.070713 1.256945 -38.612530
v 37.301643 1.200039 -39.641834
v 35.487129 1.141660 -40.622841
v 33.629395 1.081899 -41.554356
v 31.730682 1.020811 -42.435246
v 29.793301 0.958491 -43.264431
v 27.819632 0.894990 -44.040909
v 25.812065 0.830404 -44.763725
v 23.773041 0.764808 -45.432011
v 21.705065 0.698277 -46.044937
v 19.610634 0.630899 -46.601772
v 17.492319 0.562748 -47.101822
v 15.352693 0.493917 -47.544491
v 13.194362 0.424478 -47.929234
v 11.019953 0.354526 -48.255577
v 8.832114 0.284140 -48.523136
v 6.633520 0.213407 -48.731575
v 4.426841 0.142417 -48.880638
v 2.214769 0.071252 -48.970150
v 2.214770 -0.071251 48.970150
v 4.426841 -0.142416 48.880638
v 6.633521 -0.213408 48.731575
v 8.832114 -0.284138 48.523136
v 11.019954 -0.354522 48.255577
v 13.194362 -0.424477 47.929234
v 15.352694 -0.493909 47.544491
v 17.492319 -0.562747 47.101822
v 19.610636 -0.630892 46.601772
v 21.705067 -0.698275 46.044937
v 23.773043 -0.764802 45.432011
v 25.812065 -0.830402 44.763725
v 27.819632 -0.894986 44.040909
v 29.793303 -0.958475 43.264431
v 31.730684 -1.020810 42.435246
v 33.629395 -1.081890 41.554356
v 35.487129 -1.141660 40.622841
v 37.301643 -1.200031 39.641834
v 39.070713 -1.256950 38.612530
v 40.792179 -1.312322 37.536179
v 42.463936 -1.366111 36.414097
v 44.083969 -1.418218 35.247650
v 45.650288 -1.468606 34.038261
v 47.160992 -1.517211 32.787399
v 48.614227 -1.563976 31.496593
v 50.008240 -1.608817 30.167414
v 51.341320 -1.651708 28.801477
v 52.611851 -1.692575 27.400455
v 53.818268 -1.731396 25.966047
v 54.959145 -1.768084 24.500000
v 56.033051 -1.802635 23.004108
v 57.038700 -1.834990 21.480188
v 57.974842 -1.865109 19.930098
v 58.840343 -1.892950 18.355722
v 59.634163 -1.918490 16.758987
v 60.355347 -1.941690 15.141833
v 61.002979 -1.962524 13.506232
v 61.576275 -1.980971 11.854174
v 62.074570 -1.997005 10.187674
v 62.497231 -2.010602 8.508761
v 62.843765 -2.021757 6.819483
v 63.113705 -2.030429 5.121895
v 63.306782 -2.036632 3.418067
v 63.422699 -2.040380 1.710075
v 63.461369 -2.041621 0.000000
v 63.422699 -2.040380 -1.710075
v 63.306782 -2.036632 -3.418067
v 63.113705 -2.030429 -5.121895
v 62.843765 -2.021757 -6.819483
v 62.497231 -2.010602 -8.508761
v 62.074570 -1.997005 -10.187674
v 61.576275 -1.980971 -11.854174
v 61.002979 -1.962524 -13.506232
v 60.355347 -1.941690 -15.141833
v 59.634163 -1.918490 -16.758987
v 58.840343 -1.892950 -18.355722
v 57.974842 -1.865109 -19.930098
v 57.038700 -1.834990 -21.480188
v 56.033051 -1.802635 -23.004108
v 54.959145 -1.768084 -24.500000
v 53.818268 -1.731396 -25.966047
v 52.611851 -1.692575 -27.400455
v 51.341320 -1.651708 -28.801477
v 50.008240 -1.608817 -30.167414
v 48.614227 -1.563976 -31.496593
v 47.160992 -1.517211 -32.787399
v 45.650288 -1.468606 -34.038261
v 44.083969 -1.418218 -35.247650
v 42.463936 -1.366111 -36.414097
v 40.792179 -1.312322 -37.536179
v 39.070713 -1.256950 -38.612530
v 37.301643 -1.200031 -39.641834
v 35.487129 -1.141660 -40.622841
v 33.629395 -1.081890 -41.554356
v 31.730684 -1.020810 -42.435246
v 29.793303 -0.958475 -43.264431
v 27.819632 -0.894986 -44.040909
v 25.812065 -0.830402 -44.763725
v 23.773043 -0.764802 -45.432011
v 21.705067 -0.698275 -46.044937
v 19.610636 -0.630892 -46.601772
v 17.492319 -0.562747 -47.101822
v 15.352694 -0.493909 -47.544491
v 13.194362 -0.424477 -47.929234
v 11.019954 -0.354522 -48.255577
v 8.832114 -0.284138 -48.523136
v 6.633521 -0.213408 -48.731575
v 4.426841 -0.142416 -48.880638
v 2.214770 -0.071251 -48.970150
v 2.203979 -0.213407 48.970150
v 4.405274 -0.426555 48.880638
v 6.601202 -0.639183 48.731575
v 8.789085 -0.851031 48.523136
v 10.966266 -1.061843 48.255577
v 13.130080 -1.271363 47.929234
v 15.277899 -1.479329 47.544491
v 17.407099 -1.685499 47.101822
v 19.515097 -1.889610 46.601772
v 21.599323 -2.091424 46.044937
v 23.657225 -2.290686 45.432011
v 25.686312 -2.487161 44.763725
v 27.684097 -2.680602 44.040909
v 29.648155 -2.870772 43.264431
v 31.576096 -3.057459 42.435246
v 33.465553 -3.240408 41.554356
v 35.314243 -3.419418 40.622841
v 37.119915 -3.594254 39.641834
v 38.880363 -3.764723 38.612530
v 40.593445 -3.930588 37.536179
v 42.257057 -4.091678 36.414097
v 43.869198 -4.247769 35.247650
v 45.427887 -4.398691 34.038261
v 46.931232 -4.544261 32.787399
v 48.377384 -4.684304 31.496593
v 49.764606 -4.818620 30.167414
v 51.091190 -4.947074 28.801477
v 52.355534 -5.069491 27.400455
v 53.556076 -5.185747 25.966047
v 54.691395 -5.295663 24.500000
v 55.760063 -5.399142 23.004108
v 56.760815 -5.496045 21.480188
v 57.692398 -5.586251 19.930098
v 58.553684 -5.669645 18.355722
v 59.343632 -5.746137 16.758987
v 60.061306 -5.815626 15.141833
v 60.705784 -5.878029 13.506232
v 61.276283 -5.933273 11.854174
v 61.772148 -5.981290 10.187674
v 62.192749 -6.022017 8.508761
v 62.537598 -6.055413 6.819483
v 62.806225 -6.081411 5.121895
v 62.998356 -6.100008 3.418067
v 63.113708 -6.111195 1.710075
v 63.152191 -6.114919 0.000000
v 63.113708 -6.111195 -1.710075
v 62.998356 -6.100008 -3.418067
v 62.806225 -6.081411 -5.121895
v 62.537598 -6.055413 -6.819483
v 62.192749 -6.022017 -8.508761
v 61.772148 -5.981290 -10.187674
v 61.276283 -5.933273 -11.854174
v 60.705784 -5.878029 -13.506232
v 60.061306 -5.815626 -15.141833
v 59.343632 -5.746137 -16.758987
v 58.553684 -5.669645 -18.355722
v 57.692398 -5.586251 -19.930098
v 56.760815 -5.496045 -21.480188
v 55.760063 -5.399142 -23.004108
v 54.691395 -5.295663 -24.500000
v 53.556076 -5.185747 -25.966047
v 52.355534 -5.069491 -27.400455
v 51.091190 -4.947074 -28.801477
v 49.764606 -4.818620 -30.167414
v 48.377384 -4.684304 -31.496593
v 46.931232 -4.544261 -32.787399
v 45.427887 -4.398691 -34.038261
v 43.869198 -4.247769 -35.247650
v 42.257057 -4.091678 -36.414097
v 40.593445 -3.930588 -37.536179
v 38.880363 -3.764723 -38.612530
v 37.119915 -3.594254 -39.641834
v 35.314243 -3.419418 -40.622841
v 33.465553 -3.240408 -41.554356
v 31.576096 -3.057459 -42.435246
v 29.648155 -2.870772 -43.264431
v 27.684097 -2.680602 -44.040909
v 25.686312 -2.487161 -44.763725
v 23.657225 -2.290686 -45.432011
v 21.599323 -2.091424 -46.044937
v 19.515097 -1.889610 -46.601772
v 17.407099 -1.685499 -47.101822
v 15.277899 -1.479329 -47.544491
v 13.130080 -1.271363 -47.929234
v 10.966266 -1.061843 -48.255577
v 8.789085 -0.851031 -48.523136
v 6.601202 -0.639183 -48.731575
v 4.405274 -0.426555 -48.880638
v 2.203979 -0.213407 -48.970150
v 2.182452 -0.354524 48.970150
v 4.362245 -0.708616 48.880638
v 6.536725 -1.061845 48.731575
v 8.703238 -1.413779 48.523136
v 10.859151 -1.763991 48.255577
v 13.001830 -2.112055 47.929234
v 15.128670 -2.457541 47.544491
v 17.237074 -2.800040 47.101822
v 19.324482 -3.139122 46.601772
v 21.388350 -3.474385 46.044937
v 23.426151 -3.805410 45.432011
v 25.435417 -4.131804 44.763725
v 27.413691 -4.453158 44.040909
v 29.358562 -4.769083 43.264431
v 31.267672 -5.079213 42.435246
v 33.138676 -5.383139 41.554356
v 34.969307 -5.680517 40.622841
v 36.757339 -5.970967 39.641834
v 38.500595 -6.254153 38.612530
v 40.196941 -6.529704 37.536179
v 41.844307 -6.797312 36.414097
v 43.440701 -7.056624 35.247650
v 44.984165 -7.307347 34.038261
v 46.472828 -7.549173 32.787399
v 47.904850 -7.781808 31.496593
v 49.278522 -8.004947 30.167414
v 50.592152 -8.218340 28.801477
v 51.844143 -8.421710 27.400455
v 53.032959 -8.614834 25.966047
v 54.157192 -8.797441 24.500000
v 55.215420 -8.969346 23.004108
v 56.206394 -9.130324 21.480188
v 57.128880 -9.280178 19.930098
v 57.981750 -9.418718 18.355722
v 58.763988 -9.545789 16.758987
v 59.474651 -9.661230 15.141833
v 60.112831 -9.764897 13.506232
v 60.677757 -9.856668 11.854174
v 61.168785 -9.936436 10.187674
v 61.585274 -10.004092 8.508761
v 61.926750 -10.059568 6.819483
v 62.192760 -10.102766 5.121895
v 62.383018 -10.133664 3.418067
v 62.497242 -10.152238 1.710075
v 62.535343 -10.158425 0.000000
v 62.497242 -10.152238 -1.710075
v 62.383018 -10.133664 -3.418067
v 62.192760 -10.102766 -5.121895
v 61.926750 -10.059568 -6.819483
v 61.585274 -10.004092 -8.508761
v 61.168785 -9.936436 -10.187674
v 60.677757 -9.856668 -11.854174
v 60.112831 -9.764897 -13.506232
v 59.474651 -9.661230 -15.141833
v 58.763988 -9.545789 -16.758987
v 57.981750 -9.418718 -18.355722
v 57.128880 -9.280178 -19.930098
v 56.206394 -9.130324 -21.480188
v 55.215420 -8.969346 -23.004108
v 54.157192 -8.797441 -24.500000
v 53.032959 -8.614834 -25.966047
v 51.844143 -8.421710 -27.400455
v 50.592152 -8.218340 -28.801477
v 49.278522 -8.004947 -30.167414
v 47.904850 -7.781808 -31.496593
v 46.472828 -7.549173 -32.787399
v 44.984165 -7.307347 -34.038261
v 43.440701 -7.056624 -35.247650
v 41.844307 -6.797312 -36.414097
v 40.196941 -6.529704 -37.536179
v 38.500595 -6.254153 -38.612530
v 36.757339 -5.970967 -39.641834
v 34.969307 -5.680517 -40.622841
v 33.138676 -5.383139 -41.554356
v 31.267672 -5.079213 -42.435246
v 29.358562 -4.769083 -43.264431
v 27.413691 -4.453158 -44.040909
v 25.435417 -4.131804 -44.763725
v 23.426151 -3.805410 -45.432011
v 21.388350 -3.474385 -46.044937
v 19.324482 -3.139122 -46.601772
v 17.237074 -2.800040 -47.101822
v 15.128670 -2.457541 -47.544491
v 13.001830 -2.112055 -47.929234
v 10.859151 -1.763991 -48.255577
v 8.703238 -1.413779 -48.523136
v 6.536725 -1.061845 -48.731575
v 4.362245 -0.708616 -48.880638
v 2.182452 -0.354524 -48.970150
v 2.150291 -0.493913 48.970150
v 4.297964 -0.987224 48.880638
v 6.440400 -1.479333 48.731575
v 8.574988 -1.969638 48.523136
v 10.699133 -2.457545 48.255577
v 12.810237 -2.942458 47.929234
v 14.905736 -3.423782 47.544491
v 16.983072 -3.900940 47.101822
v 19.039719 -4.373341 46.601772
v 21.073174 -4.840419 46.044937
v 23.080946 -5.301594 45.432011
v 25.060606 -5.756316 44.763725
v 27.009727 -6.204020 44.040909
v 28.925940 -6.644160 43.264431
v 30.806915 -7.076221 42.435246
v 32.650349 -7.499645 41.554356
v 34.454006 -7.913942 40.622841
v 36.215687 -8.318590 39.641834
v 37.933254 -8.713115 38.612530
v 39.604607 -9.097008 37.536179
v 41.227695 -9.469830 36.414097
v 42.800564 -9.831101 35.247650
v 44.321285 -10.180402 34.038261
v 45.788013 -10.517306 32.787399
v 47.198929 -10.841402 31.496593
v 48.552361 -11.152273 30.167414
v 49.846630 -11.449566 28.801477
v 51.080177 -11.732898 27.400455
v 52.251469 -12.001950 25.966047
v 53.359138 -12.256360 24.500000
v 54.401775 -12.495852 23.004108
v 55.378147 -12.720122 21.480188
v 56.287033 -12.928893 19.930098
v 57.127338 -13.121905 18.355722
v 57.898048 -13.298936 16.758987
v 58.598244 -13.459765 15.141833
v 59.227016 -13.604191 13.506232
v 59.783619 -13.732045 11.854174
v 60.267406 -13.843172 10.187674
v 60.677761 -13.937429 8.508761
v 61.014210 -14.014714 6.819483
v 61.276299 -14.074903 5.121895
v 61.463749 -14.117951 3.418067
v 61.576290 -14.143821 1.710075
v 61.613831 -14.152441 0.000000
v 61.576290 -14.143821 -1.710075
v 61.463749 -14.117951 -3.418067
v 61.276299 -14.074903 -5.121895
v 61.014210 -14.014714 -6.819483
v 60.677761 -13.937429 -8.508761
v 60.267406 -13.843172 -10.187674
v 59.783619 -13.732045 -11.854174
v 59.227016 -13.604191 -13.506232
v 58.598244 -13.459765 -15.141833
v 57.898048 -13.298936 -16.758987
v 57.127338 -13.121905 -18.355722
v 56.287033 -12.928893 -19.930098
v 55.378147 -12.720122 -21.480188
v 54.401775 -12.495852 -23.004108
v 53.359138 -12.256360 -24.500000
v 52.251469 -12.001950 -25.966047
v 51.080177 -11.732898 -27.400455
v 49.846630 -11.449566 -28.801477
v 48.552361 -11.152273 -30.167414
v 47.198929 -10.841402 -31.496593
v 45.788013 -10.517306 -32.787399
v 44.321285 -10.180402 -34.038261
v 42.800564 -9.831101 -35.247650
v 41.227695 -9.469830 -36.414097
v 39.604607 -9.097008 -37.536179
v 37.933254 -8.713115 -38.612530
v 36.215687 -8.318590 -39.641834
v 34.454006 -7.913942 -40.622841
v 32.650349 -7.499645 -41.554356
v 30.806915 -7.076221 -42.435246
v 28.925940 -6.644160 -43.264431
v 27.009727 -6.204020 -44.040909
v 25.060606 -5.756316 -44.763725
v 23.080946 -5.301594 -45.432011
v 21.073174 -4.840419 -46.044937
v 19.039719 -4.373341 -46.601772
v 16.983072 -3.900940 -47.101822
v 14.905736 -3.423782 -47.544491
v 12.810237 -2.942458 -47.929234
v 10.699133 -2.457545 -48.255577
v 8.574988 -1.969638 -48.523136
v 6.440400 -1.479333 -48.731575
v 4.297964 -0.987224 -48.880638
v 2.150291 -0.493913 -48.970150
v 2.107655 -0.630896 48.970150
v 4.212743 -1.261023 48.880638
v 6.312698 -1.889615 48.731575
v 8.404962 -2.515902 48.523136
v 10.486989 -3.139126 48.255577
v 12.556233 -3.758525 47.929234
v 14.610183 -4.373341 47.544491
v 16.646330 -4.982835 47.101822
v 18.662197 -5.586253 46.601772
v 20.655331 -6.182871 46.044937
v 22.623293 -6.771950 45.432011
v 24.563700 -7.352785 44.763725
v 26.474174 -7.924656 44.040909
v 28.352392 -8.486867 43.264431
v 30.196072 -9.038754 42.435246
v 32.002953 -9.579613 41.554356
v 33.770847 -10.108810 40.622841
v 35.497597 -10.625686 39.641834
v 37.181110 -11.129626 38.612530
v 38.819321 -11.619991 37.536179
v 40.410225 -12.096211 36.414097
v 41.951908 -12.557683 35.247650
v 43.442474 -13.003859 34.038261
v 44.880119 -13.434201 32.787399
v 46.263062 -13.848178 31.496593
v 47.589657 -14.245268 30.167414
v 48.858261 -14.625010 28.801477
v 50.067352 -14.986927 27.400455
v 51.215416 -15.330595 25.966047
v 52.301128 -15.655567 24.500000
v 53.323090 -15.961479 23.004108
v 54.280098 -16.247950 21.480188
v 55.170967 -16.514622 19.930098
v 55.994606 -16.761162 18.355722
v 56.750038 -16.987291 16.758987
v 57.436348 -17.192726 15.141833
v 58.052654 -17.377209 13.506232
v 58.598221 -17.540520 11.854174
v 59.072414 -17.682467 10.187674
v 59.474632 -17.802864 8.508761
v 59.804409 -17.901583 6.819483
v 60.061302 -17.978468 5.121895
v 60.245041 -18.033457 3.418067
v 60.355343 -18.066498 1.710075
v 60.392143 -18.077509 0.000000
v 60.355343 -18.066498 -1.710075
v 60.245041 -18.033457 -3.418067
v 60.061302 -17.978468 -5.121895
v 59.804409 -17.901583 -6.819483
v 59.474632 -17.802864 -8.508761
v 59.072414 -17.682467 -10.187674
v 58.598221 -17.540520 -11.854174
v 58.052654 -17.377209 -13.506232
v 57.436348 -17.192726 -15.141833
v 56.750038 -16.987291 -16.758987
v 55.994606 -16.761162 -18.355722
v 55.170967 -16.514622 -19.930098
v 54.280098 -16.247950 -21.480188
v 53.323090 -15.961479 -23.004108
v 52.301128 -15.655567 -24.500000
v 51.215416 -15.330595 -25.966047
v 50.067352 -14.986927 -27.400455
v 48.858261 -14.625010 -28.801477
v 47.589657 -14.245268 -30.167414
v 46.263062 -13.848178 -31.496593
v 44.880119 -13.434201 -32.787399
v 43.442474 -13.003859 -34.038261
v 41.951908 -12.557683 -35.247650
v 40.410225 -12.096211 -36.414097
v 38.819321 -11.619991 -37.536179
v 37.181110 -11.129626 -38.612530
v 35.497597 -10.625686 -39.641834
v 33.770847 -10.108810 -40.622841
v 32.002953 -9.579613 -41.554356
v 30.196072 -9.038754 -42.435246
v 28.352392 -8.486867 -43.264431
v 26.474174 -7.924656 -44.040909
v 24.563700 -7.352785 -44.763725
v 22.623293 -6.771950 -45.432011
v 20.655331 -6.182871 -46.044937
v 18.662197 -5.586253 -46.601772
v 16.646330 -4.982835 -47.101822
v 14.610183 -4.373341 -47.544491
v 12.556233 -3.758525 -47.929234
v 10.486989 -3.139126 -48.255577
v 8.404962 -2.515902 -48.523136
v 6.312698 -1.889615 -48.731575
v 4.212743 -1.261023 -48.880638
v 2.107655 -0.630896 -48.970150
v 2.054751 -0.764805 48.970150
v 4.106998 -1.528678 48.880638
v 6.154243 -2.290690 48.731575
v 8.193988 -3.049908 48.523136
v 10.223754 -3.805413 48.255577
v 12.241058 -4.556281 47.929234
v 14.243450 -5.301594 47.544491
v 16.228487 -6.040454 47.101822
v 18.193754 -6.771950 46.601772
v 20.136858 -7.495201 46.044937
v 22.055424 -8.209313 45.432011
v 23.947121 -8.913431 44.763725
v 25.809641 -9.606684 44.040909
v 27.640715 -10.288227 43.264431
v 29.438114 -10.957253 42.435246
v 31.199640 -11.612909 41.554356
v 32.923157 -12.254430 40.622841
v 34.606567 -12.881014 39.641834
v 36.247822 -13.491916 38.612530
v 37.844910 -14.086364 37.536179
v 39.395882 -14.663662 36.414097
v 40.898869 -15.223083 35.247650
v 42.352020 -15.763962 34.038261
v 43.753578 -16.285645 32.787399
v 45.101807 -16.787487 31.496593
v 46.395103 -17.268862 30.167414
v 47.631863 -17.729204 28.801477
v 48.810604 -18.167938 27.400455
v 49.929848 -18.584549 25.966047
v 50.988308 -18.978502 24.500000
v 51.984619 -19.349344 23.004108
v 52.917603 -19.696617 21.480188
v 53.786110 -20.019892 19.930098
v 54.589073 -20.318762 18.355722
v 55.325542 -20.592886 16.758987
v 55.994633 -20.841925 15.141833
v 56.595467 -21.065565 13.506232
v 57.127338 -21.263538 11.854174
v 57.589630 -21.435614 10.187674
v 57.981750 -21.581566 8.508761
v 58.303249 -21.701237 6.819483
v 58.553696 -21.794445 5.121895
v 58.732819 -21.861107 3.418067
v 58.840351 -21.901155 1.710075
v 58.876228 -21.914505 0.000000
v 58.840351 -21.901155 -1.710075
v 58.732819 -21.861107 -3.418067
v 58.553696 -21.794445 -5.121895
v 58.303249 -21.701237 -6.819483
v 57.981750 -21.581566 -8.508761
v 57.589630 -21.435614 -10.187674
v 57.127338 -21.263538 -11.854174
v 56.595467 -21.065565 -13.506232
v 55.994633 -20.841925 -15.141833
v 55.325542 -20.592886 -16.758987
v 54.589073 -20.318762 -18.355722
v 53.786110 -20.019892 -19.930098
v 52.917603 -19.696617 -21.480188
v 51.984619 -19.349344 -23.004108
v 50.988308 -18.978502 -24.500000
v 49.929848 -18.584549 -25.966047
v 48.810604 -18.167938 -27.400455
v 47.631863 -17.729204 -28.801477
v 46.395103 -17.268862 -30.167414
v 45.101807 -16.787487 -31.496593
v 43.753578 -16.285645 -32.787399
v 42.352020 -15.763962 -34.038261
v 40.898869 -15.223083 -35.247650
v 39.395882 -14.663662 -36.414097
v 37.844910 -14.086364 -37.536179
v 36.247822 -13.491916 -38.612530
v 34.606567 -12.881014 -39.641834
v 32.923157 -12.254430 -40.622841
v 31.199640 -11.612909 -41.554356
v 29.438114 -10.957253 -42.435246
v 27.640715 -10.288227 -43.264431
v 25.809641 -9.606684 -44.040909
v 23.947121 -8.913431 -44.763725
v 22.055424 -8.209313 -45.432011
v 20.136858 -7.495201 -46.044937
v 18.193754 -6.771950 -46.601772
v 16.228487 -6.040454 -47.101822
v 14.243450 -5.301594 -47.544491
v 12.241058 -4.556281 -47.929234
v 10.223754 -3.805413 -48.255577
v 8.193988 -3.049908 -48.523136
v 6.154243 -2.290690 -48.731575
v 4.106998 -1.528678 -48.880638
v 2.054751 -0.764805 -48.970150
v 1.991835 -0.894988 48.970150
v 3.981244 -1.788886 48.880638
v 5.965804 -2.680605 48.731575
v 7.943094 -3.569056 48.523136
v 9.910708 -4.453161 48.255577
v 11.866244 -5.331840 47.929234
v 13.807325 -6.204019 47.544491
v 15.731581 -7.068645 47.101822
v 17.636671 -7.924654 46.601772
v 19.520279 -8.771014 46.044937
v 21.380102 -9.606683 45.432011
v 23.213875 -10.430653 44.763725
v 25.019367 -11.241909 44.040909
v 26.794374 -12.039464 43.264431
v 28.536737 -12.822368 42.435246
v 30.244328 -13.589630 41.554356
v 31.915075 -14.340347 40.622841
v 33.546936 -15.073587 39.641834
v 35.137936 -15.788475 38.612530
v 36.686123 -16.484110 37.536179
v 38.189606 -17.159674 36.414097
v 39.646568 -17.814320 35.247650
v 41.055233 -18.447268 34.038261
v 42.413872 -19.057749 32.787399
v 43.720821 -19.645010 31.496593
v 44.974514 -20.208323 30.167414
v 46.173405 -20.747025 28.801477
v 47.316055 -21.260441 27.400455
v 48.401028 -21.747963 25.966047
v 49.427074 -22.208975 24.500000
v 50.392883 -22.642942 23.004108
v 51.297302 -23.049326 21.480188
v 52.139214 -23.427626 19.930098
v 52.917591 -23.777370 18.355722
v 53.631512 -24.098154 16.758987
v 54.280113 -24.389587 15.141833
v 54.862553 -24.651295 13.506232
v 55.378136 -24.882965 11.854174
v 55.826275 -25.084328 10.187674
v 56.206387 -25.255125 8.508761
v 56.518044 -25.395164 6.819483
v 56.760818 -25.504240 5.121895
v 56.934460 -25.582251 3.418067
v 57.038696 -25.629112 1.710075
v 57.073475 -25.644735 0.000000
v 57.038696 -25.629112 -1.710075
v 56.934460 -25.582251 -3.418067
v 56.760818 -25.504240 -5.121895
v 56.518044 -25.395164 -6.819483
v 56.206387 -25.255125 -8.508761
v 55.826275 -25.084328 -10.187674
v 55.378136 -24.882965 -11.854174
v 54.862553 -24.651295 -13.506232
v 54.280113 -24.389587 -15.141833
v 53.631512 -24.098154 -16.758987
v 52.917591 -23.777370 -18.355722
v 52.139214 -23.427626 -19.930098
v 51.297302 -23.049326 -21.480188
v 50.392883 -22.642942 -23.004108
v 49.427074 -22.208975 -24.500000
v 48.401028 -21.747963 -25.966047
v 47.316055 -21.260441 -27.400455
v 46.173405 -20.747025 -28.801477
v 44.974514 -20.208323 -30.167414
v 43.720821 -19.645010 -31.496593
v 42.413872 -19.057749 -32.787399
v 41.055233 -18.447268 -34.038261
v 39.646568 -17.814320 -35.247650
v 38.189606 -17.159674 -36.414097
v 36.686123 -16.484110 -37.536179
v 35.137936 -15.788475 -38.612530
v 33.546936 -15.073587 -39.641834
v 31.915075 -14.340347 -40.622841
v 30.244328 -13.589630 -41.554356
v 28.536737 -12.822368 -42.435246
v 26.794374 -12.039464 -43.264431
v 25.019367 -11.241909 -44.040909
v 23.213875 -10.430653 -44.763725
v 21.380102 -9.606683 -45.432011
v 19.520279 -8.771014 -46.044937
v 17.636671 -7.924654 -46.601772
v 15.731581 -7.068645 -47.101822
v 13.807325 -6.204019 -47.544491
v 11.866244 -5.331840 -47.929234
v 9.910708 -4.453161 -48.255577
v 7.943094 -3.569056 -48.523136
v 5.965804 -2.680605 -48.731575
v 3.981244 -1.788886 -48.880638
v 1.991835 -0.894988 -48.970150
v 1.919216 -1.020811 48.970150
v 3.836095 -2.040378 48.880638
v 5.748300 -3.057461 48.731575
v 7.653502 -4.070816 48.523136
v 9.549380 -5.079214 48.255577
v 11.433619 -6.081422 47.929234
v 13.303932 -7.076218 47.544491
v 15.158032 -8.062398 47.101822
v 16.993666 -9.038750 46.601772
v 18.808601 -10.004096 46.044937
v 20.600616 -10.957249 45.432011
v 22.367535 -11.897058 44.763725
v 24.107201 -12.822365 44.040909
v 25.817495 -13.732045 43.264431
v 27.496332 -14.625014 42.435246
v 29.141666 -15.500144 41.554356
v 30.751503 -16.356401 40.622841
v 32.323868 -17.192724 39.641834
v 33.856861 -18.008112 38.612530
v 35.348606 -18.801546 37.536179
v 36.797276 -19.572084 36.414097
v 38.201118 -20.318766 35.247650
v 39.558422 -21.040697 34.038261
v 40.867531 -21.737005 32.787399
v 42.126831 -22.406822 31.496593
v 43.334812 -23.049332 30.167414
v 44.489994 -23.663767 28.801477
v 45.590984 -24.249363 27.400455
v 46.636406 -24.805422 25.966047
v 47.625042 -25.331249 24.500000
v 48.555641 -25.826227 23.004108
v 49.427086 -26.289742 21.480188
v 50.238304 -26.721224 19.930098
v 50.988304 -27.120136 18.355722
v 51.676189 -27.486019 16.758987
v 52.301147 -27.818422 15.141833
v 52.862350 -28.116924 13.506232
v 53.359135 -28.381165 11.854174
v 53.790936 -28.610836 10.187674
v 54.157192 -28.805643 8.508761
v 54.457485 -28.965370 6.819483
v 54.691406 -29.089781 5.121895
v 54.858723 -29.178761 3.418067
v 54.959152 -29.232206 1.710075
v 54.992664 -29.250029 0.000000
v 54.959152 -29.232206 -1.710075
v 54.858723 -29.178761 -3.418067
v 54.691406 -29.089781 -5.121895
v 54.457485 -28.965370 -6.819483
v 54.157192 -28.805643 -8.508761
v 53.790936 -28.610836 -10.187674
v 53.359135 -28.381165 -11.854174
v 52.862350 -28.116924 -13.506232
v 52.301147 -27.818422 -15.141833
v 51.676189 -27.486019 -16.758987
v 50.988304 -27.120136 -18.355722
v 50.238304 -26.721224 -19.930098
v 49.427086 -26.289742 -21.480188
v 48.555641 -25.826227 -23.004108
v 47.625042 -25.331249 -24.500000
v 46.636406 -24.805422 -25.966047
v 45.590984 -24.249363 -27.400455
v 44.489994 -23.663767 -28.801477
v 43.334812 -23.049332 -30.167414
v 42.126831 -22.406822 -31.496593
v 40.867531 -21.737005 -32.787399
v 39.558422 -21.040697 -34.038261
v 38.201118 -20.318766 -35.247650
v 36.797276 -19.572084 -36.414097
v 35.348606 -18.801546 -37.536179
v 33.856861 -18.008112 -38.612530
v 32.323868 -17.192724 -39.641834
v 30.751503 -16.356401 -40.622841
v 29.141666 -15.500144 -41.554356
v 27.496332 -14.625014 -42.435246
v 25.817495 -13.732045 -43.264431
v 24.107201 -12.822365 -44.040909
v 22.367535 -11.897058 -44.763725
v 20.600616 -10.957249 -45.432011
v 18.808601 -10.004096 -46.044937
v 16.993666 -9.038750 -46.601772
v 15.158032 -8.062398 -47.101822
v 13.303932 -7.076218 -47.544491
v 11.433619 -6.081422 -47.929234
v 9.549380 -5.079214 -48.255577
v 7.653502 -4.070816 -48.523136
v 5.748300 -3.057461 -48.731575
v 3.836095 -2.040378 -48.880638
v 1.919216 -1.020811 -48.970150
v 1.837247 -1.141661 48.970150
v 3.672256 -2.281930 48.880638
v 5.502791 -3.419421 48.731575
v 7.326622 -4.552743 48.523136
v 9.141527 -5.680521 48.255577
v 10.945292 -6.801377 47.929234
v 12.735723 -7.913943 47.544491
v 14.510635 -9.016871 47.101822
v 16.267868 -10.108809 46.601772
v 18.005291 -11.188440 46.044937
v 19.720768 -12.254432 45.432011
v 21.412222 -13.305501 44.763725
v 23.077587 -14.340352 44.040909
v 24.714834 -15.357726 43.264431
v 26.321968 -16.356407 42.435246
v 27.897030 -17.335142 41.554356
v 29.438110 -18.292767 40.622841
v 30.943323 -19.228100 39.641834
v 32.410839 -20.140018 38.612530
v 33.838871 -21.027384 37.536179
v 35.225670 -21.889143 36.414097
v 36.569557 -22.724222 35.247650
v 37.868893 -23.531620 34.038261
v 39.122086 -24.310360 32.787399
v 40.327602 -25.059473 31.496593
v 41.483994 -25.778048 30.167414
v 42.589832 -26.465219 28.801477
v 43.643803 -27.120144 27.400455
v 44.644569 -27.742033 25.966047
v 45.590984 -28.330112 24.500000
v 46.481838 -28.883688 23.004108
v 47.316067 -29.402077 21.480188
v 48.092636 -29.884638 19.930098
v 48.810600 -30.330776 18.355722
v 49.469112 -30.739975 16.758987
v 50.067375 -31.111731 15.141833
v 50.604610 -31.445572 13.506232
v 51.080177 -31.741091 11.854174
v 51.493534 -31.997955 10.187674
v 51.844147 -32.215824 8.508761
v 52.131615 -32.394463 6.819483
v 52.355549 -32.533600 5.121895
v 52.515713 -32.633118 3.418067
v 52.611855 -32.692886 1.710075
v 52.643936 -32.712814 0.000000
v 52.611855 -32.692886 -1.710075
v 52.515713 -32.633118 -3.418067
v 52.355549 -32.533600 -5.121895
v 52.131615 -32.394463 -6.819483
v 51.844147 -32.215824 -8.508761
v 51.493534 -31.997955 -10.187674
v 51.080177 -31.741091 -11.854174
v 50.604610 -31.445572 -13.506232
v 50.067375 -31.111731 -15.141833
v 49.469112 -30.739975 -16.758987
v 48.810600 -30.330776 -18.355722
v 48.092636 -29.884638 -19.930098
v 47.316067 -29.402077 -21.480188
v 46.481838 -28.883688 -23.004108
v 45.590984 -28.330112 -24.500000
v 44.644569 -27.742033 -25.966047
v 43.643803 -27.120144 -27.400455
v 42.589832 -26.465219 -28.801477
v 41.483994 -25.778048 -30.167414
v 40.327602 -25.059473 -31.496593
v 39.122086 -24.310360 -32.787399
v 37.868893 -23.531620 -34.038261
v 36.569557 -22.724222 -35.247650
v 35.225670 -21.889143 -36.414097
v 33.838871 -21.027384 -37.536179
v 32.410839 -20.140018 -38.612530
v 30.943323 -19.228100 -39.641834
v 29.438110 -18.292767 -40.622841
v 27.897030 -17.335142 -41.554356
v 26.321968 -16.356407 -42.435246
v 24.714834 -15.357726 -43.264431
v 23.077587 -14.340352 -44.040909
v 21.412222 -13.305501 -44.763725
v 19.720768 -12.254432 -45.432011
v 18.005291 -11.188440 -46.044937
v 16.267868 -10.108809 -46.601772
v 14.510635 -9.016871 -47.101822
v 12.735723 -7.913943 -47.544491
v 10.945292 -6.801377 -47.929234
v 9.141527 -5.680521 -48.255577
v 7.326622 -4.552743 -48.523136
v 5.502791 -3.419421 -48.731575
v 3.672256 -2.281930 -48.880638
v 1.837247 -1.141661 -48.970150
v 1.746327 -1.256948 48.970150
v 3.490526 -2.512365 48.880638
v 5.230474 -3.764722 48.731575
v 6.964047 -5.012490 48.523136
v 8.689137 -6.254153 48.255577
v 10.403639 -7.488195 47.929234
v 12.105469 -8.713111 47.544491
v 13.792543 -9.927416 47.101822
v 15.462815 -11.129622 46.601772
v 17.114258 -12.318274 46.044937
v 18.744843 -13.491913 45.432011
v 20.352591 -14.649120 44.763725
v 21.935541 -15.788473 44.040909
v 23.491766 -16.908585 43.264431
v 25.019367 -18.008116 42.435246
v 26.516481 -19.085684 41.554356
v 27.981300 -20.140013 40.622841
v 29.412024 -21.169800 39.641834
v 30.806915 -22.173801 38.612530
v 32.164280 -23.150780 37.536179
v 33.482449 -24.099560 36.414097
v 34.759830 -25.018967 35.247650
v 35.994865 -25.907900 34.038261
v 37.186039 -26.765278 32.787399
v 38.331902 -27.590036 31.496593
v 39.431061 -28.381174 30.167414
v 40.482182 -29.137741 28.801477
v 41.483990 -29.858801 27.400455
v 42.435230 -30.543486 25.966047
v 43.334812 -31.190952 24.500000
v 44.181583 -31.800430 23.004108
v 44.974525 -32.371170 21.480188
v 45.712662 -32.902458 19.930098
v 46.395100 -33.393650 18.355722
v 47.021023 -33.844170 16.758987
v 47.589680 -34.253464 15.141833
v 48.100327 -34.621017 13.506232
v 48.552361 -34.946381 11.854174
v 48.945259 -35.229183 10.187674
v 49.278526 -35.469051 8.508761
v 49.551765 -35.665726 6.819483
v 49.764614 -35.818920 5.121895
v 49.916851 -35.928490 3.418067
v 50.008244 -35.994286 1.710075
v 50.038734 -36.016232 0.000000
v 50.008244 -35.994286 -1.710075
v 49.916851 -35.928490 -3.418067
v 49.764614 -35.818920 -5.121895
v 49.551765 -35.665726 -6.819483
v 49.278526 -35.469051 -8.508761
v 48.945259 -35.229183 -10.187674
v 48.552361 -34.946381 -11.854174
v 48.100327 -34.621017 -13.506232
v 47.589680 -34.253464 -15.141833
v 47.021023 -33.844170 -16.758987
v 46.395100 -33.393650 -18.355722
v 45.712662 -32.902458 -19.930098
v 44.974525 -32.371170 -21.480188
v 44.181583 -31.800430 -23.004108
v 43.334812 -31.190952 -24.500000
v 42.435230 -30.543486 -25.966047
v 41.483990 -29.858801 -27.400455
v 40.482182 -29.137741 -28.801477
v 39.431061 -28.381174 -30.167414
v 38.331902 -27.590036 -31.496593
v 37.186039 -26.765278 -32.787399
v 35.994865 -25.907900 -34.038261
v 34.759830 -25.018967 -35.247650
v 33.482449 -24.099560 -36.414097
v 32.164280 -23.150780 -37.536179
v 30.806915 -22.173801 -38.612530
v 29.412024 -21.169800 -39.641834
v 27.981300 -20.140013 -40.622841
v 26.516481 -19.085684 -41.554356
v 25.019367 -18.008116 -42.435246
v 23.491766 -16.908585 -43.264431
v 21.935541 -15.788473 -44.040909
v 20.352591 -14.649120 -44.763725
v 18.744843 -13.491913 -45.432011
v 17.114258 -12.318274 -46.044937
v 15.462815 -11.129622 -46.601772
v 13.792543 -9.927416 -47.101822
v 12.105469 -8.713111 -47.544491
v 10.403639 -7.488195 -47.929234
v 8.689137 -6.254153 -48.255577
v 6.964047 -5.012490 -48.523136
v 5.230474 -3.764722 -48.731575
v 3.490526 -2.512365 -48.880638
v 1.746327 -1.256948 -48.970150
v 1.646899 -1.366112 48.970150
v 3.291790 -2.730560 48.880638
v 4.932673 -4.091682 48.731575
v 6.567545 -5.447816 48.523136
v 8.194416 -6.797316 48.255577
v 9.811301 -8.138533 47.929234
v 11.416237 -9.469831 47.544491
v 13.007257 -10.789596 47.101822
v 14.582430 -12.096210 46.601772
v 16.139849 -13.388097 46.044937
v 17.677591 -14.663662 45.432011
v 19.193804 -15.921371 44.763725
v 20.686626 -17.159676 44.040909
v 22.154249 -18.377068 43.264431
v 23.594873 -19.572090 42.435246
v 25.006748 -20.743242 41.554356
v 26.388168 -21.889137 40.622841
v 27.737431 -23.008360 39.641834
v 29.052904 -24.099560 38.612530
v 30.332985 -25.161386 37.536179
v 31.576103 -26.192564 36.414097
v 32.780758 -27.191824 35.247650
v 33.945477 -28.157959 34.038261
v 35.068829 -29.089798 32.787399
v 36.149452 -29.986183 31.496593
v 37.186031 -30.846031 30.167414
v 38.177299 -31.668303 28.801477
v 39.122070 -32.451988 27.400455
v 40.019154 -33.196136 25.966047
v 40.867519 -33.899834 24.500000
v 41.666077 -34.562244 23.004108
v 42.413872 -35.182552 21.480188
v 43.109985 -35.759983 19.930098
v 43.753567 -36.293831 18.355722
v 44.343853 -36.783482 16.758987
v 44.880135 -37.228325 15.141833
v 45.361706 -37.627796 13.506232
v 45.788002 -37.981415 11.854174
v 46.158527 -38.288776 10.187674
v 46.472820 -38.549477 8.508761
v 46.730503 -38.763233 6.819483
v 46.931232 -38.929733 5.121895
v 47.074806 -39.048817 3.418067
v 47.160992 -39.120327 1.710075
v 47.189747 -39.144180 0.000000
v 47.160992 -39.120327 -1.710075
v 47.074806 -39.048817 -3.418067
v 46.931232 -38.929733 -5.121895
v 46.730503 -38.763233 -6.819483
v 46.472820 -38.549477 -8.508761
v 46.158527 -38.288776 -10.187674
v 45.788002 -37.981415 -11.854174
v 45.361706 -37.627796 -13.506232
v 44.880135 -37.228325 -15.141833
v 44.343853 -36.783482 -16.758987
v 43.753567 -36.293831 -18.355722
v 43.109985 -35.759983 -19.930098
v 42.413872 -35.182552 -21.480188
v 41.666077 -34.562244 -23.004108
v 40.867519 -33.899834 -24.500000
v 40.019154 -33.196136 -25.966047
v 39.122070 -32.451988 -27.400455
v 38.177299 -31.668303 -28.801477
v 37.186031 -30.846031 -30.167414
v 36.149452 -29.986183 -31.496593
v 35.068829 -29.089798 -32.787399
v 33.945477 -28.157959 -34.038261
v 32.780758 -27.191824 -35.247650
v 31.576103 -26.192564 -36.414097
v 30.332985 -25.161386 -37.536179
v 29.052904 -24.099560 -38.612530
v 27.737431 -23.008360 -39.641834
v 26.388168 -21.889137 -40.622841
v 25.006748 -20.743242 -41.554356
v 23.594873 -19.572090 -42.435246
v 22.154249 -18.377068 -43.264431
v 20.686626 -17.159676 -44.040909
v 19.193804 -15.921371 -44.763725
v 17.677591 -14.663662 -45.432011
v 16.139849 -13.388097 -46.044937
v 14.582430 -12.096210 -46.601772
v 13.007257 -10.789596 -47.101822
v 11.416237 -9.469831 -47.544491
v 9.811301 -8.138533 -47.929234
v 8.194416 -6.797316 -48.255577
v 6.567545 -5.447816 -48.523136
v 4.932673 -4.091682 -48.731575
v 3.291790 -2.730560 -48.880638
v 1.646899 -1.366112 -48.970150
v 1.539447 -1.468620 48.970150
v 3.077018 -2.935452 48.880638
v 4.610841 -4.398707 48.731575
v 6.139047 -5.856601 48.523136
v 7.659772 -7.307362 48.255577
v 9.171164 -8.749220 47.929234
v 10.671386 -10.180413 47.544491
v 12.158599 -11.599210 47.101822
v 13.631001 -13.003867 46.601772
v 15.086805 -14.392693 46.044937
v 16.524220 -15.763972 45.432011
v 17.941505 -17.116056 44.763725
v 19.336931 -18.447277 44.040909
v 20.708797 -19.756021 43.264431
v 22.055429 -21.040712 42.435246
v 23.375185 -22.299744 41.554356
v 24.666475 -23.531622 40.622841
v 25.927704 -24.734827 39.641834
v 27.157352 -25.907906 38.612530
v 28.353912 -27.049412 37.536179
v 29.515923 -28.157965 36.414097
v 30.641983 -29.232204 35.247650
v 31.730709 -30.270834 34.038261
v 32.780762 -31.272594 32.787399
v 33.790886 -32.236244 31.496593
v 34.759830 -33.160610 30.167414
v 35.686424 -34.044582 28.801477
v 36.569553 -34.887074 27.400455
v 37.408108 -35.687054 25.966047
v 38.201122 -36.443562 24.500000
v 38.947575 -37.155678 23.004108
v 39.646584 -37.822529 21.480188
v 40.297276 -38.443287 19.930098
v 40.898872 -39.017193 18.355722
v 41.450645 -39.543583 16.758987
v 41.951935 -40.021809 15.141833
v 42.402088 -40.451256 13.506232
v 42.800564 -40.831406 11.854174
v 43.146915 -41.161835 10.187674
v 43.440708 -41.442093 8.508761
v 43.681580 -41.671890 6.819483
v 43.869209 -41.850883 5.121895
v 44.003414 -41.978905 3.418067
v 44.083977 -42.055782 1.710075
v 44.110859 -42.081425 0.000000
v 44.083977 -42.055782 -1.710075
v 44.003414 -41.978905 -3.418067
v 43.869209 -41.850883 -5.121895
v 43.681580 -41.671890 -6.819483
v 43.440708 -41.442093 -8.508761
v 43.146915 -41.161835 -10.187674
v 42.800564 -40.831406 -11.854174
v 42.402088 -40.451256 -13.506232
v 41.951935 -40.021809 -15.141833
v 41.450645 -39.543583 -16.758987
v 40.898872 -39.017193 -18.355722
v 40.297276 -38.443287 -19.930098
v 39.646584 -37.822529 -21.480188
v 38.947575 -37.155678 -23.004108
v 38.201122 -36.443562 -24.500000
v 37.408108 -35.687054 -25.966047
v 36.569553 -34.887074 -27.400455
v 35.686424 -34.044582 -28.801477
v 34.759830 -33.160610 -30.167414
v 33.790886 -32.236244 -31.496593
v 32.780762 -31.272594 -32.787399
v 31.730709 -30.270834 -34.038261
v 30.641983 -29.232204 -35.247650
v 29.515923 -28.157965 -36.414097
v 28.353912 -27.049412 -37.536179
v 27.157352 -25.907906 -38.612530
v 25.927704 -24.734827 -39.641834
v 24.666475 -23.531622 -40.622841
v 23.375185 -22.299744 -41.554356
v 22.055429 -21.040712 -42.435246
v 20.708797 -19.756021 -43.264431
v 19.336931 -18.447277 -44.040909
v 17.941505 -17.116056 -44.763725
v 16.524220 -15.763972 -45.432011
v 15.086805 -14.392693 -46.044937
v 13.631001 -13.003867 -46.601772
v 12.158599 -11.599210 -47.101822
v 10.671386 -10.180413 -47.544491
v 9.171164 -8.749220 -47.929234
v 7.659772 -7.307362 -48.255577
v 6.139047 -5.856601 -48.523136
v 4.610841 -4.398707 -48.731575
v 3.077018 -2.935452 -48.880638
v 1.539447 -1.468620 -48.970150
v 1.424495 -1.563973 48.970150
v 2.847255 -3.126042 48.880638
v 4.266546 -4.684303 48.731575
v 5.680639 -6.236854 48.523136
v 7.087811 -7.781808 48.255577
v 8.486344 -9.317282 47.929234
v 9.874545 -10.841399 47.544491
v 11.250706 -12.352313 47.101822
v 12.613163 -13.848171 46.601772
v 13.960260 -15.327168 46.044937
v 15.290341 -16.787483 45.432011
v 16.601799 -18.227354 44.763725
v 17.893026 -19.645008 44.040909
v 19.162455 -21.038723 43.264431
v 20.408531 -22.406824 42.435246
v 21.629742 -23.747602 41.554356
v 22.824608 -25.059464 40.622841
v 23.991659 -26.340790 39.641834
v 25.129490 -27.590031 38.612530
v 26.236700 -28.805653 37.536179
v 27.311943 -29.986179 36.414097
v 28.353922 -31.130171 35.247650
v 29.361351 -32.236233 34.038261
v 30.332998 -33.303036 32.787399
v 31.267694 -34.329254 31.496593
v 32.164288 -35.313637 30.167414
v 33.021687 -36.255001 28.801477
v 33.838871 -37.152191 27.400455
v 34.614811 -38.004112 25.966047
v 35.348614 -38.809738 24.500000
v 36.039330 -39.568089 23.004108
v 36.686142 -40.278240 21.480188
v 37.288242 -40.939301 19.930098
v 37.844917 -41.550465 18.355722
v 38.355488 -42.111038 16.758987
v 38.819347 -42.620312 15.141833
v 39.235886 -43.077641 13.506232
v 39.604610 -43.482471 11.854174
v 39.925102 -43.834351 10.187674
v 40.196953 -44.132812 8.508761
v 40.419838 -44.377525 6.819483
v 40.593460 -44.568142 5.121895
v 40.717648 -44.704479 3.418067
v 40.792191 -44.786343 1.710075
v 40.817062 -44.813648 0.000000
v 40.792191 -44.786343 -1.710075
v 40.717648 -44.704479 -3.418067
v 40.593460 -44.568142 -5.121895
v 40.419838 -44.377525 -6.819483
v 40.196953 -44.132812 -8.508761
v 39.925102 -43.834351 -10.187674
v 39.604610 -43.482471 -11.854174
v 39.235886 -43.077641 -13.506232
v 38.819347 -42.620312 -15.141833
v 38.355488 -42.111038 -16.758987
v 37.844917 -41.550465 -18.355722
v 37.288242 -40.939301 -19.930098
v 36.686142 -40.278240 -21.480188
v 36.039330 -39.568089 -23.004108
v 35.348614 -38.809738 -24.500000
v 34.614811 -38.004112 -25.966047
v 33.838871 -37.152191 -27.400455
v 33.021687 -36.255001 -28.801477
v 32.164288 -35.313637 -30.167414
v 31.267694 -34.329254 -31.496593
v 30.332998 -33.303036 -32.787399
v 29.361351 -32.236233 -34.038261
v 28.353922 -31.130171 -35.247650
v 27.311943 -29.986179 -36.414097
v 26.236700 -28.805653 -37.536179
v 25.129490 -27.590031 -38.612530
v 23.991659 -26.340790 -39.641834
v 22.824608 -25.059464 -40.622841
v 21.629742 -23.747602 -41.554356
v 20.408531 -22.406824 -42.435246
v 19.162455 -21.038723 -43.264431
v 17.893026 -19.645008 -44.040909
v 16.601799 -18.227354 -44.763725
v 15.290341 -16.787483 -45.432011
v 13.960260 -15.327168 -46.044937
v 12.613163 -13.848171 -46.601772
v 11.250706 -12.352313 -47.101822
v 9.874545 -10.841399 -47.544491
v 8.486344 -9.317282 -47.929234
v 7.087811 -7.781808 -48.255577
v 5.680639 -6.236854 -48.523136
v 4.266546 -4.684303 -48.731575
v 2.847255 -3.126042 -48.880638
v 1.424495 -1.563973 -48.970150
v 1.302603 -1.651707 48.970150
v 2.603619 -3.301403 48.880638
v 3.901464 -4.947076 48.731575
v 5.194556 -6.586721 48.523136
v 6.481318 -8.218343 48.255577
v 7.760181 -9.839952 47.929234
v 9.029595 -11.449566 47.544491
v 10.288001 -13.045237 47.101822
v 11.533875 -14.625009 46.601772
v 12.765703 -16.186974 46.044937
v 13.981972 -17.729206 45.432011
v 15.181208 -19.249849 44.763725
v 16.361948 -20.747028 44.040909
v 17.522753 -22.218929 43.264431
v 18.662207 -23.663773 42.435246
v 19.778921 -25.079765 41.554356
v 20.871544 -26.465218 40.622841
v 21.938730 -27.818420 39.641834
v 22.979198 -29.137741 38.612530
v 23.991667 -30.421555 37.536179
v 24.974903 -31.668306 36.414097
v 25.927721 -32.876472 35.247650
v 26.848949 -34.044582 34.038261
v 27.737452 -35.171227 32.787399
v 28.592167 -36.255013 31.496593
v 29.412039 -37.294613 30.167414
v 30.196074 -38.288784 28.801477
v 30.943335 -39.236305 27.400455
v 31.652872 -40.136017 25.966047
v 32.323887 -40.986843 24.500000
v 32.955502 -41.787731 23.004108
v 33.546967 -42.537720 21.480188
v 34.097546 -43.235863 19.930098
v 34.606590 -43.881310 18.355722
v 35.073471 -44.473328 16.758987
v 35.497635 -45.011173 15.141833
v 35.878532 -45.494152 13.506232
v 36.215706 -45.921696 11.854174
v 36.508774 -46.293312 10.187674
v 36.757366 -46.608521 8.508761
v 36.961174 -46.866959 6.819483
v 37.119942 -47.068272 5.121895
v 37.233501 -47.212254 3.418067
v 37.301670 -47.298706 1.710075
v 37.324413 -47.327545 0.000000
v 37.301670 -47.298706 -1.710075
v 37.233501 -47.212254 -3.418067
v 37.119942 -47.068272 -5.121895
v 36.961174 -46.866959 -6.819483
v 36.757366 -46.608521 -8.508761
v 36.508774 -46.293312 -10.187674
v 36.215706 -45.921696 -11.854174
v 35.878532 -45.494152 -13.506232
v 35.497635 -45.011173 -15.141833
v 35.073471 -44.473328 -16.758987
v 34.606590 -43.881310 -18.355722
v 34.097546 -43.235863 -19.930098
v 33.546967 -42.537720 -21.480188
v 32.955502 -41.787731 -23.004108
v 32.323887 -40.986843 -24.500000
v 31.652872 -40.136017 -25.966047
v 30.943335 -39.236305 -27.400455
v 30.196074 -38.288784 -28.801477
v 29.412039 -37.294613 -30.167414
v 28.592167 -36.255013 -31.496593
v 27.737452 -35.171227 -32.787399
v 26.848949 -34.044582 -34.038261
v 25.927721 -32.876472 -35.247650
v 24.974903 -31.668306 -36.414097
v 23.991667 -30.421555 -37.536179
v 22.979198 -29.137741 -38.612530
v 21.938730 -27.818420 -39.641834
v 20.871544 -26.465218 -40.622841
v 19.778921 -25.079765 -41.554356
v 18.662207 -23.663773 -42.435246
v 17.522753 -22.218929 -43.264431
v 16.361948 -20.747028 -44.040909
v 15.181208 -19.249849 -44.763725
v 13.981972 -17.729206 -45.432011
v 12.765703 -16.186974 -46.044937
v 11.533875 -14.625009 -46.601772
v 10.288001 -13.045237 -47.101822
v 9.029595 -11.449566 -47.544491
v 7.760181 -9.839952 -47.929234
v 6.481318 -8.218343 -48.255577
v 5.194556 -6.586721 -48.523136
v 3.901464 -4.947076 -48.731575
v 2.603619 -3.301403 -48.880638
v 1.302603 -1.651707 -48.970150
v 1.174365 -1.731394 48.970150
v 2.347300 -3.460679 48.880638
v 3.517375 -5.185749 48.731575
v 4.683166 -6.904499 48.523136
v 5.843249 -8.614839 48.255577
v 6.996212 -10.314681 47.929234
v 8.140656 -12.001952 47.544491
v 9.275173 -13.674606 47.101822
v 10.398396 -15.330595 46.601772
v 11.508952 -16.967918 46.044937
v 12.605482 -18.584555 45.432011
v 13.686657 -20.178560 44.763725
v 14.751156 -21.747971 44.040909
v 15.797682 -23.290886 43.264431
v 16.824959 -24.805435 42.435246
v 17.831738 -26.289743 41.554356
v 18.816795 -27.742037 40.622841
v 19.778919 -29.160524 39.641834
v 20.716955 -30.543493 38.612530
v 21.629749 -31.889248 37.536179
v 22.516190 -33.196148 36.414097
v 23.375202 -34.462605 35.247650
v 24.205742 -35.687069 34.038261
v 25.006771 -36.868069 32.787399
v 25.777344 -38.004139 31.496593
v 26.516497 -39.093899 30.167414
v 27.223347 -40.136036 28.801477
v 27.897041 -41.129269 27.400455
v 28.536726 -42.072384 25.966047
v 29.141687 -42.964260 24.500000
v 29.711115 -43.803783 23.004108
v 30.244352 -44.589954 21.480188
v 30.740730 -45.321781 19.930098
v 31.199661 -45.998371 18.355722
v 31.620577 -46.618950 16.758987
v 32.002987 -47.182743 15.141833
v 32.346386 -47.689026 13.506232
v 32.650364 -48.137196 11.854174
v 32.914577 -48.526741 10.187674
v 33.138699 -48.857155 8.508761
v 33.322441 -49.128063 6.819483
v 33.465580 -49.339085 5.121895
v 33.567963 -49.490017 3.418067
v 33.629417 -49.580639 1.710075
v 33.649918 -49.610870 0.000000
v 33.629417 -49.580639 -1.710075
v 33.567963 -49.490017 -3.418067
v 33.465580 -49.339085 -5.121895
v 33.322441 -49.128063 -6.819483
v 33.138699 -48.857155 -8.508761
v 32.914577 -48.526741 -10.187674
v 32.650364 -48.137196 -11.854174
v 32.346386 -47.689026 -13.506232
v 32.002987 -47.182743 -15.141833
v 31.620577 -46.618950 -16.758987
v 31.199661 -45.998371 -18.355722
v 30.740730 -45.321781 -19.930098
v 30.244352 -44.589954 -21.480188
v 29.711115 -43.803783 -23.004108
v 29.141687 -42.964260 -24.500000
v 28.536726 -42.072384 -25.966047
v 27.897041 -41.129269 -27.400455
v 27.223347 -40.136036 -28.801477
v 26.516497 -39.093899 -30.167414
v 25.777344 -38.004139 -31.496593
v 25.006771 -36.868069 -32.787399
v 24.205742 -35.687069 -34.038261
v 23.375202 -34.462605 -35.247650
v 22.516190 -33.196148 -36.414097
v 21.629749 -31.889248 -37.536179
v 20.716955 -30.543493 -38.612530
v 19.778919 -29.160524 -39.641834
v 18.816795 -27.742037 -40.622841
v 17.831738 -26.289743 -41.554356
v 16.824959 -24.805435 -42.435246
v 15.797682 -23.290886 -43.264431
v 14.751156 -21.747971 -44.040909
v 13.686657 -20.178560 -44.763725
v 12.605482 -18.584555 -45.432011
v 11.508952 -16.967918 -46.044937
v 10.398396 -15.330595 -46.601772
v 9.275173 -13.674606 -47.101822
v 8.140656 -12.001952 -47.544491
v 6.996212 -10.314681 -47.929234
v 5.843249 -8.614839 -48.255577
v 4.683166 -6.904499 -48.523136
v 3.517375 -5.185749 -48.731575
v 2.347300 -3.460679 -48.880638
v 1.174365 -1.731394 -48.970150
v 1.040406 -1.802646 48.970150
v 2.079544 -3.603096 48.880638
v 3.116150 -5.399157 48.731575
v 4.148959 -7.188638 48.523136
v 5.176713 -8.969364 48.255577
v 6.198156 -10.739159 47.929234
v 7.212056 -12.495867 47.544491
v 8.217158 -14.237354 47.101822
v 9.212255 -15.961492 46.601772
v 10.196132 -17.666193 46.044937
v 11.167581 -19.349363 45.432011
v 12.125426 -21.008963 44.763725
v 13.068498 -22.642960 44.040909
v 13.995648 -24.249371 43.264431
v 14.905744 -25.826248 42.435246
v 15.797678 -27.371639 41.554356
v 16.670372 -28.883699 40.622841
v 17.522747 -30.360561 39.641834
v 18.353783 -31.800442 38.612530
v 19.162455 -33.201576 37.536179
v 19.947779 -34.562260 36.414097
v 20.708803 -35.880833 35.247650
v 21.444605 -37.155689 34.038261
v 22.154261 -38.385288 32.787399
v 22.836931 -39.568115 31.496593
v 23.491770 -40.702721 30.167414
v 24.117990 -41.787743 28.801477
v 24.714836 -42.821854 27.400455
v 25.281551 -43.803776 25.966047
v 25.817507 -44.732361 24.500000
v 26.321980 -45.606434 23.004108
v 26.794392 -46.424957 21.480188
v 27.234148 -47.186897 19.930098
v 27.640730 -47.891335 18.355722
v 28.013634 -48.537445 16.758987
v 28.352419 -49.124443 15.141833
v 28.656647 -49.651562 13.506232
v 28.925951 -50.118176 11.854174
v 29.160023 -50.523750 10.187674
v 29.358578 -50.867760 8.508761
v 29.521364 -51.149818 6.819483
v 29.648176 -51.369526 5.121895
v 29.738878 -51.526669 3.418067
v 29.793322 -51.621017 1.710075
v 29.811487 -51.652496 0.000000
v 29.793322 -51.621017 -1.710075
v 29.738878 -51.526669 -3.418067
v 29.648176 -51.369526 -5.121895
v 29.521364 -51.149818 -6.819483
v 29.358578 -50.867760 -8.508761
v 29.160023 -50.523750 -10.187674
v 28.925951 -50.118176 -11.854174
v 28.656647 -49.651562 -13.506232
v 28.352419 -49.124443 -15.141833
v 28.013634 -48.537445 -16.758987
v 27.640730 -47.891335 -18.355722
v 27.234148 -47.186897 -19.930098
v 26.794392 -46.424957 -21.480188
v 26.321980 -45.606434 -23.004108
v 25.817507 -44.732361 -24.500000
v 25.281551 -43.803776 -25.966047
v 24.714836 -42.821854 -27.400455
v 24.117990 -41.787743 -28.801477
v 23.491770 -40.702721 -30.167414
v 22.836931 -39.568115 -31.496593
v 22.154261 -38.385288 -32.787399
v 21.444605 -37.155689 -34.038261
v 20.708803 -35.880833 -35.247650
v 19.947779 -34.562260 -36.414097
v 19.162455 -33.201576 -37.536179
v 18.353783 -31.800442 -38.612530
v 17.522747 -30.360561 -39.641834
v 16.670372 -28.883699 -40.622841
v 15.797678 -27.371639 -41.554356
v 14.905744 -25.826248 -42.435246
v 13.995648 -24.249371 -43.264431
v 13.068498 -22.642960 -44.040909
v 12.125426 -21.008963 -44.763725
v 11.167581 -19.349363 -45.432011
v 10.196132 -17.666193 -46.044937
v 9.212255 -15.961492 -46.601772
v 8.217158 -14.237354 -47.101822
v 7.212056 -12.495867 -47.544491
v 6.198156 -10.739159 -47.929234
v 5.176713 -8.969364 -48.255577
v 4.148959 -7.188638 -48.523136
v 3.116150 -5.399157 -48.731575
v 2.079544 -3.603096 -48.880638
v 1.040406 -1.802646 -48.970150
v 0.901378 -1.865115 48.970150
v 1.801657 -3.727958 48.880638
v 2.699743 -5.586260 48.731575
v 3.594539 -7.437755 48.523136
v 4.484955 -9.280190 48.255577
v 5.369905 -11.111317 47.929234
v 6.248319 -12.928902 47.544491
v 7.119110 -14.730740 47.101822
v 7.981234 -16.514626 46.601772
v 8.833635 -18.278402 46.044937
v 9.675272 -20.019899 45.432011
v 10.505121 -21.737013 44.763725
v 11.322171 -23.427635 44.040909
v 12.125428 -25.089716 43.264431
v 12.913907 -26.721237 42.435246
v 13.686655 -28.320185 41.554356
v 14.442731 -29.884642 40.622841
v 15.181204 -31.412683 39.641834
v 15.901190 -32.902458 38.612530
v 16.601799 -34.352150 37.536179
v 17.282183 -35.759991 36.414097
v 17.941513 -37.124260 35.247650
v 18.578993 -38.443295 34.038261
v 19.193813 -39.715504 32.787399
v 19.785261 -40.939320 31.496593
v 20.352594 -42.113243 30.167414
v 20.895134 -43.235863 28.801477
v 21.412224 -44.305813 27.400455
v 21.903210 -45.321766 25.966047
v 22.367546 -46.282524 24.500000
v 22.804609 -47.186890 23.004108
v 23.213892 -48.033783 21.480188
v 23.594883 -48.822124 19.930098
v 23.947136 -49.550976 18.355722
v 24.270206 -50.219479 16.758987
v 24.563723 -50.826817 15.141833
v 24.827297 -51.372200 13.506232
v 25.060614 -51.854984 11.854174
v 25.263405 -52.274612 10.187674
v 25.435429 -52.630547 8.508761
v 25.576464 -52.922375 6.819483
v 25.686327 -53.149700 5.121895
v 25.764914 -53.312286 3.418067
v 25.812078 -53.409908 1.710075
v 25.827814 -53.442474 0.000000
v 25.812078 -53.409908 -1.710075
v 25.764914 -53.312286 -3.418067
v 25.686327 -53.149700 -5.121895
v 25.576464 -52.922375 -6.819483
v 25.435429 -52.630547 -8.508761
v 25.263405 -52.274612 -10.187674
v 25.060614 -51.854984 -11.854174
v 24.827297 -51.372200 -13.506232
v 24.563723 -50.826817 -15.141833
v 24.270206 -50.219479 -16.758987
v 23.947136 -49.550976 -18.355722
v 23.594883 -48.822124 -19.930098
v 23.213892 -48.033783 -21.480188
v 22.804609 -47.186890 -23.004108
v 22.367546 -46.282524 -24.500000
v 21.903210 -45.321766 -25.966047
v 21.412224 -44.305813 -27.400455
v 20.895134 -43.235863 -28.801477
v 20.352594 -42.113243 -30.167414
v 19.785261 -40.939320 -31.496593
v 19.193813 -39.715504 -32.787399
v 18.578993 -38.443295 -34.038261
v 17.941513 -37.124260 -35.247650
v 17.282183 -35.759991 -36.414097
v 16.601799 -34.352150 -37.536179
v 15.901190 -32.902458 -38.612530
v 15.181204 -31.412683 -39.641834
v 14.442731 -29.884642 -40.622841
v 13.686655 -28.320185 -41.554356
v 12.913907 -26.721237 -42.435246
v 12.125428 -25.089716 -43.264431
v 11.322171 -23.427635 -44.040909
v 10.505121 -21.737013 -44.763725
v 9.675272 -20.019899 -45.432011
v 8.833635 -18.278402 -46.044937
v 7.981234 -16.514626 -46.601772
v 7.119110 -14.730740 -47.101822
v 6.248319 -12.928902 -47.544491
v 5.369905 -11.111317 -47.929234
v 4.484955 -9.280190 -48.255577
v 3.594539 -7.437755 -48.523136
v 2.699743 -5.586260 -48.731575
v 1.801657 -3.727958 -48.880638
v 0.901378 -1.865115 -48.970150
v 0.757958 -1.918498 48.970150
v 1.514993 -3.834659 48.880638
v 2.270183 -5.746149 48.731575
v 3.022607 -7.650636 48.523136
v 3.771347 -9.545805 48.255577
v 4.515491 -11.429341 47.929234
v 5.254140 -13.298949 47.544491
v 5.986378 -15.152358 47.101822
v 6.711328 -16.987303 46.601772
v 7.428103 -18.801561 46.044937
v 8.135826 -20.592903 45.432011
v 8.833636 -22.359163 44.763725
v 9.520685 -24.098173 44.040909
v 10.196136 -25.807827 43.264431
v 10.859157 -27.486042 42.435246
v 11.508952 -29.130754 41.554356
v 12.144727 -30.739992 40.622841
v 12.765700 -32.311768 39.641834
v 13.371129 -33.844185 38.612530
v 13.960261 -35.335369 37.536179
v 14.532390 -36.783501 36.414097
v 15.086813 -38.186817 35.247650
v 15.622865 -39.543610 34.038261
v 16.139858 -40.852226 32.787399
v 16.637199 -42.111073 31.496593
v 17.114264 -43.318596 30.167414
v 17.570477 -44.473343 28.801477
v 18.005295 -45.573917 27.400455
v 18.418158 -46.618950 25.966047
v 18.808615 -47.607208 24.500000
v 19.176134 -48.537457 23.004108
v 19.520296 -49.408588 21.480188
v 19.840668 -50.219494 19.930098
v 20.136875 -50.969208 18.355722
v 20.408539 -51.656845 16.758987
v 20.655354 -52.281567 15.141833
v 20.876991 -52.842556 13.506232
v 21.073183 -53.339161 11.854174
v 21.243708 -53.770798 10.187674
v 21.388361 -54.136921 8.508761
v 21.506954 -54.437103 6.819483
v 21.599339 -54.670933 5.121895
v 21.665422 -54.838173 3.418067
v 21.705082 -54.938591 1.710075
v 21.718313 -54.972084 0.000000
v 21.705082 -54.938591 -1.710075
v 21.665422 -54.838173 -3.418067
v 21.599339 -54.670933 -5.121895
v 21.506954 -54.437103 -6.819483
v 21.388361 -54.136921 -8.508761
v 21.243708 -53.770798 -10.187674
v 21.073183 -53.339161 -11.854174
v 20.876991 -52.842556 -13.506232
v 20.655354 -52.281567 -15.141833
v 20.408539 -51.656845 -16.758987
v 20.136875 -50.969208 -18.355722
v 19.840668 -50.219494 -19.930098
v 19.520296 -49.408588 -21.480188
v 19.176134 -48.537457 -23.004108
v 18.808615 -47.607208 -24.500000
v 18.418158 -46.618950 -25.966047
v 18.005295 -45.573917 -27.400455
v 17.570477 -44.473343 -28.801477
v 17.114264 -43.318596 -30.167414
v 16.637199 -42.111073 -31.496593
v 16.139858 -40.852226 -32.787399
v 15.622865 -39.543610 -34.038261
v 15.086813 -38.186817 -35.247650
v 14.532390 -36.783501 -36.414097
v 13.960261 -35.335369 -37.536179
v 13.371129 -33.844185 -38.612530
v 12.765700 -32.311768 -39.641834
v 12.144727 -30.739992 -40.622841
v 11.508952 -29.130754 -41.554356
v 10.859157 -27.486042 -42.435246
v 10.196136 -25.807827 -43.264431
v 9.520685 -24.098173 -44.040909
v 8.833636 -22.359163 -44.763725
v 8.135826 -20.592903 -45.432011
v 7.428103 -18.801561 -46.044937
v 6.711328 -16.987303 -46.601772
v 5.986378 -15.152358 -47.101822
v 5.254140 -13.298949 -47.544491
v 4.515491 -11.429341 -47.929234
v 3.771347 -9.545805 -48.255577
v 3.022607 -7.650636 -48.523136
v 2.270183 -5.746149 -48.731575
v 1.514993 -3.834659 -48.880638
v 0.757958 -1.918498 -48.970150
v 0.610846 -1.962534 48.970150
v 1.220948 -3.922677 48.880638
v 1.829563 -5.878042 48.731575
v 2.435949 -7.826243 48.523136
v 3.039366 -9.764913 48.255577
v 3.639078 -11.691683 47.929234
v 4.234365 -13.604206 47.544491
v 4.824481 -15.500156 47.101822
v 5.408725 -17.377220 46.601772
v 5.986382 -19.233120 46.044937
v 6.556742 -21.065580 45.432011
v 7.119114 -22.872383 44.763725
v 7.672815 -24.651308 44.040909
v 8.217166 -26.400202 43.264431
v 8.751502 -28.116940 42.435246
v 9.275178 -29.799406 41.554356
v 9.787555 -31.445578 40.622841
v 10.288003 -33.053432 39.641834
v 10.775926 -34.621025 38.612530
v 11.250711 -36.146435 37.536179
v 11.711796 -37.627804 36.414097
v 12.158611 -39.063332 35.247650
v 12.590623 -40.451267 34.038261
v 13.007270 -41.789925 32.787399
v 13.408084 -43.077660 31.496593
v 13.792553 -44.312904 30.167414
v 14.160218 -45.494156 28.801477
v 14.510643 -46.619995 27.400455
v 14.843372 -47.689011 25.966047
v 15.158051 -48.699955 24.500000
v 15.454237 -49.651554 23.004108
v 15.731600 -50.542679 21.480188
v 15.989788 -51.372204 19.930098
v 16.228508 -52.139122 18.355722
v 16.447445 -52.842545 16.758987
v 16.646355 -53.481602 15.141833
v 16.824974 -54.055473 13.506232
v 16.983086 -54.563477 11.854174
v 17.120512 -55.005016 10.187674
v 17.237091 -55.379543 8.508761
v 17.332664 -55.686619 6.819483
v 17.407122 -55.925816 5.121895
v 17.460379 -56.096897 3.418067
v 17.492338 -56.199615 1.710075
v 17.503004 -56.233879 0.000000
v 17.492338 -56.199615 -1.710075
v 17.460379 -56.096897 -3.418067
v 17.407122 -55.925816 -5.121895
v 17.332664 -55.686619 -6.819483
v 17.237091 -55.379543 -8.508761
v 17.120512 -55.005016 -10.187674
v 16.983086 -54.563477 -11.854174
v 16.824974 -54.055473 -13.506232
v 16.646355 -53.481602 -15.141833
v 16.447445 -52.842545 -16.758987
v 16.228508 -52.139122 -18.355722
v 15.989788 -51.372204 -19.930098
v 15.731600 -50.542679 -21.480188
v 15.454237 -49.651554 -23.004108
v 15.158051 -48.699955 -24.500000
v 14.843372 -47.689011 -25.966047
v 14.510643 -46.619995 -27.400455
v 14.160218 -45.494156 -28.801477
v 13.792553 -44.312904 -30.167414
v 13.408084 -43.077660 -31.496593
v 13.007270 -41.789925 -32.787399
v 12.590623 -40.451267 -34.038261
v 12.158611 -39.063332 -35.247650
v 11.711796 -37.627804 -36.414097
v 11.250711 -36.146435 -37.536179
v 10.775926 -34.621025 -38.612530
v 10.288003 -33.053432 -39.641834
v 9.787555 -31.445578 -40.622841
v 9.275178 -29.799406 -41.554356
v 8.751502 -28.116940 -42.435246
v 8.217166 -26.400202 -43.264431
v 7.672815 -24.651308 -44.040909
v 7.119114 -22.872383 -44.763725
v 6.556742 -21.065580 -45.432011
v 5.986382 -19.233120 -46.044937
v 5.408725 -17.377220 -46.601772
v 4.824481 -15.500156 -47.101822
v 4.234365 -13.604206 -47.544491
v 3.639078 -11.691683 -47.929234
v 3.039366 -9.764913 -48.255577
v 2.435949 -7.826243 -48.523136
v 1.829563 -5.878042 -48.731575
v 1.220948 -3.922677 -48.880638
v 0.610846 -1.962534 -48.970150
v 0.460758 -1.997009 48.970150
v 0.920954 -3.991585 48.880638
v 1.380029 -5.981298 48.731575
v 1.837423 -7.963722 48.523136
v 2.292577 -9.936448 48.255577
v 2.744936 -11.897064 47.929234
v 3.193959 -13.843184 47.544491
v 3.639080 -15.772439 47.101822
v 4.079772 -17.682476 46.601772
v 4.515495 -19.570980 46.044937
v 4.945714 -21.435625 45.432011
v 5.369909 -23.274170 44.763725
v 5.787563 -25.084343 44.040909
v 6.198164 -26.863960 43.264431
v 6.601210 -28.610853 42.435246
v 6.996216 -30.322876 41.554356
v 7.382699 -31.997965 40.622841
v 7.760184 -33.634060 39.641834
v 8.128222 -35.229195 38.612530
v 8.486350 -36.781399 37.536179
v 8.834144 -38.288792 36.414097
v 9.171174 -39.749535 35.247650
v 9.497042 -41.161854 34.038261
v 9.811313 -42.524025 32.787399
v 10.113645 -43.834381 31.496593
v 10.403646 -45.091324 30.167414
v 10.680973 -46.293327 28.801477
v 10.945297 -47.438938 27.400455
v 11.196272 -48.526737 25.966047
v 11.433636 -49.555439 24.500000
v 11.657047 -50.523758 23.004108
v 11.866260 -51.430534 21.480188
v 12.061008 -52.274628 19.930098
v 12.241077 -53.055023 18.355722
v 12.406218 -53.770798 16.758987
v 12.556254 -54.421085 15.141833
v 12.690988 -55.005035 13.506232
v 12.810247 -55.521961 11.854174
v 12.913908 -55.971260 10.187674
v 13.001843 -56.352367 8.508761
v 13.073934 -56.664833 6.819483
v 13.130097 -56.908234 5.121895
v 13.170270 -57.082321 3.418067
v 13.194375 -57.186844 1.710075
v 13.202419 -57.221706 0.000000
v 13.194375 -57.186844 -1.710075
v 13.170270 -57.082321 -3.418067
v 13.130097 -56.908234 -5.121895
v 13.073934 -56.664833 -6.819483
v 13.001843 -56.352367 -8.508761
v 12.913908 -55.971260 -10.187674
v 12.810247 -55.521961 -11.854174
v 12.690988 -55.005035 -13.506232
v 12.556254 -54.421085 -15.141833
v 12.406218 -53.770798 -16.758987
v 12.241077 -53.055023 -18.355722
v 12.061008 -52.274628 -19.930098
v 11.866260 -51.430534 -21.480188
v 11.657047 -50.523758 -23.004108
v 11.433636 -49.555439 -24.500000
v 11.196272 -48.526737 -25.966047
v 10.945297 -47.438938 -27.400455
v 10.680973 -46.293327 -28.801477
v 10.403646 -45.091324 -30.167414
v 10.113645 -43.834381 -31.496593
v 9.811313 -42.524025 -32.787399
v 9.497042 -41.161854 -34.038261
v 9.171174 -39.749535 -35.247650
v 8.834144 -38.288792 -36.414097
v 8.486350 -36.781399 -37.536179
v 8.128222 -35.229195 -38.612530
v 7.760184 -33.634060 -39.641834
v 7.382699 -31.997965 -40.622841
v 6.996216 -30.322876 -41.554356
v 6.601210 -28.610853 -42.435246
v 6.198164 -26.863960 -43.264431
v 5.787563 -25.084343 -44.040909
v 5.369909 -23.274170 -44.763725
v 4.945714 -21.435625 -45.432011
v 4.515495 -19.570980 -46.044937
v 4.079772 -17.682476 -46.601772
v 3.639080 -15.772439 -47.101822
v 3.193959 -13.843184 -47.544491
v 2.744936 -11.897064 -47.929234
v 2.292577 -9.936448 -48.255577
v 1.837423 -7.963722 -48.523136
v 1.380029 -5.981298 -48.731575
v 0.920954 -3.991585 -48.880638
v 0.460758 -1.997009 -48.970150
v 0.308425 -2.021755 48.970150
v 0.616473 -4.041046 48.880638
v 0.923772 -6.055415 48.731575
v 1.229946 -8.062403 48.523136
v 1.534619 -10.059573 48.255577
v 1.837421 -12.044484 47.929234
v 2.137993 -14.014719 47.544491
v 2.435949 -15.967879 47.101822
v 2.730942 -17.901585 46.601772
v 3.022609 -19.813488 46.044937
v 3.310593 -21.701241 45.432011
v 3.594542 -23.562565 44.763725
v 3.874114 -25.395168 44.040909
v 4.148965 -27.196838 43.264431
v 4.418757 -28.965380 42.435246
v 4.683170 -30.698614 41.554356
v 4.941875 -32.394463 40.622841
v 5.194558 -34.050831 39.641834
v 5.440918 -35.665730 38.612530
v 5.680644 -37.237167 37.536179
v 5.913452 -38.763241 36.414097
v 6.139056 -40.242085 35.247650
v 6.357191 -41.671906 34.038261
v 6.567554 -43.050953 32.787399
v 6.769932 -44.377544 31.496593
v 6.964053 -45.650066 30.167414
v 7.149690 -46.866962 28.801477
v 7.326627 -48.026768 27.400455
v 7.494624 -49.128044 25.966047
v 7.653518 -50.169495 24.500000
v 7.803065 -51.149811 23.004108
v 7.943108 -52.067825 21.480188
v 8.073469 -52.922375 19.930098
v 8.194008 -53.712444 18.355722
v 8.304549 -54.437088 16.758987
v 8.404982 -55.095436 15.141833
v 8.495172 -55.686623 13.506232
v 8.574999 -56.209949 11.854174
v 8.644388 -56.664818 10.187674
v 8.703253 -57.050644 8.508761
v 8.751507 -57.366982 6.819483
v 8.789104 -57.613400 5.121895
v 8.815997 -57.789642 3.418067
v 8.832129 -57.895462 1.710075
v 8.837514 -57.930759 0.000000
v 8.832129 -57.895462 -1.710075
v 8.815997 -57.789642 -3.418067
v 8.789104 -57.613400 -5.121895
v 8.751507 -57.366982 -6.819483
v 8.703253 -57.050644 -8.508761
v 8.644388 -56.664818 -10.187674
v 8.574999 -56.209949 -11.854174
v 8.495172 -55.686623 -13.506232
v 8.404982 -55.095436 -15.141833
v 8.304549 -54.437088 -16.758987
v 8.194008 -53.712444 -18.355722
v 8.073469 -52.922375 -19.930098
v 7.943108 -52.067825 -21.480188
v 7.803065 -51.149811 -23.004108
v 7.653518 -50.169495 -24.500000
v 7.494624 -49.128044 -25.966047
v 7.326627 -48.026768 -27.400455
v 7.149690 -46.866962 -28.801477
v 6.964053 -45.650066 -30.167414
v 6.769932 -44.377544 -31.496593
v 6.567554 -43.050953 -32.787399
v 6.357191 -41.671906 -34.038261
v 6.139056 -40.242085 -35.247650
v 5.913452 -38.763241 -36.414097
v 5.680644 -37.237167 -37.536179
v 5.440918 -35.665730 -38.612530
v 5.194558 -34.050831 -39.641834
v 4.941875 -32.394463 -40.622841
v 4.683170 -30.698614 -41.554356
v 4.418757 -28.965380 -42.435246
v 4.148965 -27.196838 -43.264431
v 3.874114 -25.395168 -44.040909
v 3.594542 -23.562565 -44.763725
v 3.310593 -21.701241 -45.432011
v 3.022609 -19.813488 -46.044937
v 2.730942 -17.901585 -46.601772
v 2.435949 -15.967879 -47.101822
v 2.137993 -14.014719 -47.544491
v 1.837421 -12.044484 -47.929234
v 1.534619 -10.059573 -48.255577
v 1.229946 -8.062403 -48.523136
v 0.923772 -6.055415 -48.731575
v 0.616473 -4.041046 -48.880638
v 0.308425 -2.021755 -48.970150
v 0.154589 -2.036650 48.970150
v 0.308990 -4.070818 48.880638
v 0.463015 -6.100030 48.731575
v 0.616476 -8.121804 48.523136
v 0.769185 -10.133691 48.255577
v 0.920954 -12.133224 47.929234
v 1.071610 -14.117976 47.544491
v 1.220950 -16.085527 47.101822
v 1.368807 -18.033478 46.601772
v 1.514998 -19.959469 46.044937
v 1.659342 -21.861128 45.432011
v 1.801662 -23.736166 44.763725
v 1.941792 -25.582275 44.040909
v 2.079553 -27.397219 43.264431
v 2.214777 -29.178787 42.435246
v 2.347307 -30.924793 41.554356
v 2.476975 -32.633133 40.622841
v 2.603625 -34.301708 39.641834
v 2.727107 -35.928505 38.612530
v 2.847261 -37.511520 37.536179
v 2.963951 -39.048836 36.414097
v 3.077029 -40.538578 35.247650
v 3.186369 -41.978931 34.038261
v 3.291800 -43.368145 32.787399
v 3.393237 -44.704506 31.496593
v 3.490531 -45.986401 30.167414
v 3.583575 -47.212265 28.801477
v 3.672263 -48.380615 27.400455
v 3.756462 -49.490005 25.966047
v 3.836113 -50.539131 24.500000
v 3.911067 -51.526669 23.004108
v 3.981258 -52.451450 21.480188
v 4.046597 -53.312294 19.930098
v 4.107019 -54.108185 18.355722
v 4.162423 -54.838165 16.758987
v 4.212761 -55.501362 15.141833
v 4.257967 -56.096905 13.506232
v 4.297975 -56.624088 11.854174
v 4.332752 -57.082306 10.187674
v 4.362259 -57.470978 8.508761
v 4.386443 -57.789646 6.819483
v 4.405290 -58.037876 5.121895
v 4.418773 -58.215424 3.418067
v 4.426853 -58.322018 1.710075
v 4.429553 -58.357574 0.000000
v 4.426853 -58.322018 -1.710075
v 4.418773 -58.215424 -3.418067
v 4.405290 -58.037876 -5.121895
v 4.386443 -57.789646 -6.819483
v 4.362259 -57.470978 -8.508761
v 4.332752 -57.082306 -10.187674
v 4.297975 -56.624088 -11.854174
v 4.257967 -56.096905 -13.506232
v 4.212761 -55.501362 -15.141833
v 4.162423 -54.838165 -16.758987
v 4.107019 -54.108185 -18.355722
v 4.046597 -53.312294 -19.930098
v 3.981258 -52.451450 -21.480188
v 3.911067 -51.526669 -23.004108
v 3.836113 -50.539131 -24.500000
v 3.756462 -49.490005 -25.966047
v 3.672263 -48.380615 -27.400455
v 3.583575 -47.212265 -28.801477
v 3.490531 -45.986401 -30.167414
v 3.393237 -44.704506 -31.496593
v 3.291800 -43.368145 -32.787399
v 3.186369 -41.978931 -34.038261
v 3.077029 -40.538578 -35.247650
v 2.963951 -39.048836 -36.414097
v 2.847261 -37.511520 -37.536179
v 2.727107 -35.928505 -38.612530
v 2.603625 -34.301708 -39.641834
v 2.476975 -32.633133 -40.622841
v 2.347307 -30.924793 -41.554356
v 2.214777 -29.178787 -42.435246
v 2.079553 -27.397219 -43.264431
v 1.941792 -25.582275 -44.040909
v 1.801662 -23.736166 -44.763725
v 1.659342 -21.861128 -45.432011
v 1.514998 -19.959469 -46.044937
v 1.368807 -18.033478 -46.601772
v 1.220950 -16.085527 -47.101822
v 1.071610 -14.117976 -47.544491
v 0.920954 -12.133224 -47.929234
v 0.769185 -10.133691 -48.255577
v 0.616476 -8.121804 -48.523136
v 0.463015 -6.100030 -48.731575
v 0.308990 -4.070818 -48.880638
v 0.154589 -2.036650 -48.970150
v 0.000000 -2.041624 48.970150
v 0.000001 -4.080759 48.880638
v 0.000001 -6.114926 48.731575
v 0.000003 -8.141637 48.523136
v 0.000002 -10.158436 48.255577
v 0.000001 -12.162852 47.929234
v 0.000007 -14.152452 47.544491
v 0.000003 -16.124805 47.101822
v 0.000004 -18.077515 46.601772
v 0.000005 -20.008211 46.044937
v 0.000006 -21.914513 45.432011
v 0.000005 -23.794128 44.763725
v 0.000009 -25.644745 44.040909
v 0.000009 -27.464123 43.264431
v 0.000005 -29.250038 42.435246
v 0.000009 -31.000309 41.554356
v 0.000008 -32.712822 40.622841
v 0.000007 -34.385468 39.641834
v 0.000009 -36.016235 38.612530
v 0.000007 -37.603127 37.536179
v 0.000009 -39.144192 36.414097
v 0.000011 -40.637569 35.247650
v 0.000023 -42.081444 34.038261
v 0.000008 -43.474049 32.787399
v 0.000010 -44.813671 31.496593
v 0.000004 -46.098698 30.167414
v 0.000001 -47.327553 28.801477
v 0.000007 -48.498756 27.400455
v -0.000000 -49.610855 25.966047
v 0.000018 -50.662540 24.500000
v 0.000015 -51.652496 23.004108
v 0.000012 -52.579533 21.480188
v 0.000009 -53.442482 19.930098
v 0.000021 -54.240311 18.355722
v 0.000017 -54.972073 16.758987
v 0.000016 -55.636894 15.141833
v 0.000018 -56.233891 13.506232
v 0.000011 -56.762363 11.854174
v 0.000008 -57.221699 10.187674
v 0.000013 -57.611317 8.508761
v 0.000009 -57.930763 6.819483
v 0.000015 -58.179604 5.121895
v 0.000021 -58.357582 3.418067
v 0.000010 -58.464436 1.710075
v 0.000011 -58.500076 0.000000
v 0.000010 -58.464436 -1.710075
v 0.000021 -58.357582 -3.418067
v 0.000015 -58.179604 -5.121895
v 0.000009 -57.930763 -6.819483
v 0.000013 -57.611317 -8.508761
v 0.000008 -57.221699 -10.187674
v 0.000011 -56.762363 -11.854174
v 0.000018 -56.233891 -13.506232
v 0.000016 -55.636894 -15.141833
v 0.000017 -54.972073 -16.758987
v 0.000021 -54.240311 -18.355722
v 0.000009 -53.442482 -19.930098
v 0.000012 -52.579533 -21.480188
v 0.000015 -51.652496 -23.004108
v 0.000018 -50.662540 -24.500000
v -0.000000 -49.610855 -25.966047
v 0.000007 -48.498756 -27.400455
v 0.000001 -47.327553 -28.801477
v 0.000004 -46.098698 -30.167414
v 0.000010 -44.813671 -31.496593
v 0.000008 -43.474049 -32.787399
v 0.000023 -42.081444 -34.038261
v 0.000011 -40.637569 -35.247650
v 0.000009 -39.144192 -36.414097
v 0.000007 -37.603127 -37.536179
v 0.000009 -36.016235 -38.612530
v 0.000007 -34.385468 -39.641834
v 0.000008 -32.712822 -40.622841
v 0.000009 -31.000309 -41.554356
v 0.000005 -29.250038 -42.435246
v 0.000009 -27.464123 -43.264431
v 0.000009 -25.644745 -44.040909
v 0.000005 -23.794128 -44.763725
v 0.000006 -21.914513 -45.432011
v 0.000005 -20.008211 -46.044937
v 0.000004 -18.077515 -46.601772
v 0.000003 -16.124805 -47.101822
v 0.000007 -14.152452 -47.544491
v 0.000001 -12.162852 -47.929234
v 0.000002 -10.158436 -48.255577
v 0.000003 -8.141637 -48.523136
v 0.000001 -6.114926 -48.731575
v 0.000001 -4.080759 -48.880638
v 0.000000 -2.041624 -48.970150
v -0.154588 -2.036650 48.970150
v -0.308989 -4.070819 48.880638
v -0.463012 -6.100030 48.731575
v -0.616470 -8.121804 48.523136
v -0.769180 -10.133691 48.255577
v -0.920953 -12.133224 47.929234
v -1.071596 -14.117977 47.544491
v -1.220944 -16.085527 47.101822
v -1.368800 -18.033480 46.601772
v -1.514988 -19.959473 46.044937
v -1.659329 -21.861130 45.432011
v -1.801652 -23.736168 44.763725
v -1.941775 -25.582277 44.040909
v -2.079535 -27.397221 43.264431
v -2.214765 -29.178787 42.435246
v -2.347290 -30.924793 41.554356
v -2.476960 -32.633137 40.622841
v -2.603611 -34.301708 39.641834
v -2.727089 -35.928505 38.612530
v -2.847248 -37.511528 37.536179
v -2.963933 -39.048840 36.414097
v -3.077007 -40.538578 35.247650
v -3.186323 -41.978935 34.038261
v -3.291785 -43.368149 32.787399
v -3.393217 -44.704510 31.496593
v -3.490523 -45.986404 30.167414
v -3.583573 -47.212269 28.801477
v -3.672249 -48.380615 27.400455
v -3.756463 -49.490005 25.966047
v -3.836076 -50.539131 24.500000
v -3.911037 -51.526676 23.004108
v -3.981235 -52.451454 21.480188
v -4.046578 -53.312298 19.930098
v -4.106977 -54.108189 18.355722
v -4.162390 -54.838169 16.758987
v -4.212729 -55.501366 15.141833
v -4.257932 -56.096909 13.506232
v -4.297954 -56.624096 11.854174
v -4.332737 -57.082310 10.187674
v -4.362233 -57.470982 8.508761
v -4.386425 -57.789650 6.819483
v -4.405262 -58.037884 5.121895
v -4.418731 -58.215427 3.418067
v -4.426833 -58.322021 1.710075
v -4.429531 -58.357574 0.000000
v -4.426833 -58.322021 -1.710075
v -4.418731 -58.215427 -3.418067
v -4.405262 -58.037884 -5.121895
v -4.386425 -57.789650 -6.819483
v -4.362233 -57.470982 -8.508761
v -4.332737 -57.082310 -10.187674
v -4.297954 -56.624096 -11.854174
v -4.257932 -56.096909 -13.506232
v -4.212729 -55.501366 -15.141833
v -4.162390 -54.838169 -16.758987
v -4.106977 -54.108189 -18.355722
v -4.046578 -53.312298 -19.930098
v -3.981235 -52.451454 -21.480188
v -3.911037 -51.526676 -23.004108
v -3.836076 -50.539131 -24.500000
v -3.756463 -49.490005 -25.966047
v -3.672249 -48.380615 -27.400455
v -3.583573 -47.212269 -28.801477
v -3.490523 -45.986404 -30.167414
v -3.393217 -44.704510 -31.496593
v -3.291785 -43.368149 -32.787399
v -3.186323 -41.978935 -34.038261
v -3.077007 -40.538578 -35.247650
v -2.963933 -39.048840 -36.414097
v -2.847248 -37.511528 -37.536179
v -2.727089 -35.928505 -38.612530
v -2.603611 -34.301708 -39.641834
v -2.476960 -32.633137 -40.622841
v -2.347290 -30.924793 -41.554356
v -2.214765 -29.178787 -42.435246
v -2.079535 -27.397221 -43.264431
v -1.941775 -25.582277 -44.040909
v -1.801652 -23.736168 -44.763725
v -1.659329 -21.861130 -45.432011
v -1.514988 -19.959473 -46.044937
v -1.368800 -18.033480 -46.601772
v -1.220944 -16.085527 -47.101822
v -1.071596 -14.117977 -47.544491
v -0.920953 -12.133224 -47.929234
v -0.769180 -10.133691 -48.255577
v -0.616470 -8.121804 -48.523136
v -0.463012 -6.100030 -48.731575
v -0.308989 -4.070819 -48.880638
v -0.154588 -2.036650 -48.970150
v -0.308424 -2.021755 48.970150
v -0.616473 -4.041046 48.880638
v -0.923770 -6.055416 48.731575
v -1.229939 -8.062403 48.523136
v -1.534615 -10.059574 48.255577
v -1.837420 -12.044485 47.929234
v -2.137979 -14.014723 47.544491
v -2.435943 -15.967879 47.101822
v -2.730935 -17.901587 46.601772
v -3.022600 -19.813496 46.044937
v -3.310580 -21.701244 45.432011
v -3.594532 -23.562567 44.763725
v -3.874098 -25.395174 44.040909
v -4.148947 -27.196844 43.264431
v -4.418746 -28.965380 42.435246
v -4.683154 -30.698618 41.554356
v -4.941861 -32.394466 40.622841
v -5.194545 -34.050835 39.641834
v -5.440900 -35.665730 38.612530
v -5.680631 -37.237183 37.536179
v -5.913435 -38.763245 36.414097
v -6.139035 -40.242092 35.247650
v -6.357146 -41.671913 34.038261
v -6.567540 -43.050964 32.787399
v -6.769913 -44.377552 31.496593
v -6.964045 -45.650074 30.167414
v -7.149689 -46.866970 28.801477
v -7.326615 -48.026772 27.400455
v -7.494625 -49.128048 25.966047
v -7.653482 -50.169498 24.500000
v -7.803036 -51.149826 23.004108
v -7.943086 -52.067837 21.480188
v -8.073452 -52.922386 19.930098
v -8.193967 -53.712452 18.355722
v -8.304518 -54.437092 16.758987
v -8.404951 -55.095444 15.141833
v -8.495136 -55.686626 13.506232
v -8.574979 -56.209961 11.854174
v -8.644374 -56.664825 10.187674
v -8.703227 -57.050655 8.508761
v -8.751490 -57.366989 6.819483
v -8.789076 -57.613411 5.121895
v -8.815956 -57.789654 3.418067
v -8.832109 -57.895462 1.710075
v -8.837493 -57.930759 0.000000
v -8.832109 -57.895462 -1.710075
v -8.815956 -57.789654 -3.418067
v -8.789076 -57.613411 -5.121895
v -8.751490 -57.366989 -6.819483
v -8.703227 -57.050655 -8.508761
v -8.644374 -56.664825 -10.187674
v -8.574979 -56.209961 -11.854174
v -8.495136 -55.686626 -13.506232
v -8.404951 -55.095444 -15.141833
v -8.304518 -54.437092 -16.758987
v -8.193967 -53.712452 -18.355722
v -8.073452 -52.922386 -19.930098
v -7.943086 -52.067837 -21.480188
v -7.803036 -51.149826 -23.004108
v -7.653482 -50.169498 -24.500000
v -7.494625 -49.128048 -25.966047
v -7.326615 -48.026772 -27.400455
v -7.149689 -46.866970 -28.801477
v -6.964045 -45.650074 -30.167414
v -6.769913 -44.377552 -31.496593
v -6.567540 -43.050964 -32.787399
v -6.357146 -41.671913 -34.038261
v -6.139035 -40.242092 -35.247650
v -5.913435 -38.763245 -36.414097
v -5.680631 -37.237183 -37.536179
v -5.440900 -35.665730 -38.612530
v -5.194545 -34.050835 -39.641834
v -4.941861 -32.394466 -40.622841
v -4.683154 -30.698618 -41.554356
v -4.418746 -28.965380 -42.435246
v -4.148947 -27.196844 -43.264431
v -3.874098 -25.395174 -44.040909
v -3.594532 -23.562567 -44.763725
v -3.310580 -21.701244 -45.432011
v -3.022600 -19.813496 -46.044937
v -2.730935 -17.901587 -46.601772
v -2.435943 -15.967879 -47.101822
v -2.137979 -14.014723 -47.544491
v -1.837420 -12.044485 -47.929234
v -1.534615 -10.059574 -48.255577
v -1.229939 -8.062403 -48.523136
v -0.923770 -6.055416 -48.731575
v -0.616473 -4.041046 -48.880638
v -0.308424 -2.021755 -48.970150
v -0.460757 -1.997009 48.970150
v -0.920953 -3.991585 48.880638
v -1.380027 -5.981301 48.731575
v -1.837417 -7.963723 48.523136
v -2.292573 -9.936450 48.255577
v -2.744936 -11.897066 47.929234
v -3.193946 -13.843188 47.544491
v -3.639074 -15.772441 47.101822
v -4.079765 -17.682482 46.601772
v -4.515487 -19.570988 46.044937
v -4.945703 -21.435631 45.432011
v -5.369900 -23.274172 44.763725
v -5.787547 -25.084349 44.040909
v -6.198146 -26.863968 43.264431
v -6.601200 -28.610859 42.435246
v -6.996202 -30.322880 41.554356
v -7.382686 -31.997972 40.622841
v -7.760172 -33.634064 39.641834
v -8.128203 -35.229198 38.612530
v -8.486340 -36.781418 37.536179
v -8.834127 -38.288803 36.414097
v -9.171154 -39.749546 35.247650
v -9.496999 -41.161869 34.038261
v -9.811299 -42.524044 32.787399
v -10.113626 -43.834393 31.496593
v -10.403639 -45.091335 30.167414
v -10.680973 -46.293343 28.801477
v -10.945286 -47.438950 27.400455
v -11.196274 -48.526741 25.966047
v -11.433600 -49.555450 24.500000
v -11.657020 -50.523773 23.004108
v -11.866238 -51.430550 21.480188
v -12.060991 -52.274639 19.930098
v -12.241037 -53.055038 18.355722
v -12.406187 -53.770809 16.758987
v -12.556226 -54.421101 15.141833
v -12.690953 -55.005051 13.506232
v -12.810228 -55.521976 11.854174
v -12.913895 -55.971272 10.187674
v -13.001820 -56.352383 8.508761
v -13.073917 -56.664845 6.819483
v -13.130072 -56.908245 5.121895
v -13.170231 -57.082336 3.418067
v -13.194356 -57.186848 1.710075
v -13.202399 -57.221718 0.000000
v -13.194356 -57.186848 -1.710075
v -13.170231 -57.082336 -3.418067
v -13.130072 -56.908245 -5.121895
v -13.073917 -56.664845 -6.819483
v -13.001820 -56.352383 -8.508761
v -12.913895 -55.971272 -10.187674
v -12.810228 -55.521976 -11.854174
v -12.690953 -55.005051 -13.506232
v -12.556226 -54.421101 -15.141833
v -12.406187 -53.770809 -16.758987
v -12.241037 -53.055038 -18.355722
v -12.060991 -52.274639 -19.930098
v -11.866238 -51.430550 -21.480188
v -11.657020 -50.523773 -23.004108
v -11.433600 -49.555450 -24.500000
v -11.196274 -48.526741 -25.966047
v -10.945286 -47.438950 -27.400455
v -10.680973 -46.293343 -28.801477
v -10.403639 -45.091335 -30.167414
v -10.113626 -43.834393 -31.496593
v -9.811299 -42.524044 -32.787399
v -9.496999 -41.161869 -34.038261
v -9.171154 -39.749546 -35.247650
v -8.834127 -38.288803 -36.414097
v -8.486340 -36.781418 -37.536179
v -8.128203 -35.229198 -38.612530
v -7.760172 -33.634064 -39.641834
v -7.382686 -31.997972 -40.622841
v -6.996202 -30.322880 -41.554356
v -6.601200 -28.610859 -42.435246
v -6.198146 -26.863968 -43.264431
v -5.787547 -25.084349 -44.040909
v -5.369900 -23.274172 -44.763725
v -4.945703 -21.435631 -45.432011
v -4.515487 -19.570988 -46.044937
v -4.079765 -17.682482 -46.601772
v -3.639074 -15.772441 -47.101822
v -3.193946 -13.843188 -47.544491
v -2.744936 -11.897066 -47.929234
v -2.292573 -9.936450 -48.255577
v -1.837417 -7.963723 -48.523136
v -1.380027 -5.981301 -48.731575
v -0.920953 -3.991585 -48.880638
v -0.460757 -1.997009 -48.970150
v -0.610845 -1.962535 48.970150
v -1.220947 -3.922678 48.880638
v -1.829561 -5.878045 48.731575
v -2.435943 -7.826244 48.523136
v -3.039362 -9.764916 48.255577
v -3.639078 -11.691686 47.929234
v -4.234352 -13.604212 47.544491
v -4.824476 -15.500159 47.101822
v -5.408719 -17.377226 46.601772
v -5.986374 -19.233131 46.044937
v -6.556731 -21.065584 45.432011
v -7.119106 -22.872387 44.763725
v -7.672801 -24.651316 44.040909
v -8.217149 -26.400215 43.264431
v -8.751493 -28.116947 42.435246
v -9.275164 -29.799410 41.554356
v -9.787542 -31.445585 40.622841
v -10.287992 -33.053432 39.641834
v -10.775908 -34.621029 38.612530
v -11.250703 -36.146458 37.536179
v -11.711782 -37.627819 36.414097
v -12.158593 -39.063347 35.247650
v -12.590582 -40.451286 34.038261
v -13.007259 -41.789948 32.787399
v -13.408068 -43.077675 31.496593
v -13.792547 -44.312920 30.167414
v -14.160219 -45.494175 28.801477
v -14.510633 -46.620007 27.400455
v -14.843376 -47.689018 25.966047
v -15.158017 -48.699970 24.500000
v -15.454211 -49.651573 23.004108
v -15.731580 -50.542702 21.480188
v -15.989773 -51.372215 19.930098
v -16.228470 -52.139145 18.355722
v -16.447416 -52.842556 16.758987
v -16.646328 -53.481625 15.141833
v -16.824942 -54.055492 13.506232
v -16.983068 -54.563496 11.854174
v -17.120502 -55.005035 10.187674
v -17.237070 -55.379566 8.508761
v -17.332649 -55.686634 6.819483
v -17.407097 -55.925835 5.121895
v -17.460340 -56.096916 3.418067
v -17.492321 -56.199623 1.710075
v -17.502985 -56.233894 0.000000
v -17.492321 -56.199623 -1.710075
v -17.460340 -56.096916 -3.418067
v -17.407097 -55.925835 -5.121895
v -17.332649 -55.686634 -6.819483
v -17.237070 -55.379566 -8.508761
v -17.120502 -55.005035 -10.187674
v -16.983068 -54.563496 -11.854174
v -16.824942 -54.055492 -13.506232
v -16.646328 -53.481625 -15.141833
v -16.447416 -52.842556 -16.758987
v -16.228470 -52.139145 -18.355722
v -15.989773 -51.372215 -19.930098
v -15.731580 -50.542702 -21.480188
v -15.454211 -49.651573 -23.004108
v -15.158017 -48.699970 -24.500000
v -14.843376 -47.689018 -25.966047
v -14.510633 -46.620007 -27.400455
v -14.160219 -45.494175 -28.801477
v -13.792547 -44.312920 -30.167414
v -13.408068 -43.077675 -31.496593
v -13.007259 -41.789948 -32.787399
v -12.590582 -40.451286 -34.038261
v -12.158593 -39.063347 -35.247650
v -11.711782 -37.627819 -36.414097
v -11.250703 -36.146458 -37.536179
v -10.775908 -34.621029 -38.612530
v -10.287992 -33.053432 -39.641834
v -9.787542 -31.445585 -40.622841
v -9.275164 -29.799410 -41.554356
v -8.751493 -28.116947 -42.435246
v -8.217149 -26.400215 -43.264431
v -7.672801 -24.651316 -44.040909
v -7.119106 -22.872387 -44.763725
v -6.556731 -21.065584 -45.432011
v -5.986374 -19.233131 -46.044937
v -5.408719 -17.377226 -46.601772
v -4.824476 -15.500159 -47.101822
v -4.234352 -13.604212 -47.544491
v -3.639078 -11.691686 -47.929234
v -3.039362 -9.764916 -48.255577
v -2.435943 -7.826244 -48.523136
v -1.829561 -5.878045 -48.731575
v -1.220947 -3.922678 -48.880638
v -0.610845 -1.962535 -48.970150
v -0.757958 -1.918499 48.970150
v -1.514992 -3.834660 48.880638
v -2.270181 -5.746152 48.731575
v -3.022601 -7.650637 48.523136
v -3.771344 -9.545808 48.255577
v -4.515491 -11.429345 47.929234
v -5.254128 -13.298958 47.544491
v -5.986374 -15.152363 47.101822
v -6.711322 -16.987312 46.601772
v -7.428097 -18.801575 46.044937
v -8.135815 -20.592911 45.432011
v -8.833629 -22.359171 44.763725
v -9.520673 -24.098183 44.040909
v -10.196119 -25.807840 43.264431
v -10.859149 -27.486052 42.435246
v -11.508938 -29.130762 41.554356
v -12.144715 -30.740000 40.622841
v -12.765690 -32.311771 39.641834
v -13.371114 -33.844196 38.612530
v -13.960255 -35.335392 37.536179
v -14.532376 -36.783516 36.414097
v -15.086796 -38.186832 35.247650
v -15.622825 -39.543633 34.038261
v -16.139851 -40.852257 32.787399
v -16.637188 -42.111084 31.496593
v -17.114260 -43.318615 30.167414
v -17.570480 -44.473366 28.801477
v -18.005287 -45.573933 27.400455
v -18.418161 -46.618958 25.966047
v -18.808584 -47.607227 24.500000
v -19.176111 -48.537476 23.004108
v -19.520279 -49.408611 21.480188
v -19.840654 -50.219513 19.930098
v -20.136839 -50.969234 18.355722
v -20.408514 -51.656860 16.758987
v -20.655331 -52.281590 15.141833
v -20.876963 -52.842587 13.506232
v -21.073168 -53.339188 11.854174
v -21.243702 -53.770817 10.187674
v -21.388344 -54.136948 8.508761
v -21.506943 -54.437122 6.819483
v -21.599319 -54.670956 5.121895
v -21.665386 -54.838203 3.418067
v -21.705067 -54.938602 1.710075
v -21.718298 -54.972103 0.000000
v -21.705067 -54.938602 -1.710075
v -21.665386 -54.838203 -3.418067
v -21.599319 -54.670956 -5.121895
v -21.506943 -54.437122 -6.819483
v -21.388344 -54.136948 -8.508761
v -21.243702 -53.770817 -10.187674
v -21.073168 -53.339188 -11.854174
v -20.876963 -52.842587 -13.506232
v -20.655331 -52.281590 -15.141833
v -20.408514 -51.656860 -16.758987
v -20.136839 -50.969234 -18.355722
v -19.840654 -50.219513 -19.930098
v -19.520279 -49.408611 -21.480188
v -19.176111 -48.537476 -23.004108
v -18.808584 -47.607227 -24.500000
v -18.418161 -46.618958 -25.966047
v -18.005287 -45.573933 -27.400455
v -17.570480 -44.473366 -28.801477
v -17.114260 -43.318615 -30.167414
v -16.637188 -42.111084 -31.496593
v -16.139851 -40.852257 -32.787399
v -15.622825 -39.543633 -34.038261
v -15.086796 -38.186832 -35.247650
v -14.532376 -36.783516 -36.414097
v -13.960255 -35.335392 -37.536179
v -13.371114 -33.844196 -38.612530
v -12.765690 -32.311771 -39.641834
v -12.144715 -30.740000 -40.622841
v -11.508938 -29.130762 -41.554356
v -10.859149 -27.486052 -42.435246
v -10.196119 -25.807840 -43.264431
v -9.520673 -24.098183 -44.040909
v -8.833629 -22.359171 -44.763725
v -8.135815 -20.592911 -45.432011
v -7.428097 -18.801575 -46.044937
v -6.711322 -16.987312 -46.601772
v -5.986374 -15.152363 -47.101822
v -5.254128 -13.298958 -47.544491
v -4.515491 -11.429345 -47.929234
v -3.771344 -9.545808 -48.255577
v -3.022601 -7.650637 -48.523136
v -2.270181 -5.746152 -48.731575
v -1.514992 -3.834660 -48.880638
v -0.757958 -1.918499 -48.970150
v -0.901377 -1.865117 48.970150
v -1.801657 -3.727960 48.880638
v -2.699741 -5.586264 48.731575
v -3.594533 -7.437756 48.523136
v -4.484952 -9.280194 48.255577
v -5.369905 -11.111321 47.929234
v -6.248308 -12.928911 47.544491
v -7.119107 -14.730746 47.101822
v -7.981228 -16.514637 46.601772
v -8.833632 -18.278419 46.044937
v -9.675261 -20.019909 45.432011
v -10.505115 -21.737022 44.763725
v -11.322161 -23.427647 44.040909
v -12.125414 -25.089731 43.264431
v -12.913901 -26.721247 42.435246
v -13.686643 -28.320192 41.554356
v -14.442720 -29.884653 40.622841
v -15.181194 -31.412691 39.641834
v -15.901176 -32.902477 38.612530
v -16.601795 -34.352180 37.536179
v -17.282171 -35.760006 36.414097
v -17.941498 -37.124275 35.247650
v -18.578955 -38.443325 34.038261
v -19.193808 -39.715534 32.787399
v -19.785252 -40.939335 31.496593
v -20.352594 -42.113266 30.167414
v -20.895140 -43.235886 28.801477
v -21.412220 -44.305832 27.400455
v -21.903215 -45.321777 25.966047
v -22.367519 -46.282551 24.500000
v -22.804588 -47.186913 23.004108
v -23.213879 -48.033806 21.480188
v -23.594872 -48.822147 19.930098
v -23.947104 -49.551006 18.355722
v -24.270185 -50.219498 16.758987
v -24.563704 -50.826847 15.141833
v -24.827272 -51.372231 13.506232
v -25.060602 -51.855011 11.854174
v -25.263403 -52.274635 10.187674
v -25.435413 -52.630577 8.508761
v -25.576454 -52.922398 6.819483
v -25.686310 -53.149727 5.121895
v -25.764881 -53.312321 3.418067
v -25.812067 -53.409927 1.710075
v -25.827803 -53.442493 0.000000
v -25.812067 -53.409927 -1.710075
v -25.764881 -53.312321 -3.418067
v -25.686310 -53.149727 -5.121895
v -25.576454 -52.922398 -6.819483
v -25.435413 -52.630577 -8.508761
v -25.263403 -52.274635 -10.187674
v -25.060602 -51.855011 -11.854174
v -24.827272 -51.372231 -13.506232
v -24.563704 -50.826847 -15.141833
v -24.270185 -50.219498 -16.758987
v -23.947104 -49.551006 -18.355722
v -23.594872 -48.822147 -19.930098
v -23.213879 -48.033806 -21.480188
v -22.804588 -47.186913 -23.004108
v -22.367519 -46.282551 -24.500000
v -21.903215 -45.321777 -25.966047
v -21.412220 -44.305832 -27.400455
v -20.895140 -43.235886 -28.801477
v -20.352594 -42.113266 -30.167414
v -19.785252 -40.939335 -31.496593
v -19.193808 -39.715534 -32.787399
v -18.578955 -38.443325 -34.038261
v -17.941498 -37.124275 -35.247650
v -17.282171 -35.760006 -36.414097
v -16.601795 -34.352180 -37.536179
v -15.901176 -32.902477 -38.612530
v -15.181194 -31.412691 -39.641834
v -14.442720 -29.884653 -40.622841
v -13.686643 -28.320192 -41.554356
v -12.913901 -26.721247 -42.435246
v -12.125414 -25.089731 -43.264431
v -11.322161 -23.427647 -44.040909
v -10.505115 -21.737022 -44.763725
v -9.675261 -20.019909 -45.432011
v -8.833632 -18.278419 -46.044937
v -7.981228 -16.514637 -46.601772
v -7.119107 -14.730746 -47.101822
v -6.248308 -12.928911 -47.544491
v -5.369905 -11.111321 -47.929234
v -4.484952 -9.280194 -48.255577
v -3.594533 -7.437756 -48.523136
v -2.699741 -5.586264 -48.731575
v -1.801657 -3.727960 -48.880638
v -0.901377 -1.865117 -48.970150
v -1.040406 -1.802647 48.970150
v -2.079544 -3.603097 48.880638
v -3.116149 -5.399161 48.731575
v -4.148953 -7.188640 48.523136
v -5.176710 -8.969367 48.255577
v -6.198158 -10.739164 47.929234
v -7.212045 -12.495878 47.544491
v -8.217156 -14.237362 47.101822
v -9.212251 -15.961504 46.601772
v -10.196130 -17.666210 46.044937
v -11.167571 -19.349373 45.432011
v -12.125422 -21.008974 44.763725
v -13.068488 -22.642973 44.040909
v -13.995636 -24.249390 43.264431
v -14.905739 -25.826260 42.435246
v -15.797668 -27.371651 41.554356
v -16.670362 -28.883713 40.622841
v -17.522739 -30.360569 39.641834
v -18.353771 -31.800459 38.612530
v -19.162451 -33.201607 37.536179
v -19.947771 -34.562279 36.414097
v -20.708790 -35.880856 35.247650
v -21.444572 -37.155727 34.038261
v -22.154257 -38.385326 32.787399
v -22.836924 -39.568134 31.496593
v -23.491774 -40.702744 30.167414
v -24.117998 -41.787762 28.801477
v -24.714836 -42.821873 27.400455
v -25.281561 -43.803791 25.966047
v -25.817482 -44.732388 24.500000
v -26.321962 -45.606457 23.004108
v -26.794384 -46.424988 21.480188
v -27.234140 -47.186920 19.930098
v -27.640701 -47.891369 18.355722
v -28.013613 -48.537476 16.758987
v -28.352404 -49.124474 15.141833
v -28.656626 -49.651596 13.506232
v -28.925941 -50.118206 11.854174
v -29.160023 -50.523777 10.187674
v -29.358566 -50.867794 8.508761
v -29.521358 -51.149841 6.819483
v -29.648161 -51.369556 5.121895
v -29.738853 -51.526703 3.418067
v -29.793314 -51.621044 1.710075
v -29.811478 -51.652519 0.000000
v -29.793314 -51.621044 -1.710075
v -29.738853 -51.526703 -3.418067
v -29.648161 -51.369556 -5.121895
v -29.521358 -51.149841 -6.819483
v -29.358566 -50.867794 -8.508761
v -29.160023 -50.523777 -10.187674
v -28.925941 -50.118206 -11.854174
v -28.656626 -49.651596 -13.506232
v -28.352404 -49.124474 -15.141833
v -28.013613 -48.537476 -16.758987
v -27.640701 -47.891369 -18.355722
v -27.234140 -47.186920 -19.930098
v -26.794384 -46.424988 -21.480188
v -26.321962 -45.606457 -23.004108
v -25.817482 -44.732388 -24.500000
v -25.281561 -43.803791 -25.966047
v -24.714836 -42.821873 -27.400455
v -24.117998 -41.787762 -28.801477
v -23.491774 -40.702744 -30.167414
v -22.836924 -39.568134 -31.496593
v -22.154257 -38.385326 -32.787399
v -21.444572 -37.155727 -34.038261
v -20.708790 -35.880856 -35.247650
v -19.947771 -34.562279 -36.414097
v -19.162451 -33.201607 -37.536179
v -18.353771 -31.800459 -38.612530
v -17.522739 -30.360569 -39.641834
v -16.670362 -28.883713 -40.622841
v -15.797668 -27.371651 -41.554356
v -14.905739 -25.826260 -42.435246
v -13.995636 -24.249390 -43.264431
v -13.068488 -22.642973 -44.040909
v -12.125422 -21.008974 -44.763725
v -11.167571 -19.349373 -45.432011
v -10.196130 -17.666210 -46.044937
v -9.212251 -15.961504 -46.601772
v -8.217156 -14.237362 -47.101822
v -7.212045 -12.495878 -47.544491
v -6.198158 -10.739164 -47.929234
v -5.176710 -8.969367 -48.255577
v -4.148953 -7.188640 -48.523136
v -3.116149 -5.399161 -48.731575
v -2.079544 -3.603097 -48.880638
v -1.040406 -1.802647 -48.970150
v -1.174365 -1.731396 48.970150
v -2.347300 -3.460681 48.880638
v -3.517375 -5.185753 48.731575
v -4.683160 -6.904501 48.523136
v -5.843247 -8.614843 48.255577
v -6.996213 -10.314688 47.929234
v -8.140648 -12.001966 47.544491
v -9.275173 -13.674615 47.101822
v -10.398393 -15.330608 46.601772
v -11.508951 -16.967934 46.044937
v -12.605474 -18.584568 45.432011
v -13.686655 -20.178570 44.763725
v -14.751147 -21.747986 44.040909
v -15.797672 -23.290909 43.264431
v -16.824955 -24.805450 42.435246
v -17.831728 -26.289755 41.554356
v -18.816788 -27.742054 40.622841
v -19.778913 -29.160534 39.641834
v -20.716948 -30.543510 38.612530
v -21.629749 -31.889277 37.536179
v -22.516188 -33.196171 36.414097
v -23.375191 -34.462627 35.247650
v -24.205715 -35.687111 34.038261
v -25.006771 -36.868103 32.787399
v -25.777338 -38.004162 31.496593
v -26.516502 -39.093922 30.167414
v -27.223358 -40.136055 28.801477
v -27.897045 -41.129295 27.400455
v -28.536737 -42.072399 25.966047
v -29.141665 -42.964291 24.500000
v -29.711100 -43.803810 23.004108
v -30.244349 -44.589989 21.480188
v -30.740726 -45.321808 19.930098
v -31.199636 -45.998413 18.355722
v -31.620560 -46.618980 16.758987
v -32.002975 -47.182777 15.141833
v -32.346371 -47.689064 13.506232
v -32.650360 -48.137230 11.854174
v -32.914577 -48.526768 10.187674
v -33.138691 -48.857193 8.508761
v -33.322441 -49.128090 6.819483
v -33.465569 -49.339119 5.121895
v -33.567940 -49.490055 3.418067
v -33.629414 -49.580666 1.710075
v -33.649910 -49.610901 0.000000
v -33.629414 -49.580666 -1.710075
v -33.567940 -49.490055 -3.418067
v -33.465569 -49.339119 -5.121895
v -33.322441 -49.128090 -6.819483
v -33.138691 -48.857193 -8.508761
v -32.914577 -48.526768 -10.187674
v -32.650360 -48.137230 -11.854174
v -32.346371 -47.689064 -13.506232
v -32.002975 -47.182777 -15.141833
v -31.620560 -46.618980 -16.758987
v -31.199636 -45.998413 -18.355722
v -30.740726 -45.321808 -19.930098
v -30.244349 -44.589989 -21.480188
v -29.711100 -43.803810 -23.004108
v -29.141665 -42.964291 -24.500000
v -28.536737 -42.072399 -25.966047
v -27.897045 -41.129295 -27.400455
v -27.223358 -40.136055 -28.801477
v -26.516502 -39.093922 -30.167414
v -25.777338 -38.004162 -31.496593
v -25.006771 -36.868103 -32.787399
v -24.205715 -35.687111 -34.038261
v -23.375191 -34.462627 -35.247650
v -22.516188 -33.196171 -36.414097
v -21.629749 -31.889277 -37.536179
v -20.716948 -30.543510 -38.612530
v -19.778913 -29.160534 -39.641834
v -18.816788 -27.742054 -40.622841
v -17.831728 -26.289755 -41.554356
v -16.824955 -24.805450 -42.435246
v -15.797672 -23.290909 -43.264431
v -14.751147 -21.747986 -44.040909
v -13.686655 -20.178570 -44.763725
v -12.605474 -18.584568 -45.432011
v -11.508951 -16.967934 -46.044937
v -10.398393 -15.330608 -46.601772
v -9.275173 -13.674615 -47.101822
v -8.140648 -12.001966 -47.544491
v -6.996213 -10.314688 -47.929234
v -5.843247 -8.614843 -48.255577
v -4.683160 -6.904501 -48.523136
v -3.517375 -5.185753 -48.731575
v -2.347300 -3.460681 -48.880638
v -1.174365 -1.731396 -48.970150
v -1.302603 -1.651709 48.970150
v -2.603620 -3.301404 48.880638
v -3.901465 -4.947081 48.731575
v -5.194551 -6.586725 48.523136
v -6.481318 -8.218349 48.255577
v -7.760184 -9.839959 47.929234
v -9.029589 -11.449581 47.544491
v -10.288001 -13.045247 47.101822
v -11.533875 -14.625025 46.601772
v -12.765704 -16.186991 46.044937
v -13.981965 -17.729223 45.432011
v -15.181208 -19.249861 44.763725
v -16.361940 -20.747044 44.040909
v -17.522745 -22.218956 43.264431
v -18.662205 -23.663792 42.435246
v -19.778913 -25.079781 41.554356
v -20.871538 -26.465239 40.622841
v -21.938726 -27.818432 39.641834
v -22.979195 -29.137758 38.612530
v -23.991671 -30.421585 37.536179
v -24.974905 -31.668331 36.414097
v -25.927711 -32.876495 35.247650
v -26.848928 -34.044628 34.038261
v -27.737457 -35.171265 32.787399
v -28.592165 -36.255035 31.496593
v -29.412046 -37.294643 30.167414
v -30.196089 -38.288807 28.801477
v -30.943340 -39.236336 27.400455
v -31.652885 -40.136032 25.966047
v -32.323868 -40.986881 24.500000
v -32.955486 -41.787762 23.004108
v -33.546967 -42.537758 21.480188
v -34.097546 -43.235889 19.930098
v -34.606571 -43.881359 18.355722
v -35.073460 -44.473362 16.758987
v -35.497627 -45.011211 15.141833
v -35.878525 -45.494194 13.506232
v -36.215706 -45.921730 11.854174
v -36.508774 -46.293343 10.187674
v -36.757362 -46.608559 8.508761
v -36.961178 -46.866989 6.819483
v -37.119938 -47.068310 5.121895
v -37.233482 -47.212296 3.418067
v -37.301670 -47.298737 1.710075
v -37.324409 -47.327583 0.000000
v -37.301670 -47.298737 -1.710075
v -37.233482 -47.212296 -3.418067
v -37.119938 -47.068310 -5.121895
v -36.961178 -46.866989 -6.819483
v -36.757362 -46.608559 -8.508761
v -36.508774 -46.293343 -10.187674
v -36.215706 -45.921730 -11.854174
v -35.878525 -45.494194 -13.506232
v -35.497627 -45.011211 -15.141833
v -35.073460 -44.473362 -16.758987
v -34.606571 -43.881359 -18.355722
v -34.097546 -43.235889 -19.930098
v -33.546967 -42.537758 -21.480188
v -32.955486 -41.787762 -23.004108
v -32.323868 -40.986881 -24.500000
v -31.652885 -40.136032 -25.966047
v -30.943340 -39.236336 -27.400455
v -30.196089 -38.288807 -28.801477
v -29.412046 -37.294643 -30.167414
v -28.592165 -36.255035 -31.496593
v -27.737457 -35.171265 -32.787399
v -26.848928 -34.044628 -34.038261
v -25.927711 -32.876495 -35.247650
v -24.974905 -31.668331 -36.414097
v -23.991671 -30.421585 -37.536179
v -22.979195 -29.137758 -38.612530
v -21.938726 -27.818432 -39.641834
v -20.871538 -26.465239 -40.622841
v -19.778913 -25.079781 -41.554356
v -18.662205 -23.663792 -42.435246
v -17.522745 -22.218956 -43.264431
v -16.361940 -20.747044 -44.040909
v -15.181208 -19.249861 -44.763725
v -13.981965 -17.729223 -45.432011
v -12.765704 -16.186991 -46.044937
v -11.533875 -14.625025 -46.601772
v -10.288001 -13.045247 -47.101822
v -9.029589 -11.449581 -47.544491
v -7.760184 -9.839959 -47.929234
v -6.481318 -8.218349 -48.255577
v -5.194551 -6.586725 -48.523136
v -3.901465 -4.947081 -48.731575
v -2.603620 -3.301404 -48.880638
v -1.302603 -1.651709 -48.970150
v -1.424495 -1.563975 48.970150
v -2.847255 -3.126044 48.880638
v -4.266547 -4.684307 48.731575
v -5.680636 -6.236858 48.523136
v -7.087811 -7.781816 48.255577
v -8.486348 -9.317290 47.929234
v -9.874539 -10.841414 47.544491
v -11.250708 -12.352323 47.101822
v -12.613165 -13.848187 46.601772
v -13.960263 -15.327188 46.044937
v -15.290337 -16.787500 45.432011
v -16.601801 -18.227367 44.763725
v -17.893019 -19.645025 44.040909
v -19.162449 -21.038754 43.264431
v -20.408531 -22.406843 42.435246
v -21.629738 -23.747620 41.554356
v -22.824608 -25.059486 40.622841
v -23.991657 -26.340801 39.641834
v -25.129488 -27.590050 38.612530
v -26.236708 -28.805685 37.536179
v -27.311949 -29.986208 36.414097
v -28.353914 -31.130198 35.247650
v -29.361338 -32.236279 34.038261
v -30.333010 -33.303074 32.787399
v -31.267696 -34.329277 31.496593
v -32.164295 -35.313663 30.167414
v -33.021706 -36.255024 28.801477
v -33.838882 -37.152222 27.400455
v -34.614826 -38.004128 25.966047
v -35.348598 -38.809784 24.500000
v -36.039314 -39.568123 23.004108
v -36.686142 -40.278282 21.480188
v -37.288246 -40.939327 19.930098
v -37.844906 -41.550518 18.355722
v -38.355480 -42.111073 16.758987
v -38.819344 -42.620354 15.141833
v -39.235882 -43.077686 13.506232
v -39.604614 -43.482506 11.854174
v -39.925110 -43.834385 10.187674
v -40.196957 -44.132854 8.508761
v -40.419846 -44.377560 6.819483
v -40.593460 -44.568184 5.121895
v -40.717636 -44.704525 3.418067
v -40.792198 -44.786369 1.710075
v -40.817062 -44.813686 0.000000
v -40.792198 -44.786369 -1.710075
v -40.717636 -44.704525 -3.418067
v -40.593460 -44.568184 -5.121895
v -40.419846 -44.377560 -6.819483
v -40.196957 -44.132854 -8.508761
v -39.925110 -43.834385 -10.187674
v -39.604614 -43.482506 -11.854174
v -39.235882 -43.077686 -13.506232
v -38.819344 -42.620354 -15.141833
v -38.355480 -42.111073 -16.758987
v -37.844906 -41.550518 -18.355722
v -37.288246 -40.939327 -19.930098
v -36.686142 -40.278282 -21.480188
v -36.039314 -39.568123 -23.004108
v -35.348598 -38.809784 -24.500000
v -34.614826 -38.004128 -25.966047
v -33.838882 -37.152222 -27.400455
v -33.021706 -36.255024 -28.801477
v -32.164295 -35.313663 -30.167414
v -31.267696 -34.329277 -31.496593
v -30.333010 -33.303074 -32.787399
v -29.361338 -32.236279 -34.038261
v -28.353914 -31.130198 -35.247650
v -27.311949 -29.986208 -36.414097
v -26.236708 -28.805685 -37.536179
v -25.129488 -27.590050 -38.612530
v -23.991657 -26.340801 -39.641834
v -22.824608 -25.059486 -40.622841
v -21.629738 -23.747620 -41.554356
v -20.408531 -22.406843 -42.435246
v -19.162449 -21.038754 -43.264431
v -17.893019 -19.645025 -44.040909
v -16.601801 -18.227367 -44.763725
v -15.290337 -16.787500 -45.432011
v -13.960263 -15.327188 -46.044937
v -12.613165 -13.848187 -46.601772
v -11.250708 -12.352323 -47.101822
v -9.874539 -10.841414 -47.544491
v -8.486348 -9.317290 -47.929234
v -7.087811 -7.781816 -48.255577
v -5.680636 -6.236858 -48.523136
v -4.266547 -4.684307 -48.731575
v -2.847255 -3.126044 -48.880638
v -1.424495 -1.563975 -48.970150
v -1.539447 -1.468622 48.970150
v -3.077019 -2.935453 48.880638
v -4.610843 -4.398712 48.731575
v -6.139044 -5.856606 48.523136
v -7.659773 -7.307370 48.255577
v -9.171168 -8.749228 47.929234
v -10.671382 -10.180430 47.544491
v -12.158603 -11.599220 47.101822
v -13.631005 -13.003884 46.601772
v -15.086810 -14.392713 46.044937
v -16.524216 -15.763992 45.432011
v -17.941509 -17.116072 44.763725
v -19.336926 -18.447296 44.040909
v -20.708794 -19.756054 43.264431
v -22.055433 -21.040731 42.435246
v -23.375185 -22.299761 41.554356
v -24.666479 -23.531647 40.622841
v -25.927704 -24.734842 39.641834
v -27.157354 -25.907927 38.612530
v -28.353924 -27.049446 37.536179
v -29.515934 -28.157993 36.414097
v -30.641979 -29.232235 35.247650
v -31.730701 -30.270884 34.038261
v -32.780781 -31.272636 32.787399
v -33.790894 -32.236271 31.496593
v -34.759842 -33.160641 30.167414
v -35.686447 -34.044609 28.801477
v -36.569569 -34.887108 27.400455
v -37.408123 -35.687069 25.966047
v -38.201115 -36.443611 24.500000
v -38.947567 -37.155716 23.004108
v -39.646591 -37.822575 21.480188
v -40.297283 -38.443314 19.930098
v -40.898865 -39.017246 18.355722
v -41.450642 -39.543621 16.758987
v -41.951935 -40.021854 15.141833
v -42.402088 -40.451302 13.506232
v -42.800575 -40.831444 11.854174
v -43.146931 -41.161865 10.187674
v -43.440720 -41.442139 8.508761
v -43.681591 -41.671925 6.819483
v -43.869213 -41.850925 5.121895
v -44.003414 -41.978954 3.418067
v -44.083992 -42.055813 1.710075
v -44.110867 -42.081463 0.000000
v -44.083992 -42.055813 -1.710075
v -44.003414 -41.978954 -3.418067
v -43.869213 -41.850925 -5.121895
v -43.681591 -41.671925 -6.819483
v -43.440720 -41.442139 -8.508761
v -43.146931 -41.161865 -10.187674
v -42.800575 -40.831444 -11.854174
v -42.402088 -40.451302 -13.506232
v -41.951935 -40.021854 -15.141833
v -41.450642 -39.543621 -16.758987
v -40.898865 -39.017246 -18.355722
v -40.297283 -38.443314 -19.930098
v -39.646591 -37.822575 -21.480188
v -38.947567 -37.155716 -23.004108
v -38.201115 -36.443611 -24.500000
v -37.408123 -35.687069 -25.966047
v -36.569569 -34.887108 -27.400455
v -35.686447 -34.044609 -28.801477
v -34.759842 -33.160641 -30.167414
v -33.790894 -32.236271 -31.496593
v -32.780781 -31.272636 -32.787399
v -31.730701 -30.270884 -34.038261
v -30.641979 -29.232235 -35.247650
v -29.515934 -28.157993 -36.414097
v -28.353924 -27.049446 -37.536179
v -27.157354 -25.907927 -38.612530
v -25.927704 -24.734842 -39.641834
v -24.666479 -23.531647 -40.622841
v -23.375185 -22.299761 -41.554356
v -22.055433 -21.040731 -42.435246
v -20.708794 -19.756054 -43.264431
v -19.336926 -18.447296 -44.040909
v -17.941509 -17.116072 -44.763725
v -16.524216 -15.763992 -45.432011
v -15.086810 -14.392713 -46.044937
v -13.631005 -13.003884 -46.601772
v -12.158603 -11.599220 -47.101822
v -10.671382 -10.180430 -47.544491
v -9.171168 -8.749228 -47.929234
v -7.659773 -7.307370 -48.255577
v -6.139044 -5.856606 -48.523136
v -4.610843 -4.398712 -48.731575
v -3.077019 -2.935453 -48.880638
v -1.539447 -1.468622 -48.970150
v -1.646899 -1.366114 48.970150
v -3.291792 -2.730562 48.880638
v -4.932676 -4.091687 48.731575
v -6.567544 -5.447822 48.523136
v -8.194419 -6.797323 48.255577
v -9.811307 -8.138541 47.929234
v -11.416235 -9.469848 47.544491
v -13.007261 -10.789607 47.101822
v -14.582437 -12.096228 46.601772
v -16.139856 -13.388117 46.044937
v -17.677589 -14.663683 45.432011
v -19.193810 -15.921388 44.763725
v -20.686625 -17.159697 44.040909
v -22.154249 -18.377104 43.264431
v -23.594881 -19.572111 42.435246
v -25.006752 -20.743261 41.554356
v -26.388176 -21.889164 40.622841
v -27.737432 -23.008377 39.641834
v -29.052912 -24.099583 38.612530
v -30.333000 -25.161425 37.536179
v -31.576118 -26.192596 36.414097
v -32.780758 -27.191856 35.247650
v -33.945473 -28.158009 34.038261
v -35.068848 -29.089842 32.787399
v -36.149464 -29.986214 31.496593
v -37.186047 -30.846064 30.167414
v -38.177326 -31.668331 28.801477
v -39.122089 -32.452026 27.400455
v -40.019169 -33.196148 25.966047
v -40.867516 -33.899891 24.500000
v -41.666073 -34.562283 23.004108
v -42.413887 -35.182598 21.480188
v -43.109997 -35.760014 19.930098
v -43.753567 -36.293888 18.355722
v -44.343857 -36.783520 16.758987
v -44.880142 -37.228371 15.141833
v -45.361713 -37.627846 13.506232
v -45.788017 -37.981453 11.854174
v -46.158546 -38.288807 10.187674
v -46.472839 -38.549526 8.508761
v -46.730522 -38.763268 6.819483
v -46.931244 -38.929775 5.121895
v -47.074814 -39.048870 3.418067
v -47.161015 -39.120361 1.710075
v -47.189762 -39.144222 0.000000
v -47.161015 -39.120361 -1.710075
v -47.074814 -39.048870 -3.418067
v -46.931244 -38.929775 -5.121895
v -46.730522 -38.763268 -6.819483
v -46.472839 -38.549526 -8.508761
v -46.158546 -38.288807 -10.187674
v -45.788017 -37.981453 -11.854174
v -45.361713 -37.627846 -13.506232
v -44.880142 -37.228371 -15.141833
v -44.343857 -36.783520 -16.758987
v -43.753567 -36.293888 -18.355722
v -43.109997 -35.760014 -19.930098
v -42.413887 -35.182598 -21.480188
v -41.666073 -34.562283 -23.004108
v -40.867516 -33.899891 -24.500000
v -40.019169 -33.196148 -25.966047
v -39.122089 -32.452026 -27.400455
v -38.177326 -31.668331 -28.801477
v -37.186047 -30.846064 -30.167414
v -36.149464 -29.986214 -31.496593
v -35.068848 -29.089842 -32.787399
v -33.945473 -28.158009 -34.038261
v -32.780758 -27.191856 -35.247650
v -31.576118 -26.192596 -36.414097
v -30.333000 -25.161425 -37.536179
v -29.052912 -24.099583 -38.612530
v -27.737432 -23.008377 -39.641834
v -26.388176 -21.889164 -40.622841
v -25.006752 -20.743261 -41.554356
v -23.594881 -19.572111 -42.435246
v -22.154249 -18.377104 -43.264431
v -20.686625 -17.159697 -44.040909
v -19.193810 -15.921388 -44.763725
v -17.677589 -14.663683 -45.432011
v -16.139856 -13.388117 -46.044937
v -14.582437 -12.096228 -46.601772
v -13.007261 -10.789607 -47.101822
v -11.416235 -9.469848 -47.544491
v -9.811307 -8.138541 -47.929234
v -8.194419 -6.797323 -48.255577
v -6.567544 -5.447822 -48.523136
v -4.932676 -4.091687 -48.731575
v -3.291792 -2.730562 -48.880638
v -1.646899 -1.366114 -48.970150
v -1.746328 -1.256950 48.970150
v -3.490527 -2.512367 48.880638
v -5.230477 -3.764727 48.731575
v -6.964047 -5.012496 48.523136
v -8.689141 -6.254161 48.255577
v -10.403646 -7.488205 47.929234
v -12.105469 -8.713129 47.544491
v -13.792551 -9.927428 47.101822
v -15.462824 -11.129639 46.601772
v -17.114269 -12.318295 46.044937
v -18.744843 -13.491934 45.432011
v -20.352598 -14.649137 44.763725
v -21.935543 -15.788496 44.040909
v -23.491770 -16.908623 43.264431
v -25.019379 -18.008137 42.435246
v -26.516487 -19.085705 41.554356
v -27.981314 -20.140039 40.622841
v -29.412027 -21.169819 39.641834
v -30.806927 -22.173826 38.612530
v -32.164299 -23.150820 37.536179
v -33.482468 -24.099590 36.414097
v -34.759838 -25.019001 35.247650
v -35.994869 -25.907951 34.038261
v -37.186066 -26.765322 32.787399
v -38.331921 -27.590067 31.496593
v -39.431084 -28.381208 30.167414
v -40.482208 -29.137768 28.801477
v -41.484013 -29.858839 27.400455
v -42.435249 -30.543501 25.966047
v -43.334816 -31.191010 24.500000
v -44.181583 -31.800472 23.004108
v -44.974548 -32.371216 21.480188
v -45.712681 -32.902493 19.930098
v -46.395111 -33.393707 18.355722
v -47.021034 -33.844212 16.758987
v -47.589699 -34.253513 15.141833
v -48.100342 -34.621071 13.506232
v -48.552380 -34.946419 11.854174
v -48.945282 -35.229218 10.187674
v -49.278553 -35.469097 8.508761
v -49.551792 -35.665760 6.819483
v -49.764629 -35.818966 5.121895
v -49.916866 -35.928543 3.418067
v -50.008274 -35.994320 1.710075
v -50.038757 -36.016273 0.000000
v -50.008274 -35.994320 -1.710075
v -49.916866 -35.928543 -3.418067
v -49.764629 -35.818966 -5.121895
v -49.551792 -35.665760 -6.819483
v -49.278553 -35.469097 -8.508761
v -48.945282 -35.229218 -10.187674
v -48.552380 -34.946419 -11.854174
v -48.100342 -34.621071 -13.506232
v -47.589699 -34.253513 -15.141833
v -47.021034 -33.844212 -16.758987
v -46.395111 -33.393707 -18.355722
v -45.712681 -32.902493 -19.930098
v -44.974548 -32.371216 -21.480188
v -44.181583 -31.800472 -23.004108
v -43.334816 -31.191010 -24.500000
v -42.435249 -30.543501 -25.966047
v -41.484013 -29.858839 -27.400455
v -40.482208 -29.137768 -28.801477
v -39.431084 -28.381208 -30.167414
v -38.331921 -27.590067 -31.496593
v -37.186066 -26.765322 -32.787399
v -35.994869 -25.907951 -34.038261
v -34.759838 -25.019001 -35.247650
v -33.482468 -24.099590 -36.414097
v -32.164299 -23.150820 -37.536179
v -30.806927 -22.173826 -38.612530
v -29.412027 -21.169819 -39.641834
v -27.981314 -20.140039 -40.622841
v -26.516487 -19.085705 -41.554356
v -25.019379 -18.008137 -42.435246
v -23.491770 -16.908623 -43.264431
v -21.935543 -15.788496 -44.040909
v -20.352598 -14.649137 -44.763725
v -18.744843 -13.491934 -45.432011
v -17.114269 -12.318295 -46.044937
v -15.462824 -11.129639 -46.601772
v -13.792551 -9.927428 -47.101822
v -12.105469 -8.713129 -47.544491
v -10.403646 -7.488205 -47.929234
v -8.689141 -6.254161 -48.255577
v -6.964047 -5.012496 -48.523136
v -5.230477 -3.764727 -48.731575
v -3.490527 -2.512367 -48.880638
v -1.746328 -1.256950 -48.970150
v -1.837248 -1.141662 48.970150
v -3.672257 -2.281933 48.880638
v -5.502796 -3.419425 48.731575
v -7.326622 -4.552749 48.523136
v -9.141531 -5.680529 48.255577
v -10.945299 -6.801386 47.929234
v -12.735726 -7.913961 47.544491
v -14.510644 -9.016884 47.101822
v -16.267878 -10.108828 46.601772
v -18.005304 -11.188460 46.044937
v -19.720772 -12.254453 45.432011
v -21.412233 -13.305516 44.763725
v -23.077591 -14.340374 44.040909
v -24.714842 -15.357762 43.264431
v -26.321983 -16.356428 42.435246
v -27.897038 -17.335163 41.554356
v -29.438128 -18.292791 40.622841
v -30.943329 -19.228121 39.641834
v -32.410854 -20.140041 38.612530
v -33.838894 -21.027424 37.536179
v -35.225693 -21.889174 36.414097
v -36.569572 -22.724258 35.247650
v -37.868900 -23.531673 34.038261
v -39.122116 -24.310406 32.787399
v -40.327629 -25.059504 31.496593
v -41.484020 -25.778080 30.167414
v -42.589863 -26.465248 28.801477
v -43.643829 -27.120184 27.400455
v -44.644592 -27.742046 25.966047
v -45.590992 -28.330168 24.500000
v -46.481846 -28.883730 23.004108
v -47.316097 -29.402124 21.480188
v -48.092659 -29.884670 19.930098
v -48.810619 -30.330835 18.355722
v -49.469128 -30.740017 16.758987
v -50.067402 -31.111780 15.141833
v -50.604630 -31.445623 13.506232
v -51.080200 -31.741129 11.854174
v -51.493561 -31.997990 10.187674
v -51.844185 -32.215866 8.508761
v -52.131649 -32.394493 6.819483
v -52.355568 -32.533649 5.121895
v -52.515732 -32.633175 3.418067
v -52.611893 -32.692917 1.710075
v -52.643967 -32.712856 0.000000
v -52.611893 -32.692917 -1.710075
v -52.515732 -32.633175 -3.418067
v -52.355568 -32.533649 -5.121895
v -52.131649 -32.394493 -6.819483
v -51.844185 -32.215866 -8.508761
v -51.493561 -31.997990 -10.187674
v -51.080200 -31.741129 -11.854174
v -50.604630 -31.445623 -13.506232
v -50.067402 -31.111780 -15.141833
v -49.469128 -30.740017 -16.758987
v -48.810619 -30.330835 -18.355722
v -48.092659 -29.884670 -19.930098
v -47.316097 -29.402124 -21.480188
v -46.481846 -28.883730 -23.004108
v -45.590992 -28.330168 -24.500000
v -44.644592 -27.742046 -25.966047
v -43.643829 -27.120184 -27.400455
v -42.589863 -26.465248 -28.801477
v -41.484020 -25.778080 -30.167414
v -40.327629 -25.059504 -31.496593
v -39.122116 -24.310406 -32.787399
v -37.868900 -23.531673 -34.038261
v -36.569572 -22.724258 -35.247650
v -35.225693 -21.889174 -36.414097
v -33.838894 -21.027424 -37.536179
v -32.410854 -20.140041 -38.612530
v -30.943329 -19.228121 -39.641834
v -29.438128 -18.292791 -40.622841
v -27.897038 -17.335163 -41.554356
v -26.321983 -16.356428 -42.435246
v -24.714842 -15.357762 -43.264431
v -23.077591 -14.340374 -44.040909
v -21.412233 -13.305516 -44.763725
v -19.720772 -12.254453 -45.432011
v -18.005304 -11.188460 -46.044937
v -16.267878 -10.108828 -46.601772
v -14.510644 -9.016884 -47.101822
v -12.735726 -7.913961 -47.544491
v -10.945299 -6.801386 -47.929234
v -9.141531 -5.680529 -48.255577
v -7.326622 -4.552749 -48.523136
v -5.502796 -3.419425 -48.731575
v -3.672257 -2.281933 -48.880638
v -1.837248 -1.141662 -48.970150
v -1.919218 -1.020813 48.970150
v -3.836097 -2.040381 48.880638
v -5.748305 -3.057465 48.731575
v -7.653503 -4.070822 48.523136
v -9.549383 -5.079221 48.255577
v -11.433628 -6.081432 47.929234
v -13.303938 -7.076236 47.544491
v -15.158043 -8.062409 47.101822
v -16.993675 -9.038767 46.601772
v -18.808619 -10.004116 46.044937
v -20.600622 -10.957270 45.432011
v -22.367550 -11.897073 44.763725
v -24.107206 -12.822387 44.040909
v -25.817507 -13.732082 43.264431
v -27.496351 -14.625035 42.435246
v -29.141676 -15.500165 41.554356
v -30.751522 -16.356424 40.622841
v -32.323875 -17.192747 39.641834
v -33.856880 -18.008135 38.612530
v -35.348633 -18.801588 37.536179
v -36.797302 -19.572117 36.414097
v -38.201138 -20.318804 35.247650
v -39.558437 -21.040752 34.038261
v -40.867565 -21.737051 32.787399
v -42.126865 -22.406853 31.496593
v -43.334843 -23.049364 30.167414
v -44.490028 -23.663794 28.801477
v -45.591015 -24.249403 27.400455
v -46.636429 -24.805437 25.966047
v -47.625057 -25.331305 24.500000
v -48.555653 -25.826271 23.004108
v -49.427124 -26.289791 21.480188
v -50.238335 -26.721256 19.930098
v -50.988327 -27.120193 18.355722
v -51.676216 -27.486061 16.758987
v -52.301178 -27.818470 15.141833
v -52.862373 -28.116976 13.506232
v -53.359165 -28.381203 11.854174
v -53.790966 -28.610870 10.187674
v -54.157238 -28.805685 8.508761
v -54.457527 -28.965401 6.819483
v -54.691433 -29.089830 5.121895
v -54.858746 -29.178822 3.418067
v -54.959194 -29.232239 1.710075
v -54.992702 -29.250071 0.000000
v -54.959194 -29.232239 -1.710075
v -54.858746 -29.178822 -3.418067
v -54.691433 -29.089830 -5.121895
v -54.457527 -28.965401 -6.819483
v -54.157238 -28.805685 -8.508761
v -53.790966 -28.610870 -10.187674
v -53.359165 -28.381203 -11.854174
v -52.862373 -28.116976 -13.506232
v -52.301178 -27.818470 -15.141833
v -51.676216 -27.486061 -16.758987
v -50.988327 -27.120193 -18.355722
v -50.238335 -26.721256 -19.930098
v -49.427124 -26.289791 -21.480188
v -48.555653 -25.826271 -23.004108
v -47.625057 -25.331305 -24.500000
v -46.636429 -24.805437 -25.966047
v -45.591015 -24.249403 -27.400455
v -44.490028 -23.663794 -28.801477
v -43.334843 -23.049364 -30.167414
v -42.126865 -22.406853 -31.496593
v -40.867565 -21.737051 -32.787399
v -39.558437 -21.040752 -34.038261
v -38.201138 -20.318804 -35.247650
v -36.797302 -19.572117 -36.414097
v -35.348633 -18.801588 -37.536179
v -33.856880 -18.008135 -38.612530
v -32.323875 -17.192747 -39.641834
v -30.751522 -16.356424 -40.622841
v -29.141676 -15.500165 -41.554356
v -27.496351 -14.625035 -42.435246
v -25.817507 -13.732082 -43.264431
v -24.107206 -12.822387 -44.040909
v -22.367550 -11.897073 -44.763725
v -20.600622 -10.957270 -45.432011
v -18.808619 -10.004116 -46.044937
v -16.993675 -9.038767 -46.601772
v -15.158043 -8.062409 -47.101822
v -13.303938 -7.076236 -47.544491
v -11.433628 -6.081432 -47.929234
v -9.549383 -5.079221 -48.255577
v -7.653503 -4.070822 -48.523136
v -5.748305 -3.057465 -48.731575
v -3.836097 -2.040381 -48.880638
v -1.919218 -1.020813 -48.970150
v -1.991837 -0.894990 48.970150
v -3.981247 -1.788888 48.880638
v -5.965810 -2.680609 48.731575
v -7.943096 -3.569062 48.523136
v -9.910713 -4.453169 48.255577
v -11.866254 -5.331849 47.929234
v -13.807333 -6.204037 47.544491
v -15.731593 -7.068655 47.101822
v -17.636681 -7.924670 46.601772
v -19.520300 -8.771034 46.044937
v -21.380110 -9.606703 45.432011
v -23.213894 -10.430668 44.763725
v -25.019377 -11.241931 44.040909
v -26.794390 -12.039499 43.264431
v -28.536758 -12.822389 42.435246
v -30.244339 -13.589651 41.554356
v -31.915096 -14.340370 40.622841
v -33.546951 -15.073608 39.641834
v -35.137959 -15.788496 38.612530
v -36.686153 -16.484148 37.536179
v -38.189640 -17.159704 36.414097
v -39.646591 -17.814358 35.247650
v -41.055256 -18.447321 34.038261
v -42.413914 -19.057795 32.787399
v -43.720863 -19.645037 31.496593
v -44.974548 -20.208355 30.167414
v -46.173443 -20.747049 28.801477
v -47.316090 -21.260479 27.400455
v -48.401054 -21.747976 25.966047
v -49.427094 -22.209032 24.500000
v -50.392902 -22.642988 23.004108
v -51.297348 -23.049374 21.480188
v -52.139252 -23.427656 19.930098
v -52.917622 -23.777426 18.355722
v -53.631542 -24.098196 16.758987
v -54.280148 -24.389631 15.141833
v -54.862583 -24.651346 13.506232
v -55.378170 -24.883003 11.854174
v -55.826309 -25.084364 10.187674
v -56.206440 -25.255165 8.508761
v -56.518093 -25.395195 6.819483
v -56.760845 -25.504290 5.121895
v -56.934490 -25.582312 3.418067
v -57.038742 -25.629141 1.710075
v -57.073517 -25.644777 0.000000
v -57.038742 -25.629141 -1.710075
v -56.934490 -25.582312 -3.418067
v -56.760845 -25.504290 -5.121895
v -56.518093 -25.395195 -6.819483
v -56.206440 -25.255165 -8.508761
v -55.826309 -25.084364 -10.187674
v -55.378170 -24.883003 -11.854174
v -54.862583 -24.651346 -13.506232
v -54.280148 -24.389631 -15.141833
v -53.631542 -24.098196 -16.758987
v -52.917622 -23.777426 -18.355722
v -52.139252 -23.427656 -19.930098
v -51.297348 -23.049374 -21.480188
v -50.392902 -22.642988 -23.004108
v -49.427094 -22.209032 -24.500000
v -48.401054 -21.747976 -25.966047
v -47.316090 -21.260479 -27.400455
v -46.173443 -20.747049 -28.801477
v -44.974548 -20.208355 -30.167414
v -43.720863 -19.645037 -31.496593
v -42.413914 -19.057795 -32.787399
v -41.055256 -18.447321 -34.038261
v -39.646591 -17.814358 -35.247650
v -38.189640 -17.159704 -36.414097
v -36.686153 -16.484148 -37.536179
v -35.137959 -15.788496 -38.612530
v -33.546951 -15.073608 -39.641834
v -31.915096 -14.340370 -40.622841
v -30.244339 -13.589651 -41.554356
v -28.536758 -12.822389 -42.435246
v -26.794390 -12.039499 -43.264431
v -25.019377 -11.241931 -44.040909
v -23.213894 -10.430668 -44.763725
v -21.380110 -9.606703 -45.432011
v -19.520300 -8.771034 -46.044937
v -17.636681 -7.924670 -46.601772
v -15.731593 -7.068655 -47.101822
v -13.807333 -6.204037 -47.544491
v -11.866254 -5.331849 -47.929234
v -9.910713 -4.453169 -48.255577
v -7.943096 -3.569062 -48.523136
v -5.965810 -2.680609 -48.731575
v -3.981247 -1.788888 -48.880638
v -1.991837 -0.894990 -48.970150
v -2.054753 -0.764807 48.970150
v -4.107001 -1.528681 48.880638
v -6.154250 -2.290694 48.731575
v -8.193991 -3.049914 48.523136
v -10.223759 -3.805421 48.255577
v -12.241069 -4.556290 47.929234
v -14.243460 -5.301612 47.544491
v -16.228500 -6.040465 47.101822
v -18.193764 -6.771965 46.601772
v -20.136881 -7.495219 46.044937
v -22.055435 -8.209333 45.432011
v -23.947144 -8.913446 44.763725
v -25.809654 -9.606706 44.040909
v -27.640734 -10.288261 43.264431
v -29.438139 -10.957273 42.435246
v -31.199654 -11.612930 41.554356
v -32.923187 -12.254451 40.622841
v -34.606583 -12.881034 39.641834
v -36.247849 -13.491936 38.612530
v -37.844944 -14.086400 37.536179
v -39.395924 -14.663693 36.414097
v -40.898895 -15.223123 35.247650
v -42.352051 -15.764016 34.038261
v -43.753628 -16.285690 32.787399
v -45.101856 -16.787512 31.496593
v -46.395142 -17.268892 30.167414
v -47.631905 -17.729227 28.801477
v -48.810646 -18.167976 27.400455
v -49.929878 -18.584562 25.966047
v -50.988331 -18.978558 24.500000
v -51.984642 -19.349390 23.004108
v -52.917656 -19.696661 21.480188
v -53.786156 -20.019920 19.930098
v -54.589111 -20.318817 18.355722
v -55.325577 -20.592926 16.758987
v -55.994675 -20.841970 15.141833
v -56.595505 -21.065617 13.506232
v -57.127380 -21.263578 11.854174
v -57.589676 -21.435646 10.187674
v -57.981808 -21.581606 8.508761
v -58.303307 -21.701265 6.819483
v -58.553730 -21.794493 5.121895
v -58.732857 -21.861166 3.418067
v -58.840401 -21.901182 1.710075
v -58.876278 -21.914545 0.000000
v -58.840401 -21.901182 -1.710075
v -58.732857 -21.861166 -3.418067
v -58.553730 -21.794493 -5.121895
v -58.303307 -21.701265 -6.819483
v -57.981808 -21.581606 -8.508761
v -57.589676 -21.435646 -10.187674
v -57.127380 -21.263578 -11.854174
v -56.595505 -21.065617 -13.506232
v -55.994675 -20.841970 -15.141833
v -55.325577 -20.592926 -16.758987
v -54.589111 -20.318817 -18.355722
v -53.786156 -20.019920 -19.930098
v -52.917656 -19.696661 -21.480188
v -51.984642 -19.349390 -23.004108
v -50.988331 -18.978558 -24.500000
v -49.929878 -18.584562 -25.966047
v -48.810646 -18.167976 -27.400455
v -47.631905 -17.729227 -28.801477
v -46.395142 -17.268892 -30.167414
v -45.101856 -16.787512 -31.496593
v -43.753628 -16.285690 -32.787399
v -42.352051 -15.764016 -34.038261
v -40.898895 -15.223123 -35.247650
v -39.395924 -14.663693 -36.414097
v -37.844944 -14.086400 -37.536179
v -36.247849 -13.491936 -38.612530
v -34.606583 -12.881034 -39.641834
v -32.923187 -12.254451 -40.622841
v -31.199654 -11.612930 -41.554356
v -29.438139 -10.957273 -42.435246
v -27.640734 -10.288261 -43.264431
v -25.809654 -9.606706 -44.040909
v -23.947144 -8.913446 -44.763725
v -22.055435 -8.209333 -45.432011
v -20.136881 -7.495219 -46.044937
v -18.193764 -6.771965 -46.601772
v -16.228500 -6.040465 -47.101822
v -14.243460 -5.301612 -47.544491
v -12.241069 -4.556290 -47.929234
v -10.223759 -3.805421 -48.255577
v -8.193991 -3.049914 -48.523136
v -6.154250 -2.290694 -48.731575
v -4.107001 -1.528681 -48.880638
v -2.054753 -0.764807 -48.970150
v -2.107657 -0.630897 48.970150
v -4.212747 -1.261025 48.880638
v -6.312706 -1.889618 48.731575
v -8.404966 -2.515908 48.523136
v -10.486996 -3.139133 48.255577
v -12.556246 -3.758533 47.929234
v -14.610194 -4.373358 47.544491
v -16.646345 -4.982845 47.101822
v -18.662209 -5.586268 46.601772
v -20.655355 -6.182888 46.044937
v -22.623308 -6.771970 45.432011
v -24.563725 -7.352798 44.763725
v -26.474190 -7.924677 44.040909
v -28.352415 -8.486901 43.264431
v -30.196100 -9.038774 42.435246
v -32.002968 -9.579633 41.554356
v -33.770882 -10.108829 40.622841
v -35.497616 -10.625705 39.641834
v -37.181137 -11.129644 38.612530
v -38.819359 -11.620027 37.536179
v -40.410271 -12.096241 36.414097
v -41.951942 -12.557719 35.247650
v -43.442513 -13.003912 34.038261
v -44.880180 -13.434245 32.787399
v -46.263119 -13.848202 31.496593
v -47.589703 -14.245297 30.167414
v -48.858307 -14.625031 28.801477
v -50.067402 -14.986961 27.400455
v -51.215454 -15.330606 25.966047
v -52.301155 -15.655622 24.500000
v -53.323116 -15.961525 23.004108
v -54.280159 -16.247990 21.480188
v -55.171017 -16.514648 19.930098
v -55.994648 -16.761217 18.355722
v -56.750076 -16.987329 16.758987
v -57.436398 -17.192768 15.141833
v -58.052700 -17.377258 13.506232
v -58.598270 -17.540558 11.854174
v -59.072468 -17.682499 10.187674
v -59.474697 -17.802900 8.508761
v -59.804474 -17.901609 6.819483
v -60.061344 -17.978516 5.121895
v -60.245087 -18.033514 3.418067
v -60.355396 -18.066523 1.710075
v -60.392200 -18.077547 0.000000
v -60.355396 -18.066523 -1.710075
v -60.245087 -18.033514 -3.418067
v -60.061344 -17.978516 -5.121895
v -59.804474 -17.901609 -6.819483
v -59.474697 -17.802900 -8.508761
v -59.072468 -17.682499 -10.187674
v -58.598270 -17.540558 -11.854174
v -58.052700 -17.377258 -13.506232
v -57.436398 -17.192768 -15.141833
v -56.750076 -16.987329 -16.758987
v -55.994648 -16.761217 -18.355722
v -55.171017 -16.514648 -19.930098
v -54.280159 -16.247990 -21.480188
v -53.323116 -15.961525 -23.004108
v -52.301155 -15.655622 -24.500000
v -51.215454 -15.330606 -25.966047
v -50.067402 -14.986961 -27.400455
v -48.858307 -14.625031 -28.801477
v -47.589703 -14.245297 -30.167414
v -46.263119 -13.848202 -31.496593
v -44.880180 -13.434245 -32.787399
v -43.442513 -13.003912 -34.038261
v -41.951942 -12.557719 -35.247650
v -40.410271 -12.096241 -36.414097
v -38.819359 -11.620027 -37.536179
v -37.181137 -11.129644 -38.612530
v -35.497616 -10.625705 -39.641834
v -33.770882 -10.108829 -40.622841
v -32.002968 -9.579633 -41.554356
v -30.196100 -9.038774 -42.435246
v -28.352415 -8.486901 -43.264431
v -26.474190 -7.924677 -44.040909
v -24.563725 -7.352798 -44.763725
v -22.623308 -6.771970 -45.432011
v -20.655355 -6.182888 -46.044937
v -18.662209 -5.586268 -46.601772
v -16.646345 -4.982845 -47.101822
v -14.610194 -4.373358 -47.544491
v -12.556246 -3.758533 -47.929234
v -10.486996 -3.139133 -48.255577
v -8.404966 -2.515908 -48.523136
v -6.312706 -1.889618 -48.731575
v -4.212747 -1.261025 -48.880638
v -2.107657 -0.630897 -48.970150
v -2.150294 -0.493914 48.970150
v -4.297968 -0.987226 48.880638
v -6.440408 -1.479337 48.731575
v -8.574995 -1.969644 48.523136
v -10.699141 -2.457552 48.255577
v -12.810251 -2.942465 47.929234
v -14.905749 -3.423798 47.544491
v -16.983089 -3.900949 47.101822
v -19.039732 -4.373356 46.601772
v -21.073202 -4.840435 46.044937
v -23.080965 -5.301613 45.432011
v -25.060631 -5.756328 44.763725
v -27.009747 -6.204040 44.040909
v -28.925966 -6.644192 43.264431
v -30.806948 -7.076238 42.435246
v -32.650368 -7.499664 41.554356
v -34.454044 -7.913959 40.622841
v -36.215710 -8.318609 39.641834
v -37.933292 -8.713131 38.612530
v -39.604649 -9.097040 37.536179
v -41.227745 -9.469856 36.414097
v -42.800602 -9.831137 35.247650
v -44.321327 -10.180452 34.038261
v -45.788078 -10.517346 32.787399
v -47.198990 -10.841423 31.496593
v -48.552414 -11.152300 30.167414
v -49.846676 -11.449583 28.801477
v -51.080231 -11.732931 27.400455
v -52.251507 -12.001961 25.966047
v -53.359173 -12.256413 24.500000
v -54.401814 -12.495897 23.004108
v -55.378212 -12.720160 21.480188
v -56.287086 -12.928920 19.930098
v -57.127384 -13.121958 18.355722
v -57.898090 -13.298971 16.758987
v -58.598297 -13.459805 15.141833
v -59.227070 -13.604239 13.506232
v -59.783676 -13.732080 11.854174
v -60.267464 -13.843202 10.187674
v -60.677830 -13.937462 8.508761
v -61.014278 -14.014738 6.819483
v -61.276344 -14.074949 5.121895
v -61.463806 -14.118007 3.418067
v -61.576347 -14.143847 1.710075
v -61.613895 -14.152476 0.000000
v -61.576347 -14.143847 -1.710075
v -61.463806 -14.118007 -3.418067
v -61.276344 -14.074949 -5.121895
v -61.014278 -14.014738 -6.819483
v -60.677830 -13.937462 -8.508761
v -60.267464 -13.843202 -10.187674
v -59.783676 -13.732080 -11.854174
v -59.227070 -13.604239 -13.506232
v -58.598297 -13.459805 -15.141833
v -57.898090 -13.298971 -16.758987
v -57.127384 -13.121958 -18.355722
v -56.287086 -12.928920 -19.930098
v -55.378212 -12.720160 -21.480188
v -54.401814 -12.495897 -23.004108
v -53.359173 -12.256413 -24.500000
v -52.251507 -12.001961 -25.966047
v -51.080231 -11.732931 -27.400455
v -49.846676 -11.449583 -28.801477
v -48.552414 -11.152300 -30.167414
v -47.198990 -10.841423 -31.496593
v -45.788078 -10.517346 -32.787399
v -44.321327 -10.180452 -34.038261
v -42.800602 -9.831137 -35.247650
v -41.227745 -9.469856 -36.414097
v -39.604649 -9.097040 -37.536179
v -37.933292 -8.713131 -38.612530
v -36.215710 -8.318609 -39.641834
v -34.454044 -7.913959 -40.622841
v -32.650368 -7.499664 -41.554356
v -30.806948 -7.076238 -42.435246
v -28.925966 -6.644192 -43.264431
v -27.009747 -6.204040 -44.040909
v -25.060631 -5.756328 -44.763725
v -23.080965 -5.301613 -45.432011
v -21.073202 -4.840435 -46.044937
v -19.039732 -4.373356 -46.601772
v -16.983089 -3.900949 -47.101822
v -14.905749 -3.423798 -47.544491
v -12.810251 -2.942465 -47.929234
v -10.699141 -2.457552 -48.255577
v -8.574995 -1.969644 -48.523136
v -6.440408 -1.479337 -48.731575
v -4.297968 -0.987226 -48.880638
v -2.150294 -0.493914 -48.970150
v -2.182455 -0.354525 48.970150
v -4.362249 -0.708617 48.880638
v -6.536733 -1.061848 48.731575
v -8.703245 -1.413784 48.523136
v -10.859161 -1.763998 48.255577
v -13.001845 -2.112062 47.929234
v -15.128685 -2.457557 47.544491
v -17.237095 -2.800049 47.101822
v -19.324497 -3.139136 46.601772
v -21.388378 -3.474399 46.044937
v -23.426172 -3.805428 45.432011
v -25.435446 -4.131814 44.763725
v -27.413713 -4.453177 44.040909
v -29.358593 -4.769114 43.264431
v -31.267708 -5.079228 42.435246
v -33.138699 -5.383158 41.554356
v -34.969349 -5.680532 40.622841
v -36.757366 -5.970985 39.641834
v -38.500633 -6.254167 38.612530
v -40.196987 -6.529734 37.536179
v -41.844360 -6.797335 36.414097
v -43.440742 -7.056659 35.247650
v -44.984215 -7.307395 34.038261
v -46.472897 -7.549210 32.787399
v -47.904915 -7.781827 31.496593
v -49.278580 -8.004970 30.167414
v -50.592197 -8.218354 28.801477
v -51.844204 -8.421740 27.400455
v -53.032997 -8.614843 25.966047
v -54.157234 -8.797492 24.500000
v -55.215466 -8.969389 23.004108
v -56.206470 -9.130359 21.480188
v -57.128937 -9.280203 19.930098
v -57.981800 -9.418769 18.355722
v -58.764034 -9.545822 16.758987
v -59.474716 -9.661267 15.141833
v -60.112888 -9.764941 13.506232
v -60.677822 -9.856701 11.854174
v -61.168846 -9.936462 10.187674
v -61.585346 -10.004121 8.508761
v -61.926826 -10.059587 6.819483
v -62.192814 -10.102812 5.121895
v -62.383076 -10.133718 3.418067
v -62.497303 -10.152262 1.710075
v -62.535416 -10.158457 0.000000
v -62.497303 -10.152262 -1.710075
v -62.383076 -10.133718 -3.418067
v -62.192814 -10.102812 -5.121895
v -61.926826 -10.059587 -6.819483
v -61.585346 -10.004121 -8.508761
v -61.168846 -9.936462 -10.187674
v -60.677822 -9.856701 -11.854174
v -60.112888 -9.764941 -13.506232
v -59.474716 -9.661267 -15.141833
v -58.764034 -9.545822 -16.758987
v -57.981800 -9.418769 -18.355722
v -57.128937 -9.280203 -19.930098
v -56.206470 -9.130359 -21.480188
v -55.215466 -8.969389 -23.004108
v -54.157234 -8.797492 -24.500000
v -53.032997 -8.614843 -25.966047
v -51.844204 -8.421740 -27.400455
v -50.592197 -8.218354 -28.801477
v -49.278580 -8.004970 -30.167414
v -47.904915 -7.781827 -31.496593
v -46.472897 -7.549210 -32.787399
v -44.984215 -7.307395 -34.038261
v -43.440742 -7.056659 -35.247650
v -41.844360 -6.797335 -36.414097
v -40.196987 -6.529734 -37.536179
v -38.500633 -6.254167 -38.612530
v -36.757366 -5.970985 -39.641834
v -34.969349 -5.680532 -40.622841
v -33.138699 -5.383158 -41.554356
v -31.267708 -5.079228 -42.435246
v -29.358593 -4.769114 -43.264431
v -27.413713 -4.453177 -44.040909
v -25.435446 -4.131814 -44.763725
v -23.426172 -3.805428 -45.432011
v -21.388378 -3.474399 -46.044937
v -19.324497 -3.139136 -46.601772
v -17.237095 -2.800049 -47.101822
v -15.128685 -2.457557 -47.544491
v -13.001845 -2.112062 -47.929234
v -10.859161 -1.763998 -48.255577
v -8.703245 -1.413784 -48.523136
v -6.536733 -1.061848 -48.731575
v -4.362249 -0.708617 -48.880638
v -2.182455 -0.354525 -48.970150
v -2.203982 -0.213409 48.970150
v -4.405279 -0.426556 48.880638
v -6.601212 -0.639185 48.731575
v -8.789095 -0.851036 48.523136
v -10.966277 -1.061849 48.255577
v -13.130096 -1.271369 47.929234
v -15.277915 -1.479343 47.544491
v -17.407124 -1.685506 47.101822
v -19.515116 -1.889623 46.601772
v -21.599354 -2.091436 46.044937
v -23.657249 -2.290702 45.432011
v -25.686342 -2.487170 44.763725
v -27.684126 -2.680619 44.040909
v -29.648190 -2.870801 43.264431
v -31.576136 -3.057473 42.435246
v -33.465580 -3.240425 41.554356
v -35.314289 -3.419431 40.622841
v -37.119942 -3.594271 39.641834
v -38.880402 -3.764735 38.612530
v -40.593494 -3.930615 37.536179
v -42.257114 -4.091698 36.414097
v -43.869244 -4.247800 35.247650
v -45.427944 -4.398736 34.038261
v -46.931305 -4.544294 32.787399
v -48.377453 -4.684318 31.496593
v -49.764664 -4.818639 30.167414
v -51.091240 -4.947086 28.801477
v -52.355598 -5.069517 27.400455
v -53.556114 -5.185754 25.966047
v -54.691444 -5.295711 24.500000
v -55.760117 -5.399183 23.004108
v -56.760891 -5.496074 21.480188
v -57.692459 -5.586272 19.930098
v -58.553738 -5.669693 18.355722
v -59.343685 -5.746167 16.758987
v -60.061378 -5.815660 15.141833
v -60.705845 -5.878070 13.506232
v -61.276352 -5.933302 11.854174
v -61.772217 -5.981314 10.187674
v -62.192825 -6.022041 8.508761
v -62.537674 -6.055428 6.819483
v -62.806286 -6.081453 5.121895
v -62.998428 -6.100056 3.418067
v -63.113777 -6.111216 1.710075
v -63.152271 -6.114946 0.000000
v -63.113777 -6.111216 -1.710075
v -62.998428 -6.100056 -3.418067
v -62.806286 -6.081453 -5.121895
v -62.537674 -6.055428 -6.819483
v -62.192825 -6.022041 -8.508761
v -61.772217 -5.981314 -10.187674
v -61.276352 -5.933302 -11.854174
v -60.705845 -5.878070 -13.506232
v -60.061378 -5.815660 -15.141833
v -59.343685 -5.746167 -16.758987
v -58.553738 -5.669693 -18.355722
v -57.692459 -5.586272 -19.930098
v -56.760891 -5.496074 -21.480188
v -55.760117 -5.399183 -23.004108
v -54.691444 -5.295711 -24.500000
v -53.556114 -5.185754 -25.966047
v -52.355598 -5.069517 -27.400455
v -51.091240 -4.947086 -28.801477
v -49.764664 -4.818639 -30.167414
v -48.377453 -4.684318 -31.496593
v -46.931305 -4.544294 -32.787399
v -45.427944 -4.398736 -34.038261
v -43.869244 -4.247800 -35.247650
v -42.257114 -4.091698 -36.414097
v -40.593494 -3.930615 -37.536179
v -38.880402 -3.764735 -38.612530
v -37.119942 -3.594271 -39.641834
v -35.314289 -3.419431 -40.622841
v -33.465580 -3.240425 -41.554356
v -31.576136 -3.057473 -42.435246
v -29.648190 -2.870801 -43.264431
v -27.684126 -2.680619 -44.040909
v -25.686342 -2.487170 -44.763725
v -23.657249 -2.290702 -45.432011
v -21.599354 -2.091436 -46.044937
v -19.515116 -1.889623 -46.601772
v -17.407124 -1.685506 -47.101822
v -15.277915 -1.479343 -47.544491
v -13.130096 -1.271369 -47.929234
v -10.966277 -1.061849 -48.255577
v -8.789095 -0.851036 -48.523136
v -6.601212 -0.639185 -48.731575
v -4.405279 -0.426556 -48.880638
v -2.203982 -0.213409 -48.970150
v -2.214773 -0.071252 48.970150
v -4.426846 -0.142417 48.880638
v -6.633530 -0.213409 48.731575
v -8.832125 -0.284142 48.523136
v -11.019966 -0.354528 48.255577
v -13.194379 -0.424481 47.929234
v -15.352713 -0.493922 47.544491
v -17.492346 -0.562752 47.101822
v -19.610659 -0.630904 46.601772
v -21.705101 -0.698284 46.044937
v -23.773071 -0.764817 45.432011
v -25.812098 -0.830408 44.763725
v -27.819662 -0.895001 44.040909
v -29.793341 -0.958501 43.264431
v -31.730726 -1.020822 42.435246
v -33.629421 -1.081905 41.554356
v -35.487179 -1.141670 40.622841
v -37.301674 -1.200046 39.641834
v -39.070751 -1.256960 38.612530
v -40.792233 -1.312347 37.536179
v -42.463997 -1.366126 36.414097
v -44.084019 -1.418247 35.247650
v -45.650352 -1.468647 34.038261
v -47.161072 -1.517239 32.787399
v -48.614300 -1.563986 31.496593
v -50.008305 -1.608833 30.167414
v -51.341373 -1.651717 28.801477
v -52.611919 -1.692596 27.400455
v -53.818314 -1.731401 25.966047
v -54.959202 -1.768129 24.500000
v -56.033108 -1.802672 23.004108
v -57.038780 -1.835014 21.480188
v -57.974907 -1.865126 19.930098
v -58.840405 -1.892994 18.355722
v -59.634220 -1.918517 16.758987
v -60.355427 -1.941719 15.141833
v -61.003052 -1.962561 13.506232
v -61.576347 -1.980996 11.854174
v -62.074642 -1.997024 10.187674
v -62.497311 -2.010623 8.508761
v -62.843845 -2.021767 6.819483
v -63.113770 -2.030467 5.121895
v -63.306858 -2.036676 3.418067
v -63.422771 -2.040396 1.710075
v -63.461452 -2.041643 0.000000
v -63.422771 -2.040396 -1.710075
v -63.306858 -2.036676 -3.418067
v -63.113770 -2.030467 -5.121895
v -62.843845 -2.021767 -6.819483
v -62.497311 -2.010623 -8.508761
v -62.074642 -1.997024 -10.187674
v -61.576347 -1.980996 -11.854174
v -61.003052 -1.962561 -13.506232
v -60.355427 -1.941719 -15.141833
v -59.634220 -1.918517 -16.758987
v -58.840405 -1.892994 -18.355722
v -57.974907 -1.865126 -19.930098
v -57.038780 -1.835014 -21.480188
v -56.033108 -1.802672 -23.004108
v -54.959202 -1.768129 -24.500000
v -53.818314 -1.731401 -25.966047
v -52.611919 -1.692596 -27.400455
v -51.341373 -1.651717 -28.801477
v -50.008305 -1.608833 -30.167414
v -48.614300 -1.563986 -31.496593
v -47.161072 -1.517239 -32.787399
v -45.650352 -1.468647 -34.038261
v -44.084019 -1.418247 -35.247650
v -42.463997 -1.366126 -36.414097
v -40.792233 -1.312347 -37.536179
v -39.070751 -1.256960 -38.612530
v -37.301674 -1.200046 -39.641834
v -35.487179 -1.141670 -40.622841
v -33.629421 -1.081905 -41.554356
v -31.730726 -1.020822 -42.435246
v -29.793341 -0.958501 -43.264431
v -27.819662 -0.895001 -44.040909
v -25.812098 -0.830408 -44.763725
v -23.773071 -0.764817 -45.432011
v -21.705101 -0.698284 -46.044937
v -19.610659 -0.630904 -46.601772
v -17.492346 -0.562752 -47.101822
v -15.352713 -0.493922 -47.544491
v -13.194379 -0.424481 -47.929234
v -11.019966 -0.354528 -48.255577
v -8.832125 -0.284142 -48.523136
v -6.633530 -0.213409 -48.731575
v -4.426846 -0.142417 -48.880638
v -2.214773 -0.071252 -48.970150
v -2.214773 0.071251 48.970150
v -4.426846 0.142416 48.880638
v -6.633530 0.213407 48.731575
v -8.832126 0.284136 48.523136
v -11.019967 0.354521 48.255577
v -13.194380 0.424474 47.929234
v -15.352715 0.493905 47.544491
v -17.492346 0.562744 47.101822
v -19.610661 0.630889 46.601772
v -21.705103 0.698270 46.044937
v -23.773073 0.764795 45.432011
v -25.812098 0.830399 44.763725
v -27.819664 0.894977 44.040909
v -29.793344 0.958468 43.264431
v -31.730728 1.020803 42.435246
v -33.629421 1.081886 41.554356
v -35.487183 1.141653 40.622841
v -37.301674 1.200026 39.641834
v -39.070751 1.256938 38.612530
v -40.792236 1.312315 37.536179
v -42.464001 1.366101 36.414097
v -44.084023 1.418216 35.247650
v -45.650356 1.468597 34.038261
v -47.161076 1.517208 32.787399
v -48.614300 1.563965 31.496593
v -50.008305 1.608811 30.167414
v -51.341373 1.651700 28.801477
v -52.611919 1.692571 27.400455
v -53.818314 1.731388 25.966047
v -54.959206 1.768067 24.500000
v -56.033112 1.802621 23.004108
v -57.038780 1.834987 21.480188
v -57.974911 1.865108 19.930098
v -58.840408 1.892927 18.355722
v -59.634224 1.918480 16.758987
v -60.355431 1.941682 15.141833
v -61.003056 1.962509 13.506232
v -61.576351 1.980962 11.854174
v -62.074642 1.996995 10.187674
v -62.497311 2.010592 8.508761
v -62.843845 2.021745 6.819483
v -63.113773 2.030412 5.121895
v -63.306862 2.036627 3.418067
v -63.422775 2.040365 1.710075
v -63.461456 2.041606 0.000000
v -63.422775 2.040365 -1.710075
v -63.306862 2.036627 -3.418067
v -63.113773 2.030412 -5.121895
v -62.843845 2.021745 -6.819483
v -62.497311 2.010592 -8.508761
v -62.074642 1.996995 -10.187674
v -61.576351 1.980962 -11.854174
v -61.003056 1.962509 -13.506232
v -60.355431 1.941682 -15.141833
v -59.634224 1.918480 -16.758987
v -58.840408 1.892927 -18.355722
v -57.974911 1.865108 -19.930098
v -57.038780 1.834987 -21.480188
v -56.033112 1.802621 -23.004108
v -54.959206 1.768067 -24.500000
v -53.818314 1.731388 -25.966047
v -52.611919 1.692571 -27.400455
v -51.341373 1.651700 -28.801477
v -50.008305 1.608811 -30.167414
v -48.614300 1.563965 -31.496593
v -47.161076 1.517208 -32.787399
v -45.650356 1.468597 -34.038261
v -44.084023 1.418216 -35.247650
v -42.464001 1.366101 -36.414097
v -40.792236 1.312315 -37.536179
v -39.070751 1.256938 -38.612530
v -37.301674 1.200026 -39.641834
v -35.487183 1.141653 -40.622841
v -33.629421 1.081886 -41.554356
v -31.730728 1.020803 -42.435246
v -29.793344 0.958468 -43.264431
v -27.819664 0.894977 -44.040909
v -25.812098 0.830399 -44.763725
v -23.773073 0.764795 -45.432011
v -21.705103 0.698270 -46.044937
v -19.610661 0.630889 -46.601772
v -17.492346 0.562744 -47.101822
v -15.352715 0.493905 -47.544491
v -13.194380 0.424474 -47.929234
v -11.019967 0.354521 -48.255577
v -8.832126 0.284136 -48.523136
v -6.633530 0.213407 -48.731575
v -4.426846 0.142416 -48.880638
v -2.214773 0.071251 -48.970150
v -2.203982 0.213407 48.970150
v -4.405279 0.426555 48.880638
v -6.601213 0.639183 48.731575
v -8.789097 0.851030 48.523136
v -10.966280 1.061843 48.255577
v -13.130098 1.271362 47.929234
v -15.277920 1.479326 47.544491
v -17.407125 1.685499 47.101822
v -19.515123 1.889608 46.601772
v -21.599360 2.091422 46.044937
v -23.657255 2.290681 45.432011
v -25.686344 2.487160 44.763725
v -27.684132 2.680595 44.040909
v -29.648197 2.870767 43.264431
v -31.576141 3.057455 42.435246
v -33.465580 3.240406 41.554356
v -35.314297 3.419415 40.622841
v -37.119946 3.594251 39.641834
v -38.880402 3.764713 38.612530
v -40.593506 3.930584 37.536179
v -42.257126 4.091673 36.414097
v -43.869251 4.247769 35.247650
v -45.427956 4.398686 34.038261
v -46.931316 4.544263 32.787399
v -48.377457 4.684297 31.496593
v -49.764668 4.818617 30.167414
v -51.091244 4.947070 28.801477
v -52.355598 5.069491 27.400455
v -53.556118 5.185742 25.966047
v -54.691456 5.295650 24.500000
v -55.760128 5.399133 23.004108
v -56.760891 5.496048 21.480188
v -57.692467 5.586255 19.930098
v -58.553749 5.669626 18.355722
v -59.343697 5.746130 16.758987
v -60.061390 5.815623 15.141833
v -60.705856 5.878019 13.506232
v -61.276360 5.933270 11.854174
v -61.772221 5.981285 10.187674
v -62.192829 6.022010 8.508761
v -62.537678 6.055407 6.819483
v -62.806297 6.081400 5.121895
v -62.998436 6.100007 3.418067
v -63.113792 6.111187 1.710075
v -63.152283 6.114910 0.000000
v -63.113792 6.111187 -1.710075
v -62.998436 6.100007 -3.418067
v -62.806297 6.081400 -5.121895
v -62.537678 6.055407 -6.819483
v -62.192829 6.022010 -8.508761
v -61.772221 5.981285 -10.187674
v -61.276360 5.933270 -11.854174
v -60.705856 5.878019 -13.506232
v -60.061390 5.815623 -15.141833
v -59.343697 5.746130 -16.758987
v -58.553749 5.669626 -18.355722
v -57.692467 5.586255 -19.930098
v -56.760891 5.496048 -21.480188
v -55.760128 5.399133 -23.004108
v -54.691456 5.295650 -24.500000
v -53.556118 5.185742 -25.966047
v -52.355598 5.069491 -27.400455
v -51.091244 4.947070 -28.801477
v -49.764668 4.818617 -30.167414
v -48.377457 4.684297 -31.496593
v -46.931316 4.544263 -32.787399
v -45.427956 4.398686 -34.038261
v -43.869251 4.247769 -35.247650
v -42.257126 4.091673 -36.414097
v -40.593506 3.930584 -37.536179
v -38.880402 3.764713 -38.612530
v -37.119946 3.594251 -39.641834
v -35.314297 3.419415 -40.622841
v -33.465580 3.240406 -41.554356
v -31.576141 3.057455 -42.435246
v -29.648197 2.870767 -43.264431
v -27.684132 2.680595 -44.040909
v -25.686344 2.487160 -44.763725
v -23.657255 2.290681 -45.432011
v -21.599360 2.091422 -46.044937
v -19.515123 1.889608 -46.601772
v -17.407125 1.685499 -47.101822
v -15.277920 1.479326 -47.544491
v -13.130098 1.271362 -47.929234
v -10.966280 1.061843 -48.255577
v -8.789097 0.851030 -48.523136
v -6.601213 0.639183 -48.731575
v -4.405279 0.426555 -48.880638
v -2.203982 0.213407 -48.970150
v -2.182455 0.354524 48.970150
v -4.362250 0.708616 48.880638
v -6.536735 1.061845 48.731575
v -8.703249 1.413779 48.523136
v -10.859165 1.763991 48.255577
v -13.001848 2.112055 47.929234
v -15.128692 2.457540 47.544491
v -17.237101 2.800042 47.101822
v -19.324509 3.139122 46.601772
v -21.388386 3.474385 46.044937
v -23.426182 3.805407 45.432011
v -25.435450 4.131805 44.763725
v -27.413725 4.453154 44.040909
v -29.358604 4.769082 43.264431
v -31.267717 5.079211 42.435246
v -33.138702 5.383139 41.554356
v -34.969360 5.680518 40.622841
v -36.757370 5.970966 39.641834
v -38.500633 6.254146 38.612530
v -40.197002 6.529704 37.536179
v -41.844376 6.797311 36.414097
v -43.440754 7.056629 35.247650
v -44.984234 7.307346 34.038261
v -46.472908 7.549180 32.787399
v -47.904922 7.781807 31.496593
v -49.278587 8.004949 30.167414
v -50.592205 8.218339 28.801477
v -51.844212 8.421714 27.400455
v -53.033005 8.614832 25.966047
v -54.157253 8.797433 24.500000
v -55.215485 8.969340 23.004108
v -56.206474 9.130333 21.480188
v -57.128952 9.280186 19.930098
v -57.981819 9.418705 18.355722
v -58.764053 9.545787 16.758987
v -59.474735 9.661232 15.141833
v -60.112907 9.764892 13.506232
v -60.677834 9.856669 11.854174
v -61.168858 9.936436 10.187674
v -61.585354 10.004091 8.508761
v -61.926834 10.059567 6.819483
v -62.192829 10.102759 5.121895
v -62.383095 10.133669 3.418067
v -62.497326 10.152234 1.710075
v -62.535435 10.158422 0.000000
v -62.497326 10.152234 -1.710075
v -62.383095 10.133669 -3.418067
v -62.192829 10.102759 -5.121895
v -61.926834 10.059567 -6.819483
v -61.585354 10.004091 -8.508761
v -61.168858 9.936436 -10.187674
v -60.677834 9.856669 -11.854174
v -60.112907 9.764892 -13.506232
v -59.474735 9.661232 -15.141833
v -58.764053 9.545787 -16.758987
v -57.981819 9.418705 -18.355722
v -57.128952 9.280186 -19.930098
v -56.206474 9.130333 -21.480188
v -55.215485 8.969340 -23.004108
v -54.157253 8.797433 -24.500000
v -53.033005 8.614832 -25.966047
v -51.844212 8.421714 -27.400455
v -50.592205 8.218339 -28.801477
v -49.278587 8.004949 -30.167414
v -47.904922 7.781807 -31.496593
v -46.472908 7.549180 -32.787399
v -44.984234 7.307346 -34.038261
v -43.440754 7.056629 -35.247650
v -41.844376 6.797311 -36.414097
v -40.197002 6.529704 -37.536179
v -38.500633 6.254146 -38.612530
v -36.757370 5.970966 -39.641834
v -34.969360 5.680518 -40.622841
v -33.138702 5.383139 -41.554356
v -31.267717 5.079211 -42.435246
v -29.358604 4.769082 -43.264431
v -27.413725 4.453154 -44.040909
v -25.435450 4.131805 -44.763725
v -23.426182 3.805407 -45.432011
v -21.388386 3.474385 -46.044937
v -19.324509 3.139122 -46.601772
v -17.237101 2.800042 -47.101822
v -15.128692 2.457540 -47.544491
v -13.001848 2.112055 -47.929234
v -10.859165 1.763991 -48.255577
v -8.703249 1.413779 -48.523136
v -6.536735 1.061845 -48.731575
v -4.362250 0.708616 -48.880638
v -2.182455 0.354524 -48.970150
v -2.150294 0.493913 48.970150
v -4.297968 0.987225 48.880638
v -6.440410 1.479334 48.731575
v -8.574999 1.969639 48.523136
v -10.699146 2.457546 48.255577
v -12.810255 2.942459 47.929234
v -14.905758 3.423782 47.544491
v -16.983097 3.900943 47.101822
v -19.039745 4.373342 46.601772
v -21.073210 4.840422 46.044937
v -23.080976 5.301593 45.432011
v -25.060637 5.756320 44.763725
v -27.009762 6.204017 44.040909
v -28.925982 6.644161 43.264431
v -30.806961 7.076222 42.435246
v -32.650375 7.499646 41.554356
v -34.454056 7.913945 40.622841
v -36.215717 8.318590 39.641834
v -37.933292 8.713110 38.612530
v -39.604668 9.097012 37.536179
v -41.227764 9.469832 36.414097
v -42.800617 9.831108 35.247650
v -44.321354 10.180405 34.038261
v -45.788090 10.517319 32.787399
v -47.199001 10.841405 31.496593
v -48.552425 11.152280 30.167414
v -49.846684 11.449569 28.801477
v -51.080246 11.732906 27.400455
v -52.251514 12.001951 25.966047
v -53.359200 12.256356 24.500000
v -54.401840 12.495850 23.004108
v -55.378220 12.720135 21.480188
v -56.287106 12.928906 19.930098
v -57.127407 13.121895 18.355722
v -57.898113 13.298938 16.758987
v -58.598328 13.459773 15.141833
v -59.227097 13.604191 13.506232
v -59.783695 13.732051 11.854174
v -60.267479 13.843177 10.187674
v -60.677841 13.937433 8.508761
v -61.014290 14.014719 6.819483
v -61.276367 14.074899 5.121895
v -61.463829 14.117962 3.418067
v -61.576374 14.143822 1.710075
v -61.613922 14.152444 0.000000
v -61.576374 14.143822 -1.710075
v -61.463829 14.117962 -3.418067
v -61.276367 14.074899 -5.121895
v -61.014290 14.014719 -6.819483
v -60.677841 13.937433 -8.508761
v -60.267479 13.843177 -10.187674
v -59.783695 13.732051 -11.854174
v -59.227097 13.604191 -13.506232
v -58.598328 13.459773 -15.141833
v -57.898113 13.298938 -16.758987
v -57.127407 13.121895 -18.355722
v -56.287106 12.928906 -19.930098
v -55.378220 12.720135 -21.480188
v -54.401840 12.495850 -23.004108
v -53.359200 12.256356 -24.500000
v -52.251514 12.001951 -25.966047
v -51.080246 11.732906 -27.400455
v -49.846684 11.449569 -28.801477
v -48.552425 11.152280 -30.167414
v -47.199001 10.841405 -31.496593
v -45.788090 10.517319 -32.787399
v -44.321354 10.180405 -34.038261
v -42.800617 9.831108 -35.247650
v -41.227764 9.469832 -36.414097
v -39.604668 9.097012 -37.536179
v -37.933292 8.713110 -38.612530
v -36.215717 8.318590 -39.641834
v -34.454056 7.913945 -40.622841
v -32.650375 7.499646 -41.554356
v -30.806961 7.076222 -42.435246
v -28.925982 6.644161 -43.264431
v -27.009762 6.204017 -44.040909
v -25.060637 5.756320 -44.763725
v -23.080976 5.301593 -45.432011
v -21.073210 4.840422 -46.044937
v -19.039745 4.373342 -46.601772
v -16.983097 3.900943 -47.101822
v -14.905758 3.423782 -47.544491
v -12.810255 2.942459 -47.929234
v -10.699146 2.457546 -48.255577
v -8.574999 1.969639 -48.523136
v -6.440410 1.479334 -48.731575
v -4.297968 0.987225 -48.880638
v -2.150294 0.493913 -48.970150
v -2.107658 0.630896 48.970150
v -4.212748 1.261024 48.880638
v -6.312709 1.889616 48.731575
v -8.404973 2.515903 48.523136
v -10.487003 3.139128 48.255577
v -12.556252 3.758527 47.929234
v -14.610205 4.373343 47.544491
v -16.646357 4.982840 47.101822
v -18.662224 5.586256 46.601772
v -20.655367 6.182876 46.044937
v -22.623323 6.771951 45.432011
v -24.563730 7.352791 44.763725
v -26.474211 7.924655 44.040909
v -28.352434 8.486872 43.264431
v -30.196117 9.038757 42.435246
v -32.002979 9.579616 41.554356
v -33.770901 10.108817 40.622841
v -35.497627 10.625689 39.641834
v -37.181141 11.129624 38.612530
v -38.819382 11.619999 37.536179
v -40.410294 12.096219 36.414097
v -41.951962 12.557693 35.247650
v -43.442543 13.003866 34.038261
v -44.880196 13.434216 32.787399
v -46.263134 13.848186 31.496593
v -47.589722 14.245278 30.167414
v -48.858315 14.625017 28.801477
v -50.067421 14.986939 27.400455
v -51.215462 15.330598 25.966047
v -52.301189 15.655567 24.500000
v -53.323151 15.961481 23.004108
v -54.280174 16.247967 21.480188
v -55.171036 16.514639 19.930098
v -55.994675 16.761156 18.355722
v -56.750103 16.987299 16.758987
v -57.436432 17.192739 15.141833
v -58.052734 17.377213 13.506232
v -58.598297 17.540531 11.854174
v -59.072487 17.682476 10.187674
v -59.474712 17.802874 8.508761
v -59.804489 17.901592 6.819483
v -60.061371 17.978468 5.121895
v -60.245113 18.033472 3.418067
v -60.355427 18.066504 1.710075
v -60.392235 18.077515 0.000000
v -60.355427 18.066504 -1.710075
v -60.245113 18.033472 -3.418067
v -60.061371 17.978468 -5.121895
v -59.804489 17.901592 -6.819483
v -59.474712 17.802874 -8.508761
v -59.072487 17.682476 -10.187674
v -58.598297 17.540531 -11.854174
v -58.052734 17.377213 -13.506232
v -57.436432 17.192739 -15.141833
v -56.750103 16.987299 -16.758987
v -55.994675 16.761156 -18.355722
v -55.171036 16.514639 -19.930098
v -54.280174 16.247967 -21.480188
v -53.323151 15.961481 -23.004108
v -52.301189 15.655567 -24.500000
v -51.215462 15.330598 -25.966047
v -50.067421 14.986939 -27.400455
v -48.858315 14.625017 -28.801477
v -47.589722 14.245278 -30.167414
v -46.263134 13.848186 -31.496593
v -44.880196 13.434216 -32.787399
v -43.442543 13.003866 -34.038261
v -41.951962 12.557693 -35.247650
v -40.410294 12.096219 -36.414097
v -38.819382 11.619999 -37.536179
v -37.181141 11.129624 -38.612530
v -35.497627 10.625689 -39.641834
v -33.770901 10.108817 -40.622841
v -32.002979 9.579616 -41.554356
v -30.196117 9.038757 -42.435246
v -28.352434 8.486872 -43.264431
v -26.474211 7.924655 -44.040909
v -24.563730 7.352791 -44.763725
v -22.623323 6.771951 -45.432011
v -20.655367 6.182876 -46.044937
v -18.662224 5.586256 -46.601772
v -16.646357 4.982840 -47.101822
v -14.610205 4.373343 -47.544491
v -12.556252 3.758527 -47.929234
v -10.487003 3.139128 -48.255577
v -8.404973 2.515903 -48.523136
v -6.312709 1.889616 -48.731575
v -4.212748 1.261024 -48.880638
v -2.107658 0.630896 -48.970150
v -2.054753 0.764805 48.970150
v -4.107003 1.528680 48.880638
v -6.154253 2.290692 48.731575
v -8.193999 3.049911 48.523136
v -10.223767 3.805416 48.255577
v -12.241076 4.556285 47.929234
v -14.243472 5.301597 47.544491
v -16.228514 6.040461 47.101822
v -18.193779 6.771955 46.601772
v -20.136894 7.495208 46.044937
v -22.055454 8.209316 45.432011
v -23.947151 8.913439 44.763725
v -25.809677 9.606686 44.040909
v -27.640755 10.288234 43.264431
v -29.438160 10.957258 42.435246
v -31.199667 11.612915 41.554356
v -32.923206 12.254439 40.622841
v -34.606598 12.881020 39.641834
v -36.247856 13.491917 38.612530
v -37.844971 14.086376 37.536179
v -39.395950 14.663674 36.414097
v -40.898918 15.223096 35.247650
v -42.352089 15.763974 34.038261
v -43.753651 16.285666 32.787399
v -45.101875 16.787498 31.496593
v -46.395168 17.268877 30.167414
v -47.631916 17.729216 28.801477
v -48.810669 18.167955 27.400455
v -49.929890 18.584555 25.966047
v -50.988369 18.978506 24.500000
v -51.984680 19.349352 23.004108
v -52.917679 19.696640 21.480188
v -53.786179 20.019913 19.930098
v -54.589142 20.318760 18.355722
v -55.325607 20.592896 16.758987
v -55.994709 20.841944 15.141833
v -56.595547 21.065575 13.506232
v -57.127415 21.263554 11.854174
v -57.589703 21.435627 10.187674
v -57.981827 21.581581 8.508761
v -58.303326 21.701250 6.819483
v -58.553764 21.794447 5.121895
v -58.732895 21.861128 3.418067
v -58.840435 21.901167 1.710075
v -58.876320 21.914516 0.000000
v -58.840435 21.901167 -1.710075
v -58.732895 21.861128 -3.418067
v -58.553764 21.794447 -5.121895
v -58.303326 21.701250 -6.819483
v -57.981827 21.581581 -8.508761
v -57.589703 21.435627 -10.187674
v -57.127415 21.263554 -11.854174
v -56.595547 21.065575 -13.506232
v -55.994709 20.841944 -15.141833
v -55.325607 20.592896 -16.758987
v -54.589142 20.318760 -18.355722
v -53.786179 20.019913 -19.930098
v -52.917679 19.696640 -21.480188
v -51.984680 19.349352 -23.004108
v -50.988369 18.978506 -24.500000
v -49.929890 18.584555 -25.966047
v -48.810669 18.167955 -27.400455
v -47.631916 17.729216 -28.801477
v -46.395168 17.268877 -30.167414
v -45.101875 16.787498 -31.496593
v -43.753651 16.285666 -32.787399
v -42.352089 15.763974 -34.038261
v -40.898918 15.223096 -35.247650
v -39.395950 14.663674 -36.414097
v -37.844971 14.086376 -37.536179
v -36.247856 13.491917 -38.612530
v -34.606598 12.881020 -39.641834
v -32.923206 12.254439 -40.622841
v -31.199667 11.612915 -41.554356
v -29.438160 10.957258 -42.435246
v -27.640755 10.288234 -43.264431
v -25.809677 9.606686 -44.040909
v -23.947151 8.913439 -44.763725
v -22.055454 8.209316 -45.432011
v -20.136894 7.495208 -46.044937
v -18.193779 6.771955 -46.601772
v -16.228514 6.040461 -47.101822
v -14.243472 5.301597 -47.544491
v -12.241076 4.556285 -47.929234
v -10.223767 3.805416 -48.255577
v -8.193999 3.049911 -48.523136
v -6.154253 2.290692 -48.731575
v -4.107003 1.528680 -48.880638
v -2.054753 0.764805 -48.970150
v -1.991838 0.894989 48.970150
v -3.981249 1.788888 48.880638
v -5.965813 2.680608 48.731575
v -7.943105 3.569059 48.523136
v -9.910723 4.453165 48.255577
v -11.866262 5.331844 47.929234
v -13.807346 6.204023 47.544491
v -15.731606 7.068653 47.101822
v -17.636698 7.924660 46.601772
v -19.520315 8.771024 46.044937
v -21.380131 9.606688 45.432011
v -23.213905 10.430662 44.763725
v -25.019403 11.241913 44.040909
v -26.794413 12.039474 43.264431
v -28.536783 12.822376 42.435246
v -30.244354 13.589637 41.554356
v -31.915119 14.340361 40.622841
v -33.546967 15.073595 39.641834
v -35.137970 15.788477 38.612530
v -36.686184 16.484125 37.536179
v -38.189671 17.159691 36.414097
v -39.646622 17.814335 35.247650
v -41.055298 18.447283 34.038261
v -42.413944 19.057774 32.787399
v -43.720886 19.645025 31.496593
v -44.974579 20.208344 30.167414
v -46.173458 20.747038 28.801477
v -47.316120 21.260462 27.400455
v -48.401070 21.747971 25.966047
v -49.427135 22.208982 24.500000
v -50.392944 22.642954 23.004108
v -51.297379 23.049353 21.480188
v -52.139278 23.427650 19.930098
v -52.917660 23.777372 18.355722
v -53.631577 24.098169 16.758987
v -54.280186 24.389610 15.141833
v -54.862629 24.651306 13.506232
v -55.378208 24.882984 11.854174
v -55.826340 25.084347 10.187674
v -56.206463 25.255144 8.508761
v -56.518116 25.395184 6.819483
v -56.760883 25.504248 5.121895
v -56.934532 25.582277 3.418067
v -57.038780 25.629129 1.710075
v -57.073566 25.644753 0.000000
v -57.038780 25.629129 -1.710075
v -56.934532 25.582277 -3.418067
v -56.760883 25.504248 -5.121895
v -56.518116 25.395184 -6.819483
v -56.206463 25.255144 -8.508761
v -55.826340 25.084347 -10.187674
v -55.378208 24.882984 -11.854174
v -54.862629 24.651306 -13.506232
v -54.280186 24.389610 -15.141833
v -53.631577 24.098169 -16.758987
v -52.917660 23.777372 -18.355722
v -52.139278 23.427650 -19.930098
v -51.297379 23.049353 -21.480188
v -50.392944 22.642954 -23.004108
v -49.427135 22.208982 -24.500000
v -48.401070 21.747971 -25.966047
v -47.316120 21.260462 -27.400455
v -46.173458 20.747038 -28.801477
v -44.974579 20.208344 -30.167414
v -43.720886 19.645025 -31.496593
v -42.413944 19.057774 -32.787399
v -41.055298 18.447283 -34.038261
v -39.646622 17.814335 -35.247650
v -38.189671 17.159691 -36.414097
v -36.686184 16.484125 -37.536179
v -35.137970 15.788477 -38.612530
v -33.546967 15.073595 -39.641834
v -31.915119 14.340361 -40.622841
v -30.244354 13.589637 -41.554356
v -28.536783 12.822376 -42.435246
v -26.794413 12.039474 -43.264431
v -25.019403 11.241913 -44.040909
v -23.213905 10.430662 -44.763725
v -21.380131 9.606688 -45.432011
v -19.520315 8.771024 -46.044937
v -17.636698 7.924660 -46.601772
v -15.731606 7.068653 -47.101822
v -13.807346 6.204023 -47.544491
v -11.866262 5.331844 -47.929234
v -9.910723 4.453165 -48.255577
v -7.943105 3.569059 -48.523136
v -5.965813 2.680608 -48.731575
v -3.981249 1.788888 -48.880638
v -1.991838 0.894989 -48.970150
v -1.919219 1.020812 48.970150
v -3.836099 2.040380 48.880638
v -5.748310 3.057464 48.731575
v -7.653512 4.070819 48.523136
v -9.549394 5.079218 48.255577
v -11.433638 6.081428 47.929234
v -13.303953 7.076223 47.544491
v -15.158056 8.062407 47.101822
v -16.993692 9.038757 46.601772
v -18.808636 10.004107 46.044937
v -20.600647 10.957255 45.432011
v -22.367563 11.897069 44.763725
v -24.107235 12.822371 44.040909
v -25.817533 13.732059 43.264431
v -27.496378 14.625025 42.435246
v -29.141693 15.500153 41.554356
v -30.751547 16.356417 40.622841
v -32.323895 17.192732 39.641834
v -33.856895 18.008116 38.612530
v -35.348663 18.801565 37.536179
v -36.797333 19.572107 36.414097
v -38.201172 20.318787 35.247650
v -39.558487 21.040718 34.038261
v -40.867599 21.737032 32.787399
v -42.126892 22.406843 31.496593
v -43.334877 23.049355 30.167414
v -44.490047 23.663784 28.801477
v -45.591049 24.249386 27.400455
v -46.636444 24.805433 25.966047
v -47.625103 25.331263 24.500000
v -48.555698 25.826241 23.004108
v -49.427155 26.289776 21.480188
v -50.238365 26.721252 19.930098
v -50.988373 27.120144 18.355722
v -51.676254 27.486038 16.758987
v -52.301220 27.818451 15.141833
v -52.862423 28.116940 13.506232
v -53.359207 28.381187 11.854174
v -53.791004 28.610857 10.187674
v -54.157265 28.805668 8.508761
v -54.457558 28.965393 6.819483
v -54.691475 29.089794 5.121895
v -54.858791 29.178793 3.418067
v -54.959232 29.232229 1.710075
v -54.992756 29.250050 0.000000
v -54.959232 29.232229 -1.710075
v -54.858791 29.178793 -3.418067
v -54.691475 29.089794 -5.121895
v -54.457558 28.965393 -6.819483
v -54.157265 28.805668 -8.508761
v -53.791004 28.610857 -10.187674
v -53.359207 28.381187 -11.854174
v -52.862423 28.116940 -13.506232
v -52.301220 27.818451 -15.141833
v -51.676254 27.486038 -16.758987
v -50.988373 27.120144 -18.355722
v -50.238365 26.721252 -19.930098
v -49.427155 26.289776 -21.480188
v -48.555698 25.826241 -23.004108
v -47.625103 25.331263 -24.500000
v -46.636444 24.805433 -25.966047
v -45.591049 24.249386 -27.400455
v -44.490047 23.663784 -28.801477
v -43.334877 23.049355 -30.167414
v -42.126892 22.406843 -31.496593
v -40.867599 21.737032 -32.787399
v -39.558487 21.040718 -34.038261
v -38.201172 20.318787 -35.247650
v -36.797333 19.572107 -36.414097
v -35.348663 18.801565 -37.536179
v -33.856895 18.008116 -38.612530
v -32.323895 17.192732 -39.641834
v -30.751547 16.356417 -40.622841
v -29.141693 15.500153 -41.554356
v -27.496378 14.625025 -42.435246
v -25.817533 13.732059 -43.264431
v -24.107235 12.822371 -44.040909
v -22.367563 11.897069 -44.763725
v -20.600647 10.957255 -45.432011
v -18.808636 10.004107 -46.044937
v -16.993692 9.038757 -46.601772
v -15.158056 8.062407 -47.101822
v -13.303953 7.076223 -47.544491
v -11.433638 6.081428 -47.929234
v -9.549394 5.079218 -48.255577
v -7.653512 4.070819 -48.523136
v -5.748310 3.057464 -48.731575
v -3.836099 2.040380 -48.880638
v -1.919219 1.020812 -48.970150
v -1.837249 1.141661 48.970150
v -3.672260 2.281933 48.880638
v -5.502800 3.419425 48.731575
v -7.326632 4.552747 48.523136
v -9.141541 5.680526 48.255577
v -10.945310 6.801383 47.929234
v -12.735744 7.913949 47.544491
v -14.510659 9.016883 47.101822
v -16.267895 10.108819 46.601772
v -18.005322 11.188455 46.044937
v -19.720798 12.254440 45.432011
v -21.412249 13.305513 44.763725
v -23.077621 14.340361 44.040909
v -24.714872 15.357741 43.264431
v -26.322012 16.356422 42.435246
v -27.897057 17.335152 41.554356
v -29.438154 18.292786 40.622841
v -30.943350 19.228109 39.641834
v -32.410873 20.140024 38.612530
v -33.838928 21.027407 37.536179
v -35.225727 21.889168 36.414097
v -36.569607 22.724247 35.247650
v -37.868958 23.531645 34.038261
v -39.122154 24.310390 32.787399
v -40.327663 25.059496 31.496593
v -41.484055 25.778074 30.167414
v -42.589886 26.465240 28.801477
v -43.643867 27.120173 27.400455
v -44.644611 27.742046 25.966047
v -45.591042 28.330128 24.500000
v -46.481895 28.883705 23.004108
v -47.316132 29.402115 21.480188
v -48.092693 29.884670 19.930098
v -48.810669 30.330791 18.355722
v -49.469170 30.740000 16.758987
v -50.067440 31.111763 15.141833
v -50.604683 31.445589 13.506232
v -51.080246 31.741123 11.854174
v -51.493603 31.997980 10.187674
v -51.844215 32.215855 8.508761
v -52.131687 32.394489 6.819483
v -52.355610 32.533619 5.121895
v -52.515781 32.633152 3.418067
v -52.611935 32.692913 1.710075
v -52.644024 32.712845 0.000000
v -52.611935 32.692913 -1.710075
v -52.515781 32.633152 -3.418067
v -52.355610 32.533619 -5.121895
v -52.131687 32.394489 -6.819483
v -51.844215 32.215855 -8.508761
v -51.493603 31.997980 -10.187674
v -51.080246 31.741123 -11.854174
v -50.604683 31.445589 -13.506232
v -50.067440 31.111763 -15.141833
v -49.469170 30.740000 -16.758987
v -48.810669 30.330791 -18.355722
v -48.092693 29.884670 -19.930098
v -47.316132 29.402115 -21.480188
v -46.481895 28.883705 -23.004108
v -45.591042 28.330128 -24.500000
v -44.644611 27.742046 -25.966047
v -43.643867 27.120173 -27.400455
v -42.589886 26.465240 -28.801477
v -41.484055 25.778074 -30.167414
v -40.327663 25.059496 -31.496593
v -39.122154 24.310390 -32.787399
v -37.868958 23.531645 -34.038261
v -36.569607 22.724247 -35.247650
v -35.225727 21.889168 -36.414097
v -33.838928 21.027407 -37.536179
v -32.410873 20.140024 -38.612530
v -30.943350 19.228109 -39.641834
v -29.438154 18.292786 -40.622841
v -27.897057 17.335152 -41.554356
v -26.322012 16.356422 -42.435246
v -24.714872 15.357741 -43.264431
v -23.077621 14.340361 -44.040909
v -21.412249 13.305513 -44.763725
v -19.720798 12.254440 -45.432011
v -18.005322 11.188455 -46.044937
v -16.267895 10.108819 -46.601772
v -14.510659 9.016883 -47.101822
v -12.735744 7.913949 -47.544491
v -10.945310 6.801383 -47.929234
v -9.141541 5.680526 -48.255577
v -7.326632 4.552747 -48.523136
v -5.502800 3.419425 -48.731575
v -3.672260 2.281933 -48.880638
v -1.837249 1.141661 -48.970150
v -1.746329 1.256949 48.970150
v -3.490530 2.512367 48.880638
v -5.230483 3.764727 48.731575
v -6.964058 5.012495 48.523136
v -8.689152 6.254159 48.255577
v -10.403657 7.488204 47.929234
v -12.105489 8.713119 47.544491
v -13.792566 9.927429 47.101822
v -15.462842 11.129633 46.601772
v -17.114290 12.318292 46.044937
v -18.744871 13.491923 45.432011
v -20.352615 14.649137 44.763725
v -21.935574 15.788486 44.040909
v -23.491802 16.908604 43.264431
v -25.019411 18.008133 42.435246
v -26.516508 19.085695 41.554356
v -27.981342 20.140036 40.622841
v -29.412050 21.169811 39.641834
v -30.806950 22.173813 38.612530
v -32.164337 23.150806 37.536179
v -33.482502 24.099588 36.414097
v -34.759876 25.018995 35.247650
v -35.994930 25.907928 34.038261
v -37.186104 26.765312 32.787399
v -38.331955 27.590065 31.496593
v -39.431122 28.381207 30.167414
v -40.482235 29.137764 28.801477
v -41.484055 29.858831 27.400455
v -42.435272 30.543505 25.966047
v -43.334869 31.190973 24.500000
v -44.181637 31.800451 23.004108
v -44.974586 32.371212 21.480188
v -45.712715 32.902496 19.930098
v -46.395168 33.393669 18.355722
v -47.021080 33.844196 16.758987
v -47.589745 34.253502 15.141833
v -48.100399 34.621040 13.506232
v -48.552425 34.946419 11.854174
v -48.945328 35.229210 10.187674
v -49.278591 35.469086 8.508761
v -49.551834 35.665760 6.819483
v -49.764675 35.818943 5.121895
v -49.916920 35.928528 3.418067
v -50.008316 35.994320 1.710075
v -50.038822 36.016266 0.000000
v -50.008316 35.994320 -1.710075
v -49.916920 35.928528 -3.418067
v -49.764675 35.818943 -5.121895
v -49.551834 35.665760 -6.819483
v -49.278591 35.469086 -8.508761
v -48.945328 35.229210 -10.187674
v -48.552425 34.946419 -11.854174
v -48.100399 34.621040 -13.506232
v -47.589745 34.253502 -15.141833
v -47.021080 33.844196 -16.758987
v -46.395168 33.393669 -18.355722
v -45.712715 32.902496 -19.930098
v -44.974586 32.371212 -21.480188
v -44.181637 31.800451 -23.004108
v -43.334869 31.190973 -24.500000
v -42.435272 30.543505 -25.966047
v -41.484055 29.858831 -27.400455
v -40.482235 29.137764 -28.801477
v -39.431122 28.381207 -30.167414
v -38.331955 27.590065 -31.496593
v -37.186104 26.765312 -32.787399
v -35.994930 25.907928 -34.038261
v -34.759876 25.018995 -35.247650
v -33.482502 24.099588 -36.414097
v -32.164337 23.150806 -37.536179
v -30.806950 22.173813 -38.612530
v -29.412050 21.169811 -39.641834
v -27.981342 20.140036 -40.622841
v -26.516508 19.085695 -41.554356
v -25.019411 18.008133 -42.435246
v -23.491802 16.908604 -43.264431
v -21.935574 15.788486 -44.040909
v -20.352615 14.649137 -44.763725
v -18.744871 13.491923 -45.432011
v -17.114290 12.318292 -46.044937
v -15.462842 11.129633 -46.601772
v -13.792566 9.927429 -47.101822
v -12.105489 8.713119 -47.544491
v -10.403657 7.488204 -47.929234
v -8.689152 6.254159 -48.255577
v -6.964058 5.012495 -48.523136
v -5.230483 3.764727 -48.731575
v -3.490530 2.512367 -48.880638
v -1.746329 1.256949 -48.970150
v -1.646901 1.366113 48.970150
v -3.291794 2.730562 48.880638
v -4.932682 4.091687 48.731575
v -6.567555 5.447822 48.523136
v -8.194430 6.797323 48.255577
v -9.811318 8.138541 47.929234
v -11.416256 9.469840 47.544491
v -13.007277 10.789609 47.101822
v -14.582456 12.096223 46.601772
v -16.139879 13.388115 46.044937
v -17.677622 14.663674 45.432011
v -19.193827 15.921390 44.763725
v -20.686659 17.159689 44.040909
v -22.154284 18.377087 43.264431
v -23.594913 19.572109 42.435246
v -25.006775 20.743258 41.554356
v -26.388208 21.889164 40.622841
v -27.737455 23.008373 39.641834
v -29.052937 24.099571 38.612530
v -30.333040 25.161417 37.536179
v -31.576155 26.192598 36.414097
v -32.780800 27.191854 35.247650
v -33.945538 28.157991 34.038261
v -35.068890 29.089838 32.787399
v -36.149502 29.986214 31.496593
v -37.186089 30.846067 30.167414
v -38.177353 31.668331 28.801477
v -39.122131 32.452023 27.400455
v -40.019192 33.196156 25.966047
v -40.867573 33.899860 24.500000
v -41.666126 34.562271 23.004108
v -42.413929 35.182598 21.480188
v -43.110035 35.760021 19.930098
v -43.753632 36.293854 18.355722
v -44.343906 36.783512 16.758987
v -44.880196 37.228363 15.141833
v -45.361774 37.627823 13.506232
v -45.788063 37.981453 11.854174
v -46.158592 38.288807 10.187674
v -46.472885 38.549519 8.508761
v -46.730568 38.763275 6.819483
v -46.931297 38.929760 5.121895
v -47.074871 39.048859 3.418067
v -47.161060 39.120369 1.710075
v -47.189827 39.144218 0.000000
v -47.161060 39.120369 -1.710075
v -47.074871 39.048859 -3.418067
v -46.931297 38.929760 -5.121895
v -46.730568 38.763275 -6.819483
v -46.472885 38.549519 -8.508761
v -46.158592 38.288807 -10.187674
v -45.788063 37.981453 -11.854174
v -45.361774 37.627823 -13.506232
v -44.880196 37.228363 -15.141833
v -44.343906 36.783512 -16.758987
v -43.753632 36.293854 -18.355722
v -43.110035 35.760021 -19.930098
v -42.413929 35.182598 -21.480188
v -41.666126 34.562271 -23.004108
v -40.867573 33.899860 -24.500000
v -40.019192 33.196156 -25.966047
v -39.122131 32.452023 -27.400455
v -38.177353 31.668331 -28.801477
v -37.186089 30.846067 -30.167414
v -36.149502 29.986214 -31.496593
v -35.068890 29.089838 -32.787399
v -33.945538 28.157991 -34.038261
v -32.780800 27.191854 -35.247650
v -31.576155 26.192598 -36.414097
v -30.333040 25.161417 -37.536179
v -29.052937 24.099571 -38.612530
v -27.737455 23.008373 -39.641834
v -26.388208 21.889164 -40.622841
v -25.006775 20.743258 -41.554356
v -23.594913 19.572109 -42.435246
v -22.154284 18.377087 -43.264431
v -20.686659 17.159689 -44.040909
v -19.193827 15.921390 -44.763725
v -17.677622 14.663674 -45.432011
v -16.139879 13.388115 -46.044937
v -14.582456 12.096223 -46.601772
v -13.007277 10.789609 -47.101822
v -11.416256 9.469840 -47.544491
v -9.811318 8.138541 -47.929234
v -8.194430 6.797323 -48.255577
v -6.567555 5.447822 -48.523136
v -4.932682 4.091687 -48.731575
v -3.291794 2.730562 -48.880638
v -1.646901 1.366113 -48.970150
v -1.539449 1.468621 48.970150
v -3.077021 2.935454 48.880638
v -4.610849 4.398713 48.731575
v -6.139056 5.856607 48.523136
v -7.659786 7.307371 48.255577
v -9.171180 8.749229 47.929234
v -10.671404 10.180425 47.544491
v -12.158620 11.599224 47.101822
v -13.631024 13.003881 46.601772
v -15.086834 14.392714 46.044937
v -16.524250 15.763987 45.432011
v -17.941528 17.116076 44.763725
v -19.336962 18.447294 44.040909
v -20.708830 19.756042 43.264431
v -22.055466 21.040733 42.435246
v -23.375210 22.299759 41.554356
v -24.666512 23.531651 40.622841
v -25.927729 24.734842 39.641834
v -27.157381 25.907919 38.612530
v -28.353966 27.049444 37.536179
v -29.515972 28.157999 36.414097
v -30.642023 29.232239 35.247650
v -31.730766 30.270872 34.038261
v -32.780823 31.272640 32.787399
v -33.790932 32.236275 31.496593
v -34.759884 33.160648 30.167414
v -35.686474 34.044613 28.801477
v -36.569611 34.887112 27.400455
v -37.408146 35.687080 25.966047
v -38.201176 36.443596 24.500000
v -38.947624 37.155704 23.004108
v -39.646637 37.822575 21.480188
v -40.297325 38.443329 19.930098
v -40.898933 39.017220 18.355722
v -41.450695 39.543617 16.758987
v -41.951996 40.021851 15.141833
v -42.402153 40.451286 13.506232
v -42.800625 40.831448 11.854174
v -43.146980 41.161869 10.187674
v -43.440765 41.442139 8.508761
v -43.681641 41.671936 6.819483
v -43.869267 41.850914 5.121895
v -44.003475 41.978951 3.418067
v -44.084042 42.055824 1.710075
v -44.110931 42.081467 0.000000
v -44.084042 42.055824 -1.710075
v -44.003475 41.978951 -3.418067
v -43.869267 41.850914 -5.121895
v -43.681641 41.671936 -6.819483
v -43.440765 41.442139 -8.508761
v -43.146980 41.161869 -10.187674
v -42.800625 40.831448 -11.854174
v -42.402153 40.451286 -13.506232
v -41.951996 40.021851 -15.141833
v -41.450695 39.543617 -16.758987
v -40.898933 39.017220 -18.355722
v -40.297325 38.443329 -19.930098
v -39.646637 37.822575 -21.480188
v -38.947624 37.155704 -23.004108
v -38.201176 36.443596 -24.500000
v -37.408146 35.687080 -25.966047
v -36.569611 34.887112 -27.400455
v -35.686474 34.044613 -28.801477
v -34.759884 33.160648 -30.167414
v -33.790932 32.236275 -31.496593
v -32.780823 31.272640 -32.787399
v -31.730766 30.270872 -34.038261
v -30.642023 29.232239 -35.247650
v -29.515972 28.157999 -36.414097
v -28.353966 27.049444 -37.536179
v -27.157381 25.907919 -38.612530
v -25.927729 24.734842 -39.641834
v -24.666512 23.531651 -40.622841
v -23.375210 22.299759 -41.554356
v -22.055466 21.040733 -42.435246
v -20.708830 19.756042 -43.264431
v -19.336962 18.447294 -44.040909
v -17.941528 17.116076 -44.763725
v -16.524250 15.763987 -45.432011
v -15.086834 14.392714 -46.044937
v -13.631024 13.003881 -46.601772
v -12.158620 11.599224 -47.101822
v -10.671404 10.180425 -47.544491
v -9.171180 8.749229 -47.929234
v -7.659786 7.307371 -48.255577
v -6.139056 5.856607 -48.523136
v -4.610849 4.398713 -48.731575
v -3.077021 2.935454 -48.880638
v -1.539449 1.468621 -48.970150
v -1.424497 1.563975 48.970150
v -2.847257 3.126045 48.880638
v -4.266553 4.684309 48.731575
v -5.680648 6.236861 48.523136
v -7.087824 7.781818 48.255577
v -8.486361 9.317292 47.929234
v -9.874562 10.841412 47.544491
v -11.250726 12.352328 47.101822
v -12.613185 13.848187 46.601772
v -13.960288 15.327191 46.044937
v -15.290371 16.787498 45.432011
v -16.601820 18.227373 44.763725
v -17.893057 19.645027 44.040909
v -19.162485 21.038746 43.264431
v -20.408567 22.406847 42.435246
v -21.629765 23.747620 41.554356
v -22.824644 25.059496 40.622841
v -23.991682 26.340807 39.641834
v -25.129519 27.590046 38.612530
v -26.236752 28.805689 37.536179
v -27.311991 29.986217 36.414097
v -28.353958 31.130205 35.247650
v -29.361408 32.236275 34.038261
v -30.333055 33.303085 32.787399
v -31.267735 34.329288 31.496593
v -32.164337 35.313679 30.167414
v -33.021736 36.255032 28.801477
v -33.838924 37.152229 27.400455
v -34.614849 38.004139 25.966047
v -35.348663 38.809776 24.500000
v -36.039375 39.568119 23.004108
v -36.686192 40.278286 21.480188
v -37.288292 40.939346 19.930098
v -37.844982 41.550503 18.355722
v -38.355537 42.111076 16.758987
v -38.819405 42.620358 15.141833
v -39.235947 43.077675 13.506232
v -39.604668 43.482517 11.854174
v -39.925159 43.834393 10.187674
v -40.197006 44.132862 8.508761
v -40.419895 44.377575 6.819483
v -40.593513 44.568176 5.121895
v -40.717705 44.704525 3.418067
v -40.792252 44.786392 1.710075
v -40.817135 44.813694 0.000000
v -40.792252 44.786392 -1.710075
v -40.717705 44.704525 -3.418067
v -40.593513 44.568176 -5.121895
v -40.419895 44.377575 -6.819483
v -40.197006 44.132862 -8.508761
v -39.925159 43.834393 -10.187674
v -39.604668 43.482517 -11.854174
v -39.235947 43.077675 -13.506232
v -38.819405 42.620358 -15.141833
v -38.355537 42.111076 -16.758987
v -37.844982 41.550503 -18.355722
v -37.288292 40.939346 -19.930098
v -36.686192 40.278286 -21.480188
v -36.039375 39.568119 -23.004108
v -35.348663 38.809776 -24.500000
v -34.614849 38.004139 -25.966047
v -33.838924 37.152229 -27.400455
v -33.021736 36.255032 -28.801477
v -32.164337 35.313679 -30.167414
v -31.267735 34.329288 -31.496593
v -30.333055 33.303085 -32.787399
v -29.361408 32.236275 -34.038261
v -28.353958 31.130205 -35.247650
v -27.311991 29.986217 -36.414097
v -26.236752 28.805689 -37.536179
v -25.129519 27.590046 -38.612530
v -23.991682 26.340807 -39.641834
v -22.824644 25.059496 -40.622841
v -21.629765 23.747620 -41.554356
v -20.408567 22.406847 -42.435246
v -19.162485 21.038746 -43.264431
v -17.893057 19.645027 -44.040909
v -16.601820 18.227373 -44.763725
v -15.290371 16.787498 -45.432011
v -13.960288 15.327191 -46.044937
v -12.613185 13.848187 -46.601772
v -11.250726 12.352328 -47.101822
v -9.874562 10.841412 -47.544491
v -8.486361 9.317292 -47.929234
v -7.087824 7.781818 -48.255577
v -5.680648 6.236861 -48.523136
v -4.266553 4.684309 -48.731575
v -2.847257 3.126045 -48.880638
v -1.424497 1.563975 -48.970150
v -1.302605 1.651709 48.970150
v -2.603622 3.301406 48.880638
v -3.901472 4.947083 48.731575
v -5.194564 6.586729 48.523136
v -6.481331 8.218353 48.255577
v -7.760197 9.839962 47.929234
v -9.029612 11.449580 47.544491
v -10.288020 13.045255 47.101822
v -11.533895 14.625026 46.601772
v -12.765729 16.186998 46.044937
v -13.982000 17.729223 45.432011
v -15.181227 19.249870 44.763725
v -16.361977 20.747049 44.040909
v -17.522783 22.218954 43.264431
v -18.662239 23.663797 42.435246
v -19.778942 25.079784 41.554356
v -20.871578 26.465252 40.622841
v -21.938751 27.818439 39.641834
v -22.979227 29.137758 38.612530
v -23.991716 30.421597 37.536179
v -24.974949 31.668348 36.414097
v -25.927755 32.876507 35.247650
v -26.849003 34.044628 34.038261
v -27.737505 35.171280 32.787399
v -28.592205 36.255047 31.496593
v -29.412085 37.294659 30.167414
v -30.196121 38.288818 28.801477
v -30.943384 39.236351 27.400455
v -31.652908 40.136047 25.966047
v -32.323936 40.986881 24.500000
v -32.955547 41.787766 23.004108
v -33.547012 42.537766 21.480188
v -34.097595 43.235912 19.930098
v -34.606651 43.881351 18.355722
v -35.073521 44.473370 16.758987
v -35.497688 45.011219 15.141833
v -35.878590 45.494190 13.506232
v -36.215759 45.921745 11.854174
v -36.508831 46.293358 10.187674
v -36.757416 46.608570 8.508761
v -36.961227 46.867016 6.819483
v -37.119991 47.068310 5.121895
v -37.233551 47.212307 3.418067
v -37.301723 47.298759 1.710075
v -37.324478 47.327595 0.000000
v -37.301723 47.298759 -1.710075
v -37.233551 47.212307 -3.418067
v -37.119991 47.068310 -5.121895
v -36.961227 46.867016 -6.819483
v -36.757416 46.608570 -8.508761
v -36.508831 46.293358 -10.187674
v -36.215759 45.921745 -11.854174
v -35.878590 45.494190 -13.506232
v -35.497688 45.011219 -15.141833
v -35.073521 44.473370 -16.758987
v -34.606651 43.881351 -18.355722
v -34.097595 43.235912 -19.930098
v -33.547012 42.537766 -21.480188
v -32.955547 41.787766 -23.004108
v -32.323936 40.986881 -24.500000
v -31.652908 40.136047 -25.966047
v -30.943384 39.236351 -27.400455
v -30.196121 38.288818 -28.801477
v -29.412085 37.294659 -30.167414
v -28.592205 36.255047 -31.496593
v -27.737505 35.171280 -32.787399
v -26.849003 34.044628 -34.038261
v -25.927755 32.876507 -35.247650
v -24.974949 31.668348 -36.414097
v -23.991716 30.421597 -37.536179
v -22.979227 29.137758 -38.612530
v -21.938751 27.818439 -39.641834
v -20.871578 26.465252 -40.622841
v -19.778942 25.079784 -41.554356
v -18.662239 23.663797 -42.435246
v -17.522783 22.218954 -43.264431
v -16.361977 20.747049 -44.040909
v -15.181227 19.249870 -44.763725
v -13.982000 17.729223 -45.432011
v -12.765729 16.186998 -46.044937
v -11.533895 14.625026 -46.601772
v -10.288020 13.045255 -47.101822
v -9.029612 11.449580 -47.544491
v -7.760197 9.839962 -47.929234
v -6.481331 8.218353 -48.255577
v -5.194564 6.586729 -48.523136
v -3.901472 4.947083 -48.731575
v -2.603622 3.301406 -48.880638
v -1.302605 1.651709 -48.970150
v 0.000000 0.000000 49.000000
v -1.174367 1.731396 48.970150
v -2.347302 3.460683 48.880638
v -3.517382 5.185756 48.731575
v -4.683174 6.904506 48.523136
v -5.843261 8.614850 48.255577
v -6.996225 10.314693 47.929234
v -8.140672 12.001966 47.544491
v -9.275191 13.674624 47.101822
v -10.398414 15.330614 46.601772
v -11.508976 16.967945 46.044937
v -12.605510 18.584576 45.432011
v -13.686674 20.178583 44.763725
v -14.751183 21.747993 44.040909
v -15.797710 23.290913 43.264431
v -16.824989 24.805462 42.435246
v -17.831757 26.289764 41.554356
v -18.816824 27.742073 40.622841
v -19.778940 29.160543 39.641834
v -20.716982 30.543514 38.612530
v -21.629795 31.889294 37.536179
v -22.516230 33.196194 36.414097
v -23.375235 34.462639 35.247650
v -24.205788 35.687115 34.038261
v -25.006821 36.868122 32.787399
v -25.777376 38.004177 31.496593
v -26.516539 39.093945 30.167414
v -27.223391 40.136066 28.801477
v -27.897087 41.129318 27.400455
v -28.536760 42.072418 25.966047
v -29.141733 42.964298 24.500000
v -29.711159 43.803822 23.004108
v -30.244394 44.590008 21.480188
v -30.740774 45.321831 19.930098
v -31.199717 45.998417 18.355722
v -31.620625 46.618992 16.758987
v -32.003036 47.182789 15.141833
v -32.346439 47.689068 13.506232
v -32.650410 48.137249 11.854174
v -32.914631 48.526791 10.187674
v -33.138741 48.857208 8.508761
v -33.322491 49.128120 6.819483
v -33.465626 49.339127 5.121895
v -33.568005 49.490074 3.418067
v -33.629467 49.580692 1.710075
v -33.649979 49.610924 0.000000
v -33.629467 49.580692 -1.710075
v -33.568005 49.490074 -3.418067
v -33.465626 49.339127 -5.121895
v -33.322491 49.128120 -6.819483
v -33.138741 48.857208 -8.508761
v -32.914631 48.526791 -10.187674
v -32.650410 48.137249 -11.854174
v -32.346439 47.689068 -13.506232
v -32.003036 47.182789 -15.141833
v -31.620625 46.618992 -16.758987
v -31.199717 45.998417 -18.355722
v -30.740774 45.321831 -19.930098
v -30.244394 44.590008 -21.480188
v -29.711159 43.803822 -23.004108
v -29.141733 42.964298 -24.500000
v -28.536760 42.072418 -25.966047
v -27.897087 41.129318 -27.400455
v -27.223391 40.136066 -28.801477
v -26.516539 39.093945 -30.167414
v -25.777376 38.004177 -31.496593
v -25.006821 36.868122 -32.787399
v -24.205788 35.687115 -34.038261
v -23.375235 34.462639 -35.247650
v -22.516230 33.196194 -36.414097
v -21.629795 31.889294 -37.536179
v -20.716982 30.543514 -38.612530
v -19.778940 29.160543 -39.641834
v -18.816824 27.742073 -40.622841
v -17.831757 26.289764 -41.554356
v -16.824989 24.805462 -42.435246
v -15.797710 23.290913 -43.264431
v -14.751183 21.747993 -44.040909
v -13.686674 20.178583 -44.763725
v -12.605510 18.584576 -45.432011
v -11.508976 16.967945 -46.044937
v -10.398414 15.330614 -46.601772
v -9.275191 13.674624 -47.101822
v -8.140672 12.001966 -47.544491
v -6.996225 10.314693 -47.929234
v -5.843261 8.614850 -48.255577
v -4.683174 6.904506 -48.523136
v -3.517382 5.185756 -48.731575
v -2.347302 3.460683 -48.880638
v -1.174367 1.731396 -48.970150
v -1.040407 1.802647 48.970150
v -2.079547 3.603099 48.880638
v -3.116156 5.399165 48.731575
v -4.148966 7.188646 48.523136
v -5.176723 8.969376 48.255577
v -6.198170 10.739172 47.929234
v -7.212070 12.495882 47.544491
v -8.217175 14.237373 47.101822
v -9.212273 15.961511 46.601772
v -10.196153 17.666222 46.044937
v -11.167606 19.349384 45.432011
v -12.125442 21.008987 44.763725
v -13.068523 22.642984 44.040909
v -13.995674 24.249399 43.264431
v -14.905770 25.826277 42.435246
v -15.797696 27.371662 41.554356
v -16.670397 28.883738 40.622841
v -17.522766 30.360582 39.641834
v -18.353806 31.800465 38.612530
v -19.162495 33.201626 37.536179
v -19.947815 34.562309 36.414097
v -20.708834 35.880871 35.247650
v -21.444649 37.155739 34.038261
v -22.154305 38.385345 32.787399
v -22.836964 39.568157 31.496593
v -23.491808 40.702770 30.167414
v -24.118032 41.787777 28.801477
v -24.714878 42.821907 27.400455
v -25.281584 43.803810 25.966047
v -25.817551 44.732399 24.500000
v -26.322021 45.606472 23.004108
v -26.794430 46.425007 21.480188
v -27.234188 47.186951 19.930098
v -27.640781 47.891384 18.355722
v -28.013676 48.537495 16.758987
v -28.352465 49.124493 15.141833
v -28.656696 49.651608 13.506232
v -28.925995 50.118229 11.854174
v -29.160072 50.523804 10.187674
v -29.358620 50.867817 8.508761
v -29.521410 51.149879 6.819483
v -29.648218 51.369572 5.121895
v -29.738920 51.526726 3.418067
v -29.793365 51.621078 1.710075
v -29.811541 51.652554 0.000000
v -29.793365 51.621078 -1.710075
v -29.738920 51.526726 -3.418067
v -29.648218 51.369572 -5.121895
v -29.521410 51.149879 -6.819483
v -29.358620 50.867817 -8.508761
v -29.160072 50.523804 -10.187674
v -28.925995 50.118229 -11.854174
v -28.656696 49.651608 -13.506232
v -28.352465 49.124493 -15.141833
v -28.013676 48.537495 -16.758987
v -27.640781 47.891384 -18.355722
v -27.234188 47.186951 -19.930098
v -26.794430 46.425007 -21.480188
v -26.322021 45.606472 -23.004108
v -25.817551 44.732399 -24.500000
v -25.281584 43.803810 -25.966047
v -24.714878 42.821907 -27.400455
v -24.118032 41.787777 -28.801477
v -23.491808 40.702770 -30.167414
v -22.836964 39.568157 -31.496593
v -22.154305 38.385345 -32.787399
v -21.444649 37.155739 -34.038261
v -20.708834 35.880871 -35.247650
v -19.947815 34.562309 -36.414097
v -19.162495 33.201626 -37.536179
v -18.353806 31.800465 -38.612530
v -17.522766 30.360582 -39.641834
v -16.670397 28.883738 -40.622841
v -15.797696 27.371662 -41.554356
v -14.905770 25.826277 -42.435246
v -13.995674 24.249399 -43.264431
v -13.068523 22.642984 -44.040909
v -12.125442 21.008987 -44.763725
v -11.167606 19.349384 -45.432011
v -10.196153 17.666222 -46.044937
v -9.212273 15.961511 -46.601772
v -8.217175 14.237373 -47.101822
v -7.212070 12.495882 -47.544491
v -6.198170 10.739172 -47.929234
v -5.176723 8.969376 -48.255577
v -4.148966 7.188646 -48.523136
v -3.116156 5.399165 -48.731575
v -2.079547 3.603099 -48.880638
v -1.040407 1.802647 -48.970150
v -0.901379 1.865117 48.970150
v -1.801660 3.727962 48.880638
v -2.699748 5.586269 48.731575
v -3.594546 7.437764 48.523136
v -4.484965 9.280203 48.255577
v -5.369916 11.111331 47.929234
v -6.248331 12.928919 47.544491
v -7.119124 14.730759 47.101822
v -7.981250 16.514647 46.601772
v -8.833655 18.278433 46.044937
v -9.675296 20.019922 45.432011
v -10.505135 21.737038 44.763725
v -11.322195 23.427662 44.040909
v -12.125452 25.089745 43.264431
v -12.913933 26.721268 42.435246
v -13.686671 28.320206 41.554356
v -14.442754 29.884684 40.622841
v -15.181221 31.412708 39.641834
v -15.901211 32.902489 38.612530
v -16.601835 34.352203 37.536179
v -17.282217 35.760040 36.414097
v -17.941540 37.124298 35.247650
v -18.579033 38.443348 34.038261
v -19.193855 39.715565 32.787399
v -19.785292 40.939362 31.496593
v -20.352629 42.113293 30.167414
v -20.895172 43.235901 28.801477
v -21.412260 44.305870 27.400455
v -21.903238 45.321800 25.966047
v -22.367586 46.282570 24.500000
v -22.804647 47.186932 23.004108
v -23.213926 48.033833 21.480188
v -23.594921 48.822178 19.930098
v -23.947184 49.551029 18.355722
v -24.270247 50.219528 16.758987
v -24.563765 50.826866 15.141833
v -24.827343 51.372246 13.506232
v -25.060654 51.855042 11.854174
v -25.263451 52.274670 10.187674
v -25.435467 52.630604 8.508761
v -25.576504 52.922443 6.819483
v -25.686365 53.149742 5.121895
v -25.764950 53.312351 3.418067
v -25.812119 53.409969 1.710075
v -25.827866 53.442535 0.000000
v -25.812119 53.409969 -1.710075
v -25.764950 53.312351 -3.418067
v -25.686365 53.149742 -5.121895
v -25.576504 52.922443 -6.819483
v -25.435467 52.630604 -8.508761
v -25.263451 52.274670 -10.187674
v -25.060654 51.855042 -11.854174
v -24.827343 51.372246 -13.506232
v -24.563765 50.826866 -15.141833
v -24.270247 50.219528 -16.758987
v -23.947184 49.551029 -18.355722
v -23.594921 48.822178 -19.930098
v -23.213926 48.033833 -21.480188
v -22.804647 47.186932 -23.004108
v -22.367586 46.282570 -24.500000
v -21.903238 45.321800 -25.966047
v -21.412260 44.305870 -27.400455
v -20.895172 43.235901 -28.801477
v -20.352629 42.113293 -30.167414
v -19.785292 40.939362 -31.496593
v -19.193855 39.715565 -32.787399
v -18.579033 38.443348 -34.038261
v -17.941540 37.124298 -35.247650
v -17.282217 35.760040 -36.414097
v -16.601835 34.352203 -37.536179
v -15.901211 32.902489 -38.612530
v -15.181221 31.412708 -39.641834
v -14.442754 29.884684 -40.622841
v -13.686671 28.320206 -41.554356
v -12.913933 26.721268 -42.435246
v -12.125452 25.089745 -43.264431
v -11.322195 23.427662 -44.040909
v -10.505135 21.737038 -44.763725
v -9.675296 20.019922 -45.432011
v -8.833655 18.278433 -46.044937
v -7.981250 16.514647 -46.601772
v -7.119124 14.730759 -47.101822
v -6.248331 12.928919 -47.544491
v -5.369916 11.111331 -47.929234
v -4.484965 9.280203 -48.255577
v -3.594546 7.437764 -48.523136
v -2.699748 5.586269 -48.731575
v -1.801660 3.727962 -48.880638
v -0.901379 1.865117 -48.970150
v -0.757959 1.918500 48.970150
v -1.514995 3.834663 48.880638
v -2.270188 5.746158 48.731575
v -3.022613 7.650645 48.523136
v -3.771356 9.545817 48.255577
v -4.515501 11.429357 47.929234
v -5.254151 13.298967 47.544491
v -5.986391 15.152377 47.101822
v -6.711342 16.987324 46.601772
v -7.428120 18.801592 46.044937
v -8.135847 20.592928 45.432011
v -8.833648 22.359188 44.763725
v -9.520706 24.098202 44.040909
v -10.196157 25.807858 43.264431
v -10.859179 27.486074 42.435246
v -11.508966 29.130779 41.554356
v -12.144748 30.740034 40.622841
v -12.765717 32.311790 39.641834
v -13.371148 33.844212 38.612530
v -13.960296 35.335426 37.536179
v -14.532420 36.783554 36.414097
v -15.086837 38.186859 35.247650
v -15.622900 39.543663 34.038261
v -16.139894 40.852291 32.787399
v -16.637228 42.111115 31.496593
v -17.114292 43.318649 30.167414
v -17.570513 44.473385 28.801477
v -18.005323 45.573978 27.400455
v -18.418182 46.618988 25.966047
v -18.808651 47.607258 24.500000
v -19.176170 48.537502 23.004108
v -19.520325 49.408646 21.480188
v -19.840702 50.219551 19.930098
v -20.136919 50.969265 18.355722
v -20.408577 51.656895 16.758987
v -20.655390 52.281616 15.141833
v -20.877033 52.842606 13.506232
v -21.073217 53.339222 11.854174
v -21.243748 53.770859 10.187674
v -21.388393 54.136978 8.508761
v -21.506989 54.437172 6.819483
v -21.599373 54.670982 5.121895
v -21.665455 54.838242 3.418067
v -21.705116 54.938652 1.710075
v -21.718359 54.972149 0.000000
v -21.705116 54.938652 -1.710075
v -21.665455 54.838242 -3.418067
v -21.599373 54.670982 -5.121895
v -21.506989 54.437172 -6.819483
v -21.388393 54.136978 -8.508761
v -21.243748 53.770859 -10.187674
v -21.073217 53.339222 -11.854174
v -20.877033 52.842606 -13.506232
v -20.655390 52.281616 -15.141833
v -20.408577 51.656895 -16.758987
v -20.136919 50.969265 -18.355722
v -19.840702 50.219551 -19.930098
v -19.520325 49.408646 -21.480188
v -19.176170 48.537502 -23.004108
v -18.808651 47.607258 -24.500000
v -18.418182 46.618988 -25.966047
v -18.005323 45.573978 -27.400455
v -17.570513 44.473385 -28.801477
v -17.114292 43.318649 -30.167414
v -16.637228 42.111115 -31.496593
v -16.139894 40.852291 -32.787399
v -15.622900 39.543663 -34.038261
v -15.086837 38.186859 -35.247650
v -14.532420 36.783554 -36.414097
v -13.960296 35.335426 -37.536179
v -13.371148 33.844212 -38.612530
v -12.765717 32.311790 -39.641834
v -12.144748 30.740034 -40.622841
v -11.508966 29.130779 -41.554356
v -10.859179 27.486074 -42.435246
v -10.196157 25.807858 -43.264431
v -9.520706 24.098202 -44.040909
v -8.833648 22.359188 -44.763725
v -8.135847 20.592928 -45.432011
v -7.428120 18.801592 -46.044937
v -6.711342 16.987324 -46.601772
v -5.986391 15.152377 -47.101822
v -5.254151 13.298967 -47.544491
v -4.515501 11.429357 -47.929234
v -3.771356 9.545817 -48.255577
v -3.022613 7.650645 -48.523136
v -2.270188 5.746158 -48.731575
v -1.514995 3.834663 -48.880638
v -0.757959 1.918500 -48.970150
v -0.610847 1.962536 48.970150
v -1.220949 3.922681 48.880638
v -1.829567 5.878052 48.731575
v -2.435954 7.826254 48.523136
v -3.039374 9.764927 48.255577
v -3.639088 11.691699 47.929234
v -4.234374 13.604223 47.544491
v -4.824492 15.500175 47.101822
v -5.408738 17.377239 46.601772
v -5.986397 19.233152 46.044937
v -6.556762 21.065605 45.432011
v -7.119124 22.872408 44.763725
v -7.672833 24.651337 44.040909
v -8.217186 26.400236 43.264431
v -8.751522 28.116974 42.435246
v -9.275191 29.799429 41.554356
v -9.787573 31.445620 40.622841
v -10.288017 33.053455 39.641834
v -10.775942 34.621048 38.612530
v -11.250742 36.146492 37.536179
v -11.711822 37.627861 36.414097
v -12.158632 39.063377 35.247650
v -12.590654 40.451328 34.038261
v -13.007303 41.789989 32.787399
v -13.408109 43.077705 31.496593
v -13.792578 44.312958 30.167414
v -14.160254 45.494202 28.801477
v -14.510669 46.620052 27.400455
v -14.843393 47.689049 25.966047
v -15.158082 48.700008 24.500000
v -15.454269 49.651604 23.004108
v -15.731625 50.542740 21.480188
v -15.989819 51.372261 19.930098
v -16.228546 52.139183 18.355722
v -16.447477 52.842598 16.758987
v -16.646389 53.481659 15.141833
v -16.825012 54.055523 13.506232
v -16.983116 54.563534 11.854174
v -17.120548 55.005081 10.187674
v -17.237120 55.379604 8.508761
v -17.332695 55.686687 6.819483
v -17.407152 55.925865 5.121895
v -17.460405 56.096962 3.418067
v -17.492369 56.199680 1.710075
v -17.503044 56.233948 0.000000
v -17.492369 56.199680 -1.710075
v -17.460405 56.096962 -3.418067
v -17.407152 55.925865 -5.121895
v -17.332695 55.686687 -6.819483
v -17.237120 55.379604 -8.508761
v -17.120548 55.005081 -10.187674
v -16.983116 54.563534 -11.854174
v -16.825012 54.055523 -13.506232
v -16.646389 53.481659 -15.141833
v -16.447477 52.842598 -16.758987
v -16.228546 52.139183 -18.355722
v -15.989819 51.372261 -19.930098
v -15.731625 50.542740 -21.480188
v -15.454269 49.651604 -23.004108
v -15.158082 48.700008 -24.500000
v -14.843393 47.689049 -25.966047
v -14.510669 46.620052 -27.400455
v -14.160254 45.494202 -28.801477
v -13.792578 44.312958 -30.167414
v -13.408109 43.077705 -31.496593
v -13.007303 41.789989 -32.787399
v -12.590654 40.451328 -34.038261
v -12.158632 39.063377 -35.247650
v -11.711822 37.627861 -36.414097
v -11.250742 36.146492 -37.536179
v -10.775942 34.621048 -38.612530
v -10.288017 33.053455 -39.641834
v -9.787573 31.445620 -40.622841
v -9.275191 29.799429 -41.554356
v -8.751522 28.116974 -42.435246
v -8.217186 26.400236 -43.264431
v -7.672833 24.651337 -44.040909
v -7.119124 22.872408 -44.763725
v -6.556762 21.065605 -45.432011
v -5.986397 19.233152 -46.044937
v -5.408738 17.377239 -46.601772
v -4.824492 15.500175 -47.101822
v -4.234374 13.604223 -47.544491
v -3.639088 11.691699 -47.929234
v -3.039374 9.764927 -48.255577
v -2.435954 7.826254 -48.523136
v -1.829567 5.878052 -48.731575
v -1.220949 3.922681 -48.880638
v -0.610847 1.962536 -48.970150
v -0.460759 1.997011 48.970150
v -0.920955 3.991589 48.880638
v -1.380032 5.981308 48.731575
v -1.837428 7.963734 48.523136
v -2.292584 9.936461 48.255577
v -2.744945 11.897080 47.929234
v -3.193967 13.843202 47.544491
v -3.639089 15.772458 47.101822
v -4.079783 17.682499 46.601772
v -4.515508 19.571011 46.044937
v -4.945733 21.435654 45.432011
v -5.369917 23.274195 44.763725
v -5.787579 25.084373 44.040909
v -6.198182 26.863995 43.264431
v -6.601227 28.610889 42.435246
v -6.996228 30.322901 41.554356
v -7.382714 31.998007 40.622841
v -7.760197 33.634087 39.641834
v -8.128237 35.229218 38.612530
v -8.486376 36.781460 37.536179
v -8.834167 38.288849 36.414097
v -9.171192 39.749580 35.247650
v -9.497067 41.161919 34.038261
v -9.811340 42.524094 32.787399
v -10.113666 43.834427 31.496593
v -10.403666 45.091377 30.167414
v -10.681004 46.293377 28.801477
v -10.945318 47.439003 27.400455
v -11.196291 48.526775 25.966047
v -11.433664 49.555492 24.500000
v -11.657075 50.523804 23.004108
v -11.866280 51.430595 21.480188
v -12.061034 52.274689 19.930098
v -12.241112 53.055084 18.355722
v -12.406246 53.770859 16.758987
v -12.556285 54.421146 15.141833
v -12.691022 55.005089 13.506232
v -12.810276 55.522022 11.854174
v -12.913939 55.971329 10.187674
v -13.001867 56.352428 8.508761
v -13.073959 56.664902 6.819483
v -13.130124 56.908283 5.121895
v -13.170291 57.082386 3.418067
v -13.194399 57.186909 1.710075
v -13.202454 57.221779 0.000000
v -13.194399 57.186909 -1.710075
v -13.170291 57.082386 -3.418067
v -13.130124 56.908283 -5.121895
v -13.073959 56.664902 -6.819483
v -13.001867 56.352428 -8.508761
v -12.913939 55.971329 -10.187674
v -12.810276 55.522022 -11.854174
v -12.691022 55.005089 -13.506232
v -12.556285 54.421146 -15.141833
v -12.406246 53.770859 -16.758987
v -12.241112 53.055084 -18.355722
v -12.061034 52.274689 -19.930098
v -11.866280 51.430595 -21.480188
v -11.657075 50.523804 -23.004108
v -11.433664 49.555492 -24.500000
v -11.196291 48.526775 -25.966047
v -10.945318 47.439003 -27.400455
v -10.681004 46.293377 -28.801477
v -10.403666 45.091377 -30.167414
v -10.113666 43.834427 -31.496593
v -9.811340 42.524094 -32.787399
v -9.497067 41.161919 -34.038261
v -9.171192 39.749580 -35.247650
v -8.834167 38.288849 -36.414097
v -8.486376 36.781460 -37.536179
v -8.128237 35.229218 -38.612530
v -7.760197 33.634087 -39.641834
v -7.382714 31.998007 -40.622841
v -6.996228 30.322901 -41.554356
v -6.601227 28.610889 -42.435246
v -6.198182 26.863995 -43.264431
v -5.787579 25.084373 -44.040909
v -5.369917 23.274195 -44.763725
v -4.945733 21.435654 -45.432011
v -4.515508 19.571011 -46.044937
v -4.079783 17.682499 -46.601772
v -3.639089 15.772458 -47.101822
v -3.193967 13.843202 -47.544491
v -2.744945 11.897080 -47.929234
v -2.292584 9.936461 -48.255577
v -1.837428 7.963734 -48.523136
v -1.380032 5.981308 -48.731575
v -0.920955 3.991589 -48.880638
v -0.460759 1.997011 -48.970150
v -0.308426 2.021756 48.970150
v -0.616475 4.041050 48.880638
v -0.923775 6.055424 48.731575
v -1.229949 8.062414 48.523136
v -1.534624 10.059587 48.255577
v -1.837429 12.044501 47.929234
v -2.137999 14.014737 47.544491
v -2.435957 15.967899 47.101822
v -2.730951 17.901608 46.601772
v -3.022620 19.813520 46.044937
v -3.310608 21.701269 45.432011
v -3.594548 23.562592 44.763725
v -3.874128 25.395203 44.040909
v -4.148980 27.196877 43.264431
v -4.418771 28.965416 42.435246
v -4.683179 30.698639 41.554356
v -4.941887 32.394505 40.622841
v -5.194569 34.050854 39.641834
v -5.440931 35.665752 38.612530
v -5.680665 37.237232 37.536179
v -5.913471 38.763298 36.414097
v -6.139071 40.242130 35.247650
v -6.357213 41.671967 34.038261
v -6.567577 43.051025 32.787399
v -6.769950 44.377590 31.496593
v -6.964069 45.650116 30.167414
v -7.149718 46.867012 28.801477
v -7.326643 48.026833 27.400455
v -7.494640 49.128082 25.966047
v -7.653542 50.169552 24.500000
v -7.803089 51.149864 23.004108
v -7.943123 52.067886 21.480188
v -8.073490 52.922443 19.930098
v -8.194038 53.712509 18.355722
v -8.304573 54.437149 16.758987
v -8.405008 55.095493 15.141833
v -8.495201 55.686672 13.506232
v -8.575024 56.210011 11.854174
v -8.644412 56.664886 10.187674
v -8.703270 57.050705 8.508761
v -8.751527 57.367054 6.819483
v -8.789126 57.613453 5.121895
v -8.816014 57.789711 3.418067
v -8.832149 57.895527 1.710075
v -8.837543 57.930832 0.000000
v -8.832149 57.895527 -1.710075
v -8.816014 57.789711 -3.418067
v -8.789126 57.613453 -5.121895
v -8.751527 57.367054 -6.819483
v -8.703270 57.050705 -8.508761
v -8.644412 56.664886 -10.187674
v -8.575024 56.210011 -11.854174
v -8.495201 55.686672 -13.506232
v -8.405008 55.095493 -15.141833
v -8.304573 54.437149 -16.758987
v -8.194038 53.712509 -18.355722
v -8.073490 52.922443 -19.930098
v -7.943123 52.067886 -21.480188
v -7.803089 51.149864 -23.004108
v -7.653542 50.169552 -24.500000
v -7.494640 49.128082 -25.966047
v -7.326643 48.026833 -27.400455
v -7.149718 46.867012 -28.801477
v -6.964069 45.650116 -30.167414
v -6.769950 44.377590 -31.496593
v -6.567577 43.051025 -32.787399
v -6.357213 41.671967 -34.038261
v -6.139071 40.242130 -35.247650
v -5.913471 38.763298 -36.414097
v -5.680665 37.237232 -37.536179
v -5.440931 35.665752 -38.612530
v -5.194569 34.050854 -39.641834
v -4.941887 32.394505 -40.622841
v -4.683179 30.698639 -41.554356
v -4.418771 28.965416 -42.435246
v -4.148980 27.196877 -43.264431
v -3.874128 25.395203 -44.040909
v -3.594548 23.562592 -44.763725
v -3.310608 21.701269 -45.432011
v -3.022620 19.813520 -46.044937
v -2.730951 17.901608 -46.601772
v -2.435957 15.967899 -47.101822
v -2.137999 14.014737 -47.544491
v -1.837429 12.044501 -47.929234
v -1.534624 10.059587 -48.255577
v -1.229949 8.062414 -48.523136
v -0.923775 6.055424 -48.731575
v -0.616475 4.041050 -48.880638
v -0.308426 2.021756 -48.970150
v -0.154590 2.036652 48.970150
v -0.308991 4.070823 48.880638
v -0.463016 6.100039 48.731575
v -0.616479 8.121816 48.523136
v -0.769189 10.133704 48.255577
v -0.920960 12.133243 47.929234
v -1.071615 14.117994 47.544491
v -1.220957 16.085546 47.101822
v -1.368815 18.033503 46.601772
v -1.515006 19.959503 46.044937
v -1.659355 21.861160 45.432011
v -1.801666 23.736195 44.763725
v -1.941803 25.582308 44.040909
v -2.079565 27.397257 43.264431
v -2.214788 29.178825 42.435246
v -2.347315 30.924818 41.554356
v -2.476984 32.633175 40.622841
v -2.603633 34.301731 39.641834
v -2.727118 35.928532 38.612530
v -2.847278 37.511585 37.536179
v -2.963965 39.048897 36.414097
v -3.077040 40.538620 35.247650
v -3.186385 41.978996 34.038261
v -3.291817 43.368214 32.787399
v -3.393252 44.704556 31.496593
v -3.490544 45.986454 30.167414
v -3.583599 47.212315 28.801477
v -3.672274 48.380684 27.400455
v -3.756476 49.490044 25.966047
v -3.836132 50.539192 24.500000
v -3.911087 51.526722 23.004108
v -3.981269 52.451508 21.480188
v -4.046613 53.312359 19.930098
v -4.107045 54.108250 18.355722
v -4.162442 54.838226 16.758987
v -4.212782 55.501419 15.141833
v -4.257993 56.096954 13.506232
v -4.297995 56.624153 11.854174
v -4.332771 57.082378 10.187674
v -4.362273 57.471039 8.508761
v -4.386457 57.789719 6.819483
v -4.405309 58.037933 5.121895
v -4.418785 58.215488 3.418067
v -4.426868 58.322086 1.710075
v -4.429575 58.357651 0.000000
v -4.426868 58.322086 -1.710075
v -4.418785 58.215488 -3.418067
v -4.405309 58.037933 -5.121895
v -4.386457 57.789719 -6.819483
v -4.362273 57.471039 -8.508761
v -4.332771 57.082378 -10.187674
v -4.297995 56.624153 -11.854174
v -4.257993 56.096954 -13.506232
v -4.212782 55.501419 -15.141833
v -4.162442 54.838226 -16.758987
v -4.107045 54.108250 -18.355722
v -4.046613 53.312359 -19.930098
v -3.981269 52.451508 -21.480188
v -3.911087 51.526722 -23.004108
v -3.836132 50.539192 -24.500000
v -3.756476 49.490044 -25.966047
v -3.672274 48.380684 -27.400455
v -3.583599 47.212315 -28.801477
v -3.490544 45.986454 -30.167414
v -3.393252 44.704556 -31.496593
v -3.291817 43.368214 -32.787399
v -3.186385 41.978996 -34.038261
v -3.077040 40.538620 -35.247650
v -2.963965 39.048897 -36.414097
v -2.847278 37.511585 -37.536179
v -2.727118 35.928532 -38.612530
v -2.603633 34.301731 -39.641834
v -2.476984 32.633175 -40.622841
v -2.347315 30.924818 -41.554356
v -2.214788 29.178825 -42.435246
v -2.079565 27.397257 -43.264431
v -1.941803 25.582308 -44.040909
v -1.801666 23.736195 -44.763725
v -1.659355 21.861160 -45.432011
v -1.515006 19.959503 -46.044937
v -1.368815 18.033503 -46.601772
v -1.220957 16.085546 -47.101822
v -1.071615 14.117994 -47.544491
v -0.920960 12.133243 -47.929234
v -0.769189 10.133704 -48.255577
v -0.616479 8.121816 -48.523136
v -0.463016 6.100039 -48.731575
v -0.308991 4.070823 -48.880638
v -0.154590 2.036652 -48.970150
v -0.000001 2.041626 48.970150
v -0.000001 4.080763 48.880638
v -0.000002 6.114935 48.731575
v -0.000005 8.141648 48.523136
v -0.000006 10.158450 48.255577
v -0.000005 12.162871 47.929234
v -0.000011 14.152470 47.544491
v -0.000008 16.124826 47.101822
v -0.000009 18.077539 46.601772
v -0.000010 20.008244 46.044937
v -0.000017 21.914545 45.432011
v -0.000007 23.794157 44.763725
v -0.000017 25.644779 44.040909
v -0.000019 27.464161 43.264431
v -0.000014 29.250080 42.435246
v -0.000014 31.000336 41.554356
v -0.000013 32.712864 40.622841
v -0.000013 34.385494 39.641834
v -0.000018 36.016266 38.612530
v -0.000018 37.603184 37.536179
v -0.000018 39.144257 36.414097
v -0.000019 40.637619 35.247650
v -0.000034 42.081509 34.038261
v -0.000020 43.474117 32.787399
v -0.000022 44.813717 31.496593
v -0.000013 46.098751 30.167414
v -0.000021 47.327610 28.801477
v -0.000013 48.498825 27.400455
v -0.000010 49.610897 25.966047
v -0.000033 50.662609 24.500000
v -0.000031 51.652550 23.004108
v -0.000018 52.579590 21.480188
v -0.000020 53.442543 19.930098
v -0.000042 54.240383 18.355722
v -0.000031 54.972141 16.758987
v -0.000033 55.636955 15.141833
v -0.000040 56.233944 13.506232
v -0.000026 56.762424 11.854174
v -0.000022 57.221767 10.187674
v -0.000022 57.611382 8.508761
v -0.000018 57.930836 6.819483
v -0.000029 58.179661 5.121895
v -0.000027 58.357647 3.418067
v -0.000020 58.464504 1.710075
v -0.000028 58.500160 0.000000
v -0.000020 58.464504 -1.710075
v -0.000027 58.357647 -3.418067
v -0.000029 58.179661 -5.121895
v -0.000018 57.930836 -6.819483
v -0.000022 57.611382 -8.508761
v -0.000022 57.221767 -10.187674
v -0.000026 56.762424 -11.854174
v -0.000040 56.233944 -13.506232
v -0.000033 55.636955 -15.141833
v -0.000031 54.972141 -16.758987
v -0.000042 54.240383 -18.355722
v -0.000020 53.442543 -19.930098
v -0.000018 52.579590 -21.480188
v -0.000031 51.652550 -23.004108
v -0.000033 50.662609 -24.500000
v -0.000010 49.610897 -25.966047
v -0.000013 48.498825 -27.400455
v -0.000021 47.327610 -28.801477
v -0.000013 46.098751 -30.167414
v -0.000022 44.813717 -31.496593
v -0.000020 43.474117 -32.787399
v -0.000034 42.081509 -34.038261
v -0.000019 40.637619 -35.247650
v -0.000018 39.144257 -36.414097
v -0.000018 37.603184 -37.536179
v -0.000018 36.016266 -38.612530
v -0.000013 34.385494 -39.641834
v -0.000013 32.712864 -40.622841
v -0.000014 31.000336 -41.554356
v -0.000014 29.250080 -42.435246
v -0.000019 27.464161 -43.264431
v -0.000017 25.644779 -44.040909
v -0.000007 23.794157 -44.763725
v -0.000017 21.914545 -45.432011
v -0.000010 20.008244 -46.044937
v -0.000009 18.077539 -46.601772
v -0.000008 16.124826 -47.101822
v -0.000011 14.152470 -47.544491
v -0.000005 12.162871 -47.929234
v -0.000006 10.158450 -48.255577
v -0.000005 8.141648 -48.523136
v -0.000002 6.114935 -48.731575
v -0.000001 4.080763 -48.880638
s 0
f 7962 40 7963
f 7936 14 7937
f 7990 66 67
f 7963 41 7964
f 7937 15 7938
f 7991 67 68
f 7964 42 7965
f 7938 16 7939
f 7992 68 69
f 7965 43 7966
f 7939 17 7940
f 7993 69 70
f 7966 44 7967
f 7940 18 7941
f 7994 70 71
f 7967 45 7968
f 7941 19 7942
f 7995 71 72
f 7968 46 7969
f 7942 20 7943
f 7996 72 73
f 7970 46 47
f 7943 21 7944
f 7997 73 74
f 7971 47 48
f 7944 22 7945
f 7998 74 75
f 7972 48 49
f 7945 23 7946
f 7999 75 76
f 7973 49 50
f 7946 24 7947
f 8000 76 77
f 7974 50 51
f 7947 25 7948
f 8001 77 78
f 7975 51 52
f 7948 26 7949
f 8002 78 79
f 7976 52 53
f 7949 27 7950
f 8003 79 80
f 7977 53 54
f 7950 28 7951
f 7925 7212 2
f 8004 80 81
f 7978 54 55
f 7951 29 7952
f 7925 3 7926
f 8005 81 82
f 7979 55 56
f 7952 30 7953
f 7926 4 7927
f 8006 82 83
f 7980 56 57
f 7953 31 7954
f 7927 5 7928
f 8007 83 84
f 7981 57 58
f 7954 32 7955
f 7928 6 7929
f 8008 84 85
f 7982 58 59
f 7955 33 7956
f 7929 7 7930
f 8009 85 86
f 7983 59 60
f 7956 34 7957
f 7930 8 7931
f 8010 86 87
f 7984 60 61
f 7957 35 7958
f 7931 9 7932
f 8011 87 88
f 7985 61 62
f 7958 36 7959
f 7932 10 7933
f 8012 88 89
f 7986 62 63
f 7959 37 7960
f 7933 11 7934
f 1 89 90
f 7987 63 64
f 7960 38 7961
f 7934 12 7935
f 1337 1 90
f 7988 64 65
f 7961 39 7962
f 7935 13 7936
f 7989 65 66
f 80 170 81
f 54 144 55
f 29 117 118
f 3 91 92
f 81 171 82
f 55 145 56
f 30 118 119
f 4 92 93
f 82 172 83
f 56 146 57
f 30 120 31
f 5 93 94
f 83 173 84
f 57 147 58
f 32 120 121
f 6 94 95
f 84 174 85
f 59 147 148
f 33 121 122
f 7 95 96
f 85 175 86
f 59 149 60
f 33 123 34
f 8 96 97
f 86 176 87
f 60 150 61
f 35 123 124
f 8 98 9
f 87 177 88
f 61 151 62
f 36 124 125
f 10 98 99
f 88 178 89
f 62 152 63
f 36 126 37
f 11 99 100
f 89 179 90
f 63 153 64
f 38 126 127
f 12 100 101
f 1337 90 179
f 64 154 65
f 39 127 128
f 13 101 102
f 65 155 66
f 40 128 129
f 14 102 103
f 66 156 67
f 40 130 41
f 14 104 15
f 67 157 68
f 41 131 42
f 16 104 105
f 68 158 69
f 43 131 132
f 17 105 106
f 69 159 70
f 44 132 133
f 18 106 107
f 70 160 71
f 44 134 45
f 19 107 108
f 71 161 72
f 46 134 135
f 19 109 20
f 72 162 73
f 46 136 47
f 21 109 110
f 73 163 74
f 47 137 48
f 22 110 111
f 74 164 75
f 48 138 49
f 23 111 112
f 75 165 76
f 49 139 50
f 23 113 24
f 76 166 77
f 50 140 51
f 25 113 114
f 77 167 78
f 51 141 52
f 26 114 115
f 78 168 79
f 52 142 53
f 27 115 116
f 79 169 80
f 53 143 54
f 28 116 117
f 2 7212 91
f 119 209 120
f 94 182 183
f 172 262 173
f 146 236 147
f 120 210 121
f 94 184 95
f 173 263 174
f 147 237 148
f 121 211 122
f 96 184 185
f 174 264 175
f 148 238 149
f 122 212 123
f 96 186 97
f 175 265 176
f 149 239 150
f 124 212 213
f 98 186 187
f 176 266 177
f 151 239 240
f 125 213 214
f 99 187 188
f 177 267 178
f 151 241 152
f 126 214 215
f 100 188 189
f 178 268 179
f 152 242 153
f 126 216 127
f 101 189 190
f 1337 179 268
f 153 243 154
f 127 217 128
f 102 190 191
f 155 243 244
f 129 217 218
f 102 192 103
f 155 245 156
f 129 219 130
f 104 192 193
f 156 246 157
f 130 220 131
f 105 193 194
f 157 247 158
f 132 220 221
f 106 194 195
f 158 248 159
f 132 222 133
f 106 196 107
f 159 249 160
f 134 222 223
f 107 197 108
f 161 249 250
f 134 224 135
f 108 198 109
f 162 250 251
f 136 224 225
f 110 198 199
f 163 251 252
f 136 226 137
f 111 199 200
f 163 253 164
f 137 227 138
f 112 200 201
f 165 253 254
f 138 228 139
f 112 202 113
f 165 255 166
f 140 228 229
f 114 202 203
f 166 256 167
f 140 230 141
f 115 203 204
f 167 257 168
f 141 231 142
f 115 205 116
f 168 258 169
f 142 232 143
f 116 206 117
f 91 7212 180
f 169 259 170
f 144 232 233
f 117 207 118
f 92 180 181
f 170 260 171
f 144 234 145
f 119 207 208
f 92 182 93
f 171 261 172
f 145 235 146
f 263 353 264
f 238 326 327
f 212 300 301
f 186 274 275
f 264 354 265
f 238 328 239
f 212 302 213
f 187 275 276
f 265 355 266
f 240 328 329
f 214 302 303
f 188 276 277
f 266 356 267
f 240 330 241
f 215 303 304
f 188 278 189
f 267 357 268
f 241 331 242
f 215 305 216
f 189 279 190
f 1337 268 357
f 243 331 332
f 216 306 217
f 190 280 191
f 244 332 333
f 218 306 307
f 191 281 192
f 244 334 245
f 218 308 219
f 192 282 193
f 246 334 335
f 219 309 220
f 194 282 283
f 246 336 247
f 220 310 221
f 195 283 284
f 247 337 248
f 221 311 222
f 196 284 285
f 248 338 249
f 223 311 312
f 196 286 197
f 249 339 250
f 223 313 224
f 197 287 198
f 251 339 340
f 225 313 314
f 199 287 288
f 252 340 341
f 225 315 226
f 200 288 289
f 252 342 253
f 227 315 316
f 201 289 290
f 253 343 254
f 227 317 228
f 202 290 291
f 254 344 255
f 229 317 318
f 202 292 203
f 256 344 345
f 229 319 230
f 204 292 293
f 256 346 257
f 230 320 231
f 204 294 205
f 258 346 347
f 231 321 232
f 205 295 206
f 180 7212 269
f 258 348 259
f 233 321 322
f 206 296 207
f 181 269 270
f 260 348 349
f 233 323 234
f 208 296 297
f 182 270 271
f 260 350 261
f 234 324 235
f 208 298 209
f 183 271 272
f 261 351 262
f 235 325 236
f 210 298 299
f 184 272 273
f 263 351 352
f 236 326 237
f 210 300 211
f 185 273 274
f 329 417 418
f 302 392 303
f 277 365 366
f 355 445 356
f 329 419 330
f 304 392 393
f 278 366 367
f 356 446 357
f 330 420 331
f 304 394 305
f 279 367 368
f 1337 357 446
f 331 421 332
f 306 394 395
f 279 369 280
f 333 421 422
f 306 396 307
f 281 369 370
f 333 423 334
f 308 396 397
f 282 370 371
f 334 424 335
f 308 398 309
f 283 371 372
f 335 425 336
f 310 398 399
f 283 373 284
f 337 425 426
f 310 400 311
f 284 374 285
f 337 427 338
f 312 400 401
f 285 375 286
f 338 428 339
f 312 402 313
f 287 375 376
f 339 429 340
f 313 403 314
f 288 376 377
f 340 430 341
f 314 404 315
f 288 378 289
f 342 430 431
f 316 404 405
f 289 379 290
f 342 432 343
f 316 406 317
f 291 379 380
f 343 433 344
f 318 406 407
f 292 380 381
f 344 434 345
f 318 408 319
f 293 381 382
f 345 435 346
f 319 409 320
f 293 383 294
f 346 436 347
f 320 410 321
f 295 383 384
f 269 7212 358
f 347 437 348
f 322 410 411
f 295 385 296
f 270 358 359
f 348 438 349
f 322 412 323
f 297 385 386
f 271 359 360
f 349 439 350
f 323 413 324
f 297 387 298
f 271 361 272
f 350 440 351
f 324 414 325
f 299 387 388
f 272 362 273
f 352 440 441
f 325 415 326
f 299 389 300
f 274 362 363
f 352 442 353
f 327 415 416
f 301 389 390
f 275 363 364
f 354 442 443
f 327 417 328
f 301 391 302
f 276 364 365
f 354 444 355
f 368 456 457
f 1337 446 535
f 420 510 421
f 395 483 484
f 368 458 369
f 422 510 511
f 395 485 396
f 370 458 459
f 422 512 423
f 396 486 397
f 370 460 371
f 423 513 424
f 398 486 487
f 372 460 461
f 425 513 514
f 399 487 488
f 373 461 462
f 425 515 426
f 399 489 400
f 374 462 463
f 426 516 427
f 401 489 490
f 374 464 375
f 427 517 428
f 401 491 402
f 375 465 376
f 428 518 429
f 402 492 403
f 377 465 466
f 430 518 519
f 403 493 404
f 378 466 467
f 430 520 431
f 405 493 494
f 379 467 468
f 431 521 432
f 405 495 406
f 379 469 380
f 432 522 433
f 406 496 407
f 381 469 470
f 433 523 434
f 408 496 497
f 382 470 471
f 434 524 435
f 408 498 409
f 382 472 383
f 435 525 436
f 409 499 410
f 384 472 473
f 358 7212 447
f 437 525 526
f 411 499 500
f 384 474 385
f 359 447 448
f 438 526 527
f 411 501 412
f 386 474 475
f 360 448 449
f 438 528 439
f 412 502 413
f 386 476 387
f 361 449 450
f 439 529 440
f 414 502 503
f 388 476 477
f 362 450 451
f 440 530 441
f 414 504 415
f 388 478 389
f 362 452 363
f 441 531 442
f 416 504 505
f 390 478 479
f 363 453 364
f 443 531 532
f 416 506 417
f 390 480 391
f 365 453 454
f 443 533 444
f 418 506 507
f 392 480 481
f 366 454 455
f 444 534 445
f 418 508 419
f 393 481 482
f 366 456 367
f 445 535 446
f 420 508 509
f 393 483 394
f 511 601 512
f 485 575 486
f 460 548 549
f 512 602 513
f 487 575 576
f 461 549 550
f 514 602 603
f 488 576 577
f 462 550 551
f 514 604 515
f 488 578 489
f 463 551 552
f 515 605 516
f 490 578 579
f 463 553 464
f 517 605 606
f 490 580 491
f 464 554 465
f 518 606 607
f 491 581 492
f 465 555 466
f 519 607 608
f 492 582 493
f 467 555 556
f 519 609 520
f 493 583 494
f 468 556 557
f 521 609 610
f 494 584 495
f 468 558 469
f 521 611 522
f 496 584 585
f 469 559 470
f 522 612 523
f 496 586 497
f 471 559 560
f 523 613 524
f 497 587 498
f 471 561 472
f 525 613 614
f 498 588 499
f 473 561 562
f 447 7212 536
f 525 615 526
f 500 588 589
f 473 563 474
f 447 537 448
f 526 616 527
f 500 590 501
f 475 563 564
f 449 537 538
f 527 617 528
f 501 591 502
f 475 565 476
f 449 539 450
f 528 618 529
f 503 591 592
f 477 565 566
f 451 539 540
f 530 618 619
f 504 592 593
f 478 566 567
f 452 540 541
f 530 620 531
f 505 593 594
f 478 568 479
f 452 542 453
f 531 621 532
f 505 595 506
f 480 568 569
f 454 542 543
f 532 622 533
f 507 595 596
f 481 569 570
f 455 543 544
f 533 623 534
f 507 597 508
f 482 570 571
f 455 545 456
f 534 624 535
f 509 597 598
f 482 572 483
f 457 545 546
f 1337 535 624
f 509 599 510
f 484 572 573
f 457 547 458
f 511 599 600
f 484 574 485
f 459 547 548
f 576 666 577
f 551 639 640
f 603 693 604
f 577 667 578
f 551 641 552
f 604 694 605
f 579 667 668
f 552 642 553
f 606 694 695
f 580 668 669
f 554 642 643
f 607 695 696
f 580 670 581
f 554 644 555
f 608 696 697
f 581 671 582
f 556 644 645
f 609 697 698
f 583 671 672
f 556 646 557
f 609 699 610
f 583 673 584
f 557 647 558
f 610 700 611
f 584 674 585
f 559 647 648
f 612 700 701
f 585 675 586
f 560 648 649
f 612 702 613
f 586 676 587
f 560 650 561
f 613 703 614
f 587 677 588
f 562 650 651
f 536 7212 625
f 614 704 615
f 588 678 589
f 562 652 563
f 536 626 537
f 615 705 616
f 589 679 590
f 564 652 653
f 537 627 538
f 616 706 617
f 590 680 591
f 564 654 565
f 538 628 539
f 617 707 618
f 592 680 681
f 566 654 655
f 540 628 629
f 618 708 619
f 592 682 593
f 566 656 567
f 541 629 630
f 619 709 620
f 593 683 594
f 567 657 568
f 542 630 631
f 620 710 621
f 594 684 595
f 568 658 569
f 543 631 632
f 621 711 622
f 596 684 685
f 570 658 659
f 544 632 633
f 622 712 623
f 596 686 597
f 571 659 660
f 545 633 634
f 623 713 624
f 597 687 598
f 571 661 572
f 545 635 546
f 1337 624 713
f 598 688 599
f 572 662 573
f 546 636 547
f 600 688 689
f 574 662 663
f 548 636 637
f 600 690 601
f 574 664 575
f 548 638 549
f 601 691 602
f 576 664 665
f 550 638 639
f 603 691 692
f 695 783 784
f 668 758 669
f 642 732 643
f 695 785 696
f 670 758 759
f 643 733 644
f 696 786 697
f 670 760 671
f 645 733 734
f 697 787 698
f 672 760 761
f 645 735 646
f 698 788 699
f 673 761 762
f 646 736 647
f 699 789 700
f 673 763 674
f 648 736 737
f 701 789 790
f 675 763 764
f 649 737 738
f 701 791 702
f 675 765 676
f 649 739 650
f 702 792 703
f 676 766 677
f 651 739 740
f 625 7212 714
f 703 793 704
f 678 766 767
f 652 740 741
f 626 714 715
f 704 794 705
f 678 768 679
f 653 741 742
f 626 716 627
f 706 794 795
f 679 769 680
f 653 743 654
f 627 717 628
f 706 796 707
f 681 769 770
f 655 743 744
f 629 717 718
f 708 796 797
f 681 771 682
f 655 745 656
f 630 718 719
f 708 798 709
f 683 771 772
f 657 745 746
f 630 720 631
f 710 798 799
f 683 773 684
f 657 747 658
f 632 720 721
f 710 800 711
f 685 773 774
f 659 747 748
f 632 722 633
f 711 801 712
f 685 775 686
f 660 748 749
f 634 722 723
f 712 802 713
f 686 776 687
f 660 750 661
f 635 723 724
f 1337 713 802
f 687 777 688
f 662 750 751
f 635 725 636
f 689 777 778
f 663 751 752
f 637 725 726
f 689 779 690
f 663 753 664
f 637 727 638
f 690 780 691
f 665 753 754
f 639 727 728
f 692 780 781
f 665 755 666
f 640 728 729
f 693 781 782
f 666 756 667
f 640 730 641
f 693 783 694
f 668 756 757
f 642 730 731
f 785 875 786
f 759 849 760
f 734 822 823
f 786 876 787
f 760 850 761
f 734 824 735
f 787 877 788
f 761 851 762
f 735 825 736
f 788 878 789
f 762 852 763
f 737 825 826
f 790 878 879
f 764 852 853
f 738 826 827
f 790 880 791
f 764 854 765
f 738 828 739
f 791 881 792
f 765 855 766
f 740 828 829
f 714 7212 803
f 792 882 793
f 767 855 856
f 740 830 741
f 714 804 715
f 793 883 794
f 768 856 857
f 742 830 831
f 715 805 716
f 794 884 795
f 768 858 769
f 742 832 743
f 716 806 717
f 795 885 796
f 770 858 859
f 743 833 744
f 717 807 718
f 796 886 797
f 770 860 771
f 745 833 834
f 719 807 808
f 797 887 798
f 771 861 772
f 746 834 835
f 719 809 720
f 798 888 799
f 773 861 862
f 746 836 747
f 721 809 810
f 799 889 800
f 774 862 863
f 748 836 837
f 722 810 811
f 800 890 801
f 774 864 775
f 748 838 749
f 723 811 812
f 801 891 802
f 776 864 865
f 749 839 750
f 724 812 813
f 1337 802 891
f 776 866 777
f 751 839 840
f 725 813 814
f 778 866 867
f 752 840 841
f 726 814 815
f 778 868 779
f 752 842 753
f 726 816 727
f 779 869 780
f 754 842 843
f 728 816 817
f 781 869 870
f 754 844 755
f 729 817 818
f 782 870 871
f 755 845 756
f 730 818 819
f 782 872 783
f 757 845 846
f 730 820 731
f 784 872 873
f 757 847 758
f 732 820 821
f 784 874 785
f 759 847 848
f 732 822 733
f 827 915 916
f 879 969 880
f 854 942 943
f 827 917 828
f 880 970 881
f 854 944 855
f 829 917 918
f 803 7212 892
f 881 971 882
f 856 944 945
f 830 918 919
f 803 893 804
f 882 972 883
f 857 945 946
f 831 919 920
f 804 894 805
f 883 973 884
f 857 947 858
f 831 921 832
f 805 895 806
f 884 974 885
f 859 947 948
f 832 922 833
f 807 895 896
f 886 974 975
f 859 949 860
f 834 922 923
f 808 896 897
f 886 976 887
f 860 950 861
f 835 923 924
f 808 898 809
f 887 977 888
f 862 950 951
f 835 925 836
f 810 898 899
f 889 977 978
f 863 951 952
f 837 925 926
f 811 899 900
f 890 978 979
f 863 953 864
f 838 926 927
f 812 900 901
f 890 980 891
f 864 954 865
f 838 928 839
f 813 901 902
f 1337 891 980
f 865 955 866
f 840 928 929
f 814 902 903
f 867 955 956
f 841 929 930
f 815 903 904
f 867 957 868
f 842 930 931
f 815 905 816
f 868 958 869
f 843 931 932
f 817 905 906
f 869 959 870
f 843 933 844
f 817 907 818
f 871 959 960
f 844 934 845
f 819 907 908
f 871 961 872
f 846 934 935
f 820 908 909
f 873 961 962
f 846 936 847
f 820 910 821
f 873 963 874
f 848 936 937
f 821 911 822
f 874 964 875
f 848 938 849
f 823 911 912
f 875 965 876
f 850 938 939
f 823 913 824
f 876 966 877
f 851 939 940
f 824 914 825
f 877 967 878
f 851 941 852
f 826 914 915
f 879 967 968
f 852 942 853
f 971 1059 1060
f 945 1033 1034
f 918 1008 919
f 892 982 893
f 971 1061 972
f 946 1034 1035
f 920 1008 1009
f 894 982 983
f 973 1061 1062
f 946 1036 947
f 920 1010 921
f 895 983 984
f 973 1063 974
f 948 1036 1037
f 921 1011 922
f 896 984 985
f 975 1063 1064
f 948 1038 949
f 923 1011 1012
f 897 985 986
f 975 1065 976
f 949 1039 950
f 924 1012 1013
f 897 987 898
f 977 1065 1066
f 951 1039 1040
f 924 1014 925
f 899 987 988
f 977 1067 978
f 952 1040 1041
f 926 1014 1015
f 899 989 900
f 978 1068 979
f 952 1042 953
f 926 1016 927
f 901 989 990
f 979 1069 980
f 954 1042 1043
f 927 1017 928
f 901 991 902
f 1337 980 1069
f 954 1044 955
f 929 1017 1018
f 903 991 992
f 956 1044 1045
f 929 1019 930
f 904 992 993
f 956 1046 957
f 930 1020 931
f 904 994 905
f 957 1047 958
f 932 1020 1021
f 906 994 995
f 958 1048 959
f 932 1022 933
f 906 996 907
f 960 1048 1049
f 933 1023 934
f 908 996 997
f 960 1050 961
f 935 1023 1024
f 908 998 909
f 962 1050 1051
f 935 1025 936
f 910 998 999
f 962 1052 963
f 937 1025 1026
f 910 1000 911
f 964 1052 1053
f 937 1027 938
f 912 1000 1001
f 964 1054 965
f 939 1027 1028
f 912 1002 913
f 965 1055 966
f 940 1028 1029
f 914 1002 1003
f 966 1056 967
f 940 1030 941
f 915 1003 1004
f 968 1056 1057
f 942 1030 1031
f 916 1004 1005
f 968 1058 969
f 942 1032 943
f 916 1006 917
f 969 1059 970
f 943 1033 944
f 918 1006 1007
f 892 7212 981
f 1035 1125 1036
f 1009 1099 1010
f 983 1073 984
f 1062 1152 1063
f 1037 1125 1126
f 1010 1100 1011
f 985 1073 1074
f 1064 1152 1153
f 1038 1126 1127
f 1012 1100 1101
f 986 1074 1075
f 1064 1154 1065
f 1038 1128 1039
f 1012 1102 1013
f 986 1076 987
f 1065 1155 1066
f 1040 1128 1129
f 1014 1102 1103
f 988 1076 1077
f 1067 1155 1156
f 1041 1129 1130
f 1015 1103 1104
f 989 1077 1078
f 1067 1157 1068
f 1041 1131 1042
f 1015 1105 1016
f 990 1078 1079
f 1069 1157 1158
f 1042 1132 1043
f 1016 1106 1017
f 990 1080 991
f 1337 1069 1158
f 1043 1133 1044
f 1018 1106 1107
f 992 1080 1081
f 1045 1133 1134
f 1018 1108 1019
f 993 1081 1082
f 1045 1135 1046
f 1019 1109 1020
f 993 1083 994
f 1046 1136 1047
f 1021 1109 1110
f 995 1083 1084
f 1047 1137 1048
f 1021 1111 1022
f 995 1085 996
f 1049 1137 1138
f 1022 1112 1023
f 997 1085 1086
f 1049 1139 1050
f 1024 1112 1113
f 998 1086 1087
f 1051 1139 1140
f 1024 1114 1025
f 999 1087 1088
f 1051 1141 1052
f 1026 1114 1115
f 999 1089 1000
f 1052 1142 1053
f 1026 1116 1027
f 1001 1089 1090
f 1053 1143 1054
f 1028 1116 1117
f 1001 1091 1002
f 1055 1143 1144
f 1029 1117 1118
f 1003 1091 1092
f 1055 1145 1056
f 1029 1119 1030
f 1004 1092 1093
f 1057 1145 1146
f 1030 1120 1031
f 1005 1093 1094
f 1057 1147 1058
f 1032 1120 1121
f 1005 1095 1006
f 1058 1148 1059
f 1032 1122 1033
f 1007 1095 1096
f 981 7212 1070
f 1060 1148 1149
f 1033 1123 1034
f 1007 1097 1008
f 981 1071 982
f 1060 1150 1061
f 1035 1123 1124
f 1009 1097 1098
f 982 1072 983
f 1061 1151 1062
f 1075 1163 1164
f 1153 1243 1154
f 1127 1217 1128
f 1102 1190 1191
f 1075 1165 1076
f 1154 1244 1155
f 1128 1218 1129
f 1102 1192 1103
f 1077 1165 1166
f 1155 1245 1156
f 1130 1218 1219
f 1104 1192 1193
f 1077 1167 1078
f 1156 1246 1157
f 1130 1220 1131
f 1104 1194 1105
f 1079 1167 1168
f 1157 1247 1158
f 1132 1220 1221
f 1105 1195 1106
f 1079 1169 1080
f 1337 1158 1247
f 1132 1222 1133
f 1107 1195 1196
f 1081 1169 1170
f 1134 1222 1223
f 1107 1197 1108
f 1082 1170 1171
f 1134 1224 1135
f 1108 1198 1109
f 1082 1172 1083
f 1135 1225 1136
f 1110 1198 1199
f 1084 1172 1173
f 1136 1226 1137
f 1110 1200 1111
f 1084 1174 1085
f 1138 1226 1227
f 1111 1201 1112
f 1086 1174 1175
f 1138 1228 1139
f 1113 1201 1202
f 1086 1176 1087
f 1140 1228 1229
f 1113 1203 1114
f 1088 1176 1177
f 1140 1230 1141
f 1115 1203 1204
f 1088 1178 1089
f 1142 1230 1231
f 1115 1205 1116
f 1090 1178 1179
f 1142 1232 1143
f 1117 1205 1206
f 1090 1180 1091
f 1144 1232 1233
f 1118 1206 1207
f 1092 1180 1181
f 1144 1234 1145
f 1118 1208 1119
f 1093 1181 1182
f 1146 1234 1235
f 1120 1208 1209
f 1094 1182 1183
f 1146 1236 1147
f 1121 1209 1210
f 1094 1184 1095
f 1147 1237 1148
f 1121 1211 1122
f 1096 1184 1185
f 1070 7212 1159
f 1149 1237 1238
f 1123 1211 1212
f 1096 1186 1097
f 1071 1159 1160
f 1149 1239 1150
f 1124 1212 1213
f 1098 1186 1187
f 1072 1160 1161
f 1151 1239 1240
f 1124 1214 1125
f 1098 1188 1099
f 1073 1161 1162
f 1151 1241 1152
f 1125 1215 1126
f 1099 1189 1100
f 1074 1162 1163
f 1153 1241 1242
f 1126 1216 1127
f 1101 1189 1190
f 1244 1334 1245
f 1219 1307 1308
f 1193 1281 1282
f 1166 1256 1167
f 1245 1335 1246
f 1219 1309 1220
f 1193 1283 1194
f 1168 1256 1257
f 1246 1336 1247
f 1221 1309 1310
f 1194 1284 1195
f 1168 1258 1169
f 1337 1247 1336
f 1221 1311 1222
f 1196 1284 1285
f 1170 1258 1259
f 1223 1311 1312
f 1197 1285 1286
f 1171 1259 1260
f 1223 1313 1224
f 1197 1287 1198
f 1171 1261 1172
f 1224 1314 1225
f 1199 1287 1288
f 1173 1261 1262
f 1226 1314 1315
f 1199 1289 1200
f 1173 1263 1174
f 1227 1315 1316
f 1200 1290 1201
f 1175 1263 1264
f 1227 1317 1228
f 1202 1290 1291
f 1175 1265 1176
f 1229 1317 1318
f 1202 1292 1203
f 1177 1265 1266
f 1229 1319 1230
f 1204 1292 1293
f 1177 1267 1178
f 1231 1319 1320
f 1204 1294 1205
f 1179 1267 1268
f 1231 1321 1232
f 1206 1294 1295
f 1179 1269 1180
f 1233 1321 1322
f 1207 1295 1296
f 1180 1270 1181
f 1233 1323 1234
f 1207 1297 1208
f 1182 1270 1271
f 1235 1323 1324
f 1208 1298 1209
f 1183 1271 1272
f 1235 1325 1236
f 1209 1299 1210
f 1183 1273 1184
f 1236 1326 1237
f 1210 1300 1211
f 1185 1273 1274
f 1159 7212 1248
f 1237 1327 1238
f 1212 1300 1301
f 1185 1275 1186
f 1160 1248 1249
f 1238 1328 1239
f 1213 1301 1302
f 1187 1275 1276
f 1161 1249 1250
f 1240 1328 1329
f 1213 1303 1214
f 1187 1277 1188
f 1162 1250 1251
f 1240 1330 1241
f 1214 1304 1215
f 1188 1278 1189
f 1162 1252 1163
f 1242 1330 1331
f 1215 1305 1216
f 1190 1278 1279
f 1164 1252 1253
f 1242 1332 1243
f 1216 1306 1217
f 1191 1279 1280
f 1164 1254 1165
f 1243 1333 1244
f 1218 1306 1307
f 1191 1281 1192
f 1166 1254 1255
f 1283 1374 1284
f 1257 1348 1258
f 1337 1336 1426
f 1310 1401 1311
f 1285 1374 1375
f 1259 1348 1349
f 1312 1401 1402
f 1286 1375 1376
f 1260 1349 1350
f 1312 1403 1313
f 1287 1376 1377
f 1260 1351 1261
f 1313 1404 1314
f 1288 1377 1378
f 1262 1351 1352
f 1314 1405 1315
f 1288 1379 1289
f 1262 1353 1263
f 1316 1405 1406
f 1289 1380 1290
f 1264 1353 1354
f 1316 1407 1317
f 1291 1380 1381
f 1264 1355 1265
f 1318 1407 1408
f 1291 1382 1292
f 1266 1355 1356
f 1318 1409 1319
f 1293 1382 1383
f 1266 1357 1267
f 1320 1409 1410
f 1293 1384 1294
f 1268 1357 1358
f 1320 1411 1321
f 1295 1384 1385
f 1268 1359 1269
f 1322 1411 1412
f 1296 1385 1386
f 1270 1359 1360
f 1322 1413 1323
f 1296 1387 1297
f 1271 1360 1361
f 1324 1413 1414
f 1297 1388 1298
f 1272 1361 1362
f 1324 1415 1325
f 1298 1389 1299
f 1272 1363 1273
f 1325 1416 1326
f 1299 1390 1300
f 1274 1363 1364
f 1248 7212 1338
f 1327 1416 1417
f 1301 1390 1391
f 1274 1365 1275
f 1248 1339 1249
f 1327 1418 1328
f 1302 1391 1392
f 1276 1365 1366
f 1250 1339 1340
f 1329 1418 1419
f 1302 1393 1303
f 1276 1367 1277
f 1251 1340 1341
f 1329 1420 1330
f 1304 1393 1394
f 1278 1367 1368
f 1251 1342 1252
f 1331 1420 1421
f 1304 1395 1305
f 1279 1368 1369
f 1253 1342 1343
f 1331 1422 1332
f 1305 1396 1306
f 1280 1369 1370
f 1253 1344 1254
f 1333 1422 1423
f 1306 1397 1307
f 1280 1371 1281
f 1255 1344 1345
f 1333 1424 1334
f 1308 1397 1398
f 1282 1371 1372
f 1255 1346 1256
f 1335 1424 1425
f 1308 1399 1309
f 1282 1373 1283
f 1257 1346 1347
f 1335 1426 1336
f 1310 1399 1400
f 1402 1492 1403
f 1376 1466 1377
f 1350 1440 1351
f 1403 1493 1404
f 1378 1466 1467
f 1352 1440 1441
f 1404 1494 1405
f 1378 1468 1379
f 1352 1442 1353
f 1406 1494 1495
f 1379 1469 1380
f 1354 1442 1443
f 1406 1496 1407
f 1381 1469 1470
f 1354 1444 1355
f 1408 1496 1497
f 1381 1471 1382
f 1356 1444 1445
f 1408 1498 1409
f 1383 1471 1472
f 1356 1446 1357
f 1410 1498 1499
f 1383 1473 1384
f 1358 1446 1447
f 1410 1500 1411
f 1385 1473 1474
f 1358 1448 1359
f 1412 1500 1501
f 1386 1474 1475
f 1360 1448 1449
f 1412 1502 1413
f 1386 1476 1387
f 1361 1449 1450
f 1414 1502 1503
f 1388 1476 1477
f 1362 1450 1451
f 1414 1504 1415
f 1388 1478 1389
f 1362 1452 1363
f 1415 1505 1416
f 1389 1479 1390
f 1364 1452 1453
f 1338 7212 1427
f 1417 1505 1506
f 1391 1479 1480
f 1364 1454 1365
f 1339 1427 1428
f 1417 1507 1418
f 1392 1480 1481
f 1366 1454 1455
f 1340 1428 1429
f 1419 1507 1508
f 1392 1482 1393
f 1366 1456 1367
f 1340 1430 1341
f 1419 1509 1420
f 1394 1482 1483
f 1368 1456 1457
f 1341 1431 1342
f 1421 1509 1510
f 1394 1484 1395
f 1369 1457 1458
f 1343 1431 1432
f 1421 1511 1422
f 1395 1485 1396
f 1370 1458 1459
f 1343 1433 1344
f 1423 1511 1512
f 1396 1486 1397
f 1370 1460 1371
f 1345 1433 1434
f 1424 1512 1513
f 1398 1486 1487
f 1372 1460 1461
f 1345 1435 1346
f 1424 1514 1425
f 1398 1488 1399
f 1372 1462 1373
f 1347 1435 1436
f 1425 1515 1426
f 1400 1488 1489
f 1373 1463 1374
f 1347 1437 1348
f 1337 1426 1515
f 1400 1490 1401
f 1375 1463 1464
f 1349 1437 1438
f 1402 1490 1491
f 1376 1464 1465
f 1350 1438 1439
f 1494 1582 1583
f 1467 1557 1468
f 1441 1531 1442
f 1495 1583 1584
f 1468 1558 1469
f 1443 1531 1532
f 1495 1585 1496
f 1470 1558 1559
f 1443 1533 1444
f 1497 1585 1586
f 1470 1560 1471
f 1445 1533 1534
f 1497 1587 1498
f 1472 1560 1561
f 1445 1535 1446
f 1499 1587 1588
f 1472 1562 1473
f 1447 1535 1536
f 1499 1589 1500
f 1474 1562 1563
f 1447 1537 1448
f 1501 1589 1590
f 1475 1563 1564
f 1448 1538 1449
f 1501 1591 1502
f 1475 1565 1476
f 1450 1538 1539
f 1503 1591 1592
f 1476 1566 1477
f 1451 1539 1540
f 1503 1593 1504
f 1477 1567 1478
f 1451 1541 1452
f 1504 1594 1505
f 1478 1568 1479
f 1453 1541 1542
f 1427 7212 1516
f 1506 1594 1595
f 1480 1568 1569
f 1453 1543 1454
f 1428 1516 1517
f 1506 1596 1507
f 1481 1569 1570
f 1455 1543 1544
f 1428 1518 1429
f 1508 1596 1597
f 1481 1571 1482
f 1455 1545 1456
f 1429 1519 1430
f 1508 1598 1509
f 1483 1571 1572
f 1457 1545 1546
f 1430 1520 1431
f 1510 1598 1599
f 1483 1573 1484
f 1458 1546 1547
f 1432 1520 1521
f 1510 1600 1511
f 1484 1574 1485
f 1459 1547 1548
f 1432 1522 1433
f 1511 1601 1512
f 1485 1575 1486
f 1459 1549 1460
f 1434 1522 1523
f 1513 1601 1602
f 1487 1575 1576
f 1461 1549 1550
f 1434 1524 1435
f 1513 1603 1514
f 1487 1577 1488
f 1461 1551 1462
f 1436 1524 1525
f 1514 1604 1515
f 1489 1577 1578
f 1462 1552 1463
f 1436 1526 1437
f 1337 1515 1604
f 1489 1579 1490
f 1464 1552 1553
f 1438 1526 1527
f 1491 1579 1580
f 1465 1553 1554
f 1439 1527 1528
f 1491 1581 1492
f 1466 1554 1555
f 1439 1529 1440
f 1492 1582 1493
f 1467 1555 1556
f 1441 1529 1530
f 1532 1622 1533
f 1586 1674 1675
f 1559 1649 1560
f 1534 1622 1623
f 1586 1676 1587
f 1561 1649 1650
f 1534 1624 1535
f 1588 1676 1677
f 1561 1651 1562
f 1536 1624 1625
f 1588 1678 1589
f 1563 1651 1652
f 1536 1626 1537
f 1590 1678 1679
f 1564 1652 1653
f 1538 1626 1627
f 1590 1680 1591
f 1564 1654 1565
f 1539 1627 1628
f 1592 1680 1681
f 1566 1654 1655
f 1540 1628 1629
f 1593 1681 1682
f 1566 1656 1567
f 1540 1630 1541
f 1593 1683 1594
f 1567 1657 1568
f 1542 1630 1631
f 1516 7212 1605
f 1595 1683 1684
f 1568 1658 1569
f 1542 1632 1543
f 1517 1605 1606
f 1595 1685 1596
f 1570 1658 1659
f 1544 1632 1633
f 1518 1606 1607
f 1597 1685 1686
f 1570 1660 1571
f 1544 1634 1545
f 1518 1608 1519
f 1597 1687 1598
f 1572 1660 1661
f 1546 1634 1635
f 1520 1608 1609
f 1599 1687 1688
f 1572 1662 1573
f 1547 1635 1636
f 1521 1609 1610
f 1599 1689 1600
f 1573 1663 1574
f 1548 1636 1637
f 1521 1611 1522
f 1600 1690 1601
f 1574 1664 1575
f 1548 1638 1549
f 1523 1611 1612
f 1601 1691 1602
f 1576 1664 1665
f 1550 1638 1639
f 1523 1613 1524
f 1602 1692 1603
f 1576 1666 1577
f 1550 1640 1551
f 1525 1613 1614
f 1603 1693 1604
f 1578 1666 1667
f 1551 1641 1552
f 1525 1615 1526
f 1337 1604 1693
f 1578 1668 1579
f 1553 1641 1642
f 1527 1615 1616
f 1580 1668 1669
f 1554 1642 1643
f 1527 1617 1528
f 1580 1670 1581
f 1554 1644 1555
f 1528 1618 1529
f 1581 1671 1582
f 1556 1644 1645
f 1530 1618 1619
f 1583 1671 1672
f 1556 1646 1557
f 1530 1620 1531
f 1584 1672 1673
f 1557 1647 1558
f 1532 1620 1621
f 1584 1674 1585
f 1559 1647 1648
f 1625 1713 1714
f 1677 1767 1678
f 1652 1740 1741
f 1625 1715 1626
f 1679 1767 1768
f 1653 1741 1742
f 1626 1716 1627
f 1679 1769 1680
f 1653 1743 1654
f 1628 1716 1717
f 1681 1769 1770
f 1655 1743 1744
f 1629 1717 1718
f 1681 1771 1682
f 1655 1745 1656
f 1629 1719 1630
f 1682 1772 1683
f 1656 1746 1657
f 1631 1719 1720
f 1605 7212 1694
f 1684 1772 1773
f 1658 1746 1747
f 1631 1721 1632
f 1605 1695 1606
f 1684 1774 1685
f 1659 1747 1748
f 1633 1721 1722
f 1607 1695 1696
f 1686 1774 1775
f 1659 1749 1660
f 1633 1723 1634
f 1607 1697 1608
f 1686 1776 1687
f 1661 1749 1750
f 1635 1723 1724
f 1608 1698 1609
f 1688 1776 1777
f 1661 1751 1662
f 1636 1724 1725
f 1610 1698 1699
f 1688 1778 1689
f 1662 1752 1663
f 1637 1725 1726
f 1610 1700 1611
f 1689 1779 1690
f 1663 1753 1664
f 1637 1727 1638
f 1612 1700 1701
f 1690 1780 1691
f 1665 1753 1754
f 1639 1727 1728
f 1612 1702 1613
f 1691 1781 1692
f 1665 1755 1666
f 1639 1729 1640
f 1614 1702 1703
f 1692 1782 1693
f 1667 1755 1756
f 1640 1730 1641
f 1615 1703 1704
f 1337 1693 1782
f 1667 1757 1668
f 1642 1730 1731
f 1616 1704 1705
f 1669 1757 1758
f 1643 1731 1732
f 1617 1705 1706
f 1669 1759 1670
f 1643 1733 1644
f 1617 1707 1618
f 1670 1760 1671
f 1645 1733 1734
f 1619 1707 1708
f 1672 1760 1761
f 1645 1735 1646
f 1619 1709 1620
f 1673 1761 1762
f 1646 1736 1647
f 1621 1709 1710
f 1673 1763 1674
f 1648 1736 1737
f 1621 1711 1622
f 1675 1763 1764
f 1648 1738 1649
f 1623 1711 1712
f 1675 1765 1676
f 1650 1738 1739
f 1623 1713 1624
f 1677 1765 1766
f 1650 1740 1651
f 1768 1858 1769
f 1742 1832 1743
f 1717 1805 1806
f 1770 1858 1859
f 1743 1833 1744
f 1718 1806 1807
f 1770 1860 1771
f 1744 1834 1745
f 1718 1808 1719
f 1771 1861 1772
f 1745 1835 1746
f 1720 1808 1809
f 1694 7212 1783
f 1773 1861 1862
f 1746 1836 1747
f 1720 1810 1721
f 1695 1783 1784
f 1773 1863 1774
f 1748 1836 1837
f 1722 1810 1811
f 1696 1784 1785
f 1775 1863 1864
f 1748 1838 1749
f 1722 1812 1723
f 1697 1785 1786
f 1775 1865 1776
f 1750 1838 1839
f 1724 1812 1813
f 1698 1786 1787
f 1777 1865 1866
f 1750 1840 1751
f 1725 1813 1814
f 1699 1787 1788
f 1777 1867 1778
f 1751 1841 1752
f 1726 1814 1815
f 1699 1789 1700
f 1778 1868 1779
f 1752 1842 1753
f 1726 1816 1727
f 1701 1789 1790
f 1780 1868 1869
f 1754 1842 1843
f 1728 1816 1817
f 1701 1791 1702
f 1781 1869 1870
f 1754 1844 1755
f 1728 1818 1729
f 1703 1791 1792
f 1781 1871 1782
f 1756 1844 1845
f 1729 1819 1730
f 1703 1793 1704
f 1337 1782 1871
f 1756 1846 1757
f 1731 1819 1820
f 1705 1793 1794
f 1758 1846 1847
f 1732 1820 1821
f 1705 1795 1706
f 1758 1848 1759
f 1733 1821 1822
f 1706 1796 1707
f 1759 1849 1760
f 1734 1822 1823
f 1708 1796 1797
f 1761 1849 1850
f 1734 1824 1735
f 1708 1798 1709
f 1762 1850 1851
f 1735 1825 1736
f 1710 1798 1799
f 1762 1852 1763
f 1737 1825 1826
f 1710 1800 1711
f 1764 1852 1853
f 1737 1827 1738
f 1712 1800 1801
f 1764 1854 1765
f 1739 1827 1828
f 1712 1802 1713
f 1766 1854 1855
f 1739 1829 1740
f 1714 1802 1803
f 1766 1856 1767
f 1741 1829 1830
f 1714 1804 1715
f 1768 1856 1857
f 1742 1830 1831
f 1715 1805 1716
f 1833 1923 1834
f 1807 1897 1808
f 1860 1950 1861
f 1834 1924 1835
f 1809 1897 1898
f 1783 7212 1872
f 1862 1950 1951
f 1836 1924 1925
f 1809 1899 1810
f 1784 1872 1873
f 1862 1952 1863
f 1837 1925 1926
f 1811 1899 1900
f 1784 1874 1785
f 1864 1952 1953
f 1837 1927 1838
f 1811 1901 1812
f 1786 1874 1875
f 1864 1954 1865
f 1839 1927 1928
f 1813 1901 1902
f 1786 1876 1787
f 1866 1954 1955
f 1839 1929 1840
f 1814 1902 1903
f 1788 1876 1877
f 1866 1956 1867
f 1840 1930 1841
f 1815 1903 1904
f 1788 1878 1789
f 1867 1957 1868
f 1841 1931 1842
f 1815 1905 1816
f 1790 1878 1879
f 1868 1958 1869
f 1843 1931 1932
f 1817 1905 1906
f 1790 1880 1791
f 1869 1959 1870
f 1843 1933 1844
f 1817 1907 1818
f 1792 1880 1881
f 1870 1960 1871
f 1845 1933 1934
f 1818 1908 1819
f 1793 1881 1882
f 1337 1871 1960
f 1845 1935 1846
f 1820 1908 1909
f 1794 1882 1883
f 1847 1935 1936
f 1821 1909 1910
f 1794 1884 1795
f 1847 1937 1848
f 1822 1910 1911
f 1795 1885 1796
f 1848 1938 1849
f 1823 1911 1912
f 1797 1885 1886
f 1850 1938 1939
f 1823 1913 1824
f 1797 1887 1798
f 1851 1939 1940
f 1824 1914 1825
f 1799 1887 1888
f 1851 1941 1852
f 1826 1914 1915
f 1799 1889 1800
f 1853 1941 1942
f 1826 1916 1827
f 1801 1889 1890
f 1853 1943 1854
f 1828 1916 1917
f 1801 1891 1802
f 1855 1943 1944
f 1828 1918 1829
f 1803 1891 1892
f 1855 1945 1856
f 1830 1918 1919
f 1803 1893 1804
f 1857 1945 1946
f 1831 1919 1920
f 1804 1894 1805
f 1857 1947 1858
f 1831 1921 1832
f 1806 1894 1895
f 1859 1947 1948
f 1832 1922 1833
f 1807 1895 1896
f 1859 1949 1860
f 1873 1961 1962
f 1951 2041 1952
f 1926 2014 2015
f 1900 1988 1989
f 1874 1962 1963
f 1952 2042 1953
f 1926 2016 1927
f 1900 1990 1901
f 1875 1963 1964
f 1953 2043 1954
f 1928 2016 2017
f 1902 1990 1991
f 1876 1964 1965
f 1955 2043 2044
f 1928 2018 1929
f 1903 1991 1992
f 1877 1965 1966
f 1955 2045 1956
f 1929 2019 1930
f 1904 1992 1993
f 1877 1967 1878
f 1956 2046 1957
f 1930 2020 1931
f 1904 1994 1905
f 1879 1967 1968
f 1957 2047 1958
f 1932 2020 2021
f 1906 1994 1995
f 1879 1969 1880
f 1958 2048 1959
f 1932 2022 1933
f 1906 1996 1907
f 1881 1969 1970
f 1959 2049 1960
f 1934 2022 2023
f 1908 1996 1997
f 1882 1970 1971
f 1337 1960 2049
f 1934 2024 1935
f 1909 1997 1998
f 1883 1971 1972
f 1936 2024 2025
f 1910 1998 1999
f 1883 1973 1884
f 1936 2026 1937
f 1911 1999 2000
f 1884 1974 1885
f 1937 2027 1938
f 1912 2000 2001
f 1886 1974 1975
f 1939 2027 2028
f 1912 2002 1913
f 1886 1976 1887
f 1940 2028 2029
f 1913 2003 1914
f 1888 1976 1977
f 1940 2030 1941
f 1915 2003 2004
f 1888 1978 1889
f 1942 2030 2031
f 1915 2005 1916
f 1890 1978 1979
f 1942 2032 1943
f 1917 2005 2006
f 1890 1980 1891
f 1944 2032 2033
f 1917 2007 1918
f 1892 1980 1981
f 1944 2034 1945
f 1919 2007 2008
f 1892 1982 1893
f 1946 2034 2035
f 1920 2008 2009
f 1893 1983 1894
f 1946 2036 1947
f 1920 2010 1921
f 1895 1983 1984
f 1948 2036 2037
f 1921 2011 1922
f 1896 1984 1985
f 1949 2037 2038
f 1922 2012 1923
f 1896 1986 1897
f 1949 2039 1950
f 1923 2013 1924
f 1898 1986 1987
f 1872 7212 1961
f 1950 2040 1951
f 1924 2014 1925
f 1898 1988 1899
f 2042 2132 2043
f 2017 2105 2106
f 1991 2079 2080
f 1965 2053 2054
f 2044 2132 2133
f 2017 2107 2018
f 1992 2080 2081
f 1966 2054 2055
f 2044 2134 2045
f 2018 2108 2019
f 1993 2081 2082
f 1966 2056 1967
f 2045 2135 2046
f 2019 2109 2020
f 1993 2083 1994
f 1968 2056 2057
f 2046 2136 2047
f 2021 2109 2110
f 1995 2083 2084
f 1968 2058 1969
f 2047 2137 2048
f 2021 2111 2022
f 1995 2085 1996
f 1970 2058 2059
f 2048 2138 2049
f 2023 2111 2112
f 1996 2086 1997
f 1970 2060 1971
f 1337 2049 2138
f 2023 2113 2024
f 1998 2086 2087
f 1972 2060 2061
f 2025 2113 2114
f 1999 2087 2088
f 1972 2062 1973
f 2025 2115 2026
f 2000 2088 2089
f 1973 2063 1974
f 2026 2116 2027
f 2001 2089 2090
f 1975 2063 2064
f 2028 2116 2117
f 2001 2091 2002
f 1975 2065 1976
f 2029 2117 2118
f 2002 2092 2003
f 1977 2065 2066
f 2029 2119 2030
f 2004 2092 2093
f 1977 2067 1978
f 2031 2119 2120
f 2004 2094 2005
f 1979 2067 2068
f 2031 2121 2032
f 2006 2094 2095
f 1979 2069 1980
f 2033 2121 2122
f 2006 2096 2007
f 1981 2069 2070
f 2033 2123 2034
f 2008 2096 2097
f 1981 2071 1982
f 2035 2123 2124
f 2009 2097 2098
f 1982 2072 1983
f 2035 2125 2036
f 2009 2099 2010
f 1984 2072 2073
f 2037 2125 2126
f 2010 2100 2011
f 1985 2073 2074
f 2038 2126 2127
f 2011 2101 2012
f 1985 2075 1986
f 2038 2128 2039
f 2012 2102 2013
f 1987 2075 2076
f 1961 7212 2050
f 2040 2128 2129
f 2013 2103 2014
f 1987 2077 1988
f 1962 2050 2051
f 2040 2130 2041
f 2015 2103 2104
f 1989 2077 2078
f 1962 2052 1963
f 2042 2130 2131
f 2015 2105 2016
f 1989 2079 1990
f 1963 2053 1964
f 2082 2170 2171
f 2055 2145 2056
f 2134 2224 2135
f 2108 2198 2109
f 2082 2172 2083
f 2057 2145 2146
f 2135 2225 2136
f 2110 2198 2199
f 2084 2172 2173
f 2057 2147 2058
f 2136 2226 2137
f 2110 2200 2111
f 2084 2174 2085
f 2059 2147 2148
f 2137 2227 2138
f 2112 2200 2201
f 2085 2175 2086
f 2060 2148 2149
f 1337 2138 2227
f 2112 2202 2113
f 2087 2175 2176
f 2061 2149 2150
f 2114 2202 2203
f 2088 2176 2177
f 2061 2151 2062
f 2114 2204 2115
f 2089 2177 2178
f 2062 2152 2063
f 2115 2205 2116
f 2090 2178 2179
f 2064 2152 2153
f 2117 2205 2206
f 2090 2180 2091
f 2064 2154 2065
f 2118 2206 2207
f 2091 2181 2092
f 2066 2154 2155
f 2118 2208 2119
f 2093 2181 2182
f 2066 2156 2067
f 2120 2208 2209
f 2093 2183 2094
f 2068 2156 2157
f 2120 2210 2121
f 2095 2183 2184
f 2068 2158 2069
f 2122 2210 2211
f 2095 2185 2096
f 2070 2158 2159
f 2122 2212 2123
f 2097 2185 2186
f 2070 2160 2071
f 2124 2212 2213
f 2098 2186 2187
f 2071 2161 2072
f 2124 2214 2125
f 2098 2188 2099
f 2073 2161 2162
f 2126 2214 2215
f 2099 2189 2100
f 2074 2162 2163
f 2126 2216 2127
f 2100 2190 2101
f 2074 2164 2075
f 2127 2217 2128
f 2101 2191 2102
f 2076 2164 2165
f 2050 7212 2139
f 2129 2217 2218
f 2103 2191 2192
f 2076 2166 2077
f 2051 2139 2140
f 2129 2219 2130
f 2104 2192 2193
f 2078 2166 2167
f 2052 2140 2141
f 2130 2220 2131
f 2104 2194 2105
f 2078 2168 2079
f 2053 2141 2142
f 2131 2221 2132
f 2106 2194 2195
f 2080 2168 2169
f 2054 2142 2143
f 2133 2221 2222
f 2106 2196 2107
f 2081 2169 2170
f 2055 2143 2144
f 2133 2223 2134
f 2107 2197 2108
f 2225 2315 2226
f 2199 2289 2200
f 2173 2263 2174
f 2148 2236 2237
f 2226 2316 2227
f 2201 2289 2290
f 2174 2264 2175
f 2148 2238 2149
f 1337 2227 2316
f 2201 2291 2202
f 2176 2264 2265
f 2150 2238 2239
f 2203 2291 2292
f 2177 2265 2266
f 2150 2240 2151
f 2203 2293 2204
f 2178 2266 2267
f 2151 2241 2152
f 2204 2294 2205
f 2179 2267 2268
f 2153 2241 2242
f 2206 2294 2295
f 2179 2269 2180
f 2153 2243 2154
f 2207 2295 2296
f 2180 2270 2181
f 2155 2243 2244
f 2207 2297 2208
f 2182 2270 2271
f 2155 2245 2156
f 2209 2297 2298
f 2182 2272 2183
f 2157 2245 2246
f 2209 2299 2210
f 2184 2272 2273
f 2157 2247 2158
f 2211 2299 2300
f 2184 2274 2185
f 2159 2247 2248
f 2211 2301 2212
f 2186 2274 2275
f 2159 2249 2160
f 2213 2301 2302
f 2187 2275 2276
f 2160 2250 2161
f 2213 2303 2214
f 2187 2277 2188
f 2162 2250 2251
f 2215 2303 2304
f 2188 2278 2189
f 2163 2251 2252
f 2215 2305 2216
f 2189 2279 2190
f 2163 2253 2164
f 2216 2306 2217
f 2190 2280 2191
f 2165 2253 2254
f 2139 7212 2228
f 2218 2306 2307
f 2191 2281 2192
f 2165 2255 2166
f 2139 2229 2140
f 2218 2308 2219
f 2193 2281 2282
f 2167 2255 2256
f 2141 2229 2230
f 2220 2308 2309
f 2193 2283 2194
f 2167 2257 2168
f 2141 2231 2142
f 2220 2310 2221
f 2195 2283 2284
f 2169 2257 2258
f 2143 2231 2232
f 2222 2310 2311
f 2195 2285 2196
f 2170 2258 2259
f 2144 2232 2233
f 2222 2312 2223
f 2196 2286 2197
f 2171 2259 2260
f 2144 2234 2145
f 2223 2313 2224
f 2197 2287 2198
f 2171 2261 2172
f 2146 2234 2235
f 2224 2314 2225
f 2199 2287 2288
f 2173 2261 2262
f 2146 2236 2147
f 2290 2380 2291
f 2265 2353 2354
f 2239 2327 2328
f 2292 2380 2381
f 2266 2354 2355
f 2239 2329 2240
f 2292 2382 2293
f 2266 2356 2267
f 2240 2330 2241
f 2293 2383 2294
f 2268 2356 2357
f 2242 2330 2331
f 2295 2383 2384
f 2268 2358 2269
f 2242 2332 2243
f 2296 2384 2385
f 2269 2359 2270
f 2244 2332 2333
f 2296 2386 2297
f 2271 2359 2360
f 2244 2334 2245
f 2298 2386 2387
f 2271 2361 2272
f 2246 2334 2335
f 2298 2388 2299
f 2273 2361 2362
f 2246 2336 2247
f 2300 2388 2389
f 2273 2363 2274
f 2248 2336 2337
f 2300 2390 2301
f 2275 2363 2364
f 2248 2338 2249
f 2302 2390 2391
f 2276 2364 2365
f 2249 2339 2250
f 2302 2392 2303
f 2276 2366 2277
f 2251 2339 2340
f 2304 2392 2393
f 2278 2366 2367
f 2252 2340 2341
f 2304 2394 2305
f 2278 2368 2279
f 2252 2342 2253
f 2305 2395 2306
f 2279 2369 2280
f 2254 2342 2343
f 2228 7212 2317
f 2307 2395 2396
f 2280 2370 2281
f 2254 2344 2255
f 2228 2318 2229
f 2307 2397 2308
f 2282 2370 2371
f 2256 2344 2345
f 2229 2319 2230
f 2309 2397 2398
f 2282 2372 2283
f 2256 2346 2257
f 2230 2320 2231
f 2309 2399 2310
f 2284 2372 2373
f 2258 2346 2347
f 2232 2320 2321
f 2311 2399 2400
f 2284 2374 2285
f 2259 2347 2348
f 2233 2321 2322
f 2311 2401 2312
f 2285 2375 2286
f 2260 2348 2349
f 2233 2323 2234
f 2312 2402 2313
f 2286 2376 2287
f 2260 2350 2261
f 2235 2323 2324
f 2314 2402 2403
f 2288 2376 2377
f 2262 2350 2351
f 2235 2325 2236
f 2314 2404 2315
f 2288 2378 2289
f 2262 2352 2263
f 2237 2325 2326
f 2315 2405 2316
f 2290 2378 2379
f 2264 2352 2353
f 2237 2327 2238
f 1337 2316 2405
f 2329 2419 2330
f 2382 2472 2383
f 2357 2445 2446
f 2331 2419 2420
f 2384 2472 2473
f 2357 2447 2358
f 2331 2421 2332
f 2385 2473 2474
f 2358 2448 2359
f 2333 2421 2422
f 2385 2475 2386
f 2360 2448 2449
f 2333 2423 2334
f 2387 2475 2476
f 2360 2450 2361
f 2335 2423 2424
f 2387 2477 2388
f 2362 2450 2451
f 2335 2425 2336
f 2389 2477 2478
f 2362 2452 2363
f 2337 2425 2426
f 2389 2479 2390
f 2364 2452 2453
f 2337 2427 2338
f 2391 2479 2480
f 2365 2453 2454
f 2338 2428 2339
f 2391 2481 2392
f 2365 2455 2366
f 2340 2428 2429
f 2393 2481 2482
f 2367 2455 2456
f 2341 2429 2430
f 2394 2482 2483
f 2367 2457 2368
f 2341 2431 2342
f 2394 2484 2395
f 2368 2458 2369
f 2343 2431 2432
f 2317 7212 2406
f 2395 2485 2396
f 2369 2459 2370
f 2343 2433 2344
f 2318 2406 2407
f 2396 2486 2397
f 2371 2459 2460
f 2345 2433 2434
f 2318 2408 2319
f 2398 2486 2487
f 2371 2461 2372
f 2345 2435 2346
f 2319 2409 2320
f 2398 2488 2399
f 2373 2461 2462
f 2347 2435 2436
f 2321 2409 2410
f 2400 2488 2489
f 2373 2463 2374
f 2348 2436 2437
f 2322 2410 2411
f 2400 2490 2401
f 2374 2464 2375
f 2349 2437 2438
f 2322 2412 2323
f 2401 2491 2402
f 2375 2465 2376
f 2349 2439 2350
f 2324 2412 2413
f 2402 2492 2403
f 2377 2465 2466
f 2351 2439 2440
f 2324 2414 2325
f 2403 2493 2404
f 2377 2467 2378
f 2351 2441 2352
f 2326 2414 2415
f 2404 2494 2405
f 2379 2467 2468
f 2353 2441 2442
f 2326 2416 2327
f 1337 2405 2494
f 2379 2469 2380
f 2354 2442 2443
f 2328 2416 2417
f 2381 2469 2470
f 2355 2443 2444
f 2328 2418 2329
f 2381 2471 2382
f 2355 2445 2356
f 2449 2537 2538
f 2422 2512 2423
f 2476 2564 2565
f 2449 2539 2450
f 2424 2512 2513
f 2476 2566 2477
f 2451 2539 2540
f 2424 2514 2425
f 2478 2566 2567
f 2451 2541 2452
f 2426 2514 2515
f 2478 2568 2479
f 2453 2541 2542
f 2426 2516 2427
f 2480 2568 2569
f 2454 2542 2543
f 2427 2517 2428
f 2480 2570 2481
f 2454 2544 2455
f 2429 2517 2518
f 2482 2570 2571
f 2456 2544 2545
f 2430 2518 2519
f 2482 2572 2483
f 2456 2546 2457
f 2430 2520 2431
f 2483 2573 2484
f 2457 2547 2458
f 2432 2520 2521
f 2406 7212 2495
f 2484 2574 2485
f 2458 2548 2459
f 2432 2522 2433
f 2407 2495 2496
f 2485 2575 2486
f 2460 2548 2549
f 2434 2522 2523
f 2408 2496 2497
f 2487 2575 2576
f 2460 2550 2461
f 2434 2524 2435
f 2408 2498 2409
f 2487 2577 2488
f 2462 2550 2551
f 2436 2524 2525
f 2410 2498 2499
f 2489 2577 2578
f 2462 2552 2463
f 2437 2525 2526
f 2410 2500 2411
f 2489 2579 2490
f 2463 2553 2464
f 2438 2526 2527
f 2411 2501 2412
f 2490 2580 2491
f 2464 2554 2465
f 2438 2528 2439
f 2413 2501 2502
f 2492 2580 2581
f 2466 2554 2555
f 2440 2528 2529
f 2413 2503 2414
f 2492 2582 2493
f 2466 2556 2467
f 2440 2530 2441
f 2415 2503 2504
f 2493 2583 2494
f 2468 2556 2557
f 2442 2530 2531
f 2415 2505 2416
f 1337 2494 2583
f 2468 2558 2469
f 2443 2531 2532
f 2417 2505 2506
f 2470 2558 2559
f 2444 2532 2533
f 2417 2507 2418
f 2470 2560 2471
f 2444 2534 2445
f 2418 2508 2419
f 2471 2561 2472
f 2446 2534 2535
f 2420 2508 2509
f 2473 2561 2562
f 2446 2536 2447
f 2420 2510 2421
f 2474 2562 2563
f 2447 2537 2448
f 2422 2510 2511
f 2474 2564 2475
f 2566 2656 2567
f 2540 2630 2541
f 2515 2603 2604
f 2567 2657 2568
f 2542 2630 2631
f 2515 2605 2516
f 2569 2657 2658
f 2543 2631 2632
f 2516 2606 2517
f 2569 2659 2570
f 2543 2633 2544
f 2518 2606 2607
f 2571 2659 2660
f 2544 2634 2545
f 2519 2607 2608
f 2572 2660 2661
f 2545 2635 2546
f 2519 2609 2520
f 2572 2662 2573
f 2546 2636 2547
f 2521 2609 2610
f 2495 7212 2584
f 2573 2663 2574
f 2547 2637 2548
f 2521 2611 2522
f 2495 2585 2496
f 2574 2664 2575
f 2549 2637 2638
f 2523 2611 2612
f 2497 2585 2586
f 2576 2664 2665
f 2549 2639 2550
f 2523 2613 2524
f 2497 2587 2498
f 2576 2666 2577
f 2551 2639 2640
f 2525 2613 2614
f 2499 2587 2588
f 2578 2666 2667
f 2551 2641 2552
f 2526 2614 2615
f 2500 2588 2589
f 2578 2668 2579
f 2552 2642 2553
f 2527 2615 2616
f 2500 2590 2501
f 2579 2669 2580
f 2553 2643 2554
f 2527 2617 2528
f 2502 2590 2591
f 2580 2670 2581
f 2555 2643 2644
f 2529 2617 2618
f 2502 2592 2503
f 2581 2671 2582
f 2555 2645 2556
f 2529 2619 2530
f 2503 2593 2504
f 2582 2672 2583
f 2557 2645 2646
f 2531 2619 2620
f 2505 2593 2594
f 1337 2583 2672
f 2557 2647 2558
f 2532 2620 2621
f 2506 2594 2595
f 2559 2647 2648
f 2533 2621 2622
f 2506 2596 2507
f 2559 2649 2560
f 2533 2623 2534
f 2507 2597 2508
f 2560 2650 2561
f 2535 2623 2624
f 2509 2597 2598
f 2562 2650 2651
f 2535 2625 2536
f 2509 2599 2510
f 2563 2651 2652
f 2536 2626 2537
f 2511 2599 2600
f 2563 2653 2564
f 2538 2626 2627
f 2511 2601 2512
f 2565 2653 2654
f 2538 2628 2539
f 2513 2601 2602
f 2565 2655 2566
f 2540 2628 2629
f 2513 2603 2514
f 2658 2746 2747
f 2632 2720 2721
f 2605 2695 2606
f 2658 2748 2659
f 2632 2722 2633
f 2607 2695 2696
f 2660 2748 2749
f 2633 2723 2634
f 2608 2696 2697
f 2661 2749 2750
f 2634 2724 2635
f 2608 2698 2609
f 2661 2751 2662
f 2635 2725 2636
f 2610 2698 2699
f 2584 7212 2673
f 2662 2752 2663
f 2636 2726 2637
f 2610 2700 2611
f 2585 2673 2674
f 2663 2753 2664
f 2638 2726 2727
f 2612 2700 2701
f 2586 2674 2675
f 2665 2753 2754
f 2638 2728 2639
f 2612 2702 2613
f 2587 2675 2676
f 2665 2755 2666
f 2640 2728 2729
f 2614 2702 2703
f 2588 2676 2677
f 2667 2755 2756
f 2640 2730 2641
f 2615 2703 2704
f 2589 2677 2678
f 2667 2757 2668
f 2641 2731 2642
f 2616 2704 2705
f 2589 2679 2590
f 2668 2758 2669
f 2642 2732 2643
f 2616 2706 2617
f 2591 2679 2680
f 2669 2759 2670
f 2644 2732 2733
f 2618 2706 2707
f 2591 2681 2592
f 2670 2760 2671
f 2644 2734 2645
f 2618 2708 2619
f 2593 2681 2682
f 2672 2760 2761
f 2646 2734 2735
f 2620 2708 2709
f 2593 2683 2594
f 1337 2672 2761
f 2646 2736 2647
f 2621 2709 2710
f 2595 2683 2684
f 2648 2736 2737
f 2622 2710 2711
f 2595 2685 2596
f 2648 2738 2649
f 2622 2712 2623
f 2596 2686 2597
f 2649 2739 2650
f 2624 2712 2713
f 2598 2686 2687
f 2651 2739 2740
f 2624 2714 2625
f 2598 2688 2599
f 2652 2740 2741
f 2625 2715 2626
f 2600 2688 2689
f 2652 2742 2653
f 2627 2715 2716
f 2600 2690 2601
f 2654 2742 2743
f 2627 2717 2628
f 2602 2690 2691
f 2654 2744 2655
f 2629 2717 2718
f 2602 2692 2603
f 2656 2744 2745
f 2629 2719 2630
f 2604 2692 2693
f 2656 2746 2657
f 2631 2719 2720
f 2604 2694 2605
f 2697 2785 2786
f 2749 2839 2750
f 2723 2813 2724
f 2697 2787 2698
f 2750 2840 2751
f 2724 2814 2725
f 2699 2787 2788
f 2673 7212 2762
f 2752 2840 2841
f 2725 2815 2726
f 2699 2789 2700
f 2674 2762 2763
f 2752 2842 2753
f 2727 2815 2816
f 2701 2789 2790
f 2675 2763 2764
f 2754 2842 2843
f 2727 2817 2728
f 2701 2791 2702
f 2675 2765 2676
f 2754 2844 2755
f 2729 2817 2818
f 2703 2791 2792
f 2676 2766 2677
f 2756 2844 2845
f 2729 2819 2730
f 2704 2792 2793
f 2678 2766 2767
f 2756 2846 2757
f 2730 2820 2731
f 2705 2793 2794
f 2678 2768 2679
f 2757 2847 2758
f 2731 2821 2732
f 2705 2795 2706
f 2680 2768 2769
f 2758 2848 2759
f 2733 2821 2822
f 2707 2795 2796
f 2680 2770 2681
f 2759 2849 2760
f 2733 2823 2734
f 2707 2797 2708
f 2682 2770 2771
f 2760 2850 2761
f 2735 2823 2824
f 2709 2797 2798
f 2682 2772 2683
f 1337 2761 2850
f 2735 2825 2736
f 2710 2798 2799
f 2684 2772 2773
f 2737 2825 2826
f 2711 2799 2800
f 2684 2774 2685
f 2737 2827 2738
f 2711 2801 2712
f 2685 2775 2686
f 2738 2828 2739
f 2713 2801 2802
f 2687 2775 2776
f 2740 2828 2829
f 2713 2803 2714
f 2687 2777 2688
f 2741 2829 2830
f 2714 2804 2715
f 2689 2777 2778
f 2741 2831 2742
f 2716 2804 2805
f 2689 2779 2690
f 2743 2831 2832
f 2716 2806 2717
f 2691 2779 2780
f 2743 2833 2744
f 2718 2806 2807
f 2691 2781 2692
f 2744 2834 2745
f 2718 2808 2719
f 2693 2781 2782
f 2745 2835 2746
f 2720 2808 2809
f 2693 2783 2694
f 2747 2835 2836
f 2721 2809 2810
f 2694 2784 2695
f 2747 2837 2748
f 2721 2811 2722
f 2696 2784 2785
f 2749 2837 2838
f 2723 2811 2812
f 2841 2929 2930
f 2814 2904 2815
f 2788 2878 2789
f 2763 2851 2852
f 2841 2931 2842
f 2816 2904 2905
f 2790 2878 2879
f 2763 2853 2764
f 2842 2932 2843
f 2816 2906 2817
f 2790 2880 2791
f 2764 2854 2765
f 2843 2933 2844
f 2818 2906 2907
f 2792 2880 2881
f 2766 2854 2855
f 2845 2933 2934
f 2818 2908 2819
f 2793 2881 2882
f 2767 2855 2856
f 2845 2935 2846
f 2819 2909 2820
f 2794 2882 2883
f 2767 2857 2768
f 2846 2936 2847
f 2820 2910 2821
f 2794 2884 2795
f 2769 2857 2858
f 2848 2936 2937
f 2822 2910 2911
f 2796 2884 2885
f 2769 2859 2770
f 2849 2937 2938
f 2822 2912 2823
f 2796 2886 2797
f 2771 2859 2860
f 2849 2939 2850
f 2824 2912 2913
f 2798 2886 2887
f 2771 2861 2772
f 1337 2850 2939
f 2824 2914 2825
f 2799 2887 2888
f 2773 2861 2862
f 2825 2915 2826
f 2800 2888 2889
f 2773 2863 2774
f 2826 2916 2827
f 2800 2890 2801
f 2774 2864 2775
f 2827 2917 2828
f 2802 2890 2891
f 2776 2864 2865
f 2829 2917 2918
f 2802 2892 2803
f 2776 2866 2777
f 2830 2918 2919
f 2803 2893 2804
f 2777 2867 2778
f 2830 2920 2831
f 2805 2893 2894
f 2779 2867 2868
f 2832 2920 2921
f 2805 2895 2806
f 2780 2868 2869
f 2832 2922 2833
f 2807 2895 2896
f 2780 2870 2781
f 2833 2923 2834
f 2807 2897 2808
f 2782 2870 2871
f 2834 2924 2835
f 2809 2897 2898
f 2782 2872 2783
f 2836 2924 2925
f 2810 2898 2899
f 2783 2873 2784
f 2836 2926 2837
f 2810 2900 2811
f 2785 2873 2874
f 2838 2926 2927
f 2812 2900 2901
f 2786 2874 2875
f 2839 2927 2928
f 2812 2902 2813
f 2786 2876 2787
f 2839 2929 2840
f 2813 2903 2814
f 2788 2876 2877
f 2762 7212 2851
f 2905 2995 2906
f 2879 2969 2880
f 2853 2943 2854
f 2932 3022 2933
f 2907 2995 2996
f 2881 2969 2970
f 2855 2943 2944
f 2934 3022 3023
f 2907 2997 2908
f 2882 2970 2971
f 2856 2944 2945
f 2934 3024 2935
f 2908 2998 2909
f 2883 2971 2972
f 2856 2946 2857
f 2935 3025 2936
f 2909 2999 2910
f 2883 2973 2884
f 2858 2946 2947
f 2936 3026 2937
f 2911 2999 3000
f 2885 2973 2974
f 2858 2948 2859
f 2937 3027 2938
f 2911 3001 2912
f 2885 2975 2886
f 2859 2949 2860
f 2938 3028 2939
f 2913 3001 3002
f 2887 2975 2976
f 2860 2950 2861
f 1337 2939 3028
f 2913 3003 2914
f 2888 2976 2977
f 2862 2950 2951
f 2914 3004 2915
f 2889 2977 2978
f 2862 2952 2863
f 2915 3005 2916
f 2889 2979 2890
f 2863 2953 2864
f 2916 3006 2917
f 2891 2979 2980
f 2865 2953 2954
f 2918 3006 3007
f 2891 2981 2892
f 2865 2955 2866
f 2919 3007 3008
f 2892 2982 2893
f 2867 2955 2956
f 2919 3009 2920
f 2894 2982 2983
f 2868 2956 2957
f 2921 3009 3010
f 2894 2984 2895
f 2869 2957 2958
f 2921 3011 2922
f 2896 2984 2985
f 2869 2959 2870
f 2922 3012 2923
f 2896 2986 2897
f 2871 2959 2960
f 2923 3013 2924
f 2898 2986 2987
f 2871 2961 2872
f 2925 3013 3014
f 2899 2987 2988
f 2872 2962 2873
f 2925 3015 2926
f 2899 2989 2900
f 2874 2962 2963
f 2927 3015 3016
f 2901 2989 2990
f 2875 2963 2964
f 2928 3016 3017
f 2901 2991 2902
f 2876 2964 2965
f 2928 3018 2929
f 2902 2992 2903
f 2877 2965 2966
f 2851 7212 2940
f 2930 3018 3019
f 2903 2993 2904
f 2877 2967 2878
f 2851 2941 2852
f 2931 3019 3020
f 2905 2993 2994
f 2879 2967 2968
f 2852 2942 2853
f 2931 3021 2932
f 2945 3033 3034
f 3023 3113 3024
f 2997 3087 2998
f 2972 3060 3061
f 2945 3035 2946
f 3024 3114 3025
f 2998 3088 2999
f 2972 3062 2973
f 2947 3035 3036
f 3025 3115 3026
f 3000 3088 3089
f 2974 3062 3063
f 2947 3037 2948
f 3026 3116 3027
f 3000 3090 3001
f 2974 3064 2975
f 2949 3037 3038
f 3028 3116 3117
f 3002 3090 3091
f 2976 3064 3065
f 2949 3039 2950
f 1337 3028 3117
f 3002 3092 3003
f 2977 3065 3066
f 2951 3039 3040
f 3003 3093 3004
f 2978 3066 3067
f 2951 3041 2952
f 3005 3093 3094
f 2978 3068 2979
f 2952 3042 2953
f 3005 3095 3006
f 2980 3068 3069
f 2954 3042 3043
f 3007 3095 3096
f 2980 3070 2981
f 2954 3044 2955
f 3008 3096 3097
f 2981 3071 2982
f 2955 3045 2956
f 3008 3098 3009
f 2983 3071 3072
f 2957 3045 3046
f 3010 3098 3099
f 2983 3073 2984
f 2958 3046 3047
f 3010 3100 3011
f 2985 3073 3074
f 2958 3048 2959
f 3011 3101 3012
f 2985 3075 2986
f 2960 3048 3049
f 3013 3101 3102
f 2987 3075 3076
f 2960 3050 2961
f 3014 3102 3103
f 2988 3076 3077
f 2961 3051 2962
f 3014 3104 3015
f 2988 3078 2989
f 2963 3051 3052
f 3016 3104 3105
f 2990 3078 3079
f 2963 3053 2964
f 3017 3105 3106
f 2990 3080 2991
f 2965 3053 3054
f 3017 3107 3018
f 2991 3081 2992
f 2966 3054 3055
f 2940 7212 3029
f 3019 3107 3108
f 2992 3082 2993
f 2966 3056 2967
f 2940 3030 2941
f 3019 3109 3020
f 2993 3083 2994
f 2968 3056 3057
f 2941 3031 2942
f 3021 3109 3110
f 2994 3084 2995
f 2968 3058 2969
f 2942 3032 2943
f 3021 3111 3022
f 2996 3084 3085
f 2970 3058 3059
f 2943 3033 2944
f 3023 3111 3112
f 2996 3086 2997
f 2971 3059 3060
f 3114 3204 3115
f 3089 3177 3178
f 3063 3151 3152
f 3036 3126 3037
f 3115 3205 3116
f 3089 3179 3090
f 3064 3152 3153
f 3038 3126 3127
f 3116 3206 3117
f 3091 3179 3180
f 3065 3153 3154
f 3039 3127 3128
f 1337 3117 3206
f 3091 3181 3092
f 3066 3154 3155
f 3040 3128 3129
f 3092 3182 3093
f 3067 3155 3156
f 3040 3130 3041
f 3093 3183 3094
f 3067 3157 3068
f 3041 3131 3042
f 3094 3184 3095
f 3069 3157 3158
f 3043 3131 3132
f 3096 3184 3185
f 3069 3159 3070
f 3043 3133 3044
f 3097 3185 3186
f 3070 3160 3071
f 3044 3134 3045
f 3097 3187 3098
f 3072 3160 3161
f 3046 3134 3135
f 3099 3187 3188
f 3072 3162 3073
f 3047 3135 3136
f 3099 3189 3100
f 3074 3162 3163
f 3047 3137 3048
f 3100 3190 3101
f 3074 3164 3075
f 3049 3137 3138
f 3101 3191 3102
f 3076 3164 3165
f 3049 3139 3050
f 3103 3191 3192
f 3077 3165 3166
f 3050 3140 3051
f 3103 3193 3104
f 3077 3167 3078
f 3052 3140 3141
f 3105 3193 3194
f 3079 3167 3168
f 3053 3141 3142
f 3106 3194 3195
f 3079 3169 3080
f 3054 3142 3143
f 3106 3196 3107
f 3080 3170 3081
f 3055 3143 3144
f 3029 7212 3118
f 3107 3197 3108
f 3081 3171 3082
f 3055 3145 3056
f 3029 3119 3030
f 3108 3198 3109
f 3082 3172 3083
f 3057 3145 3146
f 3030 3120 3031
f 3109 3199 3110
f 3083 3173 3084
f 3057 3147 3058
f 3031 3121 3032
f 3110 3200 3111
f 3085 3173 3174
f 3059 3147 3148
f 3033 3121 3122
f 3112 3200 3201
f 3085 3175 3086
f 3060 3148 3149
f 3034 3122 3123
f 3112 3202 3113
f 3086 3176 3087
f 3061 3149 3150
f 3034 3124 3035
f 3113 3203 3114
f 3087 3177 3088
f 3061 3151 3062
f 3036 3124 3125
f 3153 3243 3154
f 3128 3216 3217
f 1337 3206 3295
f 3180 3270 3181
f 3155 3243 3244
f 3129 3217 3218
f 3181 3271 3182
f 3156 3244 3245
f 3129 3219 3130
f 3182 3272 3183
f 3156 3246 3157
f 3130 3220 3131
f 3183 3273 3184
f 3158 3246 3247
f 3132 3220 3221
f 3185 3273 3274
f 3158 3248 3159
f 3132 3222 3133
f 3186 3274 3275
f 3159 3249 3160
f 3134 3222 3223
f 3186 3276 3187
f 3161 3249 3250
f 3135 3223 3224
f 3187 3277 3188
f 3162 3250 3251
f 3135 3225 3136
f 3188 3278 3189
f 3162 3252 3163
f 3137 3225 3226
f 3189 3279 3190
f 3163 3253 3164
f 3138 3226 3227
f 3190 3280 3191
f 3165 3253 3254
f 3138 3228 3139
f 3192 3280 3281
f 3166 3254 3255
f 3139 3229 3140
f 3192 3282 3193
f 3166 3256 3167
f 3141 3229 3230
f 3194 3282 3283
f 3168 3256 3257
f 3142 3230 3231
f 3195 3283 3284
f 3168 3258 3169
f 3143 3231 3232
f 3195 3285 3196
f 3169 3259 3170
f 3144 3232 3233
f 3118 7212 3207
f 3196 3286 3197
f 3170 3260 3171
f 3144 3234 3145
f 3119 3207 3208
f 3197 3287 3198
f 3171 3261 3172
f 3146 3234 3235
f 3120 3208 3209
f 3198 3288 3199
f 3172 3262 3173
f 3146 3236 3147
f 3121 3209 3210
f 3199 3289 3200
f 3174 3262 3263
f 3148 3236 3237
f 3122 3210 3211
f 3201 3289 3290
f 3174 3264 3175
f 3149 3237 3238
f 3123 3211 3212
f 3201 3291 3202
f 3175 3265 3176
f 3150 3238 3239
f 3123 3213 3124
f 3202 3292 3203
f 3176 3266 3177
f 3150 3240 3151
f 3125 3213 3214
f 3203 3293 3204
f 3178 3266 3267
f 3152 3240 3241
f 3126 3214 3215
f 3204 3294 3205
f 3178 3268 3179
f 3153 3241 3242
f 3127 3215 3216
f 3205 3295 3206
f 3180 3268 3269
f 3275 3365 3276
f 3250 3338 3339
f 3224 3312 3313
f 3276 3366 3277
f 3251 3339 3340
f 3224 3314 3225
f 3278 3366 3367
f 3251 3341 3252
f 3226 3314 3315
f 3278 3368 3279
f 3252 3342 3253
f 3227 3315 3316
f 3279 3369 3280
f 3254 3342 3343
f 3227 3317 3228
f 3281 3369 3370
f 3255 3343 3344
f 3228 3318 3229
f 3281 3371 3282
f 3255 3345 3256
f 3230 3318 3319
f 3283 3371 3372
f 3257 3345 3346
f 3230 3320 3231
f 3284 3372 3373
f 3257 3347 3258
f 3232 3320 3321
f 3284 3374 3285
f 3258 3348 3259
f 3233 3321 3322
f 3207 7212 3296
f 3286 3374 3375
f 3259 3349 3260
f 3233 3323 3234
f 3207 3297 3208
f 3286 3376 3287
f 3260 3350 3261
f 3235 3323 3324
f 3208 3298 3209
f 3287 3377 3288
f 3261 3351 3262
f 3235 3325 3236
f 3209 3299 3210
f 3288 3378 3289
f 3263 3351 3352
f 3237 3325 3326
f 3211 3299 3300
f 3290 3378 3379
f 3263 3353 3264
f 3238 3326 3327
f 3212 3300 3301
f 3290 3380 3291
f 3264 3354 3265
f 3239 3327 3328
f 3212 3302 3213
f 3291 3381 3292
f 3265 3355 3266
f 3239 3329 3240
f 3214 3302 3303
f 3293 3381 3382
f 3267 3355 3356
f 3241 3329 3330
f 3214 3304 3215
f 3293 3383 3294
f 3267 3357 3268
f 3242 3330 3331
f 3216 3304 3305
f 3294 3384 3295
f 3269 3357 3358
f 3242 3332 3243
f 3216 3306 3217
f 1337 3295 3384
f 3269 3359 3270
f 3244 3332 3333
f 3218 3306 3307
f 3270 3360 3271
f 3245 3333 3334
f 3218 3308 3219
f 3272 3360 3361
f 3245 3335 3246
f 3219 3309 3220
f 3272 3362 3273
f 3247 3335 3336
f 3221 3309 3310
f 3274 3362 3363
f 3247 3337 3248
f 3221 3311 3222
f 3275 3363 3364
f 3248 3338 3249
f 3223 3311 3312
f 3367 3455 3456
f 3340 3430 3341
f 3314 3404 3315
f 3367 3457 3368
f 3341 3431 3342
f 3315 3405 3316
f 3369 3457 3458
f 3343 3431 3432
f 3316 3406 3317
f 3370 3458 3459
f 3344 3432 3433
f 3317 3407 3318
f 3370 3460 3371
f 3344 3434 3345
f 3319 3407 3408
f 3372 3460 3461
f 3346 3434 3435
f 3320 3408 3409
f 3373 3461 3462
f 3346 3436 3347
f 3321 3409 3410
f 3373 3463 3374
f 3347 3437 3348
f 3322 3410 3411
f 3296 7212 3385
f 3374 3464 3375
f 3349 3437 3438
f 3322 3412 3323
f 3296 3386 3297
f 3375 3465 3376
f 3349 3439 3350
f 3324 3412 3413
f 3297 3387 3298
f 3376 3466 3377
f 3350 3440 3351
f 3324 3414 3325
f 3298 3388 3299
f 3377 3467 3378
f 3352 3440 3441
f 3326 3414 3415
f 3300 3388 3389
f 3379 3467 3468
f 3352 3442 3353
f 3327 3415 3416
f 3301 3389 3390
f 3379 3469 3380
f 3353 3443 3354
f 3328 3416 3417
f 3301 3391 3302
f 3380 3470 3381
f 3354 3444 3355
f 3328 3418 3329
f 3303 3391 3392
f 3382 3470 3471
f 3356 3444 3445
f 3330 3418 3419
f 3303 3393 3304
f 3382 3472 3383
f 3356 3446 3357
f 3331 3419 3420
f 3305 3393 3394
f 3384 3472 3473
f 3358 3446 3447
f 3331 3421 3332
f 3306 3394 3395
f 1337 3384 3473
f 3358 3448 3359
f 3333 3421 3422
f 3307 3395 3396
f 3359 3449 3360
f 3334 3422 3423
f 3307 3397 3308
f 3360 3450 3361
f 3334 3424 3335
f 3308 3398 3309
f 3361 3451 3362
f 3336 3424 3425
f 3310 3398 3399
f 3363 3451 3452
f 3336 3426 3337
f 3310 3400 3311
f 3364 3452 3453
f 3337 3427 3338
f 3311 3401 3312
f 3364 3454 3365
f 3339 3427 3428
f 3313 3401 3402
f 3366 3454 3455
f 3340 3428 3429
f 3313 3403 3314
f 3405 3495 3406
f 3459 3547 3548
f 3433 3521 3522
f 3406 3496 3407
f 3459 3549 3460
f 3433 3523 3434
f 3408 3496 3497
f 3460 3550 3461
f 3435 3523 3524
f 3408 3498 3409
f 3462 3550 3551
f 3435 3525 3436
f 3410 3498 3499
f 3462 3552 3463
f 3436 3526 3437
f 3411 3499 3500
f 3385 7212 3474
f 3464 3552 3553
f 3438 3526 3527
f 3411 3501 3412
f 3385 3475 3386
f 3465 3553 3554
f 3438 3528 3439
f 3413 3501 3502
f 3387 3475 3476
f 3465 3555 3466
f 3439 3529 3440
f 3413 3503 3414
f 3387 3477 3388
f 3466 3556 3467
f 3441 3529 3530
f 3415 3503 3504
f 3389 3477 3478
f 3468 3556 3557
f 3441 3531 3442
f 3416 3504 3505
f 3390 3478 3479
f 3468 3558 3469
f 3442 3532 3443
f 3417 3505 3506
f 3390 3480 3391
f 3469 3559 3470
f 3443 3533 3444
f 3417 3507 3418
f 3392 3480 3481
f 3470 3560 3471
f 3445 3533 3534
f 3419 3507 3508
f 3392 3482 3393
f 3471 3561 3472
f 3445 3535 3446
f 3420 3508 3509
f 3393 3483 3394
f 3473 3561 3562
f 3447 3535 3536
f 3420 3510 3421
f 3394 3484 3395
f 1337 3473 3562
f 3447 3537 3448
f 3422 3510 3511
f 3396 3484 3485
f 3448 3538 3449
f 3423 3511 3512
f 3396 3486 3397
f 3449 3539 3450
f 3423 3513 3424
f 3397 3487 3398
f 3450 3540 3451
f 3425 3513 3514
f 3399 3487 3488
f 3452 3540 3541
f 3425 3515 3426
f 3399 3489 3400
f 3453 3541 3542
f 3426 3516 3427
f 3401 3489 3490
f 3454 3542 3543
f 3428 3516 3517
f 3402 3490 3491
f 3454 3544 3455
f 3429 3517 3518
f 3402 3492 3403
f 3456 3544 3545
f 3429 3519 3430
f 3404 3492 3493
f 3456 3546 3457
f 3430 3520 3431
f 3404 3494 3405
f 3457 3547 3458
f 3432 3520 3521
f 3549 3639 3550
f 3524 3612 3613
f 3497 3587 3498
f 3551 3639 3640
f 3524 3614 3525
f 3499 3587 3588
f 3552 3640 3641
f 3525 3615 3526
f 3500 3588 3589
f 3474 7212 3563
f 3552 3642 3553
f 3527 3615 3616
f 3500 3590 3501
f 3474 3564 3475
f 3553 3643 3554
f 3527 3617 3528
f 3502 3590 3591
f 3475 3565 3476
f 3555 3643 3644
f 3528 3618 3529
f 3502 3592 3503
f 3476 3566 3477
f 3555 3645 3556
f 3530 3618 3619
f 3504 3592 3593
f 3478 3566 3567
f 3557 3645 3646
f 3530 3620 3531
f 3505 3593 3594
f 3479 3567 3568
f 3557 3647 3558
f 3531 3621 3532
f 3506 3594 3595
f 3479 3569 3480
f 3558 3648 3559
f 3532 3622 3533
f 3506 3596 3507
f 3481 3569 3570
f 3559 3649 3560
f 3534 3622 3623
f 3508 3596 3597
f 3481 3571 3482
f 3560 3650 3561
f 3534 3624 3535
f 3509 3597 3598
f 3482 3572 3483
f 3561 3651 3562
f 3536 3624 3625
f 3509 3599 3510
f 3483 3573 3484
f 1337 3562 3651
f 3536 3626 3537
f 3511 3599 3600
f 3485 3573 3574
f 3537 3627 3538
f 3512 3600 3601
f 3485 3575 3486
f 3539 3627 3628
f 3512 3602 3513
f 3487 3575 3576
f 3539 3629 3540
f 3514 3602 3603
f 3488 3576 3577
f 3541 3629 3630
f 3514 3604 3515
f 3488 3578 3489
f 3542 3630 3631
f 3515 3605 3516
f 3490 3578 3579
f 3543 3631 3632
f 3517 3605 3606
f 3491 3579 3580
f 3543 3633 3544
f 3517 3607 3518
f 3491 3581 3492
f 3545 3633 3634
f 3519 3607 3608
f 3493 3581 3582
f 3545 3635 3546
f 3519 3609 3520
f 3493 3583 3494
f 3546 3636 3547
f 3521 3609 3610
f 3494 3584 3495
f 3548 3636 3637
f 3522 3610 3611
f 3495 3585 3496
f 3548 3638 3549
f 3522 3612 3523
f 3497 3585 3586
f 3614 3704 3615
f 3589 3677 3678
f 3563 7212 3652
f 3641 3731 3642
f 3616 3704 3705
f 3589 3679 3590
f 3564 3652 3653
f 3642 3732 3643
f 3616 3706 3617
f 3591 3679 3680
f 3564 3654 3565
f 3643 3733 3644
f 3617 3707 3618
f 3591 3681 3592
f 3565 3655 3566
f 3644 3734 3645
f 3619 3707 3708
f 3593 3681 3682
f 3567 3655 3656
f 3646 3734 3735
f 3619 3709 3620
f 3594 3682 3683
f 3568 3656 3657
f 3646 3736 3647
f 3620 3710 3621
f 3595 3683 3684
f 3568 3658 3569
f 3647 3737 3648
f 3621 3711 3622
f 3595 3685 3596
f 3570 3658 3659
f 3649 3737 3738
f 3623 3711 3712
f 3597 3685 3686
f 3571 3659 3660
f 3649 3739 3650
f 3623 3713 3624
f 3598 3686 3687
f 3572 3660 3661
f 3650 3740 3651
f 3625 3713 3714
f 3598 3688 3599
f 3572 3662 3573
f 1337 3651 3740
f 3625 3715 3626
f 3600 3688 3689
f 3574 3662 3663
f 3626 3716 3627
f 3601 3689 3690
f 3574 3664 3575
f 3627 3717 3628
f 3601 3691 3602
f 3576 3664 3665
f 3628 3718 3629
f 3603 3691 3692
f 3577 3665 3666
f 3630 3718 3719
f 3603 3693 3604
f 3577 3667 3578
f 3631 3719 3720
f 3604 3694 3605
f 3579 3667 3668
f 3632 3720 3721
f 3606 3694 3695
f 3580 3668 3669
f 3632 3722 3633
f 3606 3696 3607
f 3580 3670 3581
f 3634 3722 3723
f 3608 3696 3697
f 3582 3670 3671
f 3634 3724 3635
f 3608 3698 3609
f 3582 3672 3583
f 3635 3725 3636
f 3610 3698 3699
f 3583 3673 3584
f 3637 3725 3726
f 3611 3699 3700
f 3584 3674 3585
f 3637 3727 3638
f 3611 3701 3612
f 3586 3674 3675
f 3638 3728 3639
f 3613 3701 3702
f 3587 3675 3676
f 3640 3728 3729
f 3613 3703 3614
f 3588 3676 3677
f 3640 3730 3641
f 3654 3742 3743
f 3732 3822 3733
f 3706 3796 3707
f 3680 3770 3681
f 3654 3744 3655
f 3733 3823 3734
f 3708 3796 3797
f 3682 3770 3771
f 3656 3744 3745
f 3735 3823 3824
f 3708 3798 3709
f 3683 3771 3772
f 3657 3745 3746
f 3735 3825 3736
f 3709 3799 3710
f 3684 3772 3773
f 3657 3747 3658
f 3736 3826 3737
f 3710 3800 3711
f 3684 3774 3685
f 3659 3747 3748
f 3737 3827 3738
f 3712 3800 3801
f 3686 3774 3775
f 3660 3748 3749
f 3738 3828 3739
f 3712 3802 3713
f 3687 3775 3776
f 3660 3750 3661
f 3739 3829 3740
f 3714 3802 3803
f 3687 3777 3688
f 3661 3751 3662
f 1337 3740 3829
f 3714 3804 3715
f 3689 3777 3778
f 3662 3752 3663
f 3715 3805 3716
f 3690 3778 3779
f 3663 3753 3664
f 3717 3805 3806
f 3690 3780 3691
f 3664 3754 3665
f 3717 3807 3718
f 3692 3780 3781
f 3666 3754 3755
f 3719 3807 3808
f 3692 3782 3693
f 3666 3756 3667
f 3719 3809 3720
f 3693 3783 3694
f 3668 3756 3757
f 3721 3809 3810
f 3695 3783 3784
f 3669 3757 3758
f 3721 3811 3722
f 3695 3785 3696
f 3669 3759 3670
f 3723 3811 3812
f 3697 3785 3786
f 3671 3759 3760
f 3723 3813 3724
f 3697 3787 3698
f 3671 3761 3672
f 3724 3814 3725
f 3699 3787 3788
f 3672 3762 3673
f 3726 3814 3815
f 3700 3788 3789
f 3673 3763 3674
f 3726 3816 3727
f 3700 3790 3701
f 3675 3763 3764
f 3727 3817 3728
f 3702 3790 3791
f 3675 3765 3676
f 3729 3817 3818
f 3702 3792 3703
f 3677 3765 3766
f 3729 3819 3730
f 3703 3793 3704
f 3678 3766 3767
f 3652 7212 3741
f 3731 3819 3820
f 3704 3794 3705
f 3678 3768 3679
f 3652 3742 3653
f 3732 3820 3821
f 3705 3795 3706
f 3680 3768 3769
f 3824 3912 3913
f 3797 3887 3798
f 3772 3860 3861
f 3746 3834 3835
f 3824 3914 3825
f 3798 3888 3799
f 3773 3861 3862
f 3746 3836 3747
f 3825 3915 3826
f 3799 3889 3800
f 3773 3863 3774
f 3748 3836 3837
f 3826 3916 3827
f 3801 3889 3890
f 3775 3863 3864
f 3749 3837 3838
f 3827 3917 3828
f 3801 3891 3802
f 3776 3864 3865
f 3750 3838 3839
f 3828 3918 3829
f 3803 3891 3892
f 3776 3866 3777
f 3751 3839 3840
f 1337 3829 3918
f 3803 3893 3804
f 3778 3866 3867
f 3752 3840 3841
f 3804 3894 3805
f 3779 3867 3868
f 3752 3842 3753
f 3806 3894 3895
f 3779 3869 3780
f 3754 3842 3843
f 3806 3896 3807
f 3781 3869 3870
f 3755 3843 3844
f 3808 3896 3897
f 3781 3871 3782
f 3755 3845 3756
f 3809 3897 3898
f 3782 3872 3783
f 3757 3845 3846
f 3810 3898 3899
f 3784 3872 3873
f 3758 3846 3847
f 3810 3900 3811
f 3784 3874 3785
f 3758 3848 3759
f 3812 3900 3901
f 3786 3874 3875
f 3760 3848 3849
f 3812 3902 3813
f 3786 3876 3787
f 3760 3850 3761
f 3813 3903 3814
f 3788 3876 3877
f 3761 3851 3762
f 3815 3903 3904
f 3789 3877 3878
f 3762 3852 3763
f 3815 3905 3816
f 3789 3879 3790
f 3764 3852 3853
f 3816 3906 3817
f 3791 3879 3880
f 3764 3854 3765
f 3818 3906 3907
f 3791 3881 3792
f 3766 3854 3855
f 3818 3908 3819
f 3792 3882 3793
f 3767 3855 3856
f 3741 7212 3830
f 3820 3908 3909
f 3794 3882 3883
f 3767 3857 3768
f 3741 3831 3742
f 3820 3910 3821
f 3794 3884 3795
f 3769 3857 3858
f 3743 3831 3832
f 3821 3911 3822
f 3795 3885 3796
f 3769 3859 3770
f 3744 3832 3833
f 3822 3912 3823
f 3797 3885 3886
f 3771 3859 3860
f 3745 3833 3834
f 3862 3952 3863
f 3837 3925 3926
f 3916 4004 4005
f 3890 3978 3979
f 3864 3952 3953
f 3837 3927 3838
f 3916 4006 3917
f 3890 3980 3891
f 3865 3953 3954
f 3839 3927 3928
f 3917 4007 3918
f 3892 3980 3981
f 3865 3955 3866
f 3840 3928 3929
f 1337 3918 4007
f 3892 3982 3893
f 3867 3955 3956
f 3841 3929 3930
f 3893 3983 3894
f 3868 3956 3957
f 3841 3931 3842
f 3895 3983 3984
f 3868 3958 3869
f 3843 3931 3932
f 3895 3985 3896
f 3870 3958 3959
f 3844 3932 3933
f 3897 3985 3986
f 3870 3960 3871
f 3844 3934 3845
f 3898 3986 3987
f 3871 3961 3872
f 3846 3934 3935
f 3898 3988 3899
f 3873 3961 3962
f 3847 3935 3936
f 3899 3989 3900
f 3873 3963 3874
f 3847 3937 3848
f 3901 3989 3990
f 3875 3963 3964
f 3849 3937 3938
f 3901 3991 3902
f 3875 3965 3876
f 3849 3939 3850
f 3902 3992 3903
f 3877 3965 3966
f 3850 3940 3851
f 3904 3992 3993
f 3878 3966 3967
f 3851 3941 3852
f 3904 3994 3905
f 3878 3968 3879
f 3853 3941 3942
f 3905 3995 3906
f 3880 3968 3969
f 3853 3943 3854
f 3907 3995 3996
f 3880 3970 3881
f 3855 3943 3944
f 3907 3997 3908
f 3881 3971 3882
f 3856 3944 3945
f 3830 7212 3919
f 3908 3998 3909
f 3883 3971 3972
f 3856 3946 3857
f 3830 3920 3831
f 3909 3999 3910
f 3883 3973 3884
f 3858 3946 3947
f 3831 3921 3832
f 3911 3999 4000
f 3884 3974 3885
f 3858 3948 3859
f 3832 3922 3833
f 3911 4001 3912
f 3886 3974 3975
f 3860 3948 3949
f 3833 3923 3834
f 3913 4001 4002
f 3886 3976 3887
f 3861 3949 3950
f 3835 3923 3924
f 3913 4003 3914
f 3887 3977 3888
f 3862 3950 3951
f 3835 3925 3836
f 3914 4004 3915
f 3888 3978 3889
f 4006 4096 4007
f 3981 4069 4070
f 3954 4044 3955
f 3928 4018 3929
f 1337 4007 4096
f 3981 4071 3982
f 3956 4044 4045
f 3930 4018 4019
f 3982 4072 3983
f 3957 4045 4046
f 3930 4020 3931
f 3984 4072 4073
f 3957 4047 3958
f 3931 4021 3932
f 3984 4074 3985
f 3959 4047 4048
f 3933 4021 4022
f 3986 4074 4075
f 3959 4049 3960
f 3933 4023 3934
f 3987 4075 4076
f 3960 4050 3961
f 3935 4023 4024
f 3988 4076 4077
f 3962 4050 4051
f 3936 4024 4025
f 3988 4078 3989
f 3962 4052 3963
f 3936 4026 3937
f 3990 4078 4079
f 3964 4052 4053
f 3938 4026 4027
f 3990 4080 3991
f 3964 4054 3965
f 3938 4028 3939
f 3991 4081 3992
f 3966 4054 4055
f 3939 4029 3940
f 3993 4081 4082
f 3967 4055 4056
f 3940 4030 3941
f 3993 4083 3994
f 3967 4057 3968
f 3942 4030 4031
f 3995 4083 4084
f 3969 4057 4058
f 3942 4032 3943
f 3996 4084 4085
f 3969 4059 3970
f 3944 4032 4033
f 3996 4086 3997
f 3970 4060 3971
f 3945 4033 4034
f 3919 7212 4008
f 3997 4087 3998
f 3972 4060 4061
f 3945 4035 3946
f 3919 4009 3920
f 3999 4087 4088
f 3972 4062 3973
f 3947 4035 4036
f 3920 4010 3921
f 4000 4088 4089
f 3973 4063 3974
f 3947 4037 3948
f 3921 4011 3922
f 4000 4090 4001
f 3975 4063 4064
f 3949 4037 4038
f 3922 4012 3923
f 4002 4090 4091
f 3975 4065 3976
f 3950 4038 4039
f 3924 4012 4013
f 4002 4092 4003
f 3976 4066 3977
f 3951 4039 4040
f 3924 4014 3925
f 4003 4093 4004
f 3977 4067 3978
f 3951 4041 3952
f 3926 4014 4015
f 4005 4093 4094
f 3979 4067 4068
f 3953 4041 4042
f 3926 4016 3927
f 4005 4095 4006
f 3979 4069 3980
f 3954 4042 4043
f 3928 4016 4017
f 4085 4173 4174
f 4058 4148 4059
f 4033 4121 4122
f 4085 4175 4086
f 4059 4149 4060
f 4034 4122 4123
f 4008 7212 4097
f 4086 4176 4087
f 4061 4149 4150
f 4034 4124 4035
f 4008 4098 4009
f 4087 4177 4088
f 4061 4151 4062
f 4036 4124 4125
f 4010 4098 4099
f 4088 4178 4089
f 4062 4152 4063
f 4036 4126 4037
f 4010 4100 4011
f 4089 4179 4090
f 4064 4152 4153
f 4038 4126 4127
f 4011 4101 4012
f 4091 4179 4180
f 4064 4154 4065
f 4039 4127 4128
f 4013 4101 4102
f 4091 4181 4092
f 4065 4155 4066
f 4040 4128 4129
f 4013 4103 4014
f 4093 4181 4182
f 4066 4156 4067
f 4040 4130 4041
f 4015 4103 4104
f 4094 4182 4183
f 4068 4156 4157
f 4042 4130 4131
f 4015 4105 4016
f 4095 4183 4184
f 4068 4158 4069
f 4042 4132 4043
f 4017 4105 4106
f 4096 4184 4185
f 4070 4158 4159
f 4043 4133 4044
f 4018 4106 4107
f 1337 4096 4185
f 4070 4160 4071
f 4045 4133 4134
f 4019 4107 4108
f 4071 4161 4072
f 4046 4134 4135
f 4019 4109 4020
f 4073 4161 4162
f 4046 4136 4047
f 4021 4109 4110
f 4073 4163 4074
f 4048 4136 4137
f 4022 4110 4111
f 4075 4163 4164
f 4048 4138 4049
f 4022 4112 4023
f 4075 4165 4076
f 4049 4139 4050
f 4024 4112 4113
f 4076 4166 4077
f 4051 4139 4140
f 4025 4113 4114
f 4077 4167 4078
f 4051 4141 4052
f 4025 4115 4026
f 4079 4167 4168
f 4053 4141 4142
f 4027 4115 4116
f 4079 4169 4080
f 4053 4143 4054
f 4027 4117 4028
f 4080 4170 4081
f 4055 4143 4144
f 4028 4118 4029
f 4082 4170 4171
f 4056 4144 4145
f 4029 4119 4030
f 4082 4172 4083
f 4056 4146 4057
f 4031 4119 4120
f 4083 4173 4084
f 4058 4146 4147
f 4031 4121 4032
f 4123 4213 4124
f 4097 4187 4098
f 4176 4266 4177
f 4150 4240 4151
f 4125 4213 4214
f 4098 4188 4099
f 4177 4267 4178
f 4151 4241 4152
f 4125 4215 4126
f 4099 4189 4100
f 4178 4268 4179
f 4153 4241 4242
f 4127 4215 4216
f 4101 4189 4190
f 4180 4268 4269
f 4153 4243 4154
f 4128 4216 4217
f 4102 4190 4191
f 4180 4270 4181
f 4154 4244 4155
f 4129 4217 4218
f 4102 4192 4103
f 4181 4271 4182
f 4155 4245 4156
f 4129 4219 4130
f 4104 4192 4193
f 4183 4271 4272
f 4157 4245 4246
f 4131 4219 4220
f 4105 4193 4194
f 4183 4273 4184
f 4157 4247 4158
f 4132 4220 4221
f 4106 4194 4195
f 4184 4274 4185
f 4159 4247 4248
f 4132 4222 4133
f 4106 4196 4107
f 1337 4185 4274
f 4159 4249 4160
f 4134 4222 4223
f 4108 4196 4197
f 4160 4250 4161
f 4135 4223 4224
f 4108 4198 4109
f 4162 4250 4251
f 4135 4225 4136
f 4109 4199 4110
f 4162 4252 4163
f 4137 4225 4226
f 4111 4199 4200
f 4164 4252 4253
f 4137 4227 4138
f 4111 4201 4112
f 4165 4253 4254
f 4138 4228 4139
f 4112 4202 4113
f 4165 4255 4166
f 4140 4228 4229
f 4113 4203 4114
f 4166 4256 4167
f 4140 4230 4141
f 4114 4204 4115
f 4168 4256 4257
f 4142 4230 4231
f 4116 4204 4205
f 4168 4258 4169
f 4142 4232 4143
f 4116 4206 4117
f 4170 4258 4259
f 4144 4232 4233
f 4117 4207 4118
f 4171 4259 4260
f 4145 4233 4234
f 4118 4208 4119
f 4171 4261 4172
f 4145 4235 4146
f 4120 4208 4209
f 4172 4262 4173
f 4147 4235 4236
f 4120 4210 4121
f 4174 4262 4263
f 4147 4237 4148
f 4122 4210 4211
f 4174 4264 4175
f 4148 4238 4149
f 4123 4211 4212
f 4097 7212 4186
f 4175 4265 4176
f 4150 4238 4239
f 4267 4357 4268
f 4242 4330 4331
f 4216 4304 4305
f 4190 4278 4279
f 4269 4357 4358
f 4242 4332 4243
f 4217 4305 4306
f 4191 4279 4280
f 4269 4359 4270
f 4243 4333 4244
f 4218 4306 4307
f 4191 4281 4192
f 4270 4360 4271
f 4244 4334 4245
f 4218 4308 4219
f 4193 4281 4282
f 4271 4361 4272
f 4246 4334 4335
f 4220 4308 4309
f 4193 4283 4194
f 4272 4362 4273
f 4246 4336 4247
f 4221 4309 4310
f 4194 4284 4195
f 4273 4363 4274
f 4248 4336 4337
f 4221 4311 4222
f 4195 4285 4196
f 1337 4274 4363
f 4248 4338 4249
f 4223 4311 4312
f 4197 4285 4286
f 4249 4339 4250
f 4224 4312 4313
f 4197 4287 4198
f 4251 4339 4340
f 4224 4314 4225
f 4198 4288 4199
f 4251 4341 4252
f 4226 4314 4315
f 4200 4288 4289
f 4253 4341 4342
f 4226 4316 4227
f 4200 4290 4201
f 4253 4343 4254
f 4227 4317 4228
f 4201 4291 4202
f 4254 4344 4255
f 4229 4317 4318
f 4203 4291 4292
f 4255 4345 4256
f 4229 4319 4230
f 4203 4293 4204
f 4257 4345 4346
f 4231 4319 4320
f 4205 4293 4294
f 4257 4347 4258
f 4231 4321 4232
f 4206 4294 4295
f 4259 4347 4348
f 4233 4321 4322
f 4207 4295 4296
f 4260 4348 4349
f 4234 4322 4323
f 4207 4297 4208
f 4260 4350 4261
f 4234 4324 4235
f 4209 4297 4298
f 4262 4350 4351
f 4236 4324 4325
f 4209 4299 4210
f 4263 4351 4352
f 4236 4326 4237
f 4211 4299 4300
f 4263 4353 4264
f 4237 4327 4238
f 4212 4300 4301
f 4186 7212 4275
f 4265 4353 4354
f 4239 4327 4328
f 4212 4302 4213
f 4186 4276 4187
f 4266 4354 4355
f 4239 4329 4240
f 4214 4302 4303
f 4187 4277 4188
f 4267 4355 4356
f 4240 4330 4241
f 4214 4304 4215
f 4188 4278 4189
f 4332 4422 4333
f 4307 4395 4396
f 4280 4370 4281
f 4359 4449 4360
f 4333 4423 4334
f 4307 4397 4308
f 4282 4370 4371
f 4361 4449 4450
f 4335 4423 4424
f 4309 4397 4398
f 4282 4372 4283
f 4362 4450 4451
f 4335 4425 4336
f 4309 4399 4310
f 4284 4372 4373
f 4362 4452 4363
f 4337 4425 4426
f 4310 4400 4311
f 4285 4373 4374
f 1337 4363 4452
f 4337 4427 4338
f 4312 4400 4401
f 4286 4374 4375
f 4338 4428 4339
f 4313 4401 4402
f 4286 4376 4287
f 4340 4428 4429
f 4313 4403 4314
f 4287 4377 4288
f 4340 4430 4341
f 4315 4403 4404
f 4289 4377 4378
f 4342 4430 4431
f 4315 4405 4316
f 4289 4379 4290
f 4342 4432 4343
f 4316 4406 4317
f 4291 4379 4380
f 4343 4433 4344
f 4318 4406 4407
f 4292 4380 4381
f 4344 4434 4345
f 4318 4408 4319
f 4292 4382 4293
f 4346 4434 4435
f 4320 4408 4409
f 4294 4382 4383
f 4346 4436 4347
f 4320 4410 4321
f 4294 4384 4295
f 4347 4437 4348
f 4322 4410 4411
f 4295 4385 4296
f 4349 4437 4438
f 4323 4411 4412
f 4296 4386 4297
f 4349 4439 4350
f 4323 4413 4324
f 4298 4386 4387
f 4351 4439 4440
f 4325 4413 4414
f 4298 4388 4299
f 4352 4440 4441
f 4325 4415 4326
f 4300 4388 4389
f 4352 4442 4353
f 4326 4416 4327
f 4301 4389 4390
f 4275 7212 4364
f 4353 4443 4354
f 4328 4416 4417
f 4301 4391 4302
f 4276 4364 4365
f 4354 4444 4355
f 4329 4417 4418
f 4303 4391 4392
f 4276 4366 4277
f 4355 4445 4356
f 4329 4419 4330
f 4303 4393 4304
f 4278 4366 4367
f 4356 4446 4357
f 4331 4419 4420
f 4305 4393 4394
f 4278 4368 4279
f 4358 4446 4447
f 4331 4421 4332
f 4306 4394 4395
f 4280 4368 4369
f 4358 4448 4359
f 4372 4460 4461
f 4450 4540 4451
f 4424 4514 4425
f 4398 4488 4399
f 4373 4461 4462
f 4451 4541 4452
f 4426 4514 4515
f 4399 4489 4400
f 4373 4463 4374
f 1337 4452 4541
f 4426 4516 4427
f 4401 4489 4490
f 4375 4463 4464
f 4427 4517 4428
f 4402 4490 4491
f 4375 4465 4376
f 4428 4518 4429
f 4402 4492 4403
f 4376 4466 4377
f 4429 4519 4430
f 4404 4492 4493
f 4378 4466 4467
f 4431 4519 4520
f 4404 4494 4405
f 4379 4467 4468
f 4432 4520 4521
f 4405 4495 4406
f 4380 4468 4469
f 4433 4521 4522
f 4407 4495 4496
f 4380 4470 4381
f 4433 4523 4434
f 4407 4497 4408
f 4381 4471 4382
f 4435 4523 4524
f 4409 4497 4498
f 4383 4471 4472
f 4435 4525 4436
f 4409 4499 4410
f 4383 4473 4384
f 4436 4526 4437
f 4411 4499 4500
f 4384 4474 4385
f 4437 4527 4438
f 4412 4500 4501
f 4385 4475 4386
f 4438 4528 4439
f 4412 4502 4413
f 4387 4475 4476
f 4440 4528 4529
f 4414 4502 4503
f 4388 4476 4477
f 4441 4529 4530
f 4414 4504 4415
f 4389 4477 4478
f 4441 4531 4442
f 4415 4505 4416
f 4390 4478 4479
f 4364 7212 4453
f 4442 4532 4443
f 4417 4505 4506
f 4390 4480 4391
f 4364 4454 4365
f 4443 4533 4444
f 4418 4506 4507
f 4392 4480 4481
f 4366 4454 4455
f 4444 4534 4445
f 4418 4508 4419
f 4392 4482 4393
f 4366 4456 4367
f 4445 4535 4446
f 4420 4508 4509
f 4394 4482 4483
f 4367 4457 4368
f 4447 4535 4536
f 4420 4510 4421
f 4395 4483 4484
f 4369 4457 4458
f 4447 4537 4448
f 4421 4511 4422
f 4396 4484 4485
f 4369 4459 4370
f 4448 4538 4449
f 4422 4512 4423
f 4396 4486 4397
f 4371 4459 4460
f 4449 4539 4450
f 4424 4512 4513
f 4398 4486 4487
f 1337 4541 4630
f 4515 4605 4516
f 4490 4578 4579
f 4464 4552 4553
f 4516 4606 4517
f 4491 4579 4580
f 4464 4554 4465
f 4517 4607 4518
f 4491 4581 4492
f 4465 4555 4466
f 4518 4608 4519
f 4493 4581 4582
f 4467 4555 4556
f 4520 4608 4609
f 4493 4583 4494
f 4467 4557 4468
f 4520 4610 4521
f 4494 4584 4495
f 4469 4557 4558
f 4521 4611 4522
f 4496 4584 4585
f 4470 4558 4559
f 4522 4612 4523
f 4496 4586 4497
f 4470 4560 4471
f 4524 4612 4613
f 4498 4586 4587
f 4472 4560 4561
f 4524 4614 4525
f 4498 4588 4499
f 4472 4562 4473
f 4525 4615 4526
f 4500 4588 4589
f 4473 4563 4474
f 4526 4616 4527
f 4501 4589 4590
f 4474 4564 4475
f 4527 4617 4528
f 4501 4591 4502
f 4476 4564 4565
f 4528 4618 4529
f 4503 4591 4592
f 4477 4565 4566
f 4529 4619 4530
f 4503 4593 4504
f 4478 4566 4567
f 4530 4620 4531
f 4504 4594 4505
f 4479 4567 4568
f 4453 7212 4542
f 4532 4620 4621
f 4506 4594 4595
f 4479 4569 4480
f 4454 4542 4543
f 4532 4622 4533
f 4507 4595 4596
f 4481 4569 4570
f 4454 4544 4455
f 4534 4622 4623
f 4507 4597 4508
f 4481 4571 4482
f 4456 4544 4545
f 4534 4624 4535
f 4509 4597 4598
f 4483 4571 4572
f 4456 4546 4457
f 4536 4624 4625
f 4509 4599 4510
f 4484 4572 4573
f 4458 4546 4547
f 4536 4626 4537
f 4510 4600 4511
f 4485 4573 4574
f 4458 4548 4459
f 4537 4627 4538
f 4511 4601 4512
f 4485 4575 4486
f 4460 4548 4549
f 4538 4628 4539
f 4513 4601 4602
f 4487 4575 4576
f 4460 4550 4461
f 4539 4629 4540
f 4513 4603 4514
f 4487 4577 4488
f 4461 4551 4462
f 4540 4630 4541
f 4515 4603 4604
f 4488 4578 4489
f 4462 4552 4463
f 4580 4670 4581
f 4554 4644 4555
f 4607 4697 4608
f 4582 4670 4671
f 4556 4644 4645
f 4609 4697 4698
f 4582 4672 4583
f 4557 4645 4646
f 4610 4698 4699
f 4583 4673 4584
f 4558 4646 4647
f 4610 4700 4611
f 4585 4673 4674
f 4559 4647 4648
f 4611 4701 4612
f 4585 4675 4586
f 4559 4649 4560
f 4613 4701 4702
f 4587 4675 4676
f 4561 4649 4650
f 4613 4703 4614
f 4587 4677 4588
f 4562 4650 4651
f 4614 4704 4615
f 4589 4677 4678
f 4562 4652 4563
f 4615 4705 4616
f 4590 4678 4679
f 4563 4653 4564
f 4616 4706 4617
f 4590 4680 4591
f 4565 4653 4654
f 4618 4706 4707
f 4592 4680 4681
f 4566 4654 4655
f 4619 4707 4708
f 4592 4682 4593
f 4567 4655 4656
f 4619 4709 4620
f 4593 4683 4594
f 4568 4656 4657
f 4542 7212 4631
f 4621 4709 4710
f 4595 4683 4684
f 4568 4658 4569
f 4543 4631 4632
f 4621 4711 4622
f 4595 4685 4596
f 4570 4658 4659
f 4544 4632 4633
f 4623 4711 4712
f 4596 4686 4597
f 4570 4660 4571
f 4544 4634 4545
f 4623 4713 4624
f 4598 4686 4687
f 4572 4660 4661
f 4546 4634 4635
f 4625 4713 4714
f 4598 4688 4599
f 4573 4661 4662
f 4547 4635 4636
f 4625 4715 4626
f 4599 4689 4600
f 4574 4662 4663
f 4547 4637 4548
f 4626 4716 4627
f 4600 4690 4601
f 4574 4664 4575
f 4549 4637 4638
f 4628 4716 4717
f 4602 4690 4691
f 4576 4664 4665
f 4550 4638 4639
f 4629 4717 4718
f 4602 4692 4603
f 4577 4665 4666
f 4551 4639 4640
f 4630 4718 4719
f 4604 4692 4693
f 4577 4667 4578
f 4551 4641 4552
f 1337 4630 4719
f 4604 4694 4605
f 4579 4667 4668
f 4553 4641 4642
f 4605 4695 4606
f 4580 4668 4669
f 4553 4643 4554
f 4606 4696 4607
f 4699 4787 4788
f 4672 4762 4673
f 4646 4736 4647
f 4699 4789 4700
f 4674 4762 4763
f 4648 4736 4737
f 4700 4790 4701
f 4674 4764 4675
f 4648 4738 4649
f 4702 4790 4791
f 4676 4764 4765
f 4649 4739 4650
f 4702 4792 4703
f 4676 4766 4677
f 4651 4739 4740
f 4704 4792 4793
f 4678 4766 4767
f 4651 4741 4652
f 4704 4794 4705
f 4679 4767 4768
f 4652 4742 4653
f 4705 4795 4706
f 4679 4769 4680
f 4654 4742 4743
f 4707 4795 4796
f 4681 4769 4770
f 4655 4743 4744
f 4708 4796 4797
f 4681 4771 4682
f 4656 4744 4745
f 4708 4798 4709
f 4682 4772 4683
f 4657 4745 4746
f 4631 7212 4720
f 4710 4798 4799
f 4684 4772 4773
f 4657 4747 4658
f 4631 4721 4632
f 4710 4800 4711
f 4684 4774 4685
f 4659 4747 4748
f 4633 4721 4722
f 4711 4801 4712
f 4685 4775 4686
f 4659 4749 4660
f 4633 4723 4634
f 4712 4802 4713
f 4687 4775 4776
f 4661 4749 4750
f 4635 4723 4724
f 4714 4802 4803
f 4687 4777 4688
f 4662 4750 4751
f 4636 4724 4725
f 4714 4804 4715
f 4688 4778 4689
f 4663 4751 4752
f 4636 4726 4637
f 4715 4805 4716
f 4689 4779 4690
f 4663 4753 4664
f 4638 4726 4727
f 4716 4806 4717
f 4691 4779 4780
f 4665 4753 4754
f 4638 4728 4639
f 4717 4807 4718
f 4691 4781 4692
f 4666 4754 4755
f 4640 4728 4729
f 4718 4808 4719
f 4693 4781 4782
f 4666 4756 4667
f 4640 4730 4641
f 1337 4719 4808
f 4693 4783 4694
f 4668 4756 4757
f 4642 4730 4731
f 4694 4784 4695
f 4669 4757 4758
f 4642 4732 4643
f 4695 4785 4696
f 4669 4759 4670
f 4643 4733 4644
f 4696 4786 4697
f 4671 4759 4760
f 4645 4733 4734
f 4698 4786 4787
f 4671 4761 4672
f 4646 4734 4735
f 4789 4879 4790
f 4763 4853 4764
f 4737 4827 4738
f 4791 4879 4880
f 4765 4853 4854
f 4739 4827 4828
f 4791 4881 4792
f 4765 4855 4766
f 4740 4828 4829
f 4792 4882 4793
f 4767 4855 4856
f 4740 4830 4741
f 4793 4883 4794
f 4768 4856 4857
f 4741 4831 4742
f 4794 4884 4795
f 4768 4858 4769
f 4743 4831 4832
f 4796 4884 4885
f 4770 4858 4859
f 4744 4832 4833
f 4797 4885 4886
f 4771 4859 4860
f 4745 4833 4834
f 4797 4887 4798
f 4771 4861 4772
f 4746 4834 4835
f 4720 7212 4809
f 4799 4887 4888
f 4773 4861 4862
f 4746 4836 4747
f 4721 4809 4810
f 4799 4889 4800
f 4774 4862 4863
f 4748 4836 4837
f 4721 4811 4722
f 4801 4889 4890
f 4774 4864 4775
f 4748 4838 4749
f 4722 4812 4723
f 4801 4891 4802
f 4776 4864 4865
f 4750 4838 4839
f 4724 4812 4813
f 4803 4891 4892
f 4776 4866 4777
f 4751 4839 4840
f 4725 4813 4814
f 4804 4892 4893
f 4777 4867 4778
f 4752 4840 4841
f 4725 4815 4726
f 4804 4894 4805
f 4778 4868 4779
f 4752 4842 4753
f 4727 4815 4816
f 4805 4895 4806
f 4780 4868 4869
f 4754 4842 4843
f 4727 4817 4728
f 4806 4896 4807
f 4780 4870 4781
f 4754 4844 4755
f 4728 4818 4729
f 4807 4897 4808
f 4782 4870 4871
f 4755 4845 4756
f 4729 4819 4730
f 1337 4808 4897
f 4782 4872 4783
f 4757 4845 4846
f 4731 4819 4820
f 4783 4873 4784
f 4757 4847 4758
f 4731 4821 4732
f 4784 4874 4785
f 4758 4848 4759
f 4733 4821 4822
f 4785 4875 4786
f 4760 4848 4849
f 4734 4822 4823
f 4787 4875 4876
f 4760 4850 4761
f 4735 4823 4824
f 4787 4877 4788
f 4761 4851 4762
f 4736 4824 4825
f 4788 4878 4789
f 4763 4851 4852
f 4737 4825 4826
f 4841 4929 4930
f 4814 4904 4815
f 4893 4983 4894
f 4867 4957 4868
f 4841 4931 4842
f 4816 4904 4905
f 4894 4984 4895
f 4869 4957 4958
f 4843 4931 4932
f 4817 4905 4906
f 4896 4984 4985
f 4869 4959 4870
f 4844 4932 4933
f 4817 4907 4818
f 4896 4986 4897
f 4871 4959 4960
f 4844 4934 4845
f 4818 4908 4819
f 1337 4897 4986
f 4871 4961 4872
f 4846 4934 4935
f 4820 4908 4909
f 4872 4962 4873
f 4846 4936 4847
f 4820 4910 4821
f 4873 4963 4874
f 4847 4937 4848
f 4821 4911 4822
f 4874 4964 4875
f 4849 4937 4938
f 4823 4911 4912
f 4876 4964 4965
f 4849 4939 4850
f 4824 4912 4913
f 4877 4965 4966
f 4850 4940 4851
f 4824 4914 4825
f 4877 4967 4878
f 4852 4940 4941
f 4826 4914 4915
f 4878 4968 4879
f 4852 4942 4853
f 4826 4916 4827
f 4880 4968 4969
f 4854 4942 4943
f 4828 4916 4917
f 4880 4970 4881
f 4854 4944 4855
f 4829 4917 4918
f 4881 4971 4882
f 4856 4944 4945
f 4829 4919 4830
f 4882 4972 4883
f 4857 4945 4946
f 4830 4920 4831
f 4883 4973 4884
f 4857 4947 4858
f 4832 4920 4921
f 4885 4973 4974
f 4859 4947 4948
f 4833 4921 4922
f 4886 4974 4975
f 4860 4948 4949
f 4834 4922 4923
f 4886 4976 4887
f 4860 4950 4861
f 4835 4923 4924
f 4809 7212 4898
f 4888 4976 4977
f 4862 4950 4951
f 4835 4925 4836
f 4809 4899 4810
f 4888 4978 4889
f 4862 4952 4863
f 4837 4925 4926
f 4810 4900 4811
f 4890 4978 4979
f 4863 4953 4864
f 4837 4927 4838
f 4812 4900 4901
f 4890 4980 4891
f 4865 4953 4954
f 4839 4927 4928
f 4813 4901 4902
f 4892 4980 4981
f 4865 4955 4866
f 4840 4928 4929
f 4814 4902 4903
f 4892 4982 4893
f 4866 4956 4867
f 4984 5074 4985
f 4958 5048 4959
f 4933 5021 5022
f 4907 4995 4996
f 4985 5075 4986
f 4960 5048 5049
f 4933 5023 4934
f 4907 4997 4908
f 1337 4986 5075
f 4960 5050 4961
f 4935 5023 5024
f 4909 4997 4998
f 4961 5051 4962
f 4935 5025 4936
f 4909 4999 4910
f 4962 5052 4963
f 4936 5026 4937
f 4910 5000 4911
f 4963 5053 4964
f 4938 5026 5027
f 4912 5000 5001
f 4965 5053 5054
f 4938 5028 4939
f 4913 5001 5002
f 4966 5054 5055
f 4939 5029 4940
f 4913 5003 4914
f 4966 5056 4967
f 4941 5029 5030
f 4915 5003 5004
f 4967 5057 4968
f 4941 5031 4942
f 4915 5005 4916
f 4969 5057 5058
f 4943 5031 5032
f 4917 5005 5006
f 4969 5059 4970
f 4943 5033 4944
f 4918 5006 5007
f 4970 5060 4971
f 4945 5033 5034
f 4918 5008 4919
f 4971 5061 4972
f 4946 5034 5035
f 4919 5009 4920
f 4972 5062 4973
f 4946 5036 4947
f 4921 5009 5010
f 4974 5062 5063
f 4948 5036 5037
f 4922 5010 5011
f 4975 5063 5064
f 4948 5038 4949
f 4923 5011 5012
f 4975 5065 4976
f 4949 5039 4950
f 4924 5012 5013
f 4898 7212 4987
f 4977 5065 5066
f 4951 5039 5040
f 4924 5014 4925
f 4899 4987 4988
f 4977 5067 4978
f 4951 5041 4952
f 4926 5014 5015
f 4900 4988 4989
f 4979 5067 5068
f 4952 5042 4953
f 4926 5016 4927
f 4900 4990 4901
f 4979 5069 4980
f 4954 5042 5043
f 4928 5016 5017
f 4902 4990 4991
f 4981 5069 5070
f 4954 5044 4955
f 4929 5017 5018
f 4903 4991 4992
f 4981 5071 4982
f 4955 5045 4956
f 4930 5018 5019
f 4903 4993 4904
f 4982 5072 4983
f 4956 5046 4957
f 4930 5020 4931
f 4905 4993 4994
f 4983 5073 4984
f 4958 5046 5047
f 4932 5020 5021
f 4905 4995 4906
f 5049 5139 5050
f 5024 5112 5113
f 4998 5086 5087
f 5050 5140 5051
f 5024 5114 5025
f 4998 5088 4999
f 5051 5141 5052
f 5025 5115 5026
f 5000 5088 5089
f 5052 5142 5053
f 5027 5115 5116
f 5001 5089 5090
f 5054 5142 5143
f 5027 5117 5028
f 5002 5090 5091
f 5054 5144 5055
f 5028 5118 5029
f 5003 5091 5092
f 5055 5145 5056
f 5030 5118 5119
f 5004 5092 5093
f 5056 5146 5057
f 5030 5120 5031
f 5004 5094 5005
f 5058 5146 5147
f 5032 5120 5121
f 5005 5095 5006
f 5058 5148 5059
f 5032 5122 5033
f 5007 5095 5096
f 5059 5149 5060
f 5034 5122 5123
f 5007 5097 5008
f 5060 5150 5061
f 5035 5123 5124
f 5008 5098 5009
f 5061 5151 5062
f 5035 5125 5036
f 5010 5098 5099
f 5063 5151 5152
f 5037 5125 5126
f 5011 5099 5100
f 5064 5152 5153
f 5037 5127 5038
f 5012 5100 5101
f 5064 5154 5065
f 5038 5128 5039
f 5013 5101 5102
f 4987 7212 5076
f 5066 5154 5155
f 5040 5128 5129
f 5013 5103 5014
f 4987 5077 4988
f 5066 5156 5067
f 5040 5130 5041
f 5015 5103 5104
f 4988 5078 4989
f 5067 5157 5068
f 5041 5131 5042
f 5015 5105 5016
f 4989 5079 4990
f 5068 5158 5069
f 5043 5131 5132
f 5017 5105 5106
f 4991 5079 5080
f 5070 5158 5159
f 5043 5133 5044
f 5018 5106 5107
f 4991 5081 4992
f 5071 5159 5160
f 5044 5134 5045
f 5019 5107 5108
f 4992 5082 4993
f 5071 5161 5072
f 5045 5135 5046
f 5019 5109 5020
f 4994 5082 5083
f 5072 5162 5073
f 5047 5135 5136
f 5021 5109 5110
f 4994 5084 4995
f 5073 5163 5074
f 5047 5137 5048
f 5022 5110 5111
f 4996 5084 5085
f 5074 5164 5075
f 5049 5137 5138
f 5022 5112 5023
f 4996 5086 4997
f 1337 5075 5164
f 5088 5178 5089
f 5141 5231 5142
f 5116 5204 5205
f 5090 5178 5179
f 5143 5231 5232
f 5116 5206 5117
f 5091 5179 5180
f 5143 5233 5144
f 5118 5206 5207
f 5092 5180 5181
f 5144 5234 5145
f 5119 5207 5208
f 5093 5181 5182
f 5145 5235 5146
f 5119 5209 5120
f 5093 5183 5094
f 5147 5235 5236
f 5121 5209 5210
f 5094 5184 5095
f 5147 5237 5148
f 5121 5211 5122
f 5096 5184 5185
f 5148 5238 5149
f 5122 5212 5123
f 5096 5186 5097
f 5149 5239 5150
f 5124 5212 5213
f 5097 5187 5098
f 5150 5240 5151
f 5124 5214 5125
f 5099 5187 5188
f 5152 5240 5241
f 5125 5215 5126
f 5100 5188 5189
f 5153 5241 5242
f 5127 5215 5216
f 5101 5189 5190
f 5153 5243 5154
f 5127 5217 5128
f 5102 5190 5191
f 5076 7212 5165
f 5155 5243 5244
f 5129 5217 5218
f 5102 5192 5103
f 5076 5166 5077
f 5155 5245 5156
f 5129 5219 5130
f 5104 5192 5193
f 5077 5167 5078
f 5157 5245 5246
f 5130 5220 5131
f 5104 5194 5105
f 5078 5168 5079
f 5157 5247 5158
f 5132 5220 5221
f 5106 5194 5195
f 5080 5168 5169
f 5159 5247 5248
f 5132 5222 5133
f 5107 5195 5196
f 5080 5170 5081
f 5159 5249 5160
f 5133 5223 5134
f 5108 5196 5197
f 5081 5171 5082
f 5161 5249 5250
f 5134 5224 5135
f 5108 5198 5109
f 5083 5171 5172
f 5162 5250 5251
f 5136 5224 5225
f 5110 5198 5199
f 5083 5173 5084
f 5162 5252 5163
f 5136 5226 5137
f 5111 5199 5200
f 5085 5173 5174
f 5163 5253 5164
f 5138 5226 5227
f 5111 5201 5112
f 5085 5175 5086
f 1337 5164 5253
f 5138 5228 5139
f 5113 5201 5202
f 5087 5175 5176
f 5139 5229 5140
f 5113 5203 5114
f 5087 5177 5088
f 5140 5230 5141
f 5115 5203 5204
f 5232 5322 5233
f 5206 5296 5207
f 5181 5269 5270
f 5233 5323 5234
f 5208 5296 5297
f 5181 5271 5182
f 5235 5323 5324
f 5208 5298 5209
f 5182 5272 5183
f 5236 5324 5325
f 5210 5298 5299
f 5183 5273 5184
f 5237 5325 5326
f 5210 5300 5211
f 5185 5273 5274
f 5237 5327 5238
f 5211 5301 5212
f 5185 5275 5186
f 5238 5328 5239
f 5213 5301 5302
f 5186 5276 5187
f 5239 5329 5240
f 5213 5303 5214
f 5188 5276 5277
f 5241 5329 5330
f 5214 5304 5215
f 5189 5277 5278
f 5242 5330 5331
f 5215 5305 5216
f 5190 5278 5279
f 5242 5332 5243
f 5216 5306 5217
f 5191 5279 5280
f 5165 7212 5254
f 5244 5332 5333
f 5218 5306 5307
f 5191 5281 5192
f 5165 5255 5166
f 5244 5334 5245
f 5218 5308 5219
f 5193 5281 5282
f 5166 5256 5167
f 5246 5334 5335
f 5219 5309 5220
f 5193 5283 5194
f 5167 5257 5168
f 5246 5336 5247
f 5221 5309 5310
f 5195 5283 5284
f 5169 5257 5258
f 5248 5336 5337
f 5221 5311 5222
f 5196 5284 5285
f 5169 5259 5170
f 5248 5338 5249
f 5222 5312 5223
f 5197 5285 5286
f 5170 5260 5171
f 5249 5339 5250
f 5223 5313 5224
f 5197 5287 5198
f 5172 5260 5261
f 5250 5340 5251
f 5225 5313 5314
f 5199 5287 5288
f 5172 5262 5173
f 5251 5341 5252
f 5225 5315 5226
f 5200 5288 5289
f 5174 5262 5263
f 5252 5342 5253
f 5227 5315 5316
f 5200 5290 5201
f 5174 5264 5175
f 1337 5253 5342
f 5227 5317 5228
f 5202 5290 5291
f 5176 5264 5265
f 5228 5318 5229
f 5203 5291 5292
f 5176 5266 5177
f 5229 5319 5230
f 5204 5292 5293
f 5177 5267 5178
f 5230 5320 5231
f 5205 5293 5294
f 5179 5267 5268
f 5232 5320 5321
f 5205 5295 5206
f 5180 5268 5269
f 5297 5387 5298
f 5272 5360 5361
f 5324 5414 5325
f 5299 5387 5388
f 5272 5362 5273
f 5326 5414 5415
f 5299 5389 5300
f 5274 5362 5363
f 5326 5416 5327
f 5301 5389 5390
f 5274 5364 5275
f 5327 5417 5328
f 5302 5390 5391
f 5275 5365 5276
f 5328 5418 5329
f 5302 5392 5303
f 5277 5365 5366
f 5330 5418 5419
f 5303 5393 5304
f 5278 5366 5367
f 5331 5419 5420
f 5304 5394 5305
f 5278 5368 5279
f 5331 5421 5332
f 5305 5395 5306
f 5280 5368 5369
f 5254 7212 5343
f 5333 5421 5422
f 5307 5395 5396
f 5280 5370 5281
f 5255 5343 5344
f 5333 5423 5334
f 5307 5397 5308
f 5282 5370 5371
f 5256 5344 5345
f 5335 5423 5424
f 5308 5398 5309
f 5282 5372 5283
f 5256 5346 5257
f 5335 5425 5336
f 5310 5398 5399
f 5284 5372 5373
f 5257 5347 5258
f 5337 5425 5426
f 5310 5400 5311
f 5285 5373 5374
f 5258 5348 5259
f 5337 5427 5338
f 5311 5401 5312
f 5286 5374 5375
f 5259 5349 5260
f 5338 5428 5339
f 5312 5402 5313
f 5286 5376 5287
f 5261 5349 5350
f 5339 5429 5340
f 5314 5402 5403
f 5288 5376 5377
f 5261 5351 5262
f 5340 5430 5341
f 5314 5404 5315
f 5289 5377 5378
f 5263 5351 5352
f 5341 5431 5342
f 5316 5404 5405
f 5289 5379 5290
f 5263 5353 5264
f 1337 5342 5431
f 5316 5406 5317
f 5291 5379 5380
f 5265 5353 5354
f 5317 5407 5318
f 5292 5380 5381
f 5265 5355 5266
f 5318 5408 5319
f 5293 5381 5382
f 5266 5356 5267
f 5319 5409 5320
f 5294 5382 5383
f 5268 5356 5357
f 5321 5409 5410
f 5294 5384 5295
f 5269 5357 5358
f 5322 5410 5411
f 5295 5385 5296
f 5270 5358 5359
f 5322 5412 5323
f 5297 5385 5386
f 5270 5360 5271
f 5324 5412 5413
f 5415 5505 5416
f 5389 5479 5390
f 5363 5453 5364
f 5416 5506 5417
f 5391 5479 5480
f 5364 5454 5365
f 5417 5507 5418
f 5391 5481 5392
f 5366 5454 5455
f 5419 5507 5508
f 5392 5482 5393
f 5367 5455 5456
f 5420 5508 5509
f 5393 5483 5394
f 5367 5457 5368
f 5420 5510 5421
f 5394 5484 5395
f 5369 5457 5458
f 5343 7212 5432
f 5422 5510 5511
f 5396 5484 5485
f 5369 5459 5370
f 5344 5432 5433
f 5422 5512 5423
f 5396 5486 5397
f 5371 5459 5460
f 5345 5433 5434
f 5424 5512 5513
f 5397 5487 5398
f 5371 5461 5372
f 5346 5434 5435
f 5424 5514 5425
f 5399 5487 5488
f 5373 5461 5462
f 5347 5435 5436
f 5426 5514 5515
f 5399 5489 5400
f 5374 5462 5463
f 5348 5436 5437
f 5426 5516 5427
f 5400 5490 5401
f 5375 5463 5464
f 5348 5438 5349
f 5427 5517 5428
f 5401 5491 5402
f 5375 5465 5376
f 5350 5438 5439
f 5428 5518 5429
f 5403 5491 5492
f 5377 5465 5466
f 5350 5440 5351
f 5429 5519 5430
f 5403 5493 5404
f 5377 5467 5378
f 5351 5441 5352
f 5430 5520 5431
f 5405 5493 5494
f 5378 5468 5379
f 5352 5442 5353
f 1337 5431 5520
f 5405 5495 5406
f 5380 5468 5469
f 5354 5442 5443
f 5407 5495 5496
f 5381 5469 5470
f 5354 5444 5355
f 5407 5497 5408
f 5381 5471 5382
f 5355 5445 5356
f 5408 5498 5409
f 5383 5471 5472
f 5357 5445 5446
f 5410 5498 5499
f 5383 5473 5384
f 5358 5446 5447
f 5410 5500 5411
f 5385 5473 5474
f 5359 5447 5448
f 5411 5501 5412
f 5386 5474 5475
f 5359 5449 5360
f 5413 5501 5502
f 5386 5476 5387
f 5360 5450 5361
f 5414 5502 5503
f 5388 5476 5477
f 5361 5451 5362
f 5415 5503 5504
f 5388 5478 5389
f 5363 5451 5452
f 5506 5596 5507
f 5480 5570 5481
f 5455 5543 5544
f 5508 5596 5597
f 5481 5571 5482
f 5456 5544 5545
f 5509 5597 5598
f 5482 5572 5483
f 5456 5546 5457
f 5509 5599 5510
f 5483 5573 5484
f 5458 5546 5547
f 5432 7212 5521
f 5511 5599 5600
f 5485 5573 5574
f 5458 5548 5459
f 5433 5521 5522
f 5511 5601 5512
f 5485 5575 5486
f 5460 5548 5549
f 5433 5523 5434
f 5512 5602 5513
f 5486 5576 5487
f 5460 5550 5461
f 5434 5524 5435
f 5513 5603 5514
f 5488 5576 5577
f 5462 5550 5551
f 5436 5524 5525
f 5515 5603 5604
f 5488 5578 5489
f 5463 5551 5552
f 5437 5525 5526
f 5515 5605 5516
f 5489 5579 5490
f 5464 5552 5553
f 5437 5527 5438
f 5516 5606 5517
f 5490 5580 5491
f 5464 5554 5465
f 5439 5527 5528
f 5517 5607 5518
f 5492 5580 5581
f 5466 5554 5555
f 5439 5529 5440
f 5518 5608 5519
f 5492 5582 5493
f 5467 5555 5556
f 5441 5529 5530
f 5520 5608 5609
f 5494 5582 5583
f 5467 5557 5468
f 5441 5531 5442
f 1337 5520 5609
f 5494 5584 5495
f 5469 5557 5558
f 5443 5531 5532
f 5496 5584 5585
f 5470 5558 5559
f 5443 5533 5444
f 5496 5586 5497
f 5470 5560 5471
f 5444 5534 5445
f 5497 5587 5498
f 5472 5560 5561
f 5446 5534 5535
f 5499 5587 5588
f 5472 5562 5473
f 5447 5535 5536
f 5500 5588 5589
f 5474 5562 5563
f 5448 5536 5537
f 5500 5590 5501
f 5475 5563 5564
f 5448 5538 5449
f 5502 5590 5591
f 5475 5565 5476
f 5449 5539 5450
f 5503 5591 5592
f 5477 5565 5566
f 5450 5540 5451
f 5503 5593 5504
f 5477 5567 5478
f 5452 5540 5541
f 5504 5594 5505
f 5478 5568 5479
f 5452 5542 5453
f 5505 5595 5506
f 5480 5568 5569
f 5453 5543 5454
f 5545 5635 5546
f 5598 5688 5599
f 5572 5662 5573
f 5547 5635 5636
f 5521 7212 5610
f 5600 5688 5689
f 5574 5662 5663
f 5547 5637 5548
f 5522 5610 5611
f 5600 5690 5601
f 5574 5664 5575
f 5549 5637 5638
f 5522 5612 5523
f 5602 5690 5691
f 5575 5665 5576
f 5549 5639 5550
f 5524 5612 5613
f 5602 5692 5603
f 5577 5665 5666
f 5551 5639 5640
f 5525 5613 5614
f 5604 5692 5693
f 5577 5667 5578
f 5552 5640 5641
f 5526 5614 5615
f 5604 5694 5605
f 5578 5668 5579
f 5553 5641 5642
f 5526 5616 5527
f 5605 5695 5606
f 5579 5669 5580
f 5553 5643 5554
f 5528 5616 5617
f 5606 5696 5607
f 5581 5669 5670
f 5555 5643 5644
f 5528 5618 5529
f 5607 5697 5608
f 5581 5671 5582
f 5555 5645 5556
f 5530 5618 5619
f 5608 5698 5609
f 5583 5671 5672
f 5556 5646 5557
f 5530 5620 5531
f 1337 5609 5698
f 5583 5673 5584
f 5558 5646 5647
f 5532 5620 5621
f 5585 5673 5674
f 5559 5647 5648
f 5532 5622 5533
f 5585 5675 5586
f 5559 5649 5560
f 5533 5623 5534
f 5586 5676 5587
f 5561 5649 5650
f 5535 5623 5624
f 5588 5676 5677
f 5561 5651 5562
f 5536 5624 5625
f 5589 5677 5678
f 5563 5651 5652
f 5537 5625 5626
f 5589 5679 5590
f 5564 5652 5653
f 5537 5627 5538
f 5591 5679 5680
f 5564 5654 5565
f 5538 5628 5539
f 5591 5681 5592
f 5566 5654 5655
f 5539 5629 5540
f 5592 5682 5593
f 5566 5656 5567
f 5541 5629 5630
f 5593 5683 5594
f 5567 5657 5568
f 5541 5631 5542
f 5594 5684 5595
f 5569 5657 5658
f 5542 5632 5543
f 5595 5685 5596
f 5569 5659 5570
f 5544 5632 5633
f 5597 5685 5686
f 5571 5659 5660
f 5545 5633 5634
f 5598 5686 5687
f 5571 5661 5572
f 5631 5721 5632
f 5684 5774 5685
f 5658 5748 5659
f 5633 5721 5722
f 5686 5774 5775
f 5660 5748 5749
f 5634 5722 5723
f 5687 5775 5776
f 5660 5750 5661
f 5635 5723 5724
f 5687 5777 5688
f 5661 5751 5662
f 5636 5724 5725
f 5610 7212 5699
f 5689 5777 5778
f 5663 5751 5752
f 5636 5726 5637
f 5610 5700 5611
f 5689 5779 5690
f 5663 5753 5664
f 5638 5726 5727
f 5611 5701 5612
f 5691 5779 5780
f 5664 5754 5665
f 5638 5728 5639
f 5612 5702 5613
f 5691 5781 5692
f 5666 5754 5755
f 5640 5728 5729
f 5614 5702 5703
f 5693 5781 5782
f 5666 5756 5667
f 5641 5729 5730
f 5615 5703 5704
f 5693 5783 5694
f 5667 5757 5668
f 5642 5730 5731
f 5615 5705 5616
f 5694 5784 5695
f 5668 5758 5669
f 5642 5732 5643
f 5617 5705 5706
f 5695 5785 5696
f 5670 5758 5759
f 5644 5732 5733
f 5617 5707 5618
f 5697 5785 5786
f 5670 5760 5671
f 5645 5733 5734
f 5619 5707 5708
f 5698 5786 5787
f 5672 5760 5761
f 5645 5735 5646
f 5619 5709 5620
f 1337 5698 5787
f 5672 5762 5673
f 5647 5735 5736
f 5621 5709 5710
f 5673 5763 5674
f 5648 5736 5737
f 5621 5711 5622
f 5674 5764 5675
f 5648 5738 5649
f 5622 5712 5623
f 5675 5765 5676
f 5650 5738 5739
f 5624 5712 5713
f 5677 5765 5766
f 5650 5740 5651
f 5625 5713 5714
f 5678 5766 5767
f 5652 5740 5741
f 5626 5714 5715
f 5678 5768 5679
f 5653 5741 5742
f 5627 5715 5716
f 5680 5768 5769
f 5653 5743 5654
f 5627 5717 5628
f 5680 5770 5681
f 5655 5743 5744
f 5628 5718 5629
f 5681 5771 5682
f 5655 5745 5656
f 5630 5718 5719
f 5682 5772 5683
f 5656 5746 5657
f 5630 5720 5631
f 5683 5773 5684
f 5658 5746 5747
f 5776 5864 5865
f 5749 5839 5750
f 5724 5812 5813
f 5776 5866 5777
f 5750 5840 5751
f 5725 5813 5814
f 5699 7212 5788
f 5778 5866 5867
f 5752 5840 5841
f 5725 5815 5726
f 5700 5788 5789
f 5778 5868 5779
f 5752 5842 5753
f 5727 5815 5816
f 5701 5789 5790
f 5779 5869 5780
f 5753 5843 5754
f 5727 5817 5728
f 5701 5791 5702
f 5780 5870 5781
f 5755 5843 5844
f 5729 5817 5818
f 5703 5791 5792
f 5782 5870 5871
f 5755 5845 5756
f 5730 5818 5819
f 5704 5792 5793
f 5782 5872 5783
f 5756 5846 5757
f 5731 5819 5820
f 5704 5794 5705
f 5783 5873 5784
f 5757 5847 5758
f 5731 5821 5732
f 5706 5794 5795
f 5784 5874 5785
f 5759 5847 5848
f 5733 5821 5822
f 5706 5796 5707
f 5785 5875 5786
f 5759 5849 5760
f 5734 5822 5823
f 5708 5796 5797
f 5786 5876 5787
f 5761 5849 5850
f 5734 5824 5735
f 5708 5798 5709
f 1337 5787 5876
f 5761 5851 5762
f 5736 5824 5825
f 5710 5798 5799
f 5762 5852 5763
f 5737 5825 5826
f 5710 5800 5711
f 5763 5853 5764
f 5737 5827 5738
f 5711 5801 5712
f 5764 5854 5765
f 5739 5827 5828
f 5713 5801 5802
f 5766 5854 5855
f 5739 5829 5740
f 5714 5802 5803
f 5767 5855 5856
f 5741 5829 5830
f 5715 5803 5804
f 5767 5857 5768
f 5742 5830 5831
f 5715 5805 5716
f 5769 5857 5858
f 5742 5832 5743
f 5716 5806 5717
f 5770 5858 5859
f 5744 5832 5833
f 5717 5807 5718
f 5771 5859 5860
f 5744 5834 5745
f 5719 5807 5808
f 5771 5861 5772
f 5745 5835 5746
f 5719 5809 5720
f 5772 5862 5773
f 5747 5835 5836
f 5720 5810 5721
f 5773 5863 5774
f 5747 5837 5748
f 5722 5810 5811
f 5775 5863 5864
f 5749 5837 5838
f 5723 5811 5812
f 5841 5929 5930
f 5814 5904 5815
f 5789 5877 5878
f 5867 5957 5868
f 5841 5931 5842
f 5816 5904 5905
f 5789 5879 5790
f 5869 5957 5958
f 5842 5932 5843
f 5816 5906 5817
f 5790 5880 5791
f 5869 5959 5870
f 5844 5932 5933
f 5818 5906 5907
f 5791 5881 5792
f 5871 5959 5960
f 5844 5934 5845
f 5819 5907 5908
f 5792 5882 5793
f 5872 5960 5961
f 5845 5935 5846
f 5820 5908 5909
f 5793 5883 5794
f 5872 5962 5873
f 5846 5936 5847
f 5820 5910 5821
f 5795 5883 5884
f 5874 5962 5963
f 5848 5936 5937
f 5822 5910 5911
f 5795 5885 5796
f 5874 5964 5875
f 5848 5938 5849
f 5823 5911 5912
f 5797 5885 5886
f 5875 5965 5876
f 5850 5938 5939
f 5823 5913 5824
f 5798 5886 5887
f 1337 5876 5965
f 5850 5940 5851
f 5825 5913 5914
f 5799 5887 5888
f 5851 5941 5852
f 5826 5914 5915
f 5799 5889 5800
f 5852 5942 5853
f 5826 5916 5827
f 5800 5890 5801
f 5853 5943 5854
f 5828 5916 5917
f 5802 5890 5891
f 5855 5943 5944
f 5828 5918 5829
f 5803 5891 5892
f 5856 5944 5945
f 5830 5918 5919
f 5804 5892 5893
f 5856 5946 5857
f 5831 5919 5920
f 5804 5894 5805
f 5858 5946 5947
f 5831 5921 5832
f 5805 5895 5806
f 5859 5947 5948
f 5833 5921 5922
f 5806 5896 5807
f 5860 5948 5949
f 5833 5923 5834
f 5808 5896 5897
f 5860 5950 5861
f 5834 5924 5835
f 5808 5898 5809
f 5861 5951 5862
f 5836 5924 5925
f 5809 5899 5810
f 5862 5952 5863
f 5836 5926 5837
f 5811 5899 5900
f 5864 5952 5953
f 5837 5927 5838
f 5812 5900 5901
f 5865 5953 5954
f 5838 5928 5839
f 5813 5901 5902
f 5865 5955 5866
f 5839 5929 5840
f 5814 5902 5903
f 5788 7212 5877
f 5866 5956 5867
f 5880 5968 5969
f 5958 6048 5959
f 5933 6021 6022
f 5907 5995 5996
f 5881 5969 5970
f 5960 6048 6049
f 5933 6023 5934
f 5908 5996 5997
f 5882 5970 5971
f 5960 6050 5961
f 5934 6024 5935
f 5909 5997 5998
f 5882 5972 5883
f 5961 6051 5962
f 5935 6025 5936
f 5909 5999 5910
f 5884 5972 5973
f 5962 6052 5963
f 5937 6025 6026
f 5911 5999 6000
f 5884 5974 5885
f 5963 6053 5964
f 5937 6027 5938
f 5912 6000 6001
f 5886 5974 5975
f 5964 6054 5965
f 5939 6027 6028
f 5912 6002 5913
f 5887 5975 5976
f 1337 5965 6054
f 5939 6029 5940
f 5914 6002 6003
f 5888 5976 5977
f 5941 6029 6030
f 5915 6003 6004
f 5888 5978 5889
f 5941 6031 5942
f 5915 6005 5916
f 5889 5979 5890
f 5942 6032 5943
f 5917 6005 6006
f 5891 5979 5980
f 5944 6032 6033
f 5917 6007 5918
f 5892 5980 5981
f 5944 6034 5945
f 5919 6007 6008
f 5893 5981 5982
f 5945 6035 5946
f 5920 6008 6009
f 5893 5983 5894
f 5947 6035 6036
f 5920 6010 5921
f 5894 5984 5895
f 5948 6036 6037
f 5922 6010 6011
f 5895 5985 5896
f 5948 6038 5949
f 5922 6012 5923
f 5897 5985 5986
f 5949 6039 5950
f 5923 6013 5924
f 5897 5987 5898
f 5950 6040 5951
f 5925 6013 6014
f 5898 5988 5899
f 5951 6041 5952
f 5925 6015 5926
f 5900 5988 5989
f 5953 6041 6042
f 5927 6015 6016
f 5901 5989 5990
f 5954 6042 6043
f 5927 6017 5928
f 5901 5991 5902
f 5954 6044 5955
f 5928 6018 5929
f 5903 5991 5992
f 5877 7212 5966
f 5955 6045 5956
f 5930 6018 6019
f 5903 5993 5904
f 5877 5967 5878
f 5956 6046 5957
f 5930 6020 5931
f 5905 5993 5994
f 5879 5967 5968
f 5958 6046 6047
f 5931 6021 5932
f 5905 5995 5906
f 6049 6139 6050
f 6023 6113 6024
f 5998 6086 6087
f 5971 6061 5972
f 6050 6140 6051
f 6024 6114 6025
f 5998 6088 5999
f 5973 6061 6062
f 6051 6141 6052
f 6026 6114 6115
f 6000 6088 6089
f 5973 6063 5974
f 6052 6142 6053
f 6026 6116 6027
f 6000 6090 6001
f 5975 6063 6064
f 6054 6142 6143
f 6028 6116 6117
f 6001 6091 6002
f 5976 6064 6065
f 1337 6054 6143
f 6028 6118 6029
f 6003 6091 6092
f 5977 6065 6066
f 6029 6119 6030
f 6004 6092 6093
f 5977 6067 5978
f 6030 6120 6031
f 6004 6094 6005
f 5978 6068 5979
f 6031 6121 6032
f 6006 6094 6095
f 5980 6068 6069
f 6033 6121 6122
f 6006 6096 6007
f 5981 6069 6070
f 6034 6122 6123
f 6008 6096 6097
f 5982 6070 6071
f 6034 6124 6035
f 6009 6097 6098
f 5982 6072 5983
f 6036 6124 6125
f 6009 6099 6010
f 5983 6073 5984
f 6036 6126 6037
f 6011 6099 6100
f 5984 6074 5985
f 6037 6127 6038
f 6011 6101 6012
f 5986 6074 6075
f 6038 6128 6039
f 6012 6102 6013
f 5986 6076 5987
f 6039 6129 6040
f 6014 6102 6103
f 5987 6077 5988
f 6040 6130 6041
f 6014 6104 6015
f 5989 6077 6078
f 6042 6130 6131
f 6016 6104 6105
f 5990 6078 6079
f 6043 6131 6132
f 6016 6106 6017
f 5991 6079 6080
f 6043 6133 6044
f 6017 6107 6018
f 5992 6080 6081
f 5966 7212 6055
f 6044 6134 6045
f 6019 6107 6108
f 5992 6082 5993
f 5966 6056 5967
f 6045 6135 6046
f 6019 6109 6020
f 5994 6082 6083
f 5967 6057 5968
f 6047 6135 6136
f 6020 6110 6021
f 5994 6084 5995
f 5969 6057 6058
f 6047 6137 6048
f 6022 6110 6111
f 5996 6084 6085
f 5970 6058 6059
f 6049 6137 6138
f 6022 6112 6023
f 5997 6085 6086
f 5971 6059 6060
f 6089 6177 6178
f 6062 6152 6063
f 6141 6231 6142
f 6115 6205 6116
f 6089 6179 6090
f 6064 6152 6153
f 6142 6232 6143
f 6117 6205 6206
f 6090 6180 6091
f 6064 6154 6065
f 1337 6143 6232
f 6117 6207 6118
f 6092 6180 6181
f 6066 6154 6155
f 6119 6207 6208
f 6093 6181 6182
f 6066 6156 6067
f 6119 6209 6120
f 6093 6183 6094
f 6067 6157 6068
f 6120 6210 6121
f 6095 6183 6184
f 6069 6157 6158
f 6122 6210 6211
f 6095 6185 6096
f 6070 6158 6159
f 6123 6211 6212
f 6097 6185 6186
f 6071 6159 6160
f 6123 6213 6124
f 6098 6186 6187
f 6071 6161 6072
f 6125 6213 6214
f 6098 6188 6099
f 6073 6161 6162
f 6125 6215 6126
f 6100 6188 6189
f 6073 6163 6074
f 6127 6215 6216
f 6100 6190 6101
f 6075 6163 6164
f 6127 6217 6128
f 6101 6191 6102
f 6075 6165 6076
f 6128 6218 6129
f 6103 6191 6192
f 6076 6166 6077
f 6129 6219 6130
f 6103 6193 6104
f 6078 6166 6167
f 6131 6219 6220
f 6105 6193 6194
f 6079 6167 6168
f 6132 6220 6221
f 6105 6195 6106
f 6079 6169 6080
f 6132 6222 6133
f 6106 6196 6107
f 6081 6169 6170
f 6055 7212 6144
f 6134 6222 6223
f 6108 6196 6197
f 6081 6171 6082
f 6056 6144 6145
f 6134 6224 6135
f 6108 6198 6109
f 6083 6171 6172
f 6057 6145 6146
f 6136 6224 6225
f 6109 6199 6110
f 6083 6173 6084
f 6058 6146 6147
f 6136 6226 6137
f 6111 6199 6200
f 6085 6173 6174
f 6059 6147 6148
f 6138 6226 6227
f 6111 6201 6112
f 6086 6174 6175
f 6059 6149 6060
f 6139 6227 6228
f 6112 6202 6113
f 6087 6175 6176
f 6060 6150 6061
f 6139 6229 6140
f 6113 6203 6114
f 6087 6177 6088
f 6062 6150 6151
f 6140 6230 6141
f 6115 6203 6204
f 1337 6232 6321
f 6206 6296 6207
f 6181 6269 6270
f 6155 6243 6244
f 6207 6297 6208
f 6182 6270 6271
f 6155 6245 6156
f 6208 6298 6209
f 6182 6272 6183
f 6156 6246 6157
f 6209 6299 6210
f 6184 6272 6273
f 6158 6246 6247
f 6211 6299 6300
f 6184 6274 6185
f 6159 6247 6248
f 6212 6300 6301
f 6186 6274 6275
f 6160 6248 6249
f 6212 6302 6213
f 6187 6275 6276
f 6160 6250 6161
f 6214 6302 6303
f 6187 6277 6188
f 6161 6251 6162
f 6215 6303 6304
f 6189 6277 6278
f 6162 6252 6163
f 6216 6304 6305
f 6189 6279 6190
f 6164 6252 6253
f 6216 6306 6217
f 6190 6280 6191
f 6164 6254 6165
f 6217 6307 6218
f 6192 6280 6281
f 6165 6255 6166
f 6218 6308 6219
f 6192 6282 6193
f 6167 6255 6256
f 6220 6308 6309
f 6194 6282 6283
f 6168 6256 6257
f 6221 6309 6310
f 6194 6284 6195
f 6169 6257 6258
f 6221 6311 6222
f 6195 6285 6196
f 6170 6258 6259
f 6144 7212 6233
f 6223 6311 6312
f 6197 6285 6286
f 6170 6260 6171
f 6144 6234 6145
f 6223 6313 6224
f 6197 6287 6198
f 6172 6260 6261
f 6146 6234 6235
f 6225 6313 6314
f 6198 6288 6199
f 6172 6262 6173
f 6146 6236 6147
f 6225 6315 6226
f 6200 6288 6289
f 6174 6262 6263
f 6148 6236 6237
f 6227 6315 6316
f 6200 6290 6201
f 6175 6263 6264
f 6149 6237 6238
f 6227 6317 6228
f 6201 6291 6202
f 6176 6264 6265
f 6149 6239 6150
f 6228 6318 6229
f 6202 6292 6203
f 6176 6266 6177
f 6151 6239 6240
f 6229 6319 6230
f 6204 6292 6293
f 6178 6266 6267
f 6151 6241 6152
f 6230 6320 6231
f 6204 6294 6205
f 6178 6268 6179
f 6153 6241 6242
f 6231 6321 6232
f 6206 6294 6295
f 6179 6269 6180
f 6153 6243 6154
f 6297 6387 6298
f 6271 6361 6272
f 6245 6335 6246
f 6298 6388 6299
f 6273 6361 6362
f 6247 6335 6336
f 6300 6388 6389
f 6273 6363 6274
f 6248 6336 6337
f 6301 6389 6390
f 6275 6363 6364
f 6249 6337 6338
f 6301 6391 6302
f 6276 6364 6365
f 6250 6338 6339
f 6303 6391 6392
f 6276 6366 6277
f 6251 6339 6340
f 6303 6393 6304
f 6278 6366 6367
f 6251 6341 6252
f 6304 6394 6305
f 6278 6368 6279
f 6253 6341 6342
f 6305 6395 6306
f 6279 6369 6280
f 6253 6343 6254
f 6306 6396 6307
f 6281 6369 6370
f 6254 6344 6255
f 6307 6397 6308
f 6281 6371 6282
f 6256 6344 6345
f 6308 6398 6309
f 6283 6371 6372
f 6257 6345 6346
f 6310 6398 6399
f 6283 6373 6284
f 6257 6347 6258
f 6310 6400 6311
f 6284 6374 6285
f 6259 6347 6348
f 6233 7212 6322
f 6312 6400 6401
f 6286 6374 6375
f 6259 6349 6260
f 6234 6322 6323
f 6312 6402 6313
f 6286 6376 6287
f 6261 6349 6350
f 6235 6323 6324
f 6313 6403 6314
f 6287 6377 6288
f 6261 6351 6262
f 6236 6324 6325
f 6314 6404 6315
f 6289 6377 6378
f 6263 6351 6352
f 6237 6325 6326
f 6316 6404 6405
f 6289 6379 6290
f 6264 6352 6353
f 6238 6326 6327
f 6316 6406 6317
f 6290 6380 6291
f 6265 6353 6354
f 6238 6328 6239
f 6317 6407 6318
f 6291 6381 6292
f 6265 6355 6266
f 6240 6328 6329
f 6318 6408 6319
f 6293 6381 6382
f 6267 6355 6356
f 6240 6330 6241
f 6320 6408 6409
f 6293 6383 6294
f 6268 6356 6357
f 6242 6330 6331
f 6320 6410 6321
f 6295 6383 6384
f 6268 6358 6269
f 6242 6332 6243
f 1337 6321 6410
f 6295 6385 6296
f 6270 6358 6359
f 6244 6332 6333
f 6296 6386 6297
f 6271 6359 6360
f 6244 6334 6245
f 6337 6425 6426
f 6390 6478 6479
f 6364 6452 6453
f 6338 6426 6427
f 6390 6480 6391
f 6365 6453 6454
f 6339 6427 6428
f 6392 6480 6481
f 6365 6455 6366
f 6340 6428 6429
f 6392 6482 6393
f 6367 6455 6456
f 6340 6430 6341
f 6393 6483 6394
f 6367 6457 6368
f 6342 6430 6431
f 6395 6483 6484
f 6368 6458 6369
f 6342 6432 6343
f 6395 6485 6396
f 6370 6458 6459
f 6343 6433 6344
f 6396 6486 6397
f 6370 6460 6371
f 6345 6433 6434
f 6398 6486 6487
f 6372 6460 6461
f 6346 6434 6435
f 6399 6487 6488
f 6372 6462 6373
f 6347 6435 6436
f 6399 6489 6400
f 6373 6463 6374
f 6348 6436 6437
f 6322 7212 6411
f 6401 6489 6490
f 6375 6463 6464
f 6348 6438 6349
f 6322 6412 6323
f 6401 6491 6402
f 6376 6464 6465
f 6350 6438 6439
f 6323 6413 6324
f 6403 6491 6492
f 6376 6466 6377
f 6350 6440 6351
f 6325 6413 6414
f 6403 6493 6404
f 6378 6466 6467
f 6352 6440 6441
f 6326 6414 6415
f 6405 6493 6494
f 6378 6468 6379
f 6353 6441 6442
f 6327 6415 6416
f 6405 6495 6406
f 6379 6469 6380
f 6354 6442 6443
f 6327 6417 6328
f 6406 6496 6407
f 6380 6470 6381
f 6354 6444 6355
f 6329 6417 6418
f 6407 6497 6408
f 6382 6470 6471
f 6356 6444 6445
f 6329 6419 6330
f 6409 6497 6498
f 6382 6472 6383
f 6356 6446 6357
f 6331 6419 6420
f 6409 6499 6410
f 6384 6472 6473
f 6357 6447 6358
f 6331 6421 6332
f 1337 6410 6499
f 6384 6474 6385
f 6359 6447 6448
f 6333 6421 6422
f 6385 6475 6386
f 6360 6448 6449
f 6333 6423 6334
f 6386 6476 6387
f 6360 6450 6361
f 6334 6424 6335
f 6387 6477 6388
f 6362 6450 6451
f 6336 6424 6425
f 6389 6477 6478
f 6362 6452 6363
f 6479 6569 6480
f 6454 6542 6543
f 6428 6516 6517
f 6481 6569 6570
f 6454 6544 6455
f 6428 6518 6429
f 6482 6570 6571
f 6456 6544 6545
f 6429 6519 6430
f 6482 6572 6483
f 6456 6546 6457
f 6431 6519 6520
f 6483 6573 6484
f 6457 6547 6458
f 6431 6521 6432
f 6484 6574 6485
f 6459 6547 6548
f 6432 6522 6433
f 6485 6575 6486
f 6459 6549 6460
f 6434 6522 6523
f 6486 6576 6487
f 6460 6550 6461
f 6435 6523 6524
f 6488 6576 6577
f 6461 6551 6462
f 6435 6525 6436
f 6488 6578 6489
f 6462 6552 6463
f 6437 6525 6526
f 6411 7212 6500
f 6490 6578 6579
f 6464 6552 6553
f 6437 6527 6438
f 6411 6501 6412
f 6490 6580 6491
f 6464 6554 6465
f 6439 6527 6528
f 6412 6502 6413
f 6492 6580 6581
f 6465 6555 6466
f 6439 6529 6440
f 6414 6502 6503
f 6492 6582 6493
f 6467 6555 6556
f 6441 6529 6530
f 6415 6503 6504
f 6494 6582 6583
f 6467 6557 6468
f 6442 6530 6531
f 6416 6504 6505
f 6494 6584 6495
f 6468 6558 6469
f 6443 6531 6532
f 6416 6506 6417
f 6495 6585 6496
f 6469 6559 6470
f 6443 6533 6444
f 6418 6506 6507
f 6497 6585 6586
f 6471 6559 6560
f 6445 6533 6534
f 6418 6508 6419
f 6498 6586 6587
f 6471 6561 6472
f 6446 6534 6535
f 6420 6508 6509
f 6499 6587 6588
f 6473 6561 6562
f 6446 6536 6447
f 6420 6510 6421
f 1337 6499 6588
f 6473 6563 6474
f 6448 6536 6537
f 6422 6510 6511
f 6475 6563 6564
f 6449 6537 6538
f 6422 6512 6423
f 6475 6565 6476
f 6449 6539 6450
f 6423 6513 6424
f 6476 6566 6477
f 6451 6539 6540
f 6425 6513 6514
f 6478 6566 6567
f 6451 6541 6452
f 6426 6514 6515
f 6479 6567 6568
f 6453 6541 6542
f 6427 6515 6516
f 6545 6633 6634
f 6518 6608 6519
f 6571 6661 6572
f 6545 6635 6546
f 6520 6608 6609
f 6572 6662 6573
f 6546 6636 6547
f 6520 6610 6521
f 6573 6663 6574
f 6548 6636 6637
f 6521 6611 6522
f 6574 6664 6575
f 6548 6638 6549
f 6523 6611 6612
f 6576 6664 6665
f 6549 6639 6550
f 6524 6612 6613
f 6577 6665 6666
f 6550 6640 6551
f 6524 6614 6525
f 6577 6667 6578
f 6551 6641 6552
f 6526 6614 6615
f 6500 7212 6589
f 6579 6667 6668
f 6553 6641 6642
f 6526 6616 6527
f 6501 6589 6590
f 6579 6669 6580
f 6554 6642 6643
f 6528 6616 6617
f 6502 6590 6591
f 6581 6669 6670
f 6554 6644 6555
f 6528 6618 6529
f 6503 6591 6592
f 6581 6671 6582
f 6556 6644 6645
f 6530 6618 6619
f 6504 6592 6593
f 6583 6671 6672
f 6556 6646 6557
f 6531 6619 6620
f 6505 6593 6594
f 6583 6673 6584
f 6557 6647 6558
f 6532 6620 6621
f 6505 6595 6506
f 6584 6674 6585
f 6558 6648 6559
f 6532 6622 6533
f 6507 6595 6596
f 6586 6674 6675
f 6560 6648 6649
f 6534 6622 6623
f 6507 6597 6508
f 6586 6676 6587
f 6560 6650 6561
f 6534 6624 6535
f 6509 6597 6598
f 6587 6677 6588
f 6562 6650 6651
f 6535 6625 6536
f 6509 6599 6510
f 1337 6588 6677
f 6562 6652 6563
f 6537 6625 6626
f 6511 6599 6600
f 6564 6652 6653
f 6538 6626 6627
f 6511 6601 6512
f 6564 6654 6565
f 6539 6627 6628
f 6512 6602 6513
f 6565 6655 6566
f 6540 6628 6629
f 6514 6602 6603
f 6567 6655 6656
f 6540 6630 6541
f 6515 6603 6604
f 6568 6656 6657
f 6542 6630 6631
f 6516 6604 6605
f 6568 6658 6569
f 6543 6631 6632
f 6517 6605 6606
f 6570 6658 6659
f 6543 6633 6544
f 6517 6607 6518
f 6571 6659 6660
f 6662 6752 6663
f 6637 6725 6726
f 6610 6700 6611
f 6663 6753 6664
f 6637 6727 6638
f 6612 6700 6701
f 6664 6754 6665
f 6638 6728 6639
f 6613 6701 6702
f 6666 6754 6755
f 6639 6729 6640
f 6613 6703 6614
f 6666 6756 6667
f 6640 6730 6641
f 6615 6703 6704
f 6589 7212 6678
f 6668 6756 6757
f 6642 6730 6731
f 6615 6705 6616
f 6590 6678 6679
f 6668 6758 6669
f 6643 6731 6732
f 6617 6705 6706
f 6590 6680 6591
f 6670 6758 6759
f 6643 6733 6644
f 6617 6707 6618
f 6591 6681 6592
f 6670 6760 6671
f 6645 6733 6734
f 6619 6707 6708
f 6593 6681 6682
f 6672 6760 6761
f 6645 6735 6646
f 6620 6708 6709
f 6593 6683 6594
f 6672 6762 6673
f 6646 6736 6647
f 6621 6709 6710
f 6594 6684 6595
f 6674 6762 6763
f 6647 6737 6648
f 6621 6711 6622
f 6596 6684 6685
f 6674 6764 6675
f 6649 6737 6738
f 6623 6711 6712
f 6596 6686 6597
f 6675 6765 6676
f 6649 6739 6650
f 6623 6713 6624
f 6598 6686 6687
f 6676 6766 6677
f 6651 6739 6740
f 6624 6714 6625
f 6598 6688 6599
f 1337 6677 6766
f 6651 6741 6652
f 6626 6714 6715
f 6600 6688 6689
f 6653 6741 6742
f 6627 6715 6716
f 6600 6690 6601
f 6653 6743 6654
f 6628 6716 6717
f 6601 6691 6602
f 6654 6744 6655
f 6629 6717 6718
f 6603 6691 6692
f 6656 6744 6745
f 6629 6719 6630
f 6604 6692 6693
f 6657 6745 6746
f 6631 6719 6720
f 6605 6693 6694
f 6657 6747 6658
f 6632 6720 6721
f 6606 6694 6695
f 6659 6747 6748
f 6632 6722 6633
f 6606 6696 6607
f 6660 6748 6749
f 6634 6722 6723
f 6607 6697 6608
f 6660 6750 6661
f 6634 6724 6635
f 6609 6697 6698
f 6661 6751 6662
f 6635 6725 6636
f 6609 6699 6610
f 6754 6842 6843
f 6727 6817 6728
f 6702 6790 6791
f 6755 6843 6844
f 6729 6817 6818
f 6702 6792 6703
f 6755 6845 6756
f 6729 6819 6730
f 6704 6792 6793
f 6678 7212 6767
f 6757 6845 6846
f 6731 6819 6820
f 6704 6794 6705
f 6678 6768 6679
f 6757 6847 6758
f 6732 6820 6821
f 6706 6794 6795
f 6680 6768 6769
f 6759 6847 6848
f 6732 6822 6733
f 6706 6796 6707
f 6680 6770 6681
f 6759 6849 6760
f 6734 6822 6823
f 6708 6796 6797
f 6682 6770 6771
f 6761 6849 6850
f 6734 6824 6735
f 6709 6797 6798
f 6682 6772 6683
f 6761 6851 6762
f 6735 6825 6736
f 6710 6798 6799
f 6683 6773 6684
f 6763 6851 6852
f 6736 6826 6737
f 6710 6800 6711
f 6685 6773 6774
f 6763 6853 6764
f 6738 6826 6827
f 6712 6800 6801
f 6685 6775 6686
f 6764 6854 6765
f 6738 6828 6739
f 6712 6802 6713
f 6687 6775 6776
f 6765 6855 6766
f 6740 6828 6829
f 6713 6803 6714
f 6687 6777 6688
f 1337 6766 6855
f 6740 6830 6741
f 6715 6803 6804
f 6689 6777 6778
f 6742 6830 6831
f 6715 6805 6716
f 6689 6779 6690
f 6742 6832 6743
f 6717 6805 6806
f 6690 6780 6691
f 6743 6833 6744
f 6718 6806 6807
f 6692 6780 6781
f 6745 6833 6834
f 6718 6808 6719
f 6693 6781 6782
f 6746 6834 6835
f 6720 6808 6809
f 6694 6782 6783
f 6746 6836 6747
f 6721 6809 6810
f 6695 6783 6784
f 6748 6836 6837
f 6721 6811 6722
f 6695 6785 6696
f 6748 6838 6749
f 6723 6811 6812
f 6696 6786 6697
f 6750 6838 6839
f 6723 6813 6724
f 6698 6786 6787
f 6750 6840 6751
f 6724 6814 6725
f 6698 6788 6699
f 6751 6841 6752
f 6726 6814 6815
f 6699 6789 6700
f 6752 6842 6753
f 6726 6816 6727
f 6701 6789 6790
f 6793 6881 6882
f 6767 7212 6856
f 6846 6934 6935
f 6820 6908 6909
f 6793 6883 6794
f 6768 6856 6857
f 6846 6936 6847
f 6821 6909 6910
f 6795 6883 6884
f 6769 6857 6858
f 6848 6936 6937
f 6821 6911 6822
f 6795 6885 6796
f 6769 6859 6770
f 6848 6938 6849
f 6823 6911 6912
f 6797 6885 6886
f 6771 6859 6860
f 6850 6938 6939
f 6823 6913 6824
f 6798 6886 6887
f 6772 6860 6861
f 6850 6940 6851
f 6824 6914 6825
f 6799 6887 6888
f 6772 6862 6773
f 6851 6941 6852
f 6825 6915 6826
f 6799 6889 6800
f 6774 6862 6863
f 6852 6942 6853
f 6827 6915 6916
f 6801 6889 6890
f 6774 6864 6775
f 6853 6943 6854
f 6827 6917 6828
f 6801 6891 6802
f 6776 6864 6865
f 6854 6944 6855
f 6829 6917 6918
f 6802 6892 6803
f 6776 6866 6777
f 1337 6855 6944
f 6829 6919 6830
f 6804 6892 6893
f 6778 6866 6867
f 6831 6919 6920
f 6804 6894 6805
f 6778 6868 6779
f 6831 6921 6832
f 6806 6894 6895
f 6779 6869 6780
f 6832 6922 6833
f 6807 6895 6896
f 6781 6869 6870
f 6834 6922 6923
f 6807 6897 6808
f 6781 6871 6782
f 6835 6923 6924
f 6809 6897 6898
f 6783 6871 6872
f 6835 6925 6836
f 6810 6898 6899
f 6784 6872 6873
f 6837 6925 6926
f 6810 6900 6811
f 6784 6874 6785
f 6838 6926 6927
f 6812 6900 6901
f 6785 6875 6786
f 6838 6928 6839
f 6812 6902 6813
f 6787 6875 6876
f 6839 6929 6840
f 6813 6903 6814
f 6787 6877 6788
f 6840 6930 6841
f 6815 6903 6904
f 6788 6878 6789
f 6841 6931 6842
f 6815 6905 6816
f 6790 6878 6879
f 6843 6931 6932
f 6816 6906 6817
f 6791 6879 6880
f 6844 6932 6933
f 6818 6906 6907
f 6791 6881 6792
f 6844 6934 6845
f 6818 6908 6819
f 6937 7025 7026
f 6910 7000 6911
f 6884 6974 6885
f 6858 6948 6859
f 6937 7027 6938
f 6912 7000 7001
f 6886 6974 6975
f 6859 6949 6860
f 6939 7027 7028
f 6912 7002 6913
f 6887 6975 6976
f 6861 6949 6950
f 6939 7029 6940
f 6913 7003 6914
f 6887 6977 6888
f 6861 6951 6862
f 6940 7030 6941
f 6914 7004 6915
f 6888 6978 6889
f 6863 6951 6952
f 6942 7030 7031
f 6916 7004 7005
f 6890 6978 6979
f 6863 6953 6864
f 6943 7031 7032
f 6916 7006 6917
f 6890 6980 6891
f 6865 6953 6954
f 6943 7033 6944
f 6918 7006 7007
f 6891 6981 6892
f 6865 6955 6866
f 1337 6944 7033
f 6918 7008 6919
f 6893 6981 6982
f 6867 6955 6956
f 6920 7008 7009
f 6893 6983 6894
f 6867 6957 6868
f 6920 7010 6921
f 6895 6983 6984
f 6868 6958 6869
f 6921 7011 6922
f 6896 6984 6985
f 6870 6958 6959
f 6923 7011 7012
f 6896 6986 6897
f 6871 6959 6960
f 6924 7012 7013
f 6898 6986 6987
f 6871 6961 6872
f 6924 7014 6925
f 6899 6987 6988
f 6873 6961 6962
f 6926 7014 7015
f 6899 6989 6900
f 6873 6963 6874
f 6927 7015 7016
f 6901 6989 6990
f 6874 6964 6875
f 6927 7017 6928
f 6901 6991 6902
f 6876 6964 6965
f 6928 7018 6929
f 6902 6992 6903
f 6876 6966 6877
f 6929 7019 6930
f 6904 6992 6993
f 6877 6967 6878
f 6930 7020 6931
f 6904 6994 6905
f 6879 6967 6968
f 6931 7021 6932
f 6905 6995 6906
f 6880 6968 6969
f 6933 7021 7022
f 6906 6996 6907
f 6880 6970 6881
f 6933 7023 6934
f 6907 6997 6908
f 6882 6970 6971
f 6856 7212 6945
f 6935 7023 7024
f 6909 6997 6998
f 6882 6972 6883
f 6856 6946 6857
f 6935 7025 6936
f 6910 6998 6999
f 6884 6972 6973
f 6857 6947 6858
f 7001 7091 7002
f 6976 7064 7065
f 6950 7038 7039
f 7028 7118 7029
f 7002 7092 7003
f 6977 7065 7066
f 6950 7040 6951
f 7029 7119 7030
f 7003 7093 7004
f 6977 7067 6978
f 6952 7040 7041
f 7030 7120 7031
f 7005 7093 7094
f 6979 7067 7068
f 6952 7042 6953
f 7031 7121 7032
f 7005 7095 7006
f 6979 7069 6980
f 6954 7042 7043
f 7032 7122 7033
f 7007 7095 7096
f 6980 7070 6981
f 6954 7044 6955
f 1337 7033 7122
f 7007 7097 7008
f 6982 7070 7071
f 6956 7044 7045
f 7008 7098 7009
f 6982 7072 6983
f 6956 7046 6957
f 7009 7099 7010
f 6984 7072 7073
f 6958 7046 7047
f 7010 7100 7011
f 6985 7073 7074
f 6959 7047 7048
f 7012 7100 7101
f 6985 7075 6986
f 6960 7048 7049
f 7013 7101 7102
f 6987 7075 7076
f 6960 7050 6961
f 7013 7103 7014
f 6988 7076 7077
f 6962 7050 7051
f 7015 7103 7104
f 6988 7078 6989
f 6962 7052 6963
f 7016 7104 7105
f 6990 7078 7079
f 6963 7053 6964
f 7016 7106 7017
f 6990 7080 6991
f 6965 7053 7054
f 7017 7107 7018
f 6991 7081 6992
f 6965 7055 6966
f 7018 7108 7019
f 6993 7081 7082
f 6966 7056 6967
f 7019 7109 7020
f 6993 7083 6994
f 6968 7056 7057
f 7020 7110 7021
f 6994 7084 6995
f 6969 7057 7058
f 7022 7110 7111
f 6996 7084 7085
f 6970 7058 7059
f 7022 7112 7023
f 6996 7086 6997
f 6971 7059 7060
f 6945 7212 7034
f 7024 7112 7113
f 6998 7086 7087
f 6971 7061 6972
f 6946 7034 7035
f 7024 7114 7025
f 6999 7087 7088
f 6973 7061 7062
f 6947 7035 7036
f 7026 7114 7115
f 6999 7089 7000
f 6973 7063 6974
f 6947 7037 6948
f 7026 7116 7027
f 7001 7089 7090
f 6975 7063 7064
f 6949 7037 7038
f 7028 7116 7117
f 7041 7129 7130
f 7119 7209 7120
f 7094 7182 7183
f 7068 7156 7157
f 7041 7131 7042
f 7120 7210 7121
f 7094 7184 7095
f 7068 7158 7069
f 7043 7131 7132
f 7121 7211 7122
f 7095 7185 7096
f 7069 7159 7070
f 7043 7133 7044
f 1337 7122 7211
f 7096 7186 7097
f 7071 7159 7160
f 7045 7133 7134
f 7097 7187 7098
f 7071 7161 7072
f 7045 7135 7046
f 7098 7188 7099
f 7073 7161 7162
f 7046 7136 7047
f 7099 7189 7100
f 7074 7162 7163
f 7048 7136 7137
f 7101 7189 7190
f 7074 7164 7075
f 7049 7137 7138
f 7102 7190 7191
f 7075 7165 7076
f 7050 7138 7139
f 7102 7192 7103
f 7077 7165 7166
f 7051 7139 7140
f 7104 7192 7193
f 7077 7167 7078
f 7051 7141 7052
f 7105 7193 7194
f 7079 7167 7168
f 7052 7142 7053
f 7105 7195 7106
f 7079 7169 7080
f 7054 7142 7143
f 7106 7196 7107
f 7080 7170 7081
f 7054 7144 7055
f 7107 7197 7108
f 7082 7170 7171
f 7055 7145 7056
f 7108 7198 7109
f 7082 7172 7083
f 7057 7145 7146
f 7110 7198 7199
f 7083 7173 7084
f 7058 7146 7147
f 7111 7199 7200
f 7085 7173 7174
f 7058 7148 7059
f 7111 7201 7112
f 7085 7175 7086
f 7060 7148 7149
f 7034 7212 7123
f 7113 7201 7202
f 7087 7175 7176
f 7061 7149 7150
f 7034 7124 7035
f 7113 7203 7114
f 7087 7177 7088
f 7062 7150 7151
f 7035 7125 7036
f 7115 7203 7204
f 7088 7178 7089
f 7062 7152 7063
f 7036 7126 7037
f 7115 7205 7116
f 7090 7178 7179
f 7064 7152 7153
f 7038 7126 7127
f 7117 7205 7206
f 7090 7180 7091
f 7065 7153 7154
f 7039 7127 7128
f 7117 7207 7118
f 7091 7181 7092
f 7066 7154 7155
f 7039 7129 7040
f 7118 7208 7119
f 7092 7182 7093
f 7066 7156 7067
f 7210 7301 7211
f 7184 7275 7185
f 7158 7249 7159
f 7132 7223 7133
f 1337 7211 7301
f 7186 7275 7276
f 7160 7249 7250
f 7134 7223 7224
f 7186 7277 7187
f 7160 7251 7161
f 7134 7225 7135
f 7187 7278 7188
f 7162 7251 7252
f 7136 7225 7226
f 7188 7279 7189
f 7163 7252 7253
f 7137 7226 7227
f 7190 7279 7280
f 7163 7254 7164
f 7138 7227 7228
f 7190 7281 7191
f 7164 7255 7165
f 7139 7228 7229
f 7191 7282 7192
f 7166 7255 7256
f 7140 7229 7230
f 7192 7283 7193
f 7166 7257 7167
f 7140 7231 7141
f 7194 7283 7284
f 7168 7257 7258
f 7142 7231 7232
f 7194 7285 7195
f 7168 7259 7169
f 7143 7232 7233
f 7195 7286 7196
f 7169 7260 7170
f 7143 7234 7144
f 7196 7287 7197
f 7171 7260 7261
f 7144 7235 7145
f 7197 7288 7198
f 7171 7262 7172
f 7146 7235 7236
f 7198 7289 7199
f 7172 7263 7173
f 7147 7236 7237
f 7200 7289 7290
f 7174 7263 7264
f 7148 7237 7238
f 7200 7291 7201
f 7174 7265 7175
f 7148 7239 7149
f 7123 7212 7213
f 7202 7291 7292
f 7176 7265 7266
f 7150 7239 7240
f 7124 7213 7214
f 7202 7293 7203
f 7176 7267 7177
f 7151 7240 7241
f 7125 7214 7215
f 7204 7293 7294
f 7177 7268 7178
f 7151 7242 7152
f 7125 7216 7126
f 7204 7295 7205
f 7179 7268 7269
f 7153 7242 7243
f 7127 7216 7217
f 7206 7295 7296
f 7180 7269 7270
f 7154 7243 7244
f 7128 7217 7218
f 7206 7297 7207
f 7180 7271 7181
f 7154 7245 7155
f 7128 7219 7129
f 7207 7298 7208
f 7181 7272 7182
f 7155 7246 7156
f 7130 7219 7220
f 7208 7299 7209
f 7183 7272 7273
f 7157 7246 7247
f 7130 7221 7131
f 7209 7300 7210
f 7183 7274 7184
f 7158 7247 7248
f 7132 7221 7222
f 7233 7323 7234
f 7286 7376 7287
f 7261 7349 7350
f 7234 7324 7235
f 7287 7377 7288
f 7261 7351 7262
f 7236 7324 7325
f 7288 7378 7289
f 7262 7352 7263
f 7237 7325 7326
f 7290 7378 7379
f 7264 7352 7353
f 7238 7326 7327
f 7290 7380 7291
f 7264 7354 7265
f 7238 7328 7239
f 7213 7212 7302
f 7292 7380 7381
f 7266 7354 7355
f 7240 7328 7329
f 7213 7303 7214
f 7292 7382 7293
f 7266 7356 7267
f 7241 7329 7330
f 7214 7304 7215
f 7293 7383 7294
f 7267 7357 7268
f 7241 7331 7242
f 7215 7305 7216
f 7294 7384 7295
f 7269 7357 7358
f 7243 7331 7332
f 7217 7305 7306
f 7296 7384 7385
f 7269 7359 7270
f 7244 7332 7333
f 7218 7306 7307
f 7296 7386 7297
f 7270 7360 7271
f 7244 7334 7245
f 7218 7308 7219
f 7297 7387 7298
f 7271 7361 7272
f 7245 7335 7246
f 7220 7308 7309
f 7298 7388 7299
f 7273 7361 7362
f 7247 7335 7336
f 7220 7310 7221
f 7299 7389 7300
f 7273 7363 7274
f 7247 7337 7248
f 7222 7310 7311
f 7300 7390 7301
f 7274 7364 7275
f 7248 7338 7249
f 7222 7312 7223
f 1337 7301 7390
f 7276 7364 7365
f 7250 7338 7339
f 7224 7312 7313
f 7276 7366 7277
f 7250 7340 7251
f 7224 7314 7225
f 7277 7367 7278
f 7252 7340 7341
f 7226 7314 7315
f 7278 7368 7279
f 7253 7341 7342
f 7227 7315 7316
f 7280 7368 7369
f 7253 7343 7254
f 7228 7316 7317
f 7281 7369 7370
f 7255 7343 7344
f 7229 7317 7318
f 7281 7371 7282
f 7256 7344 7345
f 7230 7318 7319
f 7282 7372 7283
f 7256 7346 7257
f 7230 7320 7231
f 7284 7372 7373
f 7258 7346 7347
f 7232 7320 7321
f 7284 7374 7285
f 7258 7348 7259
f 7233 7321 7322
f 7285 7375 7286
f 7259 7349 7260
f 7377 7467 7378
f 7351 7441 7352
f 7326 7414 7415
f 7379 7467 7468
f 7352 7442 7353
f 7327 7415 7416
f 7379 7469 7380
f 7353 7443 7354
f 7327 7417 7328
f 7302 7212 7391
f 7381 7469 7470
f 7355 7443 7444
f 7329 7417 7418
f 7303 7391 7392
f 7381 7471 7382
f 7355 7445 7356
f 7330 7418 7419
f 7303 7393 7304
f 7383 7471 7472
f 7356 7446 7357
f 7330 7420 7331
f 7304 7394 7305
f 7383 7473 7384
f 7358 7446 7447
f 7332 7420 7421
f 7306 7394 7395
f 7385 7473 7474
f 7359 7447 7448
f 7333 7421 7422
f 7307 7395 7396
f 7385 7475 7386
f 7359 7449 7360
f 7333 7423 7334
f 7307 7397 7308
f 7386 7476 7387
f 7360 7450 7361
f 7334 7424 7335
f 7309 7397 7398
f 7387 7477 7388
f 7362 7450 7451
f 7336 7424 7425
f 7309 7399 7310
f 7388 7478 7389
f 7362 7452 7363
f 7336 7426 7337
f 7311 7399 7400
f 7389 7479 7390
f 7363 7453 7364
f 7337 7427 7338
f 7311 7401 7312
f 1337 7390 7479
f 7365 7453 7454
f 7339 7427 7428
f 7313 7401 7402
f 7365 7455 7366
f 7340 7428 7429
f 7313 7403 7314
f 7366 7456 7367
f 7341 7429 7430
f 7314 7404 7315
f 7367 7457 7368
f 7342 7430 7431
f 7316 7404 7405
f 7369 7457 7458
f 7342 7432 7343
f 7316 7406 7317
f 7369 7459 7370
f 7343 7433 7344
f 7318 7406 7407
f 7370 7460 7371
f 7345 7433 7434
f 7319 7407 7408
f 7372 7460 7461
f 7345 7435 7346
f 7319 7409 7320
f 7373 7461 7462
f 7347 7435 7436
f 7320 7410 7321
f 7373 7463 7374
f 7347 7437 7348
f 7322 7410 7411
f 7374 7464 7375
f 7349 7437 7438
f 7322 7412 7323
f 7375 7465 7376
f 7350 7438 7439
f 7323 7413 7324
f 7376 7466 7377
f 7350 7440 7351
f 7325 7413 7414
f 7442 7532 7443
f 7416 7506 7417
f 7391 7212 7480
f 7470 7558 7559
f 7444 7532 7533
f 7418 7506 7507
f 7392 7480 7481
f 7470 7560 7471
f 7444 7534 7445
f 7419 7507 7508
f 7393 7481 7482
f 7472 7560 7561
f 7445 7535 7446
f 7419 7509 7420
f 7394 7482 7483
f 7472 7562 7473
f 7447 7535 7536
f 7421 7509 7510
f 7395 7483 7484
f 7474 7562 7563
f 7448 7536 7537
f 7422 7510 7511
f 7396 7484 7485
f 7474 7564 7475
f 7448 7538 7449
f 7422 7512 7423
f 7396 7486 7397
f 7475 7565 7476
f 7449 7539 7450
f 7423 7513 7424
f 7398 7486 7487
f 7476 7566 7477
f 7451 7539 7540
f 7425 7513 7514
f 7398 7488 7399
f 7477 7567 7478
f 7451 7541 7452
f 7426 7514 7515
f 7400 7488 7489
f 7478 7568 7479
f 7452 7542 7453
f 7426 7516 7427
f 7400 7490 7401
f 1337 7479 7568
f 7454 7542 7543
f 7428 7516 7517
f 7402 7490 7491
f 7454 7544 7455
f 7429 7517 7518
f 7402 7492 7403
f 7455 7545 7456
f 7430 7518 7519
f 7404 7492 7493
f 7456 7546 7457
f 7431 7519 7520
f 7405 7493 7494
f 7458 7546 7547
f 7431 7521 7432
f 7405 7495 7406
f 7458 7548 7459
f 7432 7522 7433
f 7407 7495 7496
f 7459 7549 7460
f 7434 7522 7523
f 7407 7497 7408
f 7461 7549 7550
f 7434 7524 7435
f 7408 7498 7409
f 7462 7550 7551
f 7436 7524 7525
f 7409 7499 7410
f 7462 7552 7463
f 7436 7526 7437
f 7411 7499 7500
f 7463 7553 7464
f 7438 7526 7527
f 7411 7501 7412
f 7464 7554 7465
f 7439 7527 7528
f 7412 7502 7413
f 7465 7555 7466
f 7439 7529 7440
f 7414 7502 7503
f 7466 7556 7467
f 7440 7530 7441
f 7415 7503 7504
f 7468 7556 7557
f 7441 7531 7442
f 7416 7504 7505
f 7468 7558 7469
f 7481 7571 7482
f 7560 7650 7561
f 7534 7624 7535
f 7508 7598 7509
f 7482 7572 7483
f 7561 7651 7562
f 7536 7624 7625
f 7510 7598 7599
f 7484 7572 7573
f 7563 7651 7652
f 7537 7625 7626
f 7511 7599 7600
f 7484 7574 7485
f 7563 7653 7564
f 7537 7627 7538
f 7511 7601 7512
f 7485 7575 7486
f 7564 7654 7565
f 7538 7628 7539
f 7512 7602 7513
f 7487 7575 7576
f 7566 7654 7655
f 7540 7628 7629
f 7514 7602 7603
f 7487 7577 7488
f 7566 7656 7567
f 7540 7630 7541
f 7515 7603 7604
f 7489 7577 7578
f 7567 7657 7568
f 7541 7631 7542
f 7515 7605 7516
f 7489 7579 7490
f 1337 7568 7657
f 7543 7631 7632
f 7517 7605 7606
f 7491 7579 7580
f 7543 7633 7544
f 7518 7606 7607
f 7491 7581 7492
f 7544 7634 7545
f 7519 7607 7608
f 7493 7581 7582
f 7545 7635 7546
f 7520 7608 7609
f 7494 7582 7583
f 7547 7635 7636
f 7520 7610 7521
f 7495 7583 7584
f 7547 7637 7548
f 7522 7610 7611
f 7496 7584 7585
f 7548 7638 7549
f 7523 7611 7612
f 7496 7586 7497
f 7549 7639 7550
f 7523 7613 7524
f 7497 7587 7498
f 7551 7639 7640
f 7525 7613 7614
f 7499 7587 7588
f 7551 7641 7552
f 7525 7615 7526
f 7500 7588 7589
f 7552 7642 7553
f 7526 7616 7527
f 7500 7590 7501
f 7553 7643 7554
f 7528 7616 7617
f 7501 7591 7502
f 7554 7644 7555
f 7528 7618 7529
f 7503 7591 7592
f 7555 7645 7556
f 7529 7619 7530
f 7504 7592 7593
f 7557 7645 7646
f 7530 7620 7531
f 7505 7593 7594
f 7557 7647 7558
f 7531 7621 7532
f 7505 7595 7506
f 7480 7212 7569
f 7559 7647 7648
f 7533 7621 7622
f 7507 7595 7596
f 7481 7569 7570
f 7559 7649 7560
f 7533 7623 7534
f 7508 7596 7597
f 7652 7740 7741
f 7626 7714 7715
f 7600 7688 7689
f 7574 7662 7663
f 7652 7742 7653
f 7626 7716 7627
f 7600 7690 7601
f 7574 7664 7575
f 7653 7743 7654
f 7627 7717 7628
f 7601 7691 7602
f 7576 7664 7665
f 7654 7744 7655
f 7629 7717 7718
f 7603 7691 7692
f 7577 7665 7666
f 7655 7745 7656
f 7629 7719 7630
f 7603 7693 7604
f 7578 7666 7667
f 7656 7746 7657
f 7630 7720 7631
f 7604 7694 7605
f 7578 7668 7579
f 1337 7657 7746
f 7632 7720 7721
f 7606 7694 7695
f 7580 7668 7669
f 7632 7722 7633
f 7607 7695 7696
f 7580 7670 7581
f 7633 7723 7634
f 7608 7696 7697
f 7582 7670 7671
f 7634 7724 7635
f 7609 7697 7698
f 7583 7671 7672
f 7636 7724 7725
f 7609 7699 7610
f 7584 7672 7673
f 7637 7725 7726
f 7611 7699 7700
f 7585 7673 7674
f 7637 7727 7638
f 7612 7700 7701
f 7585 7675 7586
f 7638 7728 7639
f 7612 7702 7613
f 7586 7676 7587
f 7640 7728 7729
f 7614 7702 7703
f 7588 7676 7677
f 7640 7730 7641
f 7614 7704 7615
f 7589 7677 7678
f 7641 7731 7642
f 7615 7705 7616
f 7589 7679 7590
f 7642 7732 7643
f 7617 7705 7706
f 7590 7680 7591
f 7643 7733 7644
f 7617 7707 7618
f 7592 7680 7681
f 7644 7734 7645
f 7618 7708 7619
f 7593 7681 7682
f 7646 7734 7735
f 7619 7709 7620
f 7594 7682 7683
f 7646 7736 7647
f 7620 7710 7621
f 7594 7684 7595
f 7569 7212 7658
f 7648 7736 7737
f 7622 7710 7711
f 7596 7684 7685
f 7569 7659 7570
f 7648 7738 7649
f 7623 7711 7712
f 7597 7685 7686
f 7570 7660 7571
f 7649 7739 7650
f 7623 7713 7624
f 7597 7687 7598
f 7571 7661 7572
f 7650 7740 7651
f 7625 7713 7714
f 7599 7687 7688
f 7572 7662 7573
f 7690 7780 7691
f 7665 7753 7754
f 7744 7832 7833
f 7718 7806 7807
f 7692 7780 7781
f 7665 7755 7666
f 7745 7833 7834
f 7718 7808 7719
f 7692 7782 7693
f 7667 7755 7756
f 7745 7835 7746
f 7719 7809 7720
f 7693 7783 7694
f 7667 7757 7668
f 1337 7746 7835
f 7721 7809 7810
f 7695 7783 7784
f 7669 7757 7758
f 7721 7811 7722
f 7696 7784 7785
f 7669 7759 7670
f 7722 7812 7723
f 7696 7786 7697
f 7671 7759 7760
f 7723 7813 7724
f 7698 7786 7787
f 7672 7760 7761
f 7725 7813 7814
f 7698 7788 7699
f 7673 7761 7762
f 7725 7815 7726
f 7700 7788 7789
f 7674 7762 7763
f 7726 7816 7727
f 7701 7789 7790
f 7674 7764 7675
f 7727 7817 7728
f 7701 7791 7702
f 7675 7765 7676
f 7729 7817 7818
f 7703 7791 7792
f 7677 7765 7766
f 7730 7818 7819
f 7703 7793 7704
f 7678 7766 7767
f 7730 7820 7731
f 7704 7794 7705
f 7678 7768 7679
f 7731 7821 7732
f 7706 7794 7795
f 7679 7769 7680
f 7732 7822 7733
f 7706 7796 7707
f 7681 7769 7770
f 7733 7823 7734
f 7707 7797 7708
f 7681 7771 7682
f 7735 7823 7824
f 7708 7798 7709
f 7683 7771 7772
f 7735 7825 7736
f 7709 7799 7710
f 7683 7773 7684
f 7658 7212 7747
f 7737 7825 7826
f 7711 7799 7800
f 7685 7773 7774
f 7658 7748 7659
f 7737 7827 7738
f 7712 7800 7801
f 7686 7774 7775
f 7659 7749 7660
f 7739 7827 7828
f 7712 7802 7713
f 7686 7776 7687
f 7660 7750 7661
f 7739 7829 7740
f 7714 7802 7803
f 7688 7776 7777
f 7662 7750 7751
f 7741 7829 7830
f 7715 7803 7804
f 7689 7777 7778
f 7663 7751 7752
f 7741 7831 7742
f 7715 7805 7716
f 7689 7779 7690
f 7663 7753 7664
f 7742 7832 7743
f 7716 7806 7717
f 7834 7924 7835
f 7808 7898 7809
f 7782 7872 7783
f 7756 7846 7757
f 1337 7835 7924
f 7810 7898 7899
f 7784 7872 7873
f 7758 7846 7847
f 7810 7900 7811
f 7785 7873 7874
f 7758 7848 7759
f 7811 7901 7812
f 7785 7875 7786
f 7759 7849 7760
f 7812 7902 7813
f 7787 7875 7876
f 7761 7849 7850
f 7814 7902 7903
f 7787 7877 7788
f 7762 7850 7851
f 7814 7904 7815
f 7789 7877 7878
f 7763 7851 7852
f 7815 7905 7816
f 7790 7878 7879
f 7763 7853 7764
f 7816 7906 7817
f 7790 7880 7791
f 7764 7854 7765
f 7818 7906 7907
f 7792 7880 7881
f 7766 7854 7855
f 7819 7907 7908
f 7792 7882 7793
f 7767 7855 7856
f 7819 7909 7820
f 7793 7883 7794
f 7768 7856 7857
f 7820 7910 7821
f 7795 7883 7884
f 7768 7858 7769
f 7821 7911 7822
f 7795 7885 7796
f 7770 7858 7859
f 7823 7911 7912
f 7796 7886 7797
f 7770 7860 7771
f 7824 7912 7913
f 7797 7887 7798
f 7772 7860 7861
f 7824 7914 7825
f 7798 7888 7799
f 7772 7862 7773
f 7747 7212 7836
f 7826 7914 7915
f 7800 7888 7889
f 7774 7862 7863
f 7748 7836 7837
f 7826 7916 7827
f 7801 7889 7890
f 7775 7863 7864
f 7748 7838 7749
f 7828 7916 7917
f 7801 7891 7802
f 7775 7865 7776
f 7749 7839 7750
f 7828 7918 7829
f 7803 7891 7892
f 7777 7865 7866
f 7751 7839 7840
f 7830 7918 7919
f 7804 7892 7893
f 7778 7866 7867
f 7752 7840 7841
f 7830 7920 7831
f 7804 7894 7805
f 7778 7868 7779
f 7752 7842 7753
f 7831 7921 7832
f 7805 7895 7806
f 7779 7869 7780
f 7754 7842 7843
f 7832 7922 7833
f 7807 7895 7896
f 7781 7869 7870
f 7754 7844 7755
f 7834 7922 7923
f 7807 7897 7808
f 7781 7871 7782
f 7755 7845 7756
f 7899 7989 7900
f 7874 7962 7963
f 7847 7937 7848
f 7901 7989 7990
f 7874 7964 7875
f 7848 7938 7849
f 7901 7991 7902
f 7876 7964 7965
f 7850 7938 7939
f 7903 7991 7992
f 7876 7966 7877
f 7851 7939 7940
f 7903 7993 7904
f 7878 7966 7967
f 7852 7940 7941
f 7904 7994 7905
f 7879 7967 7968
f 7853 7941 7942
f 7905 7995 7906
f 7879 7969 7880
f 7853 7943 7854
f 7907 7995 7996
f 7881 7969 7970
f 7854 7944 7855
f 7907 7997 7908
f 7881 7971 7882
f 7856 7944 7945
f 7908 7998 7909
f 7882 7972 7883
f 7857 7945 7946
f 7909 7999 7910
f 7884 7972 7973
f 7857 7947 7858
f 7910 8000 7911
f 7884 7974 7885
f 7859 7947 7948
f 7911 8001 7912
f 7885 7975 7886
f 7859 7949 7860
f 7913 8001 8002
f 7886 7976 7887
f 7861 7949 7950
f 7913 8003 7914
f 7887 7977 7888
f 7861 7951 7862
f 7836 7212 7925
f 7915 8003 8004
f 7889 7977 7978
f 7863 7951 7952
f 7836 7926 7837
f 7915 8005 7916
f 7890 7978 7979
f 7864 7952 7953
f 7837 7927 7838
f 7917 8005 8006
f 7890 7980 7891
f 7864 7954 7865
f 7838 7928 7839
f 7917 8007 7918
f 7892 7980 7981
f 7866 7954 7955
f 7839 7929 7840
f 7919 8007 8008
f 7893 7981 7982
f 7867 7955 7956
f 7841 7929 7930
f 7919 8009 7920
f 7893 7983 7894
f 7867 7957 7868
f 7841 7931 7842
f 7921 8009 8010
f 7894 7984 7895
f 7868 7958 7869
f 7843 7931 7932
f 7922 8010 8011
f 7896 7984 7985
f 7870 7958 7959
f 7843 7933 7844
f 7922 8012 7923
f 7896 7986 7897
f 7870 7960 7871
f 7844 7934 7845
f 7924 8012 1
f 7897 7987 7898
f 7871 7961 7872
f 7845 7935 7846
f 1337 7924 1
f 7899 7987 7988
f 7873 7961 7962
f 7847 7935 7936
f 7962 39 40
f 7936 13 14
f 7990 7989 66
f 7963 40 41
f 7937 14 15
f 7991 7990 67
f 7964 41 42
f 7938 15 16
f 7992 7991 68
f 7965 42 43
f 7939 16 17
f 7993 7992 69
f 7966 43 44
f 7940 17 18
f 7994 7993 70
f 7967 44 45
f 7941 18 19
f 7995 7994 71
f 7968 45 46
f 7942 19 20
f 7996 7995 72
f 7970 7969 46
f 7943 20 21
f 7997 7996 73
f 7971 7970 47
f 7944 21 22
f 7998 7997 74
f 7972 7971 48
f 7945 22 23
f 7999 7998 75
f 7973 7972 49
f 7946 23 24
f 8000 7999 76
f 7974 7973 50
f 7947 24 25
f 8001 8000 77
f 7975 7974 51
f 7948 25 26
f 8002 8001 78
f 7976 7975 52
f 7949 26 27
f 8003 8002 79
f 7977 7976 53
f 7950 27 28
f 8004 8003 80
f 7978 7977 54
f 7951 28 29
f 7925 2 3
f 8005 8004 81
f 7979 7978 55
f 7952 29 30
f 7926 3 4
f 8006 8005 82
f 7980 7979 56
f 7953 30 31
f 7927 4 5
f 8007 8006 83
f 7981 7980 57
f 7954 31 32
f 7928 5 6
f 8008 8007 84
f 7982 7981 58
f 7955 32 33
f 7929 6 7
f 8009 8008 85
f 7983 7982 59
f 7956 33 34
f 7930 7 8
f 8010 8009 86
f 7984 7983 60
f 7957 34 35
f 7931 8 9
f 8011 8010 87
f 7985 7984 61
f 7958 35 36
f 7932 9 10
f 8012 8011 88
f 7986 7985 62
f 7959 36 37
f 7933 10 11
f 1 8012 89
f 7987 7986 63
f 7960 37 38
f 7934 11 12
f 7988 7987 64
f 7961 38 39
f 7935 12 13
f 7989 7988 65
f 80 169 170
f 54 143 144
f 29 28 117
f 3 2 91
f 81 170 171
f 55 144 145
f 30 29 118
f 4 3 92
f 82 171 172
f 56 145 146
f 30 119 120
f 5 4 93
f 83 172 173
f 57 146 147
f 32 31 120
f 6 5 94
f 84 173 174
f 59 58 147
f 33 32 121
f 7 6 95
f 85 174 175
f 59 148 149
f 33 122 123
f 8 7 96
f 86 175 176
f 60 149 150
f 35 34 123
f 8 97 98
f 87 176 177
f 61 150 151
f 36 35 124
f 10 9 98
f 88 177 178
f 62 151 152
f 36 125 126
f 11 10 99
f 89 178 179
f 63 152 153
f 38 37 126
f 12 11 100
f 64 153 154
f 39 38 127
f 13 12 101
f 65 154 155
f 40 39 128
f 14 13 102
f 66 155 156
f 40 129 130
f 14 103 104
f 67 156 157
f 41 130 131
f 16 15 104
f 68 157 158
f 43 42 131
f 17 16 105
f 69 158 159
f 44 43 132
f 18 17 106
f 70 159 160
f 44 133 134
f 19 18 107
f 71 160 161
f 46 45 134
f 19 108 109
f 72 161 162
f 46 135 136
f 21 20 109
f 73 162 163
f 47 136 137
f 22 21 110
f 74 163 164
f 48 137 138
f 23 22 111
f 75 164 165
f 49 138 139
f 23 112 113
f 76 165 166
f 50 139 140
f 25 24 113
f 77 166 167
f 51 140 141
f 26 25 114
f 78 167 168
f 52 141 142
f 27 26 115
f 79 168 169
f 53 142 143
f 28 27 116
f 119 208 209
f 94 93 182
f 172 261 262
f 146 235 236
f 120 209 210
f 94 183 184
f 173 262 263
f 147 236 237
f 121 210 211
f 96 95 184
f 174 263 264
f 148 237 238
f 122 211 212
f 96 185 186
f 175 264 265
f 149 238 239
f 124 123 212
f 98 97 186
f 176 265 266
f 151 150 239
f 125 124 213
f 99 98 187
f 177 266 267
f 151 240 241
f 126 125 214
f 100 99 188
f 178 267 268
f 152 241 242
f 126 215 216
f 101 100 189
f 153 242 243
f 127 216 217
f 102 101 190
f 155 154 243
f 129 128 217
f 102 191 192
f 155 244 245
f 129 218 219
f 104 103 192
f 156 245 246
f 130 219 220
f 105 104 193
f 157 246 247
f 132 131 220
f 106 105 194
f 158 247 248
f 132 221 222
f 106 195 196
f 159 248 249
f 134 133 222
f 107 196 197
f 161 160 249
f 134 223 224
f 108 197 198
f 162 161 250
f 136 135 224
f 110 109 198
f 163 162 251
f 136 225 226
f 111 110 199
f 163 252 253
f 137 226 227
f 112 111 200
f 165 164 253
f 138 227 228
f 112 201 202
f 165 254 255
f 140 139 228
f 114 113 202
f 166 255 256
f 140 229 230
f 115 114 203
f 167 256 257
f 141 230 231
f 115 204 205
f 168 257 258
f 142 231 232
f 116 205 206
f 169 258 259
f 144 143 232
f 117 206 207
f 92 91 180
f 170 259 260
f 144 233 234
f 119 118 207
f 92 181 182
f 171 260 261
f 145 234 235
f 263 352 353
f 238 237 326
f 212 211 300
f 186 185 274
f 264 353 354
f 238 327 328
f 212 301 302
f 187 186 275
f 265 354 355
f 240 239 328
f 214 213 302
f 188 187 276
f 266 355 356
f 240 329 330
f 215 214 303
f 188 277 278
f 267 356 357
f 241 330 331
f 215 304 305
f 189 278 279
f 243 242 331
f 216 305 306
f 190 279 280
f 244 243 332
f 218 217 306
f 191 280 281
f 244 333 334
f 218 307 308
f 192 281 282
f 246 245 334
f 219 308 309
f 194 193 282
f 246 335 336
f 220 309 310
f 195 194 283
f 247 336 337
f 221 310 311
f 196 195 284
f 248 337 338
f 223 222 311
f 196 285 286
f 249 338 339
f 223 312 313
f 197 286 287
f 251 250 339
f 225 224 313
f 199 198 287
f 252 251 340
f 225 314 315
f 200 199 288
f 252 341 342
f 227 226 315
f 201 200 289
f 253 342 343
f 227 316 317
f 202 201 290
f 254 343 344
f 229 228 317
f 202 291 292
f 256 255 344
f 229 318 319
f 204 203 292
f 256 345 346
f 230 319 320
f 204 293 294
f 258 257 346
f 231 320 321
f 205 294 295
f 258 347 348
f 233 232 321
f 206 295 296
f 181 180 269
f 260 259 348
f 233 322 323
f 208 207 296
f 182 181 270
f 260 349 350
f 234 323 324
f 208 297 298
f 183 182 271
f 261 350 351
f 235 324 325
f 210 209 298
f 184 183 272
f 263 262 351
f 236 325 326
f 210 299 300
f 185 184 273
f 329 328 417
f 302 391 392
f 277 276 365
f 355 444 445
f 329 418 419
f 304 303 392
f 278 277 366
f 356 445 446
f 330 419 420
f 304 393 394
f 279 278 367
f 331 420 421
f 306 305 394
f 279 368 369
f 333 332 421
f 306 395 396
f 281 280 369
f 333 422 423
f 308 307 396
f 282 281 370
f 334 423 424
f 308 397 398
f 283 282 371
f 335 424 425
f 310 309 398
f 283 372 373
f 337 336 425
f 310 399 400
f 284 373 374
f 337 426 427
f 312 311 400
f 285 374 375
f 338 427 428
f 312 401 402
f 287 286 375
f 339 428 429
f 313 402 403
f 288 287 376
f 340 429 430
f 314 403 404
f 288 377 378
f 342 341 430
f 316 315 404
f 289 378 379
f 342 431 432
f 316 405 406
f 291 290 379
f 343 432 433
f 318 317 406
f 292 291 380
f 344 433 434
f 318 407 408
f 293 292 381
f 345 434 435
f 319 408 409
f 293 382 383
f 346 435 436
f 320 409 410
f 295 294 383
f 347 436 437
f 322 321 410
f 295 384 385
f 270 269 358
f 348 437 438
f 322 411 412
f 297 296 385
f 271 270 359
f 349 438 439
f 323 412 413
f 297 386 387
f 271 360 361
f 350 439 440
f 324 413 414
f 299 298 387
f 272 361 362
f 352 351 440
f 325 414 415
f 299 388 389
f 274 273 362
f 352 441 442
f 327 326 415
f 301 300 389
f 275 274 363
f 354 353 442
f 327 416 417
f 301 390 391
f 276 275 364
f 354 443 444
f 368 367 456
f 420 509 510
f 395 394 483
f 368 457 458
f 422 421 510
f 395 484 485
f 370 369 458
f 422 511 512
f 396 485 486
f 370 459 460
f 423 512 513
f 398 397 486
f 372 371 460
f 425 424 513
f 399 398 487
f 373 372 461
f 425 514 515
f 399 488 489
f 374 373 462
f 426 515 516
f 401 400 489
f 374 463 464
f 427 516 517
f 401 490 491
f 375 464 465
f 428 517 518
f 402 491 492
f 377 376 465
f 430 429 518
f 403 492 493
f 378 377 466
f 430 519 520
f 405 404 493
f 379 378 467
f 431 520 521
f 405 494 495
f 379 468 469
f 432 521 522
f 406 495 496
f 381 380 469
f 433 522 523
f 408 407 496
f 382 381 470
f 434 523 524
f 408 497 498
f 382 471 472
f 435 524 525
f 409 498 499
f 384 383 472
f 437 436 525
f 411 410 499
f 384 473 474
f 359 358 447
f 438 437 526
f 411 500 501
f 386 385 474
f 360 359 448
f 438 527 528
f 412 501 502
f 386 475 476
f 361 360 449
f 439 528 529
f 414 413 502
f 388 387 476
f 362 361 450
f 440 529 530
f 414 503 504
f 388 477 478
f 362 451 452
f 441 530 531
f 416 415 504
f 390 389 478
f 363 452 453
f 443 442 531
f 416 505 506
f 390 479 480
f 365 364 453
f 443 532 533
f 418 417 506
f 392 391 480
f 366 365 454
f 444 533 534
f 418 507 508
f 393 392 481
f 366 455 456
f 445 534 535
f 420 419 508
f 393 482 483
f 511 600 601
f 485 574 575
f 460 459 548
f 512 601 602
f 487 486 575
f 461 460 549
f 514 513 602
f 488 487 576
f 462 461 550
f 514 603 604
f 488 577 578
f 463 462 551
f 515 604 605
f 490 489 578
f 463 552 553
f 517 516 605
f 490 579 580
f 464 553 554
f 518 517 606
f 491 580 581
f 465 554 555
f 519 518 607
f 492 581 582
f 467 466 555
f 519 608 609
f 493 582 583
f 468 467 556
f 521 520 609
f 494 583 584
f 468 557 558
f 521 610 611
f 496 495 584
f 469 558 559
f 522 611 612
f 496 585 586
f 471 470 559
f 523 612 613
f 497 586 587
f 471 560 561
f 525 524 613
f 498 587 588
f 473 472 561
f 525 614 615
f 500 499 588
f 473 562 563
f 447 536 537
f 526 615 616
f 500 589 590
f 475 474 563
f 449 448 537
f 527 616 617
f 501 590 591
f 475 564 565
f 449 538 539
f 528 617 618
f 503 502 591
f 477 476 565
f 451 450 539
f 530 529 618
f 504 503 592
f 478 477 566
f 452 451 540
f 530 619 620
f 505 504 593
f 478 567 568
f 452 541 542
f 531 620 621
f 505 594 595
f 480 479 568
f 454 453 542
f 532 621 622
f 507 506 595
f 481 480 569
f 455 454 543
f 533 622 623
f 507 596 597
f 482 481 570
f 455 544 545
f 534 623 624
f 509 508 597
f 482 571 572
f 457 456 545
f 509 598 599
f 484 483 572
f 457 546 547
f 511 510 599
f 484 573 574
f 459 458 547
f 576 665 666
f 551 550 639
f 603 692 693
f 577 666 667
f 551 640 641
f 604 693 694
f 579 578 667
f 552 641 642
f 606 605 694
f 580 579 668
f 554 553 642
f 607 606 695
f 580 669 670
f 554 643 644
f 608 607 696
f 581 670 671
f 556 555 644
f 609 608 697
f 583 582 671
f 556 645 646
f 609 698 699
f 583 672 673
f 557 646 647
f 610 699 700
f 584 673 674
f 559 558 647
f 612 611 700
f 585 674 675
f 560 559 648
f 612 701 702
f 586 675 676
f 560 649 650
f 613 702 703
f 587 676 677
f 562 561 650
f 614 703 704
f 588 677 678
f 562 651 652
f 536 625 626
f 615 704 705
f 589 678 679
f 564 563 652
f 537 626 627
f 616 705 706
f 590 679 680
f 564 653 654
f 538 627 628
f 617 706 707
f 592 591 680
f 566 565 654
f 540 539 628
f 618 707 708
f 592 681 682
f 566 655 656
f 541 540 629
f 619 708 709
f 593 682 683
f 567 656 657
f 542 541 630
f 620 709 710
f 594 683 684
f 568 657 658
f 543 542 631
f 621 710 711
f 596 595 684
f 570 569 658
f 544 543 632
f 622 711 712
f 596 685 686
f 571 570 659
f 545 544 633
f 623 712 713
f 597 686 687
f 571 660 661
f 545 634 635
f 598 687 688
f 572 661 662
f 546 635 636
f 600 599 688
f 574 573 662
f 548 547 636
f 600 689 690
f 574 663 664
f 548 637 638
f 601 690 691
f 576 575 664
f 550 549 638
f 603 602 691
f 695 694 783
f 668 757 758
f 642 731 732
f 695 784 785
f 670 669 758
f 643 732 733
f 696 785 786
f 670 759 760
f 645 644 733
f 697 786 787
f 672 671 760
f 645 734 735
f 698 787 788
f 673 672 761
f 646 735 736
f 699 788 789
f 673 762 763
f 648 647 736
f 701 700 789
f 675 674 763
f 649 648 737
f 701 790 791
f 675 764 765
f 649 738 739
f 702 791 792
f 676 765 766
f 651 650 739
f 703 792 793
f 678 677 766
f 652 651 740
f 626 625 714
f 704 793 794
f 678 767 768
f 653 652 741
f 626 715 716
f 706 705 794
f 679 768 769
f 653 742 743
f 627 716 717
f 706 795 796
f 681 680 769
f 655 654 743
f 629 628 717
f 708 707 796
f 681 770 771
f 655 744 745
f 630 629 718
f 708 797 798
f 683 682 771
f 657 656 745
f 630 719 720
f 710 709 798
f 683 772 773
f 657 746 747
f 632 631 720
f 710 799 800
f 685 684 773
f 659 658 747
f 632 721 722
f 711 800 801
f 685 774 775
f 660 659 748
f 634 633 722
f 712 801 802
f 686 775 776
f 660 749 750
f 635 634 723
f 687 776 777
f 662 661 750
f 635 724 725
f 689 688 777
f 663 662 751
f 637 636 725
f 689 778 779
f 663 752 753
f 637 726 727
f 690 779 780
f 665 664 753
f 639 638 727
f 692 691 780
f 665 754 755
f 640 639 728
f 693 692 781
f 666 755 756
f 640 729 730
f 693 782 783
f 668 667 756
f 642 641 730
f 785 874 875
f 759 848 849
f 734 733 822
f 786 875 876
f 760 849 850
f 734 823 824
f 787 876 877
f 761 850 851
f 735 824 825
f 788 877 878
f 762 851 852
f 737 736 825
f 790 789 878
f 764 763 852
f 738 737 826
f 790 879 880
f 764 853 854
f 738 827 828
f 791 880 881
f 765 854 855
f 740 739 828
f 792 881 882
f 767 766 855
f 740 829 830
f 714 803 804
f 793 882 883
f 768 767 856
f 742 741 830
f 715 804 805
f 794 883 884
f 768 857 858
f 742 831 832
f 716 805 806
f 795 884 885
f 770 769 858
f 743 832 833
f 717 806 807
f 796 885 886
f 770 859 860
f 745 744 833
f 719 718 807
f 797 886 887
f 771 860 861
f 746 745 834
f 719 808 809
f 798 887 888
f 773 772 861
f 746 835 836
f 721 720 809
f 799 888 889
f 774 773 862
f 748 747 836
f 722 721 810
f 800 889 890
f 774 863 864
f 748 837 838
f 723 722 811
f 801 890 891
f 776 775 864
f 749 838 839
f 724 723 812
f 776 865 866
f 751 750 839
f 725 724 813
f 778 777 866
f 752 751 840
f 726 725 814
f 778 867 868
f 752 841 842
f 726 815 816
f 779 868 869
f 754 753 842
f 728 727 816
f 781 780 869
f 754 843 844
f 729 728 817
f 782 781 870
f 755 844 845
f 730 729 818
f 782 871 872
f 757 756 845
f 730 819 820
f 784 783 872
f 757 846 847
f 732 731 820
f 784 873 874
f 759 758 847
f 732 821 822
f 827 826 915
f 879 968 969
f 854 853 942
f 827 916 917
f 880 969 970
f 854 943 944
f 829 828 917
f 881 970 971
f 856 855 944
f 830 829 918
f 803 892 893
f 882 971 972
f 857 856 945
f 831 830 919
f 804 893 894
f 883 972 973
f 857 946 947
f 831 920 921
f 805 894 895
f 884 973 974
f 859 858 947
f 832 921 922
f 807 806 895
f 886 885 974
f 859 948 949
f 834 833 922
f 808 807 896
f 886 975 976
f 860 949 950
f 835 834 923
f 808 897 898
f 887 976 977
f 862 861 950
f 835 924 925
f 810 809 898
f 889 888 977
f 863 862 951
f 837 836 925
f 811 810 899
f 890 889 978
f 863 952 953
f 838 837 926
f 812 811 900
f 890 979 980
f 864 953 954
f 838 927 928
f 813 812 901
f 865 954 955
f 840 839 928
f 814 813 902
f 867 866 955
f 841 840 929
f 815 814 903
f 867 956 957
f 842 841 930
f 815 904 905
f 868 957 958
f 843 842 931
f 817 816 905
f 869 958 959
f 843 932 933
f 817 906 907
f 871 870 959
f 844 933 934
f 819 818 907
f 871 960 961
f 846 845 934
f 820 819 908
f 873 872 961
f 846 935 936
f 820 909 910
f 873 962 963
f 848 847 936
f 821 910 911
f 874 963 964
f 848 937 938
f 823 822 911
f 875 964 965
f 850 849 938
f 823 912 913
f 876 965 966
f 851 850 939
f 824 913 914
f 877 966 967
f 851 940 941
f 826 825 914
f 879 878 967
f 852 941 942
f 971 970 1059
f 945 944 1033
f 918 1007 1008
f 892 981 982
f 971 1060 1061
f 946 945 1034
f 920 919 1008
f 894 893 982
f 973 972 1061
f 946 1035 1036
f 920 1009 1010
f 895 894 983
f 973 1062 1063
f 948 947 1036
f 921 1010 1011
f 896 895 984
f 975 974 1063
f 948 1037 1038
f 923 922 1011
f 897 896 985
f 975 1064 1065
f 949 1038 1039
f 924 923 1012
f 897 986 987
f 977 976 1065
f 951 950 1039
f 924 1013 1014
f 899 898 987
f 977 1066 1067
f 952 951 1040
f 926 925 1014
f 899 988 989
f 978 1067 1068
f 952 1041 1042
f 926 1015 1016
f 901 900 989
f 979 1068 1069
f 954 953 1042
f 927 1016 1017
f 901 990 991
f 954 1043 1044
f 929 928 1017
f 903 902 991
f 956 955 1044
f 929 1018 1019
f 904 903 992
f 956 1045 1046
f 930 1019 1020
f 904 993 994
f 957 1046 1047
f 932 931 1020
f 906 905 994
f 958 1047 1048
f 932 1021 1022
f 906 995 996
f 960 959 1048
f 933 1022 1023
f 908 907 996
f 960 1049 1050
f 935 934 1023
f 908 997 998
f 962 961 1050
f 935 1024 1025
f 910 909 998
f 962 1051 1052
f 937 936 1025
f 910 999 1000
f 964 963 1052
f 937 1026 1027
f 912 911 1000
f 964 1053 1054
f 939 938 1027
f 912 1001 1002
f 965 1054 1055
f 940 939 1028
f 914 913 1002
f 966 1055 1056
f 940 1029 1030
f 915 914 1003
f 968 967 1056
f 942 941 1030
f 916 915 1004
f 968 1057 1058
f 942 1031 1032
f 916 1005 1006
f 969 1058 1059
f 943 1032 1033
f 918 917 1006
f 1035 1124 1125
f 1009 1098 1099
f 983 1072 1073
f 1062 1151 1152
f 1037 1036 1125
f 1010 1099 1100
f 985 984 1073
f 1064 1063 1152
f 1038 1037 1126
f 1012 1011 1100
f 986 985 1074
f 1064 1153 1154
f 1038 1127 1128
f 1012 1101 1102
f 986 1075 1076
f 1065 1154 1155
f 1040 1039 1128
f 1014 1013 1102
f 988 987 1076
f 1067 1066 1155
f 1041 1040 1129
f 1015 1014 1103
f 989 988 1077
f 1067 1156 1157
f 1041 1130 1131
f 1015 1104 1105
f 990 989 1078
f 1069 1068 1157
f 1042 1131 1132
f 1016 1105 1106
f 990 1079 1080
f 1043 1132 1133
f 1018 1017 1106
f 992 991 1080
f 1045 1044 1133
f 1018 1107 1108
f 993 992 1081
f 1045 1134 1135
f 1019 1108 1109
f 993 1082 1083
f 1046 1135 1136
f 1021 1020 1109
f 995 994 1083
f 1047 1136 1137
f 1021 1110 1111
f 995 1084 1085
f 1049 1048 1137
f 1022 1111 1112
f 997 996 1085
f 1049 1138 1139
f 1024 1023 1112
f 998 997 1086
f 1051 1050 1139
f 1024 1113 1114
f 999 998 1087
f 1051 1140 1141
f 1026 1025 1114
f 999 1088 1089
f 1052 1141 1142
f 1026 1115 1116
f 1001 1000 1089
f 1053 1142 1143
f 1028 1027 1116
f 1001 1090 1091
f 1055 1054 1143
f 1029 1028 1117
f 1003 1002 1091
f 1055 1144 1145
f 1029 1118 1119
f 1004 1003 1092
f 1057 1056 1145
f 1030 1119 1120
f 1005 1004 1093
f 1057 1146 1147
f 1032 1031 1120
f 1005 1094 1095
f 1058 1147 1148
f 1032 1121 1122
f 1007 1006 1095
f 1060 1059 1148
f 1033 1122 1123
f 1007 1096 1097
f 981 1070 1071
f 1060 1149 1150
f 1035 1034 1123
f 1009 1008 1097
f 982 1071 1072
f 1061 1150 1151
f 1075 1074 1163
f 1153 1242 1243
f 1127 1216 1217
f 1102 1101 1190
f 1075 1164 1165
f 1154 1243 1244
f 1128 1217 1218
f 1102 1191 1192
f 1077 1076 1165
f 1155 1244 1245
f 1130 1129 1218
f 1104 1103 1192
f 1077 1166 1167
f 1156 1245 1246
f 1130 1219 1220
f 1104 1193 1194
f 1079 1078 1167
f 1157 1246 1247
f 1132 1131 1220
f 1105 1194 1195
f 1079 1168 1169
f 1132 1221 1222
f 1107 1106 1195
f 1081 1080 1169
f 1134 1133 1222
f 1107 1196 1197
f 1082 1081 1170
f 1134 1223 1224
f 1108 1197 1198
f 1082 1171 1172
f 1135 1224 1225
f 1110 1109 1198
f 1084 1083 1172
f 1136 1225 1226
f 1110 1199 1200
f 1084 1173 1174
f 1138 1137 1226
f 1111 1200 1201
f 1086 1085 1174
f 1138 1227 1228
f 1113 1112 1201
f 1086 1175 1176
f 1140 1139 1228
f 1113 1202 1203
f 1088 1087 1176
f 1140 1229 1230
f 1115 1114 1203
f 1088 1177 1178
f 1142 1141 1230
f 1115 1204 1205
f 1090 1089 1178
f 1142 1231 1232
f 1117 1116 1205
f 1090 1179 1180
f 1144 1143 1232
f 1118 1117 1206
f 1092 1091 1180
f 1144 1233 1234
f 1118 1207 1208
f 1093 1092 1181
f 1146 1145 1234
f 1120 1119 1208
f 1094 1093 1182
f 1146 1235 1236
f 1121 1120 1209
f 1094 1183 1184
f 1147 1236 1237
f 1121 1210 1211
f 1096 1095 1184
f 1149 1148 1237
f 1123 1122 1211
f 1096 1185 1186
f 1071 1070 1159
f 1149 1238 1239
f 1124 1123 1212
f 1098 1097 1186
f 1072 1071 1160
f 1151 1150 1239
f 1124 1213 1214
f 1098 1187 1188
f 1073 1072 1161
f 1151 1240 1241
f 1125 1214 1215
f 1099 1188 1189
f 1074 1073 1162
f 1153 1152 1241
f 1126 1215 1216
f 1101 1100 1189
f 1244 1333 1334
f 1219 1218 1307
f 1193 1192 1281
f 1166 1255 1256
f 1245 1334 1335
f 1219 1308 1309
f 1193 1282 1283
f 1168 1167 1256
f 1246 1335 1336
f 1221 1220 1309
f 1194 1283 1284
f 1168 1257 1258
f 1221 1310 1311
f 1196 1195 1284
f 1170 1169 1258
f 1223 1222 1311
f 1197 1196 1285
f 1171 1170 1259
f 1223 1312 1313
f 1197 1286 1287
f 1171 1260 1261
f 1224 1313 1314
f 1199 1198 1287
f 1173 1172 1261
f 1226 1225 1314
f 1199 1288 1289
f 1173 1262 1263
f 1227 1226 1315
f 1200 1289 1290
f 1175 1174 1263
f 1227 1316 1317
f 1202 1201 1290
f 1175 1264 1265
f 1229 1228 1317
f 1202 1291 1292
f 1177 1176 1265
f 1229 1318 1319
f 1204 1203 1292
f 1177 1266 1267
f 1231 1230 1319
f 1204 1293 1294
f 1179 1178 1267
f 1231 1320 1321
f 1206 1205 1294
f 1179 1268 1269
f 1233 1232 1321
f 1207 1206 1295
f 1180 1269 1270
f 1233 1322 1323
f 1207 1296 1297
f 1182 1181 1270
f 1235 1234 1323
f 1208 1297 1298
f 1183 1182 1271
f 1235 1324 1325
f 1209 1298 1299
f 1183 1272 1273
f 1236 1325 1326
f 1210 1299 1300
f 1185 1184 1273
f 1237 1326 1327
f 1212 1211 1300
f 1185 1274 1275
f 1160 1159 1248
f 1238 1327 1328
f 1213 1212 1301
f 1187 1186 1275
f 1161 1160 1249
f 1240 1239 1328
f 1213 1302 1303
f 1187 1276 1277
f 1162 1161 1250
f 1240 1329 1330
f 1214 1303 1304
f 1188 1277 1278
f 1162 1251 1252
f 1242 1241 1330
f 1215 1304 1305
f 1190 1189 1278
f 1164 1163 1252
f 1242 1331 1332
f 1216 1305 1306
f 1191 1190 1279
f 1164 1253 1254
f 1243 1332 1333
f 1218 1217 1306
f 1191 1280 1281
f 1166 1165 1254
f 1283 1373 1374
f 1257 1347 1348
f 1310 1400 1401
f 1285 1284 1374
f 1259 1258 1348
f 1312 1311 1401
f 1286 1285 1375
f 1260 1259 1349
f 1312 1402 1403
f 1287 1286 1376
f 1260 1350 1351
f 1313 1403 1404
f 1288 1287 1377
f 1262 1261 1351
f 1314 1404 1405
f 1288 1378 1379
f 1262 1352 1353
f 1316 1315 1405
f 1289 1379 1380
f 1264 1263 1353
f 1316 1406 1407
f 1291 1290 1380
f 1264 1354 1355
f 1318 1317 1407
f 1291 1381 1382
f 1266 1265 1355
f 1318 1408 1409
f 1293 1292 1382
f 1266 1356 1357
f 1320 1319 1409
f 1293 1383 1384
f 1268 1267 1357
f 1320 1410 1411
f 1295 1294 1384
f 1268 1358 1359
f 1322 1321 1411
f 1296 1295 1385
f 1270 1269 1359
f 1322 1412 1413
f 1296 1386 1387
f 1271 1270 1360
f 1324 1323 1413
f 1297 1387 1388
f 1272 1271 1361
f 1324 1414 1415
f 1298 1388 1389
f 1272 1362 1363
f 1325 1415 1416
f 1299 1389 1390
f 1274 1273 1363
f 1327 1326 1416
f 1301 1300 1390
f 1274 1364 1365
f 1248 1338 1339
f 1327 1417 1418
f 1302 1301 1391
f 1276 1275 1365
f 1250 1249 1339
f 1329 1328 1418
f 1302 1392 1393
f 1276 1366 1367
f 1251 1250 1340
f 1329 1419 1420
f 1304 1303 1393
f 1278 1277 1367
f 1251 1341 1342
f 1331 1330 1420
f 1304 1394 1395
f 1279 1278 1368
f 1253 1252 1342
f 1331 1421 1422
f 1305 1395 1396
f 1280 1279 1369
f 1253 1343 1344
f 1333 1332 1422
f 1306 1396 1397
f 1280 1370 1371
f 1255 1254 1344
f 1333 1423 1424
f 1308 1307 1397
f 1282 1281 1371
f 1255 1345 1346
f 1335 1334 1424
f 1308 1398 1399
f 1282 1372 1373
f 1257 1256 1346
f 1335 1425 1426
f 1310 1309 1399
f 1402 1491 1492
f 1376 1465 1466
f 1350 1439 1440
f 1403 1492 1493
f 1378 1377 1466
f 1352 1351 1440
f 1404 1493 1494
f 1378 1467 1468
f 1352 1441 1442
f 1406 1405 1494
f 1379 1468 1469
f 1354 1353 1442
f 1406 1495 1496
f 1381 1380 1469
f 1354 1443 1444
f 1408 1407 1496
f 1381 1470 1471
f 1356 1355 1444
f 1408 1497 1498
f 1383 1382 1471
f 1356 1445 1446
f 1410 1409 1498
f 1383 1472 1473
f 1358 1357 1446
f 1410 1499 1500
f 1385 1384 1473
f 1358 1447 1448
f 1412 1411 1500
f 1386 1385 1474
f 1360 1359 1448
f 1412 1501 1502
f 1386 1475 1476
f 1361 1360 1449
f 1414 1413 1502
f 1388 1387 1476
f 1362 1361 1450
f 1414 1503 1504
f 1388 1477 1478
f 1362 1451 1452
f 1415 1504 1505
f 1389 1478 1479
f 1364 1363 1452
f 1417 1416 1505
f 1391 1390 1479
f 1364 1453 1454
f 1339 1338 1427
f 1417 1506 1507
f 1392 1391 1480
f 1366 1365 1454
f 1340 1339 1428
f 1419 1418 1507
f 1392 1481 1482
f 1366 1455 1456
f 1340 1429 1430
f 1419 1508 1509
f 1394 1393 1482
f 1368 1367 1456
f 1341 1430 1431
f 1421 1420 1509
f 1394 1483 1484
f 1369 1368 1457
f 1343 1342 1431
f 1421 1510 1511
f 1395 1484 1485
f 1370 1369 1458
f 1343 1432 1433
f 1423 1422 1511
f 1396 1485 1486
f 1370 1459 1460
f 1345 1344 1433
f 1424 1423 1512
f 1398 1397 1486
f 1372 1371 1460
f 1345 1434 1435
f 1424 1513 1514
f 1398 1487 1488
f 1372 1461 1462
f 1347 1346 1435
f 1425 1514 1515
f 1400 1399 1488
f 1373 1462 1463
f 1347 1436 1437
f 1400 1489 1490
f 1375 1374 1463
f 1349 1348 1437
f 1402 1401 1490
f 1376 1375 1464
f 1350 1349 1438
f 1494 1493 1582
f 1467 1556 1557
f 1441 1530 1531
f 1495 1494 1583
f 1468 1557 1558
f 1443 1442 1531
f 1495 1584 1585
f 1470 1469 1558
f 1443 1532 1533
f 1497 1496 1585
f 1470 1559 1560
f 1445 1444 1533
f 1497 1586 1587
f 1472 1471 1560
f 1445 1534 1535
f 1499 1498 1587
f 1472 1561 1562
f 1447 1446 1535
f 1499 1588 1589
f 1474 1473 1562
f 1447 1536 1537
f 1501 1500 1589
f 1475 1474 1563
f 1448 1537 1538
f 1501 1590 1591
f 1475 1564 1565
f 1450 1449 1538
f 1503 1502 1591
f 1476 1565 1566
f 1451 1450 1539
f 1503 1592 1593
f 1477 1566 1567
f 1451 1540 1541
f 1504 1593 1594
f 1478 1567 1568
f 1453 1452 1541
f 1506 1505 1594
f 1480 1479 1568
f 1453 1542 1543
f 1428 1427 1516
f 1506 1595 1596
f 1481 1480 1569
f 1455 1454 1543
f 1428 1517 1518
f 1508 1507 1596
f 1481 1570 1571
f 1455 1544 1545
f 1429 1518 1519
f 1508 1597 1598
f 1483 1482 1571
f 1457 1456 1545
f 1430 1519 1520
f 1510 1509 1598
f 1483 1572 1573
f 1458 1457 1546
f 1432 1431 1520
f 1510 1599 1600
f 1484 1573 1574
f 1459 1458 1547
f 1432 1521 1522
f 1511 1600 1601
f 1485 1574 1575
f 1459 1548 1549
f 1434 1433 1522
f 1513 1512 1601
f 1487 1486 1575
f 1461 1460 1549
f 1434 1523 1524
f 1513 1602 1603
f 1487 1576 1577
f 1461 1550 1551
f 1436 1435 1524
f 1514 1603 1604
f 1489 1488 1577
f 1462 1551 1552
f 1436 1525 1526
f 1489 1578 1579
f 1464 1463 1552
f 1438 1437 1526
f 1491 1490 1579
f 1465 1464 1553
f 1439 1438 1527
f 1491 1580 1581
f 1466 1465 1554
f 1439 1528 1529
f 1492 1581 1582
f 1467 1466 1555
f 1441 1440 1529
f 1532 1621 1622
f 1586 1585 1674
f 1559 1648 1649
f 1534 1533 1622
f 1586 1675 1676
f 1561 1560 1649
f 1534 1623 1624
f 1588 1587 1676
f 1561 1650 1651
f 1536 1535 1624
f 1588 1677 1678
f 1563 1562 1651
f 1536 1625 1626
f 1590 1589 1678
f 1564 1563 1652
f 1538 1537 1626
f 1590 1679 1680
f 1564 1653 1654
f 1539 1538 1627
f 1592 1591 1680
f 1566 1565 1654
f 1540 1539 1628
f 1593 1592 1681
f 1566 1655 1656
f 1540 1629 1630
f 1593 1682 1683
f 1567 1656 1657
f 1542 1541 1630
f 1595 1594 1683
f 1568 1657 1658
f 1542 1631 1632
f 1517 1516 1605
f 1595 1684 1685
f 1570 1569 1658
f 1544 1543 1632
f 1518 1517 1606
f 1597 1596 1685
f 1570 1659 1660
f 1544 1633 1634
f 1518 1607 1608
f 1597 1686 1687
f 1572 1571 1660
f 1546 1545 1634
f 1520 1519 1608
f 1599 1598 1687
f 1572 1661 1662
f 1547 1546 1635
f 1521 1520 1609
f 1599 1688 1689
f 1573 1662 1663
f 1548 1547 1636
f 1521 1610 1611
f 1600 1689 1690
f 1574 1663 1664
f 1548 1637 1638
f 1523 1522 1611
f 1601 1690 1691
f 1576 1575 1664
f 1550 1549 1638
f 1523 1612 1613
f 1602 1691 1692
f 1576 1665 1666
f 1550 1639 1640
f 1525 1524 1613
f 1603 1692 1693
f 1578 1577 1666
f 1551 1640 1641
f 1525 1614 1615
f 1578 1667 1668
f 1553 1552 1641
f 1527 1526 1615
f 1580 1579 1668
f 1554 1553 1642
f 1527 1616 1617
f 1580 1669 1670
f 1554 1643 1644
f 1528 1617 1618
f 1581 1670 1671
f 1556 1555 1644
f 1530 1529 1618
f 1583 1582 1671
f 1556 1645 1646
f 1530 1619 1620
f 1584 1583 1672
f 1557 1646 1647
f 1532 1531 1620
f 1584 1673 1674
f 1559 1558 1647
f 1625 1624 1713
f 1677 1766 1767
f 1652 1651 1740
f 1625 1714 1715
f 1679 1678 1767
f 1653 1652 1741
f 1626 1715 1716
f 1679 1768 1769
f 1653 1742 1743
f 1628 1627 1716
f 1681 1680 1769
f 1655 1654 1743
f 1629 1628 1717
f 1681 1770 1771
f 1655 1744 1745
f 1629 1718 1719
f 1682 1771 1772
f 1656 1745 1746
f 1631 1630 1719
f 1684 1683 1772
f 1658 1657 1746
f 1631 1720 1721
f 1605 1694 1695
f 1684 1773 1774
f 1659 1658 1747
f 1633 1632 1721
f 1607 1606 1695
f 1686 1685 1774
f 1659 1748 1749
f 1633 1722 1723
f 1607 1696 1697
f 1686 1775 1776
f 1661 1660 1749
f 1635 1634 1723
f 1608 1697 1698
f 1688 1687 1776
f 1661 1750 1751
f 1636 1635 1724
f 1610 1609 1698
f 1688 1777 1778
f 1662 1751 1752
f 1637 1636 1725
f 1610 1699 1700
f 1689 1778 1779
f 1663 1752 1753
f 1637 1726 1727
f 1612 1611 1700
f 1690 1779 1780
f 1665 1664 1753
f 1639 1638 1727
f 1612 1701 1702
f 1691 1780 1781
f 1665 1754 1755
f 1639 1728 1729
f 1614 1613 1702
f 1692 1781 1782
f 1667 1666 1755
f 1640 1729 1730
f 1615 1614 1703
f 1667 1756 1757
f 1642 1641 1730
f 1616 1615 1704
f 1669 1668 1757
f 1643 1642 1731
f 1617 1616 1705
f 1669 1758 1759
f 1643 1732 1733
f 1617 1706 1707
f 1670 1759 1760
f 1645 1644 1733
f 1619 1618 1707
f 1672 1671 1760
f 1645 1734 1735
f 1619 1708 1709
f 1673 1672 1761
f 1646 1735 1736
f 1621 1620 1709
f 1673 1762 1763
f 1648 1647 1736
f 1621 1710 1711
f 1675 1674 1763
f 1648 1737 1738
f 1623 1622 1711
f 1675 1764 1765
f 1650 1649 1738
f 1623 1712 1713
f 1677 1676 1765
f 1650 1739 1740
f 1768 1857 1858
f 1742 1831 1832
f 1717 1716 1805
f 1770 1769 1858
f 1743 1832 1833
f 1718 1717 1806
f 1770 1859 1860
f 1744 1833 1834
f 1718 1807 1808
f 1771 1860 1861
f 1745 1834 1835
f 1720 1719 1808
f 1773 1772 1861
f 1746 1835 1836
f 1720 1809 1810
f 1695 1694 1783
f 1773 1862 1863
f 1748 1747 1836
f 1722 1721 1810
f 1696 1695 1784
f 1775 1774 1863
f 1748 1837 1838
f 1722 1811 1812
f 1697 1696 1785
f 1775 1864 1865
f 1750 1749 1838
f 1724 1723 1812
f 1698 1697 1786
f 1777 1776 1865
f 1750 1839 1840
f 1725 1724 1813
f 1699 1698 1787
f 1777 1866 1867
f 1751 1840 1841
f 1726 1725 1814
f 1699 1788 1789
f 1778 1867 1868
f 1752 1841 1842
f 1726 1815 1816
f 1701 1700 1789
f 1780 1779 1868
f 1754 1753 1842
f 1728 1727 1816
f 1701 1790 1791
f 1781 1780 1869
f 1754 1843 1844
f 1728 1817 1818
f 1703 1702 1791
f 1781 1870 1871
f 1756 1755 1844
f 1729 1818 1819
f 1703 1792 1793
f 1756 1845 1846
f 1731 1730 1819
f 1705 1704 1793
f 1758 1757 1846
f 1732 1731 1820
f 1705 1794 1795
f 1758 1847 1848
f 1733 1732 1821
f 1706 1795 1796
f 1759 1848 1849
f 1734 1733 1822
f 1708 1707 1796
f 1761 1760 1849
f 1734 1823 1824
f 1708 1797 1798
f 1762 1761 1850
f 1735 1824 1825
f 1710 1709 1798
f 1762 1851 1852
f 1737 1736 1825
f 1710 1799 1800
f 1764 1763 1852
f 1737 1826 1827
f 1712 1711 1800
f 1764 1853 1854
f 1739 1738 1827
f 1712 1801 1802
f 1766 1765 1854
f 1739 1828 1829
f 1714 1713 1802
f 1766 1855 1856
f 1741 1740 1829
f 1714 1803 1804
f 1768 1767 1856
f 1742 1741 1830
f 1715 1804 1805
f 1833 1922 1923
f 1807 1896 1897
f 1860 1949 1950
f 1834 1923 1924
f 1809 1808 1897
f 1862 1861 1950
f 1836 1835 1924
f 1809 1898 1899
f 1784 1783 1872
f 1862 1951 1952
f 1837 1836 1925
f 1811 1810 1899
f 1784 1873 1874
f 1864 1863 1952
f 1837 1926 1927
f 1811 1900 1901
f 1786 1785 1874
f 1864 1953 1954
f 1839 1838 1927
f 1813 1812 1901
f 1786 1875 1876
f 1866 1865 1954
f 1839 1928 1929
f 1814 1813 1902
f 1788 1787 1876
f 1866 1955 1956
f 1840 1929 1930
f 1815 1814 1903
f 1788 1877 1878
f 1867 1956 1957
f 1841 1930 1931
f 1815 1904 1905
f 1790 1789 1878
f 1868 1957 1958
f 1843 1842 1931
f 1817 1816 1905
f 1790 1879 1880
f 1869 1958 1959
f 1843 1932 1933
f 1817 1906 1907
f 1792 1791 1880
f 1870 1959 1960
f 1845 1844 1933
f 1818 1907 1908
f 1793 1792 1881
f 1845 1934 1935
f 1820 1819 1908
f 1794 1793 1882
f 1847 1846 1935
f 1821 1820 1909
f 1794 1883 1884
f 1847 1936 1937
f 1822 1821 1910
f 1795 1884 1885
f 1848 1937 1938
f 1823 1822 1911
f 1797 1796 1885
f 1850 1849 1938
f 1823 1912 1913
f 1797 1886 1887
f 1851 1850 1939
f 1824 1913 1914
f 1799 1798 1887
f 1851 1940 1941
f 1826 1825 1914
f 1799 1888 1889
f 1853 1852 1941
f 1826 1915 1916
f 1801 1800 1889
f 1853 1942 1943
f 1828 1827 1916
f 1801 1890 1891
f 1855 1854 1943
f 1828 1917 1918
f 1803 1802 1891
f 1855 1944 1945
f 1830 1829 1918
f 1803 1892 1893
f 1857 1856 1945
f 1831 1830 1919
f 1804 1893 1894
f 1857 1946 1947
f 1831 1920 1921
f 1806 1805 1894
f 1859 1858 1947
f 1832 1921 1922
f 1807 1806 1895
f 1859 1948 1949
f 1873 1872 1961
f 1951 2040 2041
f 1926 1925 2014
f 1900 1899 1988
f 1874 1873 1962
f 1952 2041 2042
f 1926 2015 2016
f 1900 1989 1990
f 1875 1874 1963
f 1953 2042 2043
f 1928 1927 2016
f 1902 1901 1990
f 1876 1875 1964
f 1955 1954 2043
f 1928 2017 2018
f 1903 1902 1991
f 1877 1876 1965
f 1955 2044 2045
f 1929 2018 2019
f 1904 1903 1992
f 1877 1966 1967
f 1956 2045 2046
f 1930 2019 2020
f 1904 1993 1994
f 1879 1878 1967
f 1957 2046 2047
f 1932 1931 2020
f 1906 1905 1994
f 1879 1968 1969
f 1958 2047 2048
f 1932 2021 2022
f 1906 1995 1996
f 1881 1880 1969
f 1959 2048 2049
f 1934 1933 2022
f 1908 1907 1996
f 1882 1881 1970
f 1934 2023 2024
f 1909 1908 1997
f 1883 1882 1971
f 1936 1935 2024
f 1910 1909 1998
f 1883 1972 1973
f 1936 2025 2026
f 1911 1910 1999
f 1884 1973 1974
f 1937 2026 2027
f 1912 1911 2000
f 1886 1885 1974
f 1939 1938 2027
f 1912 2001 2002
f 1886 1975 1976
f 1940 1939 2028
f 1913 2002 2003
f 1888 1887 1976
f 1940 2029 2030
f 1915 1914 2003
f 1888 1977 1978
f 1942 1941 2030
f 1915 2004 2005
f 1890 1889 1978
f 1942 2031 2032
f 1917 1916 2005
f 1890 1979 1980
f 1944 1943 2032
f 1917 2006 2007
f 1892 1891 1980
f 1944 2033 2034
f 1919 1918 2007
f 1892 1981 1982
f 1946 1945 2034
f 1920 1919 2008
f 1893 1982 1983
f 1946 2035 2036
f 1920 2009 2010
f 1895 1894 1983
f 1948 1947 2036
f 1921 2010 2011
f 1896 1895 1984
f 1949 1948 2037
f 1922 2011 2012
f 1896 1985 1986
f 1949 2038 2039
f 1923 2012 2013
f 1898 1897 1986
f 1950 2039 2040
f 1924 2013 2014
f 1898 1987 1988
f 2042 2131 2132
f 2017 2016 2105
f 1991 1990 2079
f 1965 1964 2053
f 2044 2043 2132
f 2017 2106 2107
f 1992 1991 2080
f 1966 1965 2054
f 2044 2133 2134
f 2018 2107 2108
f 1993 1992 2081
f 1966 2055 2056
f 2045 2134 2135
f 2019 2108 2109
f 1993 2082 2083
f 1968 1967 2056
f 2046 2135 2136
f 2021 2020 2109
f 1995 1994 2083
f 1968 2057 2058
f 2047 2136 2137
f 2021 2110 2111
f 1995 2084 2085
f 1970 1969 2058
f 2048 2137 2138
f 2023 2022 2111
f 1996 2085 2086
f 1970 2059 2060
f 2023 2112 2113
f 1998 1997 2086
f 1972 1971 2060
f 2025 2024 2113
f 1999 1998 2087
f 1972 2061 2062
f 2025 2114 2115
f 2000 1999 2088
f 1973 2062 2063
f 2026 2115 2116
f 2001 2000 2089
f 1975 1974 2063
f 2028 2027 2116
f 2001 2090 2091
f 1975 2064 2065
f 2029 2028 2117
f 2002 2091 2092
f 1977 1976 2065
f 2029 2118 2119
f 2004 2003 2092
f 1977 2066 2067
f 2031 2030 2119
f 2004 2093 2094
f 1979 1978 2067
f 2031 2120 2121
f 2006 2005 2094
f 1979 2068 2069
f 2033 2032 2121
f 2006 2095 2096
f 1981 1980 2069
f 2033 2122 2123
f 2008 2007 2096
f 1981 2070 2071
f 2035 2034 2123
f 2009 2008 2097
f 1982 2071 2072
f 2035 2124 2125
f 2009 2098 2099
f 1984 1983 2072
f 2037 2036 2125
f 2010 2099 2100
f 1985 1984 2073
f 2038 2037 2126
f 2011 2100 2101
f 1985 2074 2075
f 2038 2127 2128
f 2012 2101 2102
f 1987 1986 2075
f 2040 2039 2128
f 2013 2102 2103
f 1987 2076 2077
f 1962 1961 2050
f 2040 2129 2130
f 2015 2014 2103
f 1989 1988 2077
f 1962 2051 2052
f 2042 2041 2130
f 2015 2104 2105
f 1989 2078 2079
f 1963 2052 2053
f 2082 2081 2170
f 2055 2144 2145
f 2134 2223 2224
f 2108 2197 2198
f 2082 2171 2172
f 2057 2056 2145
f 2135 2224 2225
f 2110 2109 2198
f 2084 2083 2172
f 2057 2146 2147
f 2136 2225 2226
f 2110 2199 2200
f 2084 2173 2174
f 2059 2058 2147
f 2137 2226 2227
f 2112 2111 2200
f 2085 2174 2175
f 2060 2059 2148
f 2112 2201 2202
f 2087 2086 2175
f 2061 2060 2149
f 2114 2113 2202
f 2088 2087 2176
f 2061 2150 2151
f 2114 2203 2204
f 2089 2088 2177
f 2062 2151 2152
f 2115 2204 2205
f 2090 2089 2178
f 2064 2063 2152
f 2117 2116 2205
f 2090 2179 2180
f 2064 2153 2154
f 2118 2117 2206
f 2091 2180 2181
f 2066 2065 2154
f 2118 2207 2208
f 2093 2092 2181
f 2066 2155 2156
f 2120 2119 2208
f 2093 2182 2183
f 2068 2067 2156
f 2120 2209 2210
f 2095 2094 2183
f 2068 2157 2158
f 2122 2121 2210
f 2095 2184 2185
f 2070 2069 2158
f 2122 2211 2212
f 2097 2096 2185
f 2070 2159 2160
f 2124 2123 2212
f 2098 2097 2186
f 2071 2160 2161
f 2124 2213 2214
f 2098 2187 2188
f 2073 2072 2161
f 2126 2125 2214
f 2099 2188 2189
f 2074 2073 2162
f 2126 2215 2216
f 2100 2189 2190
f 2074 2163 2164
f 2127 2216 2217
f 2101 2190 2191
f 2076 2075 2164
f 2129 2128 2217
f 2103 2102 2191
f 2076 2165 2166
f 2051 2050 2139
f 2129 2218 2219
f 2104 2103 2192
f 2078 2077 2166
f 2052 2051 2140
f 2130 2219 2220
f 2104 2193 2194
f 2078 2167 2168
f 2053 2052 2141
f 2131 2220 2221
f 2106 2105 2194
f 2080 2079 2168
f 2054 2053 2142
f 2133 2132 2221
f 2106 2195 2196
f 2081 2080 2169
f 2055 2054 2143
f 2133 2222 2223
f 2107 2196 2197
f 2225 2314 2315
f 2199 2288 2289
f 2173 2262 2263
f 2148 2147 2236
f 2226 2315 2316
f 2201 2200 2289
f 2174 2263 2264
f 2148 2237 2238
f 2201 2290 2291
f 2176 2175 2264
f 2150 2149 2238
f 2203 2202 2291
f 2177 2176 2265
f 2150 2239 2240
f 2203 2292 2293
f 2178 2177 2266
f 2151 2240 2241
f 2204 2293 2294
f 2179 2178 2267
f 2153 2152 2241
f 2206 2205 2294
f 2179 2268 2269
f 2153 2242 2243
f 2207 2206 2295
f 2180 2269 2270
f 2155 2154 2243
f 2207 2296 2297
f 2182 2181 2270
f 2155 2244 2245
f 2209 2208 2297
f 2182 2271 2272
f 2157 2156 2245
f 2209 2298 2299
f 2184 2183 2272
f 2157 2246 2247
f 2211 2210 2299
f 2184 2273 2274
f 2159 2158 2247
f 2211 2300 2301
f 2186 2185 2274
f 2159 2248 2249
f 2213 2212 2301
f 2187 2186 2275
f 2160 2249 2250
f 2213 2302 2303
f 2187 2276 2277
f 2162 2161 2250
f 2215 2214 2303
f 2188 2277 2278
f 2163 2162 2251
f 2215 2304 2305
f 2189 2278 2279
f 2163 2252 2253
f 2216 2305 2306
f 2190 2279 2280
f 2165 2164 2253
f 2218 2217 2306
f 2191 2280 2281
f 2165 2254 2255
f 2139 2228 2229
f 2218 2307 2308
f 2193 2192 2281
f 2167 2166 2255
f 2141 2140 2229
f 2220 2219 2308
f 2193 2282 2283
f 2167 2256 2257
f 2141 2230 2231
f 2220 2309 2310
f 2195 2194 2283
f 2169 2168 2257
f 2143 2142 2231
f 2222 2221 2310
f 2195 2284 2285
f 2170 2169 2258
f 2144 2143 2232
f 2222 2311 2312
f 2196 2285 2286
f 2171 2170 2259
f 2144 2233 2234
f 2223 2312 2313
f 2197 2286 2287
f 2171 2260 2261
f 2146 2145 2234
f 2224 2313 2314
f 2199 2198 2287
f 2173 2172 2261
f 2146 2235 2236
f 2290 2379 2380
f 2265 2264 2353
f 2239 2238 2327
f 2292 2291 2380
f 2266 2265 2354
f 2239 2328 2329
f 2292 2381 2382
f 2266 2355 2356
f 2240 2329 2330
f 2293 2382 2383
f 2268 2267 2356
f 2242 2241 2330
f 2295 2294 2383
f 2268 2357 2358
f 2242 2331 2332
f 2296 2295 2384
f 2269 2358 2359
f 2244 2243 2332
f 2296 2385 2386
f 2271 2270 2359
f 2244 2333 2334
f 2298 2297 2386
f 2271 2360 2361
f 2246 2245 2334
f 2298 2387 2388
f 2273 2272 2361
f 2246 2335 2336
f 2300 2299 2388
f 2273 2362 2363
f 2248 2247 2336
f 2300 2389 2390
f 2275 2274 2363
f 2248 2337 2338
f 2302 2301 2390
f 2276 2275 2364
f 2249 2338 2339
f 2302 2391 2392
f 2276 2365 2366
f 2251 2250 2339
f 2304 2303 2392
f 2278 2277 2366
f 2252 2251 2340
f 2304 2393 2394
f 2278 2367 2368
f 2252 2341 2342
f 2305 2394 2395
f 2279 2368 2369
f 2254 2253 2342
f 2307 2306 2395
f 2280 2369 2370
f 2254 2343 2344
f 2228 2317 2318
f 2307 2396 2397
f 2282 2281 2370
f 2256 2255 2344
f 2229 2318 2319
f 2309 2308 2397
f 2282 2371 2372
f 2256 2345 2346
f 2230 2319 2320
f 2309 2398 2399
f 2284 2283 2372
f 2258 2257 2346
f 2232 2231 2320
f 2311 2310 2399
f 2284 2373 2374
f 2259 2258 2347
f 2233 2232 2321
f 2311 2400 2401
f 2285 2374 2375
f 2260 2259 2348
f 2233 2322 2323
f 2312 2401 2402
f 2286 2375 2376
f 2260 2349 2350
f 2235 2234 2323
f 2314 2313 2402
f 2288 2287 2376
f 2262 2261 2350
f 2235 2324 2325
f 2314 2403 2404
f 2288 2377 2378
f 2262 2351 2352
f 2237 2236 2325
f 2315 2404 2405
f 2290 2289 2378
f 2264 2263 2352
f 2237 2326 2327
f 2329 2418 2419
f 2382 2471 2472
f 2357 2356 2445
f 2331 2330 2419
f 2384 2383 2472
f 2357 2446 2447
f 2331 2420 2421
f 2385 2384 2473
f 2358 2447 2448
f 2333 2332 2421
f 2385 2474 2475
f 2360 2359 2448
f 2333 2422 2423
f 2387 2386 2475
f 2360 2449 2450
f 2335 2334 2423
f 2387 2476 2477
f 2362 2361 2450
f 2335 2424 2425
f 2389 2388 2477
f 2362 2451 2452
f 2337 2336 2425
f 2389 2478 2479
f 2364 2363 2452
f 2337 2426 2427
f 2391 2390 2479
f 2365 2364 2453
f 2338 2427 2428
f 2391 2480 2481
f 2365 2454 2455
f 2340 2339 2428
f 2393 2392 2481
f 2367 2366 2455
f 2341 2340 2429
f 2394 2393 2482
f 2367 2456 2457
f 2341 2430 2431
f 2394 2483 2484
f 2368 2457 2458
f 2343 2342 2431
f 2395 2484 2485
f 2369 2458 2459
f 2343 2432 2433
f 2318 2317 2406
f 2396 2485 2486
f 2371 2370 2459
f 2345 2344 2433
f 2318 2407 2408
f 2398 2397 2486
f 2371 2460 2461
f 2345 2434 2435
f 2319 2408 2409
f 2398 2487 2488
f 2373 2372 2461
f 2347 2346 2435
f 2321 2320 2409
f 2400 2399 2488
f 2373 2462 2463
f 2348 2347 2436
f 2322 2321 2410
f 2400 2489 2490
f 2374 2463 2464
f 2349 2348 2437
f 2322 2411 2412
f 2401 2490 2491
f 2375 2464 2465
f 2349 2438 2439
f 2324 2323 2412
f 2402 2491 2492
f 2377 2376 2465
f 2351 2350 2439
f 2324 2413 2414
f 2403 2492 2493
f 2377 2466 2467
f 2351 2440 2441
f 2326 2325 2414
f 2404 2493 2494
f 2379 2378 2467
f 2353 2352 2441
f 2326 2415 2416
f 2379 2468 2469
f 2354 2353 2442
f 2328 2327 2416
f 2381 2380 2469
f 2355 2354 2443
f 2328 2417 2418
f 2381 2470 2471
f 2355 2444 2445
f 2449 2448 2537
f 2422 2511 2512
f 2476 2475 2564
f 2449 2538 2539
f 2424 2423 2512
f 2476 2565 2566
f 2451 2450 2539
f 2424 2513 2514
f 2478 2477 2566
f 2451 2540 2541
f 2426 2425 2514
f 2478 2567 2568
f 2453 2452 2541
f 2426 2515 2516
f 2480 2479 2568
f 2454 2453 2542
f 2427 2516 2517
f 2480 2569 2570
f 2454 2543 2544
f 2429 2428 2517
f 2482 2481 2570
f 2456 2455 2544
f 2430 2429 2518
f 2482 2571 2572
f 2456 2545 2546
f 2430 2519 2520
f 2483 2572 2573
f 2457 2546 2547
f 2432 2431 2520
f 2484 2573 2574
f 2458 2547 2548
f 2432 2521 2522
f 2407 2406 2495
f 2485 2574 2575
f 2460 2459 2548
f 2434 2433 2522
f 2408 2407 2496
f 2487 2486 2575
f 2460 2549 2550
f 2434 2523 2524
f 2408 2497 2498
f 2487 2576 2577
f 2462 2461 2550
f 2436 2435 2524
f 2410 2409 2498
f 2489 2488 2577
f 2462 2551 2552
f 2437 2436 2525
f 2410 2499 2500
f 2489 2578 2579
f 2463 2552 2553
f 2438 2437 2526
f 2411 2500 2501
f 2490 2579 2580
f 2464 2553 2554
f 2438 2527 2528
f 2413 2412 2501
f 2492 2491 2580
f 2466 2465 2554
f 2440 2439 2528
f 2413 2502 2503
f 2492 2581 2582
f 2466 2555 2556
f 2440 2529 2530
f 2415 2414 2503
f 2493 2582 2583
f 2468 2467 2556
f 2442 2441 2530
f 2415 2504 2505
f 2468 2557 2558
f 2443 2442 2531
f 2417 2416 2505
f 2470 2469 2558
f 2444 2443 2532
f 2417 2506 2507
f 2470 2559 2560
f 2444 2533 2534
f 2418 2507 2508
f 2471 2560 2561
f 2446 2445 2534
f 2420 2419 2508
f 2473 2472 2561
f 2446 2535 2536
f 2420 2509 2510
f 2474 2473 2562
f 2447 2536 2537
f 2422 2421 2510
f 2474 2563 2564
f 2566 2655 2656
f 2540 2629 2630
f 2515 2514 2603
f 2567 2656 2657
f 2542 2541 2630
f 2515 2604 2605
f 2569 2568 2657
f 2543 2542 2631
f 2516 2605 2606
f 2569 2658 2659
f 2543 2632 2633
f 2518 2517 2606
f 2571 2570 2659
f 2544 2633 2634
f 2519 2518 2607
f 2572 2571 2660
f 2545 2634 2635
f 2519 2608 2609
f 2572 2661 2662
f 2546 2635 2636
f 2521 2520 2609
f 2573 2662 2663
f 2547 2636 2637
f 2521 2610 2611
f 2495 2584 2585
f 2574 2663 2664
f 2549 2548 2637
f 2523 2522 2611
f 2497 2496 2585
f 2576 2575 2664
f 2549 2638 2639
f 2523 2612 2613
f 2497 2586 2587
f 2576 2665 2666
f 2551 2550 2639
f 2525 2524 2613
f 2499 2498 2587
f 2578 2577 2666
f 2551 2640 2641
f 2526 2525 2614
f 2500 2499 2588
f 2578 2667 2668
f 2552 2641 2642
f 2527 2526 2615
f 2500 2589 2590
f 2579 2668 2669
f 2553 2642 2643
f 2527 2616 2617
f 2502 2501 2590
f 2580 2669 2670
f 2555 2554 2643
f 2529 2528 2617
f 2502 2591 2592
f 2581 2670 2671
f 2555 2644 2645
f 2529 2618 2619
f 2503 2592 2593
f 2582 2671 2672
f 2557 2556 2645
f 2531 2530 2619
f 2505 2504 2593
f 2557 2646 2647
f 2532 2531 2620
f 2506 2505 2594
f 2559 2558 2647
f 2533 2532 2621
f 2506 2595 2596
f 2559 2648 2649
f 2533 2622 2623
f 2507 2596 2597
f 2560 2649 2650
f 2535 2534 2623
f 2509 2508 2597
f 2562 2561 2650
f 2535 2624 2625
f 2509 2598 2599
f 2563 2562 2651
f 2536 2625 2626
f 2511 2510 2599
f 2563 2652 2653
f 2538 2537 2626
f 2511 2600 2601
f 2565 2564 2653
f 2538 2627 2628
f 2513 2512 2601
f 2565 2654 2655
f 2540 2539 2628
f 2513 2602 2603
f 2658 2657 2746
f 2632 2631 2720
f 2605 2694 2695
f 2658 2747 2748
f 2632 2721 2722
f 2607 2606 2695
f 2660 2659 2748
f 2633 2722 2723
f 2608 2607 2696
f 2661 2660 2749
f 2634 2723 2724
f 2608 2697 2698
f 2661 2750 2751
f 2635 2724 2725
f 2610 2609 2698
f 2662 2751 2752
f 2636 2725 2726
f 2610 2699 2700
f 2585 2584 2673
f 2663 2752 2753
f 2638 2637 2726
f 2612 2611 2700
f 2586 2585 2674
f 2665 2664 2753
f 2638 2727 2728
f 2612 2701 2702
f 2587 2586 2675
f 2665 2754 2755
f 2640 2639 2728
f 2614 2613 2702
f 2588 2587 2676
f 2667 2666 2755
f 2640 2729 2730
f 2615 2614 2703
f 2589 2588 2677
f 2667 2756 2757
f 2641 2730 2731
f 2616 2615 2704
f 2589 2678 2679
f 2668 2757 2758
f 2642 2731 2732
f 2616 2705 2706
f 2591 2590 2679
f 2669 2758 2759
f 2644 2643 2732
f 2618 2617 2706
f 2591 2680 2681
f 2670 2759 2760
f 2644 2733 2734
f 2618 2707 2708
f 2593 2592 2681
f 2672 2671 2760
f 2646 2645 2734
f 2620 2619 2708
f 2593 2682 2683
f 2646 2735 2736
f 2621 2620 2709
f 2595 2594 2683
f 2648 2647 2736
f 2622 2621 2710
f 2595 2684 2685
f 2648 2737 2738
f 2622 2711 2712
f 2596 2685 2686
f 2649 2738 2739
f 2624 2623 2712
f 2598 2597 2686
f 2651 2650 2739
f 2624 2713 2714
f 2598 2687 2688
f 2652 2651 2740
f 2625 2714 2715
f 2600 2599 2688
f 2652 2741 2742
f 2627 2626 2715
f 2600 2689 2690
f 2654 2653 2742
f 2627 2716 2717
f 2602 2601 2690
f 2654 2743 2744
f 2629 2628 2717
f 2602 2691 2692
f 2656 2655 2744
f 2629 2718 2719
f 2604 2603 2692
f 2656 2745 2746
f 2631 2630 2719
f 2604 2693 2694
f 2697 2696 2785
f 2749 2838 2839
f 2723 2812 2813
f 2697 2786 2787
f 2750 2839 2840
f 2724 2813 2814
f 2699 2698 2787
f 2752 2751 2840
f 2725 2814 2815
f 2699 2788 2789
f 2674 2673 2762
f 2752 2841 2842
f 2727 2726 2815
f 2701 2700 2789
f 2675 2674 2763
f 2754 2753 2842
f 2727 2816 2817
f 2701 2790 2791
f 2675 2764 2765
f 2754 2843 2844
f 2729 2728 2817
f 2703 2702 2791
f 2676 2765 2766
f 2756 2755 2844
f 2729 2818 2819
f 2704 2703 2792
f 2678 2677 2766
f 2756 2845 2846
f 2730 2819 2820
f 2705 2704 2793
f 2678 2767 2768
f 2757 2846 2847
f 2731 2820 2821
f 2705 2794 2795
f 2680 2679 2768
f 2758 2847 2848
f 2733 2732 2821
f 2707 2706 2795
f 2680 2769 2770
f 2759 2848 2849
f 2733 2822 2823
f 2707 2796 2797
f 2682 2681 2770
f 2760 2849 2850
f 2735 2734 2823
f 2709 2708 2797
f 2682 2771 2772
f 2735 2824 2825
f 2710 2709 2798
f 2684 2683 2772
f 2737 2736 2825
f 2711 2710 2799
f 2684 2773 2774
f 2737 2826 2827
f 2711 2800 2801
f 2685 2774 2775
f 2738 2827 2828
f 2713 2712 2801
f 2687 2686 2775
f 2740 2739 2828
f 2713 2802 2803
f 2687 2776 2777
f 2741 2740 2829
f 2714 2803 2804
f 2689 2688 2777
f 2741 2830 2831
f 2716 2715 2804
f 2689 2778 2779
f 2743 2742 2831
f 2716 2805 2806
f 2691 2690 2779
f 2743 2832 2833
f 2718 2717 2806
f 2691 2780 2781
f 2744 2833 2834
f 2718 2807 2808
f 2693 2692 2781
f 2745 2834 2835
f 2720 2719 2808
f 2693 2782 2783
f 2747 2746 2835
f 2721 2720 2809
f 2694 2783 2784
f 2747 2836 2837
f 2721 2810 2811
f 2696 2695 2784
f 2749 2748 2837
f 2723 2722 2811
f 2841 2840 2929
f 2814 2903 2904
f 2788 2877 2878
f 2763 2762 2851
f 2841 2930 2931
f 2816 2815 2904
f 2790 2789 2878
f 2763 2852 2853
f 2842 2931 2932
f 2816 2905 2906
f 2790 2879 2880
f 2764 2853 2854
f 2843 2932 2933
f 2818 2817 2906
f 2792 2791 2880
f 2766 2765 2854
f 2845 2844 2933
f 2818 2907 2908
f 2793 2792 2881
f 2767 2766 2855
f 2845 2934 2935
f 2819 2908 2909
f 2794 2793 2882
f 2767 2856 2857
f 2846 2935 2936
f 2820 2909 2910
f 2794 2883 2884
f 2769 2768 2857
f 2848 2847 2936
f 2822 2821 2910
f 2796 2795 2884
f 2769 2858 2859
f 2849 2848 2937
f 2822 2911 2912
f 2796 2885 2886
f 2771 2770 2859
f 2849 2938 2939
f 2824 2823 2912
f 2798 2797 2886
f 2771 2860 2861
f 2824 2913 2914
f 2799 2798 2887
f 2773 2772 2861
f 2825 2914 2915
f 2800 2799 2888
f 2773 2862 2863
f 2826 2915 2916
f 2800 2889 2890
f 2774 2863 2864
f 2827 2916 2917
f 2802 2801 2890
f 2776 2775 2864
f 2829 2828 2917
f 2802 2891 2892
f 2776 2865 2866
f 2830 2829 2918
f 2803 2892 2893
f 2777 2866 2867
f 2830 2919 2920
f 2805 2804 2893
f 2779 2778 2867
f 2832 2831 2920
f 2805 2894 2895
f 2780 2779 2868
f 2832 2921 2922
f 2807 2806 2895
f 2780 2869 2870
f 2833 2922 2923
f 2807 2896 2897
f 2782 2781 2870
f 2834 2923 2924
f 2809 2808 2897
f 2782 2871 2872
f 2836 2835 2924
f 2810 2809 2898
f 2783 2872 2873
f 2836 2925 2926
f 2810 2899 2900
f 2785 2784 2873
f 2838 2837 2926
f 2812 2811 2900
f 2786 2785 2874
f 2839 2838 2927
f 2812 2901 2902
f 2786 2875 2876
f 2839 2928 2929
f 2813 2902 2903
f 2788 2787 2876
f 2905 2994 2995
f 2879 2968 2969
f 2853 2942 2943
f 2932 3021 3022
f 2907 2906 2995
f 2881 2880 2969
f 2855 2854 2943
f 2934 2933 3022
f 2907 2996 2997
f 2882 2881 2970
f 2856 2855 2944
f 2934 3023 3024
f 2908 2997 2998
f 2883 2882 2971
f 2856 2945 2946
f 2935 3024 3025
f 2909 2998 2999
f 2883 2972 2973
f 2858 2857 2946
f 2936 3025 3026
f 2911 2910 2999
f 2885 2884 2973
f 2858 2947 2948
f 2937 3026 3027
f 2911 3000 3001
f 2885 2974 2975
f 2859 2948 2949
f 2938 3027 3028
f 2913 2912 3001
f 2887 2886 2975
f 2860 2949 2950
f 2913 3002 3003
f 2888 2887 2976
f 2862 2861 2950
f 2914 3003 3004
f 2889 2888 2977
f 2862 2951 2952
f 2915 3004 3005
f 2889 2978 2979
f 2863 2952 2953
f 2916 3005 3006
f 2891 2890 2979
f 2865 2864 2953
f 2918 2917 3006
f 2891 2980 2981
f 2865 2954 2955
f 2919 2918 3007
f 2892 2981 2982
f 2867 2866 2955
f 2919 3008 3009
f 2894 2893 2982
f 2868 2867 2956
f 2921 2920 3009
f 2894 2983 2984
f 2869 2868 2957
f 2921 3010 3011
f 2896 2895 2984
f 2869 2958 2959
f 2922 3011 3012
f 2896 2985 2986
f 2871 2870 2959
f 2923 3012 3013
f 2898 2897 2986
f 2871 2960 2961
f 2925 2924 3013
f 2899 2898 2987
f 2872 2961 2962
f 2925 3014 3015
f 2899 2988 2989
f 2874 2873 2962
f 2927 2926 3015
f 2901 2900 2989
f 2875 2874 2963
f 2928 2927 3016
f 2901 2990 2991
f 2876 2875 2964
f 2928 3017 3018
f 2902 2991 2992
f 2877 2876 2965
f 2930 2929 3018
f 2903 2992 2993
f 2877 2966 2967
f 2851 2940 2941
f 2931 2930 3019
f 2905 2904 2993
f 2879 2878 2967
f 2852 2941 2942
f 2931 3020 3021
f 2945 2944 3033
f 3023 3112 3113
f 2997 3086 3087
f 2972 2971 3060
f 2945 3034 3035
f 3024 3113 3114
f 2998 3087 3088
f 2972 3061 3062
f 2947 2946 3035
f 3025 3114 3115
f 3000 2999 3088
f 2974 2973 3062
f 2947 3036 3037
f 3026 3115 3116
f 3000 3089 3090
f 2974 3063 3064
f 2949 2948 3037
f 3028 3027 3116
f 3002 3001 3090
f 2976 2975 3064
f 2949 3038 3039
f 3002 3091 3092
f 2977 2976 3065
f 2951 2950 3039
f 3003 3092 3093
f 2978 2977 3066
f 2951 3040 3041
f 3005 3004 3093
f 2978 3067 3068
f 2952 3041 3042
f 3005 3094 3095
f 2980 2979 3068
f 2954 2953 3042
f 3007 3006 3095
f 2980 3069 3070
f 2954 3043 3044
f 3008 3007 3096
f 2981 3070 3071
f 2955 3044 3045
f 3008 3097 3098
f 2983 2982 3071
f 2957 2956 3045
f 3010 3009 3098
f 2983 3072 3073
f 2958 2957 3046
f 3010 3099 3100
f 2985 2984 3073
f 2958 3047 3048
f 3011 3100 3101
f 2985 3074 3075
f 2960 2959 3048
f 3013 3012 3101
f 2987 2986 3075
f 2960 3049 3050
f 3014 3013 3102
f 2988 2987 3076
f 2961 3050 3051
f 3014 3103 3104
f 2988 3077 3078
f 2963 2962 3051
f 3016 3015 3104
f 2990 2989 3078
f 2963 3052 3053
f 3017 3016 3105
f 2990 3079 3080
f 2965 2964 3053
f 3017 3106 3107
f 2991 3080 3081
f 2966 2965 3054
f 3019 3018 3107
f 2992 3081 3082
f 2966 3055 3056
f 2940 3029 3030
f 3019 3108 3109
f 2993 3082 3083
f 2968 2967 3056
f 2941 3030 3031
f 3021 3020 3109
f 2994 3083 3084
f 2968 3057 3058
f 2942 3031 3032
f 3021 3110 3111
f 2996 2995 3084
f 2970 2969 3058
f 2943 3032 3033
f 3023 3022 3111
f 2996 3085 3086
f 2971 2970 3059
f 3114 3203 3204
f 3089 3088 3177
f 3063 3062 3151
f 3036 3125 3126
f 3115 3204 3205
f 3089 3178 3179
f 3064 3063 3152
f 3038 3037 3126
f 3116 3205 3206
f 3091 3090 3179
f 3065 3064 3153
f 3039 3038 3127
f 3091 3180 3181
f 3066 3065 3154
f 3040 3039 3128
f 3092 3181 3182
f 3067 3066 3155
f 3040 3129 3130
f 3093 3182 3183
f 3067 3156 3157
f 3041 3130 3131
f 3094 3183 3184
f 3069 3068 3157
f 3043 3042 3131
f 3096 3095 3184
f 3069 3158 3159
f 3043 3132 3133
f 3097 3096 3185
f 3070 3159 3160
f 3044 3133 3134
f 3097 3186 3187
f 3072 3071 3160
f 3046 3045 3134
f 3099 3098 3187
f 3072 3161 3162
f 3047 3046 3135
f 3099 3188 3189
f 3074 3073 3162
f 3047 3136 3137
f 3100 3189 3190
f 3074 3163 3164
f 3049 3048 3137
f 3101 3190 3191
f 3076 3075 3164
f 3049 3138 3139
f 3103 3102 3191
f 3077 3076 3165
f 3050 3139 3140
f 3103 3192 3193
f 3077 3166 3167
f 3052 3051 3140
f 3105 3104 3193
f 3079 3078 3167
f 3053 3052 3141
f 3106 3105 3194
f 3079 3168 3169
f 3054 3053 3142
f 3106 3195 3196
f 3080 3169 3170
f 3055 3054 3143
f 3107 3196 3197
f 3081 3170 3171
f 3055 3144 3145
f 3029 3118 3119
f 3108 3197 3198
f 3082 3171 3172
f 3057 3056 3145
f 3030 3119 3120
f 3109 3198 3199
f 3083 3172 3173
f 3057 3146 3147
f 3031 3120 3121
f 3110 3199 3200
f 3085 3084 3173
f 3059 3058 3147
f 3033 3032 3121
f 3112 3111 3200
f 3085 3174 3175
f 3060 3059 3148
f 3034 3033 3122
f 3112 3201 3202
f 3086 3175 3176
f 3061 3060 3149
f 3034 3123 3124
f 3113 3202 3203
f 3087 3176 3177
f 3061 3150 3151
f 3036 3035 3124
f 3153 3242 3243
f 3128 3127 3216
f 3180 3269 3270
f 3155 3154 3243
f 3129 3128 3217
f 3181 3270 3271
f 3156 3155 3244
f 3129 3218 3219
f 3182 3271 3272
f 3156 3245 3246
f 3130 3219 3220
f 3183 3272 3273
f 3158 3157 3246
f 3132 3131 3220
f 3185 3184 3273
f 3158 3247 3248
f 3132 3221 3222
f 3186 3185 3274
f 3159 3248 3249
f 3134 3133 3222
f 3186 3275 3276
f 3161 3160 3249
f 3135 3134 3223
f 3187 3276 3277
f 3162 3161 3250
f 3135 3224 3225
f 3188 3277 3278
f 3162 3251 3252
f 3137 3136 3225
f 3189 3278 3279
f 3163 3252 3253
f 3138 3137 3226
f 3190 3279 3280
f 3165 3164 3253
f 3138 3227 3228
f 3192 3191 3280
f 3166 3165 3254
f 3139 3228 3229
f 3192 3281 3282
f 3166 3255 3256
f 3141 3140 3229
f 3194 3193 3282
f 3168 3167 3256
f 3142 3141 3230
f 3195 3194 3283
f 3168 3257 3258
f 3143 3142 3231
f 3195 3284 3285
f 3169 3258 3259
f 3144 3143 3232
f 3196 3285 3286
f 3170 3259 3260
f 3144 3233 3234
f 3119 3118 3207
f 3197 3286 3287
f 3171 3260 3261
f 3146 3145 3234
f 3120 3119 3208
f 3198 3287 3288
f 3172 3261 3262
f 3146 3235 3236
f 3121 3120 3209
f 3199 3288 3289
f 3174 3173 3262
f 3148 3147 3236
f 3122 3121 3210
f 3201 3200 3289
f 3174 3263 3264
f 3149 3148 3237
f 3123 3122 3211
f 3201 3290 3291
f 3175 3264 3265
f 3150 3149 3238
f 3123 3212 3213
f 3202 3291 3292
f 3176 3265 3266
f 3150 3239 3240
f 3125 3124 3213
f 3203 3292 3293
f 3178 3177 3266
f 3152 3151 3240
f 3126 3125 3214
f 3204 3293 3294
f 3178 3267 3268
f 3153 3152 3241
f 3127 3126 3215
f 3205 3294 3295
f 3180 3179 3268
f 3275 3364 3365
f 3250 3249 3338
f 3224 3223 3312
f 3276 3365 3366
f 3251 3250 3339
f 3224 3313 3314
f 3278 3277 3366
f 3251 3340 3341
f 3226 3225 3314
f 3278 3367 3368
f 3252 3341 3342
f 3227 3226 3315
f 3279 3368 3369
f 3254 3253 3342
f 3227 3316 3317
f 3281 3280 3369
f 3255 3254 3343
f 3228 3317 3318
f 3281 3370 3371
f 3255 3344 3345
f 3230 3229 3318
f 3283 3282 3371
f 3257 3256 3345
f 3230 3319 3320
f 3284 3283 3372
f 3257 3346 3347
f 3232 3231 3320
f 3284 3373 3374
f 3258 3347 3348
f 3233 3232 3321
f 3286 3285 3374
f 3259 3348 3349
f 3233 3322 3323
f 3207 3296 3297
f 3286 3375 3376
f 3260 3349 3350
f 3235 3234 3323
f 3208 3297 3298
f 3287 3376 3377
f 3261 3350 3351
f 3235 3324 3325
f 3209 3298 3299
f 3288 3377 3378
f 3263 3262 3351
f 3237 3236 3325
f 3211 3210 3299
f 3290 3289 3378
f 3263 3352 3353
f 3238 3237 3326
f 3212 3211 3300
f 3290 3379 3380
f 3264 3353 3354
f 3239 3238 3327
f 3212 3301 3302
f 3291 3380 3381
f 3265 3354 3355
f 3239 3328 3329
f 3214 3213 3302
f 3293 3292 3381
f 3267 3266 3355
f 3241 3240 3329
f 3214 3303 3304
f 3293 3382 3383
f 3267 3356 3357
f 3242 3241 3330
f 3216 3215 3304
f 3294 3383 3384
f 3269 3268 3357
f 3242 3331 3332
f 3216 3305 3306
f 3269 3358 3359
f 3244 3243 3332
f 3218 3217 3306
f 3270 3359 3360
f 3245 3244 3333
f 3218 3307 3308
f 3272 3271 3360
f 3245 3334 3335
f 3219 3308 3309
f 3272 3361 3362
f 3247 3246 3335
f 3221 3220 3309
f 3274 3273 3362
f 3247 3336 3337
f 3221 3310 3311
f 3275 3274 3363
f 3248 3337 3338
f 3223 3222 3311
f 3367 3366 3455
f 3340 3429 3430
f 3314 3403 3404
f 3367 3456 3457
f 3341 3430 3431
f 3315 3404 3405
f 3369 3368 3457
f 3343 3342 3431
f 3316 3405 3406
f 3370 3369 3458
f 3344 3343 3432
f 3317 3406 3407
f 3370 3459 3460
f 3344 3433 3434
f 3319 3318 3407
f 3372 3371 3460
f 3346 3345 3434
f 3320 3319 3408
f 3373 3372 3461
f 3346 3435 3436
f 3321 3320 3409
f 3373 3462 3463
f 3347 3436 3437
f 3322 3321 3410
f 3374 3463 3464
f 3349 3348 3437
f 3322 3411 3412
f 3296 3385 3386
f 3375 3464 3465
f 3349 3438 3439
f 3324 3323 3412
f 3297 3386 3387
f 3376 3465 3466
f 3350 3439 3440
f 3324 3413 3414
f 3298 3387 3388
f 3377 3466 3467
f 3352 3351 3440
f 3326 3325 3414
f 3300 3299 3388
f 3379 3378 3467
f 3352 3441 3442
f 3327 3326 3415
f 3301 3300 3389
f 3379 3468 3469
f 3353 3442 3443
f 3328 3327 3416
f 3301 3390 3391
f 3380 3469 3470
f 3354 3443 3444
f 3328 3417 3418
f 3303 3302 3391
f 3382 3381 3470
f 3356 3355 3444
f 3330 3329 3418
f 3303 3392 3393
f 3382 3471 3472
f 3356 3445 3446
f 3331 3330 3419
f 3305 3304 3393
f 3384 3383 3472
f 3358 3357 3446
f 3331 3420 3421
f 3306 3305 3394
f 3358 3447 3448
f 3333 3332 3421
f 3307 3306 3395
f 3359 3448 3449
f 3334 3333 3422
f 3307 3396 3397
f 3360 3449 3450
f 3334 3423 3424
f 3308 3397 3398
f 3361 3450 3451
f 3336 3335 3424
f 3310 3309 3398
f 3363 3362 3451
f 3336 3425 3426
f 3310 3399 3400
f 3364 3363 3452
f 3337 3426 3427
f 3311 3400 3401
f 3364 3453 3454
f 3339 3338 3427
f 3313 3312 3401
f 3366 3365 3454
f 3340 3339 3428
f 3313 3402 3403
f 3405 3494 3495
f 3459 3458 3547
f 3433 3432 3521
f 3406 3495 3496
f 3459 3548 3549
f 3433 3522 3523
f 3408 3407 3496
f 3460 3549 3550
f 3435 3434 3523
f 3408 3497 3498
f 3462 3461 3550
f 3435 3524 3525
f 3410 3409 3498
f 3462 3551 3552
f 3436 3525 3526
f 3411 3410 3499
f 3464 3463 3552
f 3438 3437 3526
f 3411 3500 3501
f 3385 3474 3475
f 3465 3464 3553
f 3438 3527 3528
f 3413 3412 3501
f 3387 3386 3475
f 3465 3554 3555
f 3439 3528 3529
f 3413 3502 3503
f 3387 3476 3477
f 3466 3555 3556
f 3441 3440 3529
f 3415 3414 3503
f 3389 3388 3477
f 3468 3467 3556
f 3441 3530 3531
f 3416 3415 3504
f 3390 3389 3478
f 3468 3557 3558
f 3442 3531 3532
f 3417 3416 3505
f 3390 3479 3480
f 3469 3558 3559
f 3443 3532 3533
f 3417 3506 3507
f 3392 3391 3480
f 3470 3559 3560
f 3445 3444 3533
f 3419 3418 3507
f 3392 3481 3482
f 3471 3560 3561
f 3445 3534 3535
f 3420 3419 3508
f 3393 3482 3483
f 3473 3472 3561
f 3447 3446 3535
f 3420 3509 3510
f 3394 3483 3484
f 3447 3536 3537
f 3422 3421 3510
f 3396 3395 3484
f 3448 3537 3538
f 3423 3422 3511
f 3396 3485 3486
f 3449 3538 3539
f 3423 3512 3513
f 3397 3486 3487
f 3450 3539 3540
f 3425 3424 3513
f 3399 3398 3487
f 3452 3451 3540
f 3425 3514 3515
f 3399 3488 3489
f 3453 3452 3541
f 3426 3515 3516
f 3401 3400 3489
f 3454 3453 3542
f 3428 3427 3516
f 3402 3401 3490
f 3454 3543 3544
f 3429 3428 3517
f 3402 3491 3492
f 3456 3455 3544
f 3429 3518 3519
f 3404 3403 3492
f 3456 3545 3546
f 3430 3519 3520
f 3404 3493 3494
f 3457 3546 3547
f 3432 3431 3520
f 3549 3638 3639
f 3524 3523 3612
f 3497 3586 3587
f 3551 3550 3639
f 3524 3613 3614
f 3499 3498 3587
f 3552 3551 3640
f 3525 3614 3615
f 3500 3499 3588
f 3552 3641 3642
f 3527 3526 3615
f 3500 3589 3590
f 3474 3563 3564
f 3553 3642 3643
f 3527 3616 3617
f 3502 3501 3590
f 3475 3564 3565
f 3555 3554 3643
f 3528 3617 3618
f 3502 3591 3592
f 3476 3565 3566
f 3555 3644 3645
f 3530 3529 3618
f 3504 3503 3592
f 3478 3477 3566
f 3557 3556 3645
f 3530 3619 3620
f 3505 3504 3593
f 3479 3478 3567
f 3557 3646 3647
f 3531 3620 3621
f 3506 3505 3594
f 3479 3568 3569
f 3558 3647 3648
f 3532 3621 3622
f 3506 3595 3596
f 3481 3480 3569
f 3559 3648 3649
f 3534 3533 3622
f 3508 3507 3596
f 3481 3570 3571
f 3560 3649 3650
f 3534 3623 3624
f 3509 3508 3597
f 3482 3571 3572
f 3561 3650 3651
f 3536 3535 3624
f 3509 3598 3599
f 3483 3572 3573
f 3536 3625 3626
f 3511 3510 3599
f 3485 3484 3573
f 3537 3626 3627
f 3512 3511 3600
f 3485 3574 3575
f 3539 3538 3627
f 3512 3601 3602
f 3487 3486 3575
f 3539 3628 3629
f 3514 3513 3602
f 3488 3487 3576
f 3541 3540 3629
f 3514 3603 3604
f 3488 3577 3578
f 3542 3541 3630
f 3515 3604 3605
f 3490 3489 3578
f 3543 3542 3631
f 3517 3516 3605
f 3491 3490 3579
f 3543 3632 3633
f 3517 3606 3607
f 3491 3580 3581
f 3545 3544 3633
f 3519 3518 3607
f 3493 3492 3581
f 3545 3634 3635
f 3519 3608 3609
f 3493 3582 3583
f 3546 3635 3636
f 3521 3520 3609
f 3494 3583 3584
f 3548 3547 3636
f 3522 3521 3610
f 3495 3584 3585
f 3548 3637 3638
f 3522 3611 3612
f 3497 3496 3585
f 3614 3703 3704
f 3589 3588 3677
f 3641 3730 3731
f 3616 3615 3704
f 3589 3678 3679
f 3564 3563 3652
f 3642 3731 3732
f 3616 3705 3706
f 3591 3590 3679
f 3564 3653 3654
f 3643 3732 3733
f 3617 3706 3707
f 3591 3680 3681
f 3565 3654 3655
f 3644 3733 3734
f 3619 3618 3707
f 3593 3592 3681
f 3567 3566 3655
f 3646 3645 3734
f 3619 3708 3709
f 3594 3593 3682
f 3568 3567 3656
f 3646 3735 3736
f 3620 3709 3710
f 3595 3594 3683
f 3568 3657 3658
f 3647 3736 3737
f 3621 3710 3711
f 3595 3684 3685
f 3570 3569 3658
f 3649 3648 3737
f 3623 3622 3711
f 3597 3596 3685
f 3571 3570 3659
f 3649 3738 3739
f 3623 3712 3713
f 3598 3597 3686
f 3572 3571 3660
f 3650 3739 3740
f 3625 3624 3713
f 3598 3687 3688
f 3572 3661 3662
f 3625 3714 3715
f 3600 3599 3688
f 3574 3573 3662
f 3626 3715 3716
f 3601 3600 3689
f 3574 3663 3664
f 3627 3716 3717
f 3601 3690 3691
f 3576 3575 3664
f 3628 3717 3718
f 3603 3602 3691
f 3577 3576 3665
f 3630 3629 3718
f 3603 3692 3693
f 3577 3666 3667
f 3631 3630 3719
f 3604 3693 3694
f 3579 3578 3667
f 3632 3631 3720
f 3606 3605 3694
f 3580 3579 3668
f 3632 3721 3722
f 3606 3695 3696
f 3580 3669 3670
f 3634 3633 3722
f 3608 3607 3696
f 3582 3581 3670
f 3634 3723 3724
f 3608 3697 3698
f 3582 3671 3672
f 3635 3724 3725
f 3610 3609 3698
f 3583 3672 3673
f 3637 3636 3725
f 3611 3610 3699
f 3584 3673 3674
f 3637 3726 3727
f 3611 3700 3701
f 3586 3585 3674
f 3638 3727 3728
f 3613 3612 3701
f 3587 3586 3675
f 3640 3639 3728
f 3613 3702 3703
f 3588 3587 3676
f 3640 3729 3730
f 3654 3653 3742
f 3732 3821 3822
f 3706 3795 3796
f 3680 3769 3770
f 3654 3743 3744
f 3733 3822 3823
f 3708 3707 3796
f 3682 3681 3770
f 3656 3655 3744
f 3735 3734 3823
f 3708 3797 3798
f 3683 3682 3771
f 3657 3656 3745
f 3735 3824 3825
f 3709 3798 3799
f 3684 3683 3772
f 3657 3746 3747
f 3736 3825 3826
f 3710 3799 3800
f 3684 3773 3774
f 3659 3658 3747
f 3737 3826 3827
f 3712 3711 3800
f 3686 3685 3774
f 3660 3659 3748
f 3738 3827 3828
f 3712 3801 3802
f 3687 3686 3775
f 3660 3749 3750
f 3739 3828 3829
f 3714 3713 3802
f 3687 3776 3777
f 3661 3750 3751
f 3714 3803 3804
f 3689 3688 3777
f 3662 3751 3752
f 3715 3804 3805
f 3690 3689 3778
f 3663 3752 3753
f 3717 3716 3805
f 3690 3779 3780
f 3664 3753 3754
f 3717 3806 3807
f 3692 3691 3780
f 3666 3665 3754
f 3719 3718 3807
f 3692 3781 3782
f 3666 3755 3756
f 3719 3808 3809
f 3693 3782 3783
f 3668 3667 3756
f 3721 3720 3809
f 3695 3694 3783
f 3669 3668 3757
f 3721 3810 3811
f 3695 3784 3785
f 3669 3758 3759
f 3723 3722 3811
f 3697 3696 3785
f 3671 3670 3759
f 3723 3812 3813
f 3697 3786 3787
f 3671 3760 3761
f 3724 3813 3814
f 3699 3698 3787
f 3672 3761 3762
f 3726 3725 3814
f 3700 3699 3788
f 3673 3762 3763
f 3726 3815 3816
f 3700 3789 3790
f 3675 3674 3763
f 3727 3816 3817
f 3702 3701 3790
f 3675 3764 3765
f 3729 3728 3817
f 3702 3791 3792
f 3677 3676 3765
f 3729 3818 3819
f 3703 3792 3793
f 3678 3677 3766
f 3731 3730 3819
f 3704 3793 3794
f 3678 3767 3768
f 3652 3741 3742
f 3732 3731 3820
f 3705 3794 3795
f 3680 3679 3768
f 3824 3823 3912
f 3797 3886 3887
f 3772 3771 3860
f 3746 3745 3834
f 3824 3913 3914
f 3798 3887 3888
f 3773 3772 3861
f 3746 3835 3836
f 3825 3914 3915
f 3799 3888 3889
f 3773 3862 3863
f 3748 3747 3836
f 3826 3915 3916
f 3801 3800 3889
f 3775 3774 3863
f 3749 3748 3837
f 3827 3916 3917
f 3801 3890 3891
f 3776 3775 3864
f 3750 3749 3838
f 3828 3917 3918
f 3803 3802 3891
f 3776 3865 3866
f 3751 3750 3839
f 3803 3892 3893
f 3778 3777 3866
f 3752 3751 3840
f 3804 3893 3894
f 3779 3778 3867
f 3752 3841 3842
f 3806 3805 3894
f 3779 3868 3869
f 3754 3753 3842
f 3806 3895 3896
f 3781 3780 3869
f 3755 3754 3843
f 3808 3807 3896
f 3781 3870 3871
f 3755 3844 3845
f 3809 3808 3897
f 3782 3871 3872
f 3757 3756 3845
f 3810 3809 3898
f 3784 3783 3872
f 3758 3757 3846
f 3810 3899 3900
f 3784 3873 3874
f 3758 3847 3848
f 3812 3811 3900
f 3786 3785 3874
f 3760 3759 3848
f 3812 3901 3902
f 3786 3875 3876
f 3760 3849 3850
f 3813 3902 3903
f 3788 3787 3876
f 3761 3850 3851
f 3815 3814 3903
f 3789 3788 3877
f 3762 3851 3852
f 3815 3904 3905
f 3789 3878 3879
f 3764 3763 3852
f 3816 3905 3906
f 3791 3790 3879
f 3764 3853 3854
f 3818 3817 3906
f 3791 3880 3881
f 3766 3765 3854
f 3818 3907 3908
f 3792 3881 3882
f 3767 3766 3855
f 3820 3819 3908
f 3794 3793 3882
f 3767 3856 3857
f 3741 3830 3831
f 3820 3909 3910
f 3794 3883 3884
f 3769 3768 3857
f 3743 3742 3831
f 3821 3910 3911
f 3795 3884 3885
f 3769 3858 3859
f 3744 3743 3832
f 3822 3911 3912
f 3797 3796 3885
f 3771 3770 3859
f 3745 3744 3833
f 3862 3951 3952
f 3837 3836 3925
f 3916 3915 4004
f 3890 3889 3978
f 3864 3863 3952
f 3837 3926 3927
f 3916 4005 4006
f 3890 3979 3980
f 3865 3864 3953
f 3839 3838 3927
f 3917 4006 4007
f 3892 3891 3980
f 3865 3954 3955
f 3840 3839 3928
f 3892 3981 3982
f 3867 3866 3955
f 3841 3840 3929
f 3893 3982 3983
f 3868 3867 3956
f 3841 3930 3931
f 3895 3894 3983
f 3868 3957 3958
f 3843 3842 3931
f 3895 3984 3985
f 3870 3869 3958
f 3844 3843 3932
f 3897 3896 3985
f 3870 3959 3960
f 3844 3933 3934
f 3898 3897 3986
f 3871 3960 3961
f 3846 3845 3934
f 3898 3987 3988
f 3873 3872 3961
f 3847 3846 3935
f 3899 3988 3989
f 3873 3962 3963
f 3847 3936 3937
f 3901 3900 3989
f 3875 3874 3963
f 3849 3848 3937
f 3901 3990 3991
f 3875 3964 3965
f 3849 3938 3939
f 3902 3991 3992
f 3877 3876 3965
f 3850 3939 3940
f 3904 3903 3992
f 3878 3877 3966
f 3851 3940 3941
f 3904 3993 3994
f 3878 3967 3968
f 3853 3852 3941
f 3905 3994 3995
f 3880 3879 3968
f 3853 3942 3943
f 3907 3906 3995
f 3880 3969 3970
f 3855 3854 3943
f 3907 3996 3997
f 3881 3970 3971
f 3856 3855 3944
f 3908 3997 3998
f 3883 3882 3971
f 3856 3945 3946
f 3830 3919 3920
f 3909 3998 3999
f 3883 3972 3973
f 3858 3857 3946
f 3831 3920 3921
f 3911 3910 3999
f 3884 3973 3974
f 3858 3947 3948
f 3832 3921 3922
f 3911 4000 4001
f 3886 3885 3974
f 3860 3859 3948
f 3833 3922 3923
f 3913 3912 4001
f 3886 3975 3976
f 3861 3860 3949
f 3835 3834 3923
f 3913 4002 4003
f 3887 3976 3977
f 3862 3861 3950
f 3835 3924 3925
f 3914 4003 4004
f 3888 3977 3978
f 4006 4095 4096
f 3981 3980 4069
f 3954 4043 4044
f 3928 4017 4018
f 3981 4070 4071
f 3956 3955 4044
f 3930 3929 4018
f 3982 4071 4072
f 3957 3956 4045
f 3930 4019 4020
f 3984 3983 4072
f 3957 4046 4047
f 3931 4020 4021
f 3984 4073 4074
f 3959 3958 4047
f 3933 3932 4021
f 3986 3985 4074
f 3959 4048 4049
f 3933 4022 4023
f 3987 3986 4075
f 3960 4049 4050
f 3935 3934 4023
f 3988 3987 4076
f 3962 3961 4050
f 3936 3935 4024
f 3988 4077 4078
f 3962 4051 4052
f 3936 4025 4026
f 3990 3989 4078
f 3964 3963 4052
f 3938 3937 4026
f 3990 4079 4080
f 3964 4053 4054
f 3938 4027 4028
f 3991 4080 4081
f 3966 3965 4054
f 3939 4028 4029
f 3993 3992 4081
f 3967 3966 4055
f 3940 4029 4030
f 3993 4082 4083
f 3967 4056 4057
f 3942 3941 4030
f 3995 3994 4083
f 3969 3968 4057
f 3942 4031 4032
f 3996 3995 4084
f 3969 4058 4059
f 3944 3943 4032
f 3996 4085 4086
f 3970 4059 4060
f 3945 3944 4033
f 3997 4086 4087
f 3972 3971 4060
f 3945 4034 4035
f 3919 4008 4009
f 3999 3998 4087
f 3972 4061 4062
f 3947 3946 4035
f 3920 4009 4010
f 4000 3999 4088
f 3973 4062 4063
f 3947 4036 4037
f 3921 4010 4011
f 4000 4089 4090
f 3975 3974 4063
f 3949 3948 4037
f 3922 4011 4012
f 4002 4001 4090
f 3975 4064 4065
f 3950 3949 4038
f 3924 3923 4012
f 4002 4091 4092
f 3976 4065 4066
f 3951 3950 4039
f 3924 4013 4014
f 4003 4092 4093
f 3977 4066 4067
f 3951 4040 4041
f 3926 3925 4014
f 4005 4004 4093
f 3979 3978 4067
f 3953 3952 4041
f 3926 4015 4016
f 4005 4094 4095
f 3979 4068 4069
f 3954 3953 4042
f 3928 3927 4016
f 4085 4084 4173
f 4058 4147 4148
f 4033 4032 4121
f 4085 4174 4175
f 4059 4148 4149
f 4034 4033 4122
f 4086 4175 4176
f 4061 4060 4149
f 4034 4123 4124
f 4008 4097 4098
f 4087 4176 4177
f 4061 4150 4151
f 4036 4035 4124
f 4010 4009 4098
f 4088 4177 4178
f 4062 4151 4152
f 4036 4125 4126
f 4010 4099 4100
f 4089 4178 4179
f 4064 4063 4152
f 4038 4037 4126
f 4011 4100 4101
f 4091 4090 4179
f 4064 4153 4154
f 4039 4038 4127
f 4013 4012 4101
f 4091 4180 4181
f 4065 4154 4155
f 4040 4039 4128
f 4013 4102 4103
f 4093 4092 4181
f 4066 4155 4156
f 4040 4129 4130
f 4015 4014 4103
f 4094 4093 4182
f 4068 4067 4156
f 4042 4041 4130
f 4015 4104 4105
f 4095 4094 4183
f 4068 4157 4158
f 4042 4131 4132
f 4017 4016 4105
f 4096 4095 4184
f 4070 4069 4158
f 4043 4132 4133
f 4018 4017 4106
f 4070 4159 4160
f 4045 4044 4133
f 4019 4018 4107
f 4071 4160 4161
f 4046 4045 4134
f 4019 4108 4109
f 4073 4072 4161
f 4046 4135 4136
f 4021 4020 4109
f 4073 4162 4163
f 4048 4047 4136
f 4022 4021 4110
f 4075 4074 4163
f 4048 4137 4138
f 4022 4111 4112
f 4075 4164 4165
f 4049 4138 4139
f 4024 4023 4112
f 4076 4165 4166
f 4051 4050 4139
f 4025 4024 4113
f 4077 4166 4167
f 4051 4140 4141
f 4025 4114 4115
f 4079 4078 4167
f 4053 4052 4141
f 4027 4026 4115
f 4079 4168 4169
f 4053 4142 4143
f 4027 4116 4117
f 4080 4169 4170
f 4055 4054 4143
f 4028 4117 4118
f 4082 4081 4170
f 4056 4055 4144
f 4029 4118 4119
f 4082 4171 4172
f 4056 4145 4146
f 4031 4030 4119
f 4083 4172 4173
f 4058 4057 4146
f 4031 4120 4121
f 4123 4212 4213
f 4097 4186 4187
f 4176 4265 4266
f 4150 4239 4240
f 4125 4124 4213
f 4098 4187 4188
f 4177 4266 4267
f 4151 4240 4241
f 4125 4214 4215
f 4099 4188 4189
f 4178 4267 4268
f 4153 4152 4241
f 4127 4126 4215
f 4101 4100 4189
f 4180 4179 4268
f 4153 4242 4243
f 4128 4127 4216
f 4102 4101 4190
f 4180 4269 4270
f 4154 4243 4244
f 4129 4128 4217
f 4102 4191 4192
f 4181 4270 4271
f 4155 4244 4245
f 4129 4218 4219
f 4104 4103 4192
f 4183 4182 4271
f 4157 4156 4245
f 4131 4130 4219
f 4105 4104 4193
f 4183 4272 4273
f 4157 4246 4247
f 4132 4131 4220
f 4106 4105 4194
f 4184 4273 4274
f 4159 4158 4247
f 4132 4221 4222
f 4106 4195 4196
f 4159 4248 4249
f 4134 4133 4222
f 4108 4107 4196
f 4160 4249 4250
f 4135 4134 4223
f 4108 4197 4198
f 4162 4161 4250
f 4135 4224 4225
f 4109 4198 4199
f 4162 4251 4252
f 4137 4136 4225
f 4111 4110 4199
f 4164 4163 4252
f 4137 4226 4227
f 4111 4200 4201
f 4165 4164 4253
f 4138 4227 4228
f 4112 4201 4202
f 4165 4254 4255
f 4140 4139 4228
f 4113 4202 4203
f 4166 4255 4256
f 4140 4229 4230
f 4114 4203 4204
f 4168 4167 4256
f 4142 4141 4230
f 4116 4115 4204
f 4168 4257 4258
f 4142 4231 4232
f 4116 4205 4206
f 4170 4169 4258
f 4144 4143 4232
f 4117 4206 4207
f 4171 4170 4259
f 4145 4144 4233
f 4118 4207 4208
f 4171 4260 4261
f 4145 4234 4235
f 4120 4119 4208
f 4172 4261 4262
f 4147 4146 4235
f 4120 4209 4210
f 4174 4173 4262
f 4147 4236 4237
f 4122 4121 4210
f 4174 4263 4264
f 4148 4237 4238
f 4123 4122 4211
f 4175 4264 4265
f 4150 4149 4238
f 4267 4356 4357
f 4242 4241 4330
f 4216 4215 4304
f 4190 4189 4278
f 4269 4268 4357
f 4242 4331 4332
f 4217 4216 4305
f 4191 4190 4279
f 4269 4358 4359
f 4243 4332 4333
f 4218 4217 4306
f 4191 4280 4281
f 4270 4359 4360
f 4244 4333 4334
f 4218 4307 4308
f 4193 4192 4281
f 4271 4360 4361
f 4246 4245 4334
f 4220 4219 4308
f 4193 4282 4283
f 4272 4361 4362
f 4246 4335 4336
f 4221 4220 4309
f 4194 4283 4284
f 4273 4362 4363
f 4248 4247 4336
f 4221 4310 4311
f 4195 4284 4285
f 4248 4337 4338
f 4223 4222 4311
f 4197 4196 4285
f 4249 4338 4339
f 4224 4223 4312
f 4197 4286 4287
f 4251 4250 4339
f 4224 4313 4314
f 4198 4287 4288
f 4251 4340 4341
f 4226 4225 4314
f 4200 4199 4288
f 4253 4252 4341
f 4226 4315 4316
f 4200 4289 4290
f 4253 4342 4343
f 4227 4316 4317
f 4201 4290 4291
f 4254 4343 4344
f 4229 4228 4317
f 4203 4202 4291
f 4255 4344 4345
f 4229 4318 4319
f 4203 4292 4293
f 4257 4256 4345
f 4231 4230 4319
f 4205 4204 4293
f 4257 4346 4347
f 4231 4320 4321
f 4206 4205 4294
f 4259 4258 4347
f 4233 4232 4321
f 4207 4206 4295
f 4260 4259 4348
f 4234 4233 4322
f 4207 4296 4297
f 4260 4349 4350
f 4234 4323 4324
f 4209 4208 4297
f 4262 4261 4350
f 4236 4235 4324
f 4209 4298 4299
f 4263 4262 4351
f 4236 4325 4326
f 4211 4210 4299
f 4263 4352 4353
f 4237 4326 4327
f 4212 4211 4300
f 4265 4264 4353
f 4239 4238 4327
f 4212 4301 4302
f 4186 4275 4276
f 4266 4265 4354
f 4239 4328 4329
f 4214 4213 4302
f 4187 4276 4277
f 4267 4266 4355
f 4240 4329 4330
f 4214 4303 4304
f 4188 4277 4278
f 4332 4421 4422
f 4307 4306 4395
f 4280 4369 4370
f 4359 4448 4449
f 4333 4422 4423
f 4307 4396 4397
f 4282 4281 4370
f 4361 4360 4449
f 4335 4334 4423
f 4309 4308 4397
f 4282 4371 4372
f 4362 4361 4450
f 4335 4424 4425
f 4309 4398 4399
f 4284 4283 4372
f 4362 4451 4452
f 4337 4336 4425
f 4310 4399 4400
f 4285 4284 4373
f 4337 4426 4427
f 4312 4311 4400
f 4286 4285 4374
f 4338 4427 4428
f 4313 4312 4401
f 4286 4375 4376
f 4340 4339 4428
f 4313 4402 4403
f 4287 4376 4377
f 4340 4429 4430
f 4315 4314 4403
f 4289 4288 4377
f 4342 4341 4430
f 4315 4404 4405
f 4289 4378 4379
f 4342 4431 4432
f 4316 4405 4406
f 4291 4290 4379
f 4343 4432 4433
f 4318 4317 4406
f 4292 4291 4380
f 4344 4433 4434
f 4318 4407 4408
f 4292 4381 4382
f 4346 4345 4434
f 4320 4319 4408
f 4294 4293 4382
f 4346 4435 4436
f 4320 4409 4410
f 4294 4383 4384
f 4347 4436 4437
f 4322 4321 4410
f 4295 4384 4385
f 4349 4348 4437
f 4323 4322 4411
f 4296 4385 4386
f 4349 4438 4439
f 4323 4412 4413
f 4298 4297 4386
f 4351 4350 4439
f 4325 4324 4413
f 4298 4387 4388
f 4352 4351 4440
f 4325 4414 4415
f 4300 4299 4388
f 4352 4441 4442
f 4326 4415 4416
f 4301 4300 4389
f 4353 4442 4443
f 4328 4327 4416
f 4301 4390 4391
f 4276 4275 4364
f 4354 4443 4444
f 4329 4328 4417
f 4303 4302 4391
f 4276 4365 4366
f 4355 4444 4445
f 4329 4418 4419
f 4303 4392 4393
f 4278 4277 4366
f 4356 4445 4446
f 4331 4330 4419
f 4305 4304 4393
f 4278 4367 4368
f 4358 4357 4446
f 4331 4420 4421
f 4306 4305 4394
f 4280 4279 4368
f 4358 4447 4448
f 4372 4371 4460
f 4450 4539 4540
f 4424 4513 4514
f 4398 4487 4488
f 4373 4372 4461
f 4451 4540 4541
f 4426 4425 4514
f 4399 4488 4489
f 4373 4462 4463
f 4426 4515 4516
f 4401 4400 4489
f 4375 4374 4463
f 4427 4516 4517
f 4402 4401 4490
f 4375 4464 4465
f 4428 4517 4518
f 4402 4491 4492
f 4376 4465 4466
f 4429 4518 4519
f 4404 4403 4492
f 4378 4377 4466
f 4431 4430 4519
f 4404 4493 4494
f 4379 4378 4467
f 4432 4431 4520
f 4405 4494 4495
f 4380 4379 4468
f 4433 4432 4521
f 4407 4406 4495
f 4380 4469 4470
f 4433 4522 4523
f 4407 4496 4497
f 4381 4470 4471
f 4435 4434 4523
f 4409 4408 4497
f 4383 4382 4471
f 4435 4524 4525
f 4409 4498 4499
f 4383 4472 4473
f 4436 4525 4526
f 4411 4410 4499
f 4384 4473 4474
f 4437 4526 4527
f 4412 4411 4500
f 4385 4474 4475
f 4438 4527 4528
f 4412 4501 4502
f 4387 4386 4475
f 4440 4439 4528
f 4414 4413 4502
f 4388 4387 4476
f 4441 4440 4529
f 4414 4503 4504
f 4389 4388 4477
f 4441 4530 4531
f 4415 4504 4505
f 4390 4389 4478
f 4442 4531 4532
f 4417 4416 4505
f 4390 4479 4480
f 4364 4453 4454
f 4443 4532 4533
f 4418 4417 4506
f 4392 4391 4480
f 4366 4365 4454
f 4444 4533 4534
f 4418 4507 4508
f 4392 4481 4482
f 4366 4455 4456
f 4445 4534 4535
f 4420 4419 4508
f 4394 4393 4482
f 4367 4456 4457
f 4447 4446 4535
f 4420 4509 4510
f 4395 4394 4483
f 4369 4368 4457
f 4447 4536 4537
f 4421 4510 4511
f 4396 4395 4484
f 4369 4458 4459
f 4448 4537 4538
f 4422 4511 4512
f 4396 4485 4486
f 4371 4370 4459
f 4449 4538 4539
f 4424 4423 4512
f 4398 4397 4486
f 4515 4604 4605
f 4490 4489 4578
f 4464 4463 4552
f 4516 4605 4606
f 4491 4490 4579
f 4464 4553 4554
f 4517 4606 4607
f 4491 4580 4581
f 4465 4554 4555
f 4518 4607 4608
f 4493 4492 4581
f 4467 4466 4555
f 4520 4519 4608
f 4493 4582 4583
f 4467 4556 4557
f 4520 4609 4610
f 4494 4583 4584
f 4469 4468 4557
f 4521 4610 4611
f 4496 4495 4584
f 4470 4469 4558
f 4522 4611 4612
f 4496 4585 4586
f 4470 4559 4560
f 4524 4523 4612
f 4498 4497 4586
f 4472 4471 4560
f 4524 4613 4614
f 4498 4587 4588
f 4472 4561 4562
f 4525 4614 4615
f 4500 4499 4588
f 4473 4562 4563
f 4526 4615 4616
f 4501 4500 4589
f 4474 4563 4564
f 4527 4616 4617
f 4501 4590 4591
f 4476 4475 4564
f 4528 4617 4618
f 4503 4502 4591
f 4477 4476 4565
f 4529 4618 4619
f 4503 4592 4593
f 4478 4477 4566
f 4530 4619 4620
f 4504 4593 4594
f 4479 4478 4567
f 4532 4531 4620
f 4506 4505 4594
f 4479 4568 4569
f 4454 4453 4542
f 4532 4621 4622
f 4507 4506 4595
f 4481 4480 4569
f 4454 4543 4544
f 4534 4533 4622
f 4507 4596 4597
f 4481 4570 4571
f 4456 4455 4544
f 4534 4623 4624
f 4509 4508 4597
f 4483 4482 4571
f 4456 4545 4546
f 4536 4535 4624
f 4509 4598 4599
f 4484 4483 4572
f 4458 4457 4546
f 4536 4625 4626
f 4510 4599 4600
f 4485 4484 4573
f 4458 4547 4548
f 4537 4626 4627
f 4511 4600 4601
f 4485 4574 4575
f 4460 4459 4548
f 4538 4627 4628
f 4513 4512 4601
f 4487 4486 4575
f 4460 4549 4550
f 4539 4628 4629
f 4513 4602 4603
f 4487 4576 4577
f 4461 4550 4551
f 4540 4629 4630
f 4515 4514 4603
f 4488 4577 4578
f 4462 4551 4552
f 4580 4669 4670
f 4554 4643 4644
f 4607 4696 4697
f 4582 4581 4670
f 4556 4555 4644
f 4609 4608 4697
f 4582 4671 4672
f 4557 4556 4645
f 4610 4609 4698
f 4583 4672 4673
f 4558 4557 4646
f 4610 4699 4700
f 4585 4584 4673
f 4559 4558 4647
f 4611 4700 4701
f 4585 4674 4675
f 4559 4648 4649
f 4613 4612 4701
f 4587 4586 4675
f 4561 4560 4649
f 4613 4702 4703
f 4587 4676 4677
f 4562 4561 4650
f 4614 4703 4704
f 4589 4588 4677
f 4562 4651 4652
f 4615 4704 4705
f 4590 4589 4678
f 4563 4652 4653
f 4616 4705 4706
f 4590 4679 4680
f 4565 4564 4653
f 4618 4617 4706
f 4592 4591 4680
f 4566 4565 4654
f 4619 4618 4707
f 4592 4681 4682
f 4567 4566 4655
f 4619 4708 4709
f 4593 4682 4683
f 4568 4567 4656
f 4621 4620 4709
f 4595 4594 4683
f 4568 4657 4658
f 4543 4542 4631
f 4621 4710 4711
f 4595 4684 4685
f 4570 4569 4658
f 4544 4543 4632
f 4623 4622 4711
f 4596 4685 4686
f 4570 4659 4660
f 4544 4633 4634
f 4623 4712 4713
f 4598 4597 4686
f 4572 4571 4660
f 4546 4545 4634
f 4625 4624 4713
f 4598 4687 4688
f 4573 4572 4661
f 4547 4546 4635
f 4625 4714 4715
f 4599 4688 4689
f 4574 4573 4662
f 4547 4636 4637
f 4626 4715 4716
f 4600 4689 4690
f 4574 4663 4664
f 4549 4548 4637
f 4628 4627 4716
f 4602 4601 4690
f 4576 4575 4664
f 4550 4549 4638
f 4629 4628 4717
f 4602 4691 4692
f 4577 4576 4665
f 4551 4550 4639
f 4630 4629 4718
f 4604 4603 4692
f 4577 4666 4667
f 4551 4640 4641
f 4604 4693 4694
f 4579 4578 4667
f 4553 4552 4641
f 4605 4694 4695
f 4580 4579 4668
f 4553 4642 4643
f 4606 4695 4696
f 4699 4698 4787
f 4672 4761 4762
f 4646 4735 4736
f 4699 4788 4789
f 4674 4673 4762
f 4648 4647 4736
f 4700 4789 4790
f 4674 4763 4764
f 4648 4737 4738
f 4702 4701 4790
f 4676 4675 4764
f 4649 4738 4739
f 4702 4791 4792
f 4676 4765 4766
f 4651 4650 4739
f 4704 4703 4792
f 4678 4677 4766
f 4651 4740 4741
f 4704 4793 4794
f 4679 4678 4767
f 4652 4741 4742
f 4705 4794 4795
f 4679 4768 4769
f 4654 4653 4742
f 4707 4706 4795
f 4681 4680 4769
f 4655 4654 4743
f 4708 4707 4796
f 4681 4770 4771
f 4656 4655 4744
f 4708 4797 4798
f 4682 4771 4772
f 4657 4656 4745
f 4710 4709 4798
f 4684 4683 4772
f 4657 4746 4747
f 4631 4720 4721
f 4710 4799 4800
f 4684 4773 4774
f 4659 4658 4747
f 4633 4632 4721
f 4711 4800 4801
f 4685 4774 4775
f 4659 4748 4749
f 4633 4722 4723
f 4712 4801 4802
f 4687 4686 4775
f 4661 4660 4749
f 4635 4634 4723
f 4714 4713 4802
f 4687 4776 4777
f 4662 4661 4750
f 4636 4635 4724
f 4714 4803 4804
f 4688 4777 4778
f 4663 4662 4751
f 4636 4725 4726
f 4715 4804 4805
f 4689 4778 4779
f 4663 4752 4753
f 4638 4637 4726
f 4716 4805 4806
f 4691 4690 4779
f 4665 4664 4753
f 4638 4727 4728
f 4717 4806 4807
f 4691 4780 4781
f 4666 4665 4754
f 4640 4639 4728
f 4718 4807 4808
f 4693 4692 4781
f 4666 4755 4756
f 4640 4729 4730
f 4693 4782 4783
f 4668 4667 4756
f 4642 4641 4730
f 4694 4783 4784
f 4669 4668 4757
f 4642 4731 4732
f 4695 4784 4785
f 4669 4758 4759
f 4643 4732 4733
f 4696 4785 4786
f 4671 4670 4759
f 4645 4644 4733
f 4698 4697 4786
f 4671 4760 4761
f 4646 4645 4734
f 4789 4878 4879
f 4763 4852 4853
f 4737 4826 4827
f 4791 4790 4879
f 4765 4764 4853
f 4739 4738 4827
f 4791 4880 4881
f 4765 4854 4855
f 4740 4739 4828
f 4792 4881 4882
f 4767 4766 4855
f 4740 4829 4830
f 4793 4882 4883
f 4768 4767 4856
f 4741 4830 4831
f 4794 4883 4884
f 4768 4857 4858
f 4743 4742 4831
f 4796 4795 4884
f 4770 4769 4858
f 4744 4743 4832
f 4797 4796 4885
f 4771 4770 4859
f 4745 4744 4833
f 4797 4886 4887
f 4771 4860 4861
f 4746 4745 4834
f 4799 4798 4887
f 4773 4772 4861
f 4746 4835 4836
f 4721 4720 4809
f 4799 4888 4889
f 4774 4773 4862
f 4748 4747 4836
f 4721 4810 4811
f 4801 4800 4889
f 4774 4863 4864
f 4748 4837 4838
f 4722 4811 4812
f 4801 4890 4891
f 4776 4775 4864
f 4750 4749 4838
f 4724 4723 4812
f 4803 4802 4891
f 4776 4865 4866
f 4751 4750 4839
f 4725 4724 4813
f 4804 4803 4892
f 4777 4866 4867
f 4752 4751 4840
f 4725 4814 4815
f 4804 4893 4894
f 4778 4867 4868
f 4752 4841 4842
f 4727 4726 4815
f 4805 4894 4895
f 4780 4779 4868
f 4754 4753 4842
f 4727 4816 4817
f 4806 4895 4896
f 4780 4869 4870
f 4754 4843 4844
f 4728 4817 4818
f 4807 4896 4897
f 4782 4781 4870
f 4755 4844 4845
f 4729 4818 4819
f 4782 4871 4872
f 4757 4756 4845
f 4731 4730 4819
f 4783 4872 4873
f 4757 4846 4847
f 4731 4820 4821
f 4784 4873 4874
f 4758 4847 4848
f 4733 4732 4821
f 4785 4874 4875
f 4760 4759 4848
f 4734 4733 4822
f 4787 4786 4875
f 4760 4849 4850
f 4735 4734 4823
f 4787 4876 4877
f 4761 4850 4851
f 4736 4735 4824
f 4788 4877 4878
f 4763 4762 4851
f 4737 4736 4825
f 4841 4840 4929
f 4814 4903 4904
f 4893 4982 4983
f 4867 4956 4957
f 4841 4930 4931
f 4816 4815 4904
f 4894 4983 4984
f 4869 4868 4957
f 4843 4842 4931
f 4817 4816 4905
f 4896 4895 4984
f 4869 4958 4959
f 4844 4843 4932
f 4817 4906 4907
f 4896 4985 4986
f 4871 4870 4959
f 4844 4933 4934
f 4818 4907 4908
f 4871 4960 4961
f 4846 4845 4934
f 4820 4819 4908
f 4872 4961 4962
f 4846 4935 4936
f 4820 4909 4910
f 4873 4962 4963
f 4847 4936 4937
f 4821 4910 4911
f 4874 4963 4964
f 4849 4848 4937
f 4823 4822 4911
f 4876 4875 4964
f 4849 4938 4939
f 4824 4823 4912
f 4877 4876 4965
f 4850 4939 4940
f 4824 4913 4914
f 4877 4966 4967
f 4852 4851 4940
f 4826 4825 4914
f 4878 4967 4968
f 4852 4941 4942
f 4826 4915 4916
f 4880 4879 4968
f 4854 4853 4942
f 4828 4827 4916
f 4880 4969 4970
f 4854 4943 4944
f 4829 4828 4917
f 4881 4970 4971
f 4856 4855 4944
f 4829 4918 4919
f 4882 4971 4972
f 4857 4856 4945
f 4830 4919 4920
f 4883 4972 4973
f 4857 4946 4947
f 4832 4831 4920
f 4885 4884 4973
f 4859 4858 4947
f 4833 4832 4921
f 4886 4885 4974
f 4860 4859 4948
f 4834 4833 4922
f 4886 4975 4976
f 4860 4949 4950
f 4835 4834 4923
f 4888 4887 4976
f 4862 4861 4950
f 4835 4924 4925
f 4809 4898 4899
f 4888 4977 4978
f 4862 4951 4952
f 4837 4836 4925
f 4810 4899 4900
f 4890 4889 4978
f 4863 4952 4953
f 4837 4926 4927
f 4812 4811 4900
f 4890 4979 4980
f 4865 4864 4953
f 4839 4838 4927
f 4813 4812 4901
f 4892 4891 4980
f 4865 4954 4955
f 4840 4839 4928
f 4814 4813 4902
f 4892 4981 4982
f 4866 4955 4956
f 4984 5073 5074
f 4958 5047 5048
f 4933 4932 5021
f 4907 4906 4995
f 4985 5074 5075
f 4960 4959 5048
f 4933 5022 5023
f 4907 4996 4997
f 4960 5049 5050
f 4935 4934 5023
f 4909 4908 4997
f 4961 5050 5051
f 4935 5024 5025
f 4909 4998 4999
f 4962 5051 5052
f 4936 5025 5026
f 4910 4999 5000
f 4963 5052 5053
f 4938 4937 5026
f 4912 4911 5000
f 4965 4964 5053
f 4938 5027 5028
f 4913 4912 5001
f 4966 4965 5054
f 4939 5028 5029
f 4913 5002 5003
f 4966 5055 5056
f 4941 4940 5029
f 4915 4914 5003
f 4967 5056 5057
f 4941 5030 5031
f 4915 5004 5005
f 4969 4968 5057
f 4943 4942 5031
f 4917 4916 5005
f 4969 5058 5059
f 4943 5032 5033
f 4918 4917 5006
f 4970 5059 5060
f 4945 4944 5033
f 4918 5007 5008
f 4971 5060 5061
f 4946 4945 5034
f 4919 5008 5009
f 4972 5061 5062
f 4946 5035 5036
f 4921 4920 5009
f 4974 4973 5062
f 4948 4947 5036
f 4922 4921 5010
f 4975 4974 5063
f 4948 5037 5038
f 4923 4922 5011
f 4975 5064 5065
f 4949 5038 5039
f 4924 4923 5012
f 4977 4976 5065
f 4951 4950 5039
f 4924 5013 5014
f 4899 4898 4987
f 4977 5066 5067
f 4951 5040 5041
f 4926 4925 5014
f 4900 4899 4988
f 4979 4978 5067
f 4952 5041 5042
f 4926 5015 5016
f 4900 4989 4990
f 4979 5068 5069
f 4954 4953 5042
f 4928 4927 5016
f 4902 4901 4990
f 4981 4980 5069
f 4954 5043 5044
f 4929 4928 5017
f 4903 4902 4991
f 4981 5070 5071
f 4955 5044 5045
f 4930 4929 5018
f 4903 4992 4993
f 4982 5071 5072
f 4956 5045 5046
f 4930 5019 5020
f 4905 4904 4993
f 4983 5072 5073
f 4958 4957 5046
f 4932 4931 5020
f 4905 4994 4995
f 5049 5138 5139
f 5024 5023 5112
f 4998 4997 5086
f 5050 5139 5140
f 5024 5113 5114
f 4998 5087 5088
f 5051 5140 5141
f 5025 5114 5115
f 5000 4999 5088
f 5052 5141 5142
f 5027 5026 5115
f 5001 5000 5089
f 5054 5053 5142
f 5027 5116 5117
f 5002 5001 5090
f 5054 5143 5144
f 5028 5117 5118
f 5003 5002 5091
f 5055 5144 5145
f 5030 5029 5118
f 5004 5003 5092
f 5056 5145 5146
f 5030 5119 5120
f 5004 5093 5094
f 5058 5057 5146
f 5032 5031 5120
f 5005 5094 5095
f 5058 5147 5148
f 5032 5121 5122
f 5007 5006 5095
f 5059 5148 5149
f 5034 5033 5122
f 5007 5096 5097
f 5060 5149 5150
f 5035 5034 5123
f 5008 5097 5098
f 5061 5150 5151
f 5035 5124 5125
f 5010 5009 5098
f 5063 5062 5151
f 5037 5036 5125
f 5011 5010 5099
f 5064 5063 5152
f 5037 5126 5127
f 5012 5011 5100
f 5064 5153 5154
f 5038 5127 5128
f 5013 5012 5101
f 5066 5065 5154
f 5040 5039 5128
f 5013 5102 5103
f 4987 5076 5077
f 5066 5155 5156
f 5040 5129 5130
f 5015 5014 5103
f 4988 5077 5078
f 5067 5156 5157
f 5041 5130 5131
f 5015 5104 5105
f 4989 5078 5079
f 5068 5157 5158
f 5043 5042 5131
f 5017 5016 5105
f 4991 4990 5079
f 5070 5069 5158
f 5043 5132 5133
f 5018 5017 5106
f 4991 5080 5081
f 5071 5070 5159
f 5044 5133 5134
f 5019 5018 5107
f 4992 5081 5082
f 5071 5160 5161
f 5045 5134 5135
f 5019 5108 5109
f 4994 4993 5082
f 5072 5161 5162
f 5047 5046 5135
f 5021 5020 5109
f 4994 5083 5084
f 5073 5162 5163
f 5047 5136 5137
f 5022 5021 5110
f 4996 4995 5084
f 5074 5163 5164
f 5049 5048 5137
f 5022 5111 5112
f 4996 5085 5086
f 5088 5177 5178
f 5141 5230 5231
f 5116 5115 5204
f 5090 5089 5178
f 5143 5142 5231
f 5116 5205 5206
f 5091 5090 5179
f 5143 5232 5233
f 5118 5117 5206
f 5092 5091 5180
f 5144 5233 5234
f 5119 5118 5207
f 5093 5092 5181
f 5145 5234 5235
f 5119 5208 5209
f 5093 5182 5183
f 5147 5146 5235
f 5121 5120 5209
f 5094 5183 5184
f 5147 5236 5237
f 5121 5210 5211
f 5096 5095 5184
f 5148 5237 5238
f 5122 5211 5212
f 5096 5185 5186
f 5149 5238 5239
f 5124 5123 5212
f 5097 5186 5187
f 5150 5239 5240
f 5124 5213 5214
f 5099 5098 5187
f 5152 5151 5240
f 5125 5214 5215
f 5100 5099 5188
f 5153 5152 5241
f 5127 5126 5215
f 5101 5100 5189
f 5153 5242 5243
f 5127 5216 5217
f 5102 5101 5190
f 5155 5154 5243
f 5129 5128 5217
f 5102 5191 5192
f 5076 5165 5166
f 5155 5244 5245
f 5129 5218 5219
f 5104 5103 5192
f 5077 5166 5167
f 5157 5156 5245
f 5130 5219 5220
f 5104 5193 5194
f 5078 5167 5168
f 5157 5246 5247
f 5132 5131 5220
f 5106 5105 5194
f 5080 5079 5168
f 5159 5158 5247
f 5132 5221 5222
f 5107 5106 5195
f 5080 5169 5170
f 5159 5248 5249
f 5133 5222 5223
f 5108 5107 5196
f 5081 5170 5171
f 5161 5160 5249
f 5134 5223 5224
f 5108 5197 5198
f 5083 5082 5171
f 5162 5161 5250
f 5136 5135 5224
f 5110 5109 5198
f 5083 5172 5173
f 5162 5251 5252
f 5136 5225 5226
f 5111 5110 5199
f 5085 5084 5173
f 5163 5252 5253
f 5138 5137 5226
f 5111 5200 5201
f 5085 5174 5175
f 5138 5227 5228
f 5113 5112 5201
f 5087 5086 5175
f 5139 5228 5229
f 5113 5202 5203
f 5087 5176 5177
f 5140 5229 5230
f 5115 5114 5203
f 5232 5321 5322
f 5206 5295 5296
f 5181 5180 5269
f 5233 5322 5323
f 5208 5207 5296
f 5181 5270 5271
f 5235 5234 5323
f 5208 5297 5298
f 5182 5271 5272
f 5236 5235 5324
f 5210 5209 5298
f 5183 5272 5273
f 5237 5236 5325
f 5210 5299 5300
f 5185 5184 5273
f 5237 5326 5327
f 5211 5300 5301
f 5185 5274 5275
f 5238 5327 5328
f 5213 5212 5301
f 5186 5275 5276
f 5239 5328 5329
f 5213 5302 5303
f 5188 5187 5276
f 5241 5240 5329
f 5214 5303 5304
f 5189 5188 5277
f 5242 5241 5330
f 5215 5304 5305
f 5190 5189 5278
f 5242 5331 5332
f 5216 5305 5306
f 5191 5190 5279
f 5244 5243 5332
f 5218 5217 5306
f 5191 5280 5281
f 5165 5254 5255
f 5244 5333 5334
f 5218 5307 5308
f 5193 5192 5281
f 5166 5255 5256
f 5246 5245 5334
f 5219 5308 5309
f 5193 5282 5283
f 5167 5256 5257
f 5246 5335 5336
f 5221 5220 5309
f 5195 5194 5283
f 5169 5168 5257
f 5248 5247 5336
f 5221 5310 5311
f 5196 5195 5284
f 5169 5258 5259
f 5248 5337 5338
f 5222 5311 5312
f 5197 5196 5285
f 5170 5259 5260
f 5249 5338 5339
f 5223 5312 5313
f 5197 5286 5287
f 5172 5171 5260
f 5250 5339 5340
f 5225 5224 5313
f 5199 5198 5287
f 5172 5261 5262
f 5251 5340 5341
f 5225 5314 5315
f 5200 5199 5288
f 5174 5173 5262
f 5252 5341 5342
f 5227 5226 5315
f 5200 5289 5290
f 5174 5263 5264
f 5227 5316 5317
f 5202 5201 5290
f 5176 5175 5264
f 5228 5317 5318
f 5203 5202 5291
f 5176 5265 5266
f 5229 5318 5319
f 5204 5203 5292
f 5177 5266 5267
f 5230 5319 5320
f 5205 5204 5293
f 5179 5178 5267
f 5232 5231 5320
f 5205 5294 5295
f 5180 5179 5268
f 5297 5386 5387
f 5272 5271 5360
f 5324 5413 5414
f 5299 5298 5387
f 5272 5361 5362
f 5326 5325 5414
f 5299 5388 5389
f 5274 5273 5362
f 5326 5415 5416
f 5301 5300 5389
f 5274 5363 5364
f 5327 5416 5417
f 5302 5301 5390
f 5275 5364 5365
f 5328 5417 5418
f 5302 5391 5392
f 5277 5276 5365
f 5330 5329 5418
f 5303 5392 5393
f 5278 5277 5366
f 5331 5330 5419
f 5304 5393 5394
f 5278 5367 5368
f 5331 5420 5421
f 5305 5394 5395
f 5280 5279 5368
f 5333 5332 5421
f 5307 5306 5395
f 5280 5369 5370
f 5255 5254 5343
f 5333 5422 5423
f 5307 5396 5397
f 5282 5281 5370
f 5256 5255 5344
f 5335 5334 5423
f 5308 5397 5398
f 5282 5371 5372
f 5256 5345 5346
f 5335 5424 5425
f 5310 5309 5398
f 5284 5283 5372
f 5257 5346 5347
f 5337 5336 5425
f 5310 5399 5400
f 5285 5284 5373
f 5258 5347 5348
f 5337 5426 5427
f 5311 5400 5401
f 5286 5285 5374
f 5259 5348 5349
f 5338 5427 5428
f 5312 5401 5402
f 5286 5375 5376
f 5261 5260 5349
f 5339 5428 5429
f 5314 5313 5402
f 5288 5287 5376
f 5261 5350 5351
f 5340 5429 5430
f 5314 5403 5404
f 5289 5288 5377
f 5263 5262 5351
f 5341 5430 5431
f 5316 5315 5404
f 5289 5378 5379
f 5263 5352 5353
f 5316 5405 5406
f 5291 5290 5379
f 5265 5264 5353
f 5317 5406 5407
f 5292 5291 5380
f 5265 5354 5355
f 5318 5407 5408
f 5293 5292 5381
f 5266 5355 5356
f 5319 5408 5409
f 5294 5293 5382
f 5268 5267 5356
f 5321 5320 5409
f 5294 5383 5384
f 5269 5268 5357
f 5322 5321 5410
f 5295 5384 5385
f 5270 5269 5358
f 5322 5411 5412
f 5297 5296 5385
f 5270 5359 5360
f 5324 5323 5412
f 5415 5504 5505
f 5389 5478 5479
f 5363 5452 5453
f 5416 5505 5506
f 5391 5390 5479
f 5364 5453 5454
f 5417 5506 5507
f 5391 5480 5481
f 5366 5365 5454
f 5419 5418 5507
f 5392 5481 5482
f 5367 5366 5455
f 5420 5419 5508
f 5393 5482 5483
f 5367 5456 5457
f 5420 5509 5510
f 5394 5483 5484
f 5369 5368 5457
f 5422 5421 5510
f 5396 5395 5484
f 5369 5458 5459
f 5344 5343 5432
f 5422 5511 5512
f 5396 5485 5486
f 5371 5370 5459
f 5345 5344 5433
f 5424 5423 5512
f 5397 5486 5487
f 5371 5460 5461
f 5346 5345 5434
f 5424 5513 5514
f 5399 5398 5487
f 5373 5372 5461
f 5347 5346 5435
f 5426 5425 5514
f 5399 5488 5489
f 5374 5373 5462
f 5348 5347 5436
f 5426 5515 5516
f 5400 5489 5490
f 5375 5374 5463
f 5348 5437 5438
f 5427 5516 5517
f 5401 5490 5491
f 5375 5464 5465
f 5350 5349 5438
f 5428 5517 5518
f 5403 5402 5491
f 5377 5376 5465
f 5350 5439 5440
f 5429 5518 5519
f 5403 5492 5493
f 5377 5466 5467
f 5351 5440 5441
f 5430 5519 5520
f 5405 5404 5493
f 5378 5467 5468
f 5352 5441 5442
f 5405 5494 5495
f 5380 5379 5468
f 5354 5353 5442
f 5407 5406 5495
f 5381 5380 5469
f 5354 5443 5444
f 5407 5496 5497
f 5381 5470 5471
f 5355 5444 5445
f 5408 5497 5498
f 5383 5382 5471
f 5357 5356 5445
f 5410 5409 5498
f 5383 5472 5473
f 5358 5357 5446
f 5410 5499 5500
f 5385 5384 5473
f 5359 5358 5447
f 5411 5500 5501
f 5386 5385 5474
f 5359 5448 5449
f 5413 5412 5501
f 5386 5475 5476
f 5360 5449 5450
f 5414 5413 5502
f 5388 5387 5476
f 5361 5450 5451
f 5415 5414 5503
f 5388 5477 5478
f 5363 5362 5451
f 5506 5595 5596
f 5480 5569 5570
f 5455 5454 5543
f 5508 5507 5596
f 5481 5570 5571
f 5456 5455 5544
f 5509 5508 5597
f 5482 5571 5572
f 5456 5545 5546
f 5509 5598 5599
f 5483 5572 5573
f 5458 5457 5546
f 5511 5510 5599
f 5485 5484 5573
f 5458 5547 5548
f 5433 5432 5521
f 5511 5600 5601
f 5485 5574 5575
f 5460 5459 5548
f 5433 5522 5523
f 5512 5601 5602
f 5486 5575 5576
f 5460 5549 5550
f 5434 5523 5524
f 5513 5602 5603
f 5488 5487 5576
f 5462 5461 5550
f 5436 5435 5524
f 5515 5514 5603
f 5488 5577 5578
f 5463 5462 5551
f 5437 5436 5525
f 5515 5604 5605
f 5489 5578 5579
f 5464 5463 5552
f 5437 5526 5527
f 5516 5605 5606
f 5490 5579 5580
f 5464 5553 5554
f 5439 5438 5527
f 5517 5606 5607
f 5492 5491 5580
f 5466 5465 5554
f 5439 5528 5529
f 5518 5607 5608
f 5492 5581 5582
f 5467 5466 5555
f 5441 5440 5529
f 5520 5519 5608
f 5494 5493 5582
f 5467 5556 5557
f 5441 5530 5531
f 5494 5583 5584
f 5469 5468 5557
f 5443 5442 5531
f 5496 5495 5584
f 5470 5469 5558
f 5443 5532 5533
f 5496 5585 5586
f 5470 5559 5560
f 5444 5533 5534
f 5497 5586 5587
f 5472 5471 5560
f 5446 5445 5534
f 5499 5498 5587
f 5472 5561 5562
f 5447 5446 5535
f 5500 5499 5588
f 5474 5473 5562
f 5448 5447 5536
f 5500 5589 5590
f 5475 5474 5563
f 5448 5537 5538
f 5502 5501 5590
f 5475 5564 5565
f 5449 5538 5539
f 5503 5502 5591
f 5477 5476 5565
f 5450 5539 5540
f 5503 5592 5593
f 5477 5566 5567
f 5452 5451 5540
f 5504 5593 5594
f 5478 5567 5568
f 5452 5541 5542
f 5505 5594 5595
f 5480 5479 5568
f 5453 5542 5543
f 5545 5634 5635
f 5598 5687 5688
f 5572 5661 5662
f 5547 5546 5635
f 5600 5599 5688
f 5574 5573 5662
f 5547 5636 5637
f 5522 5521 5610
f 5600 5689 5690
f 5574 5663 5664
f 5549 5548 5637
f 5522 5611 5612
f 5602 5601 5690
f 5575 5664 5665
f 5549 5638 5639
f 5524 5523 5612
f 5602 5691 5692
f 5577 5576 5665
f 5551 5550 5639
f 5525 5524 5613
f 5604 5603 5692
f 5577 5666 5667
f 5552 5551 5640
f 5526 5525 5614
f 5604 5693 5694
f 5578 5667 5668
f 5553 5552 5641
f 5526 5615 5616
f 5605 5694 5695
f 5579 5668 5669
f 5553 5642 5643
f 5528 5527 5616
f 5606 5695 5696
f 5581 5580 5669
f 5555 5554 5643
f 5528 5617 5618
f 5607 5696 5697
f 5581 5670 5671
f 5555 5644 5645
f 5530 5529 5618
f 5608 5697 5698
f 5583 5582 5671
f 5556 5645 5646
f 5530 5619 5620
f 5583 5672 5673
f 5558 5557 5646
f 5532 5531 5620
f 5585 5584 5673
f 5559 5558 5647
f 5532 5621 5622
f 5585 5674 5675
f 5559 5648 5649
f 5533 5622 5623
f 5586 5675 5676
f 5561 5560 5649
f 5535 5534 5623
f 5588 5587 5676
f 5561 5650 5651
f 5536 5535 5624
f 5589 5588 5677
f 5563 5562 5651
f 5537 5536 5625
f 5589 5678 5679
f 5564 5563 5652
f 5537 5626 5627
f 5591 5590 5679
f 5564 5653 5654
f 5538 5627 5628
f 5591 5680 5681
f 5566 5565 5654
f 5539 5628 5629
f 5592 5681 5682
f 5566 5655 5656
f 5541 5540 5629
f 5593 5682 5683
f 5567 5656 5657
f 5541 5630 5631
f 5594 5683 5684
f 5569 5568 5657
f 5542 5631 5632
f 5595 5684 5685
f 5569 5658 5659
f 5544 5543 5632
f 5597 5596 5685
f 5571 5570 5659
f 5545 5544 5633
f 5598 5597 5686
f 5571 5660 5661
f 5631 5720 5721
f 5684 5773 5774
f 5658 5747 5748
f 5633 5632 5721
f 5686 5685 5774
f 5660 5659 5748
f 5634 5633 5722
f 5687 5686 5775
f 5660 5749 5750
f 5635 5634 5723
f 5687 5776 5777
f 5661 5750 5751
f 5636 5635 5724
f 5689 5688 5777
f 5663 5662 5751
f 5636 5725 5726
f 5610 5699 5700
f 5689 5778 5779
f 5663 5752 5753
f 5638 5637 5726
f 5611 5700 5701
f 5691 5690 5779
f 5664 5753 5754
f 5638 5727 5728
f 5612 5701 5702
f 5691 5780 5781
f 5666 5665 5754
f 5640 5639 5728
f 5614 5613 5702
f 5693 5692 5781
f 5666 5755 5756
f 5641 5640 5729
f 5615 5614 5703
f 5693 5782 5783
f 5667 5756 5757
f 5642 5641 5730
f 5615 5704 5705
f 5694 5783 5784
f 5668 5757 5758
f 5642 5731 5732
f 5617 5616 5705
f 5695 5784 5785
f 5670 5669 5758
f 5644 5643 5732
f 5617 5706 5707
f 5697 5696 5785
f 5670 5759 5760
f 5645 5644 5733
f 5619 5618 5707
f 5698 5697 5786
f 5672 5671 5760
f 5645 5734 5735
f 5619 5708 5709
f 5672 5761 5762
f 5647 5646 5735
f 5621 5620 5709
f 5673 5762 5763
f 5648 5647 5736
f 5621 5710 5711
f 5674 5763 5764
f 5648 5737 5738
f 5622 5711 5712
f 5675 5764 5765
f 5650 5649 5738
f 5624 5623 5712
f 5677 5676 5765
f 5650 5739 5740
f 5625 5624 5713
f 5678 5677 5766
f 5652 5651 5740
f 5626 5625 5714
f 5678 5767 5768
f 5653 5652 5741
f 5627 5626 5715
f 5680 5679 5768
f 5653 5742 5743
f 5627 5716 5717
f 5680 5769 5770
f 5655 5654 5743
f 5628 5717 5718
f 5681 5770 5771
f 5655 5744 5745
f 5630 5629 5718
f 5682 5771 5772
f 5656 5745 5746
f 5630 5719 5720
f 5683 5772 5773
f 5658 5657 5746
f 5776 5775 5864
f 5749 5838 5839
f 5724 5723 5812
f 5776 5865 5866
f 5750 5839 5840
f 5725 5724 5813
f 5778 5777 5866
f 5752 5751 5840
f 5725 5814 5815
f 5700 5699 5788
f 5778 5867 5868
f 5752 5841 5842
f 5727 5726 5815
f 5701 5700 5789
f 5779 5868 5869
f 5753 5842 5843
f 5727 5816 5817
f 5701 5790 5791
f 5780 5869 5870
f 5755 5754 5843
f 5729 5728 5817
f 5703 5702 5791
f 5782 5781 5870
f 5755 5844 5845
f 5730 5729 5818
f 5704 5703 5792
f 5782 5871 5872
f 5756 5845 5846
f 5731 5730 5819
f 5704 5793 5794
f 5783 5872 5873
f 5757 5846 5847
f 5731 5820 5821
f 5706 5705 5794
f 5784 5873 5874
f 5759 5758 5847
f 5733 5732 5821
f 5706 5795 5796
f 5785 5874 5875
f 5759 5848 5849
f 5734 5733 5822
f 5708 5707 5796
f 5786 5875 5876
f 5761 5760 5849
f 5734 5823 5824
f 5708 5797 5798
f 5761 5850 5851
f 5736 5735 5824
f 5710 5709 5798
f 5762 5851 5852
f 5737 5736 5825
f 5710 5799 5800
f 5763 5852 5853
f 5737 5826 5827
f 5711 5800 5801
f 5764 5853 5854
f 5739 5738 5827
f 5713 5712 5801
f 5766 5765 5854
f 5739 5828 5829
f 5714 5713 5802
f 5767 5766 5855
f 5741 5740 5829
f 5715 5714 5803
f 5767 5856 5857
f 5742 5741 5830
f 5715 5804 5805
f 5769 5768 5857
f 5742 5831 5832
f 5716 5805 5806
f 5770 5769 5858
f 5744 5743 5832
f 5717 5806 5807
f 5771 5770 5859
f 5744 5833 5834
f 5719 5718 5807
f 5771 5860 5861
f 5745 5834 5835
f 5719 5808 5809
f 5772 5861 5862
f 5747 5746 5835
f 5720 5809 5810
f 5773 5862 5863
f 5747 5836 5837
f 5722 5721 5810
f 5775 5774 5863
f 5749 5748 5837
f 5723 5722 5811
f 5841 5840 5929
f 5814 5903 5904
f 5789 5788 5877
f 5867 5956 5957
f 5841 5930 5931
f 5816 5815 5904
f 5789 5878 5879
f 5869 5868 5957
f 5842 5931 5932
f 5816 5905 5906
f 5790 5879 5880
f 5869 5958 5959
f 5844 5843 5932
f 5818 5817 5906
f 5791 5880 5881
f 5871 5870 5959
f 5844 5933 5934
f 5819 5818 5907
f 5792 5881 5882
f 5872 5871 5960
f 5845 5934 5935
f 5820 5819 5908
f 5793 5882 5883
f 5872 5961 5962
f 5846 5935 5936
f 5820 5909 5910
f 5795 5794 5883
f 5874 5873 5962
f 5848 5847 5936
f 5822 5821 5910
f 5795 5884 5885
f 5874 5963 5964
f 5848 5937 5938
f 5823 5822 5911
f 5797 5796 5885
f 5875 5964 5965
f 5850 5849 5938
f 5823 5912 5913
f 5798 5797 5886
f 5850 5939 5940
f 5825 5824 5913
f 5799 5798 5887
f 5851 5940 5941
f 5826 5825 5914
f 5799 5888 5889
f 5852 5941 5942
f 5826 5915 5916
f 5800 5889 5890
f 5853 5942 5943
f 5828 5827 5916
f 5802 5801 5890
f 5855 5854 5943
f 5828 5917 5918
f 5803 5802 5891
f 5856 5855 5944
f 5830 5829 5918
f 5804 5803 5892
f 5856 5945 5946
f 5831 5830 5919
f 5804 5893 5894
f 5858 5857 5946
f 5831 5920 5921
f 5805 5894 5895
f 5859 5858 5947
f 5833 5832 5921
f 5806 5895 5896
f 5860 5859 5948
f 5833 5922 5923
f 5808 5807 5896
f 5860 5949 5950
f 5834 5923 5924
f 5808 5897 5898
f 5861 5950 5951
f 5836 5835 5924
f 5809 5898 5899
f 5862 5951 5952
f 5836 5925 5926
f 5811 5810 5899
f 5864 5863 5952
f 5837 5926 5927
f 5812 5811 5900
f 5865 5864 5953
f 5838 5927 5928
f 5813 5812 5901
f 5865 5954 5955
f 5839 5928 5929
f 5814 5813 5902
f 5866 5955 5956
f 5880 5879 5968
f 5958 6047 6048
f 5933 5932 6021
f 5907 5906 5995
f 5881 5880 5969
f 5960 5959 6048
f 5933 6022 6023
f 5908 5907 5996
f 5882 5881 5970
f 5960 6049 6050
f 5934 6023 6024
f 5909 5908 5997
f 5882 5971 5972
f 5961 6050 6051
f 5935 6024 6025
f 5909 5998 5999
f 5884 5883 5972
f 5962 6051 6052
f 5937 5936 6025
f 5911 5910 5999
f 5884 5973 5974
f 5963 6052 6053
f 5937 6026 6027
f 5912 5911 6000
f 5886 5885 5974
f 5964 6053 6054
f 5939 5938 6027
f 5912 6001 6002
f 5887 5886 5975
f 5939 6028 6029
f 5914 5913 6002
f 5888 5887 5976
f 5941 5940 6029
f 5915 5914 6003
f 5888 5977 5978
f 5941 6030 6031
f 5915 6004 6005
f 5889 5978 5979
f 5942 6031 6032
f 5917 5916 6005
f 5891 5890 5979
f 5944 5943 6032
f 5917 6006 6007
f 5892 5891 5980
f 5944 6033 6034
f 5919 5918 6007
f 5893 5892 5981
f 5945 6034 6035
f 5920 5919 6008
f 5893 5982 5983
f 5947 5946 6035
f 5920 6009 6010
f 5894 5983 5984
f 5948 5947 6036
f 5922 5921 6010
f 5895 5984 5985
f 5948 6037 6038
f 5922 6011 6012
f 5897 5896 5985
f 5949 6038 6039
f 5923 6012 6013
f 5897 5986 5987
f 5950 6039 6040
f 5925 5924 6013
f 5898 5987 5988
f 5951 6040 6041
f 5925 6014 6015
f 5900 5899 5988
f 5953 5952 6041
f 5927 5926 6015
f 5901 5900 5989
f 5954 5953 6042
f 5927 6016 6017
f 5901 5990 5991
f 5954 6043 6044
f 5928 6017 6018
f 5903 5902 5991
f 5955 6044 6045
f 5930 5929 6018
f 5903 5992 5993
f 5877 5966 5967
f 5956 6045 6046
f 5930 6019 6020
f 5905 5904 5993
f 5879 5878 5967
f 5958 5957 6046
f 5931 6020 6021
f 5905 5994 5995
f 6049 6138 6139
f 6023 6112 6113
f 5998 5997 6086
f 5971 6060 6061
f 6050 6139 6140
f 6024 6113 6114
f 5998 6087 6088
f 5973 5972 6061
f 6051 6140 6141
f 6026 6025 6114
f 6000 5999 6088
f 5973 6062 6063
f 6052 6141 6142
f 6026 6115 6116
f 6000 6089 6090
f 5975 5974 6063
f 6054 6053 6142
f 6028 6027 6116
f 6001 6090 6091
f 5976 5975 6064
f 6028 6117 6118
f 6003 6002 6091
f 5977 5976 6065
f 6029 6118 6119
f 6004 6003 6092
f 5977 6066 6067
f 6030 6119 6120
f 6004 6093 6094
f 5978 6067 6068
f 6031 6120 6121
f 6006 6005 6094
f 5980 5979 6068
f 6033 6032 6121
f 6006 6095 6096
f 5981 5980 6069
f 6034 6033 6122
f 6008 6007 6096
f 5982 5981 6070
f 6034 6123 6124
f 6009 6008 6097
f 5982 6071 6072
f 6036 6035 6124
f 6009 6098 6099
f 5983 6072 6073
f 6036 6125 6126
f 6011 6010 6099
f 5984 6073 6074
f 6037 6126 6127
f 6011 6100 6101
f 5986 5985 6074
f 6038 6127 6128
f 6012 6101 6102
f 5986 6075 6076
f 6039 6128 6129
f 6014 6013 6102
f 5987 6076 6077
f 6040 6129 6130
f 6014 6103 6104
f 5989 5988 6077
f 6042 6041 6130
f 6016 6015 6104
f 5990 5989 6078
f 6043 6042 6131
f 6016 6105 6106
f 5991 5990 6079
f 6043 6132 6133
f 6017 6106 6107
f 5992 5991 6080
f 6044 6133 6134
f 6019 6018 6107
f 5992 6081 6082
f 5966 6055 6056
f 6045 6134 6135
f 6019 6108 6109
f 5994 5993 6082
f 5967 6056 6057
f 6047 6046 6135
f 6020 6109 6110
f 5994 6083 6084
f 5969 5968 6057
f 6047 6136 6137
f 6022 6021 6110
f 5996 5995 6084
f 5970 5969 6058
f 6049 6048 6137
f 6022 6111 6112
f 5997 5996 6085
f 5971 5970 6059
f 6089 6088 6177
f 6062 6151 6152
f 6141 6230 6231
f 6115 6204 6205
f 6089 6178 6179
f 6064 6063 6152
f 6142 6231 6232
f 6117 6116 6205
f 6090 6179 6180
f 6064 6153 6154
f 6117 6206 6207
f 6092 6091 6180
f 6066 6065 6154
f 6119 6118 6207
f 6093 6092 6181
f 6066 6155 6156
f 6119 6208 6209
f 6093 6182 6183
f 6067 6156 6157
f 6120 6209 6210
f 6095 6094 6183
f 6069 6068 6157
f 6122 6121 6210
f 6095 6184 6185
f 6070 6069 6158
f 6123 6122 6211
f 6097 6096 6185
f 6071 6070 6159
f 6123 6212 6213
f 6098 6097 6186
f 6071 6160 6161
f 6125 6124 6213
f 6098 6187 6188
f 6073 6072 6161
f 6125 6214 6215
f 6100 6099 6188
f 6073 6162 6163
f 6127 6126 6215
f 6100 6189 6190
f 6075 6074 6163
f 6127 6216 6217
f 6101 6190 6191
f 6075 6164 6165
f 6128 6217 6218
f 6103 6102 6191
f 6076 6165 6166
f 6129 6218 6219
f 6103 6192 6193
f 6078 6077 6166
f 6131 6130 6219
f 6105 6104 6193
f 6079 6078 6167
f 6132 6131 6220
f 6105 6194 6195
f 6079 6168 6169
f 6132 6221 6222
f 6106 6195 6196
f 6081 6080 6169
f 6134 6133 6222
f 6108 6107 6196
f 6081 6170 6171
f 6056 6055 6144
f 6134 6223 6224
f 6108 6197 6198
f 6083 6082 6171
f 6057 6056 6145
f 6136 6135 6224
f 6109 6198 6199
f 6083 6172 6173
f 6058 6057 6146
f 6136 6225 6226
f 6111 6110 6199
f 6085 6084 6173
f 6059 6058 6147
f 6138 6137 6226
f 6111 6200 6201
f 6086 6085 6174
f 6059 6148 6149
f 6139 6138 6227
f 6112 6201 6202
f 6087 6086 6175
f 6060 6149 6150
f 6139 6228 6229
f 6113 6202 6203
f 6087 6176 6177
f 6062 6061 6150
f 6140 6229 6230
f 6115 6114 6203
f 6206 6295 6296
f 6181 6180 6269
f 6155 6154 6243
f 6207 6296 6297
f 6182 6181 6270
f 6155 6244 6245
f 6208 6297 6298
f 6182 6271 6272
f 6156 6245 6246
f 6209 6298 6299
f 6184 6183 6272
f 6158 6157 6246
f 6211 6210 6299
f 6184 6273 6274
f 6159 6158 6247
f 6212 6211 6300
f 6186 6185 6274
f 6160 6159 6248
f 6212 6301 6302
f 6187 6186 6275
f 6160 6249 6250
f 6214 6213 6302
f 6187 6276 6277
f 6161 6250 6251
f 6215 6214 6303
f 6189 6188 6277
f 6162 6251 6252
f 6216 6215 6304
f 6189 6278 6279
f 6164 6163 6252
f 6216 6305 6306
f 6190 6279 6280
f 6164 6253 6254
f 6217 6306 6307
f 6192 6191 6280
f 6165 6254 6255
f 6218 6307 6308
f 6192 6281 6282
f 6167 6166 6255
f 6220 6219 6308
f 6194 6193 6282
f 6168 6167 6256
f 6221 6220 6309
f 6194 6283 6284
f 6169 6168 6257
f 6221 6310 6311
f 6195 6284 6285
f 6170 6169 6258
f 6223 6222 6311
f 6197 6196 6285
f 6170 6259 6260
f 6144 6233 6234
f 6223 6312 6313
f 6197 6286 6287
f 6172 6171 6260
f 6146 6145 6234
f 6225 6224 6313
f 6198 6287 6288
f 6172 6261 6262
f 6146 6235 6236
f 6225 6314 6315
f 6200 6199 6288
f 6174 6173 6262
f 6148 6147 6236
f 6227 6226 6315
f 6200 6289 6290
f 6175 6174 6263
f 6149 6148 6237
f 6227 6316 6317
f 6201 6290 6291
f 6176 6175 6264
f 6149 6238 6239
f 6228 6317 6318
f 6202 6291 6292
f 6176 6265 6266
f 6151 6150 6239
f 6229 6318 6319
f 6204 6203 6292
f 6178 6177 6266
f 6151 6240 6241
f 6230 6319 6320
f 6204 6293 6294
f 6178 6267 6268
f 6153 6152 6241
f 6231 6320 6321
f 6206 6205 6294
f 6179 6268 6269
f 6153 6242 6243
f 6297 6386 6387
f 6271 6360 6361
f 6245 6334 6335
f 6298 6387 6388
f 6273 6272 6361
f 6247 6246 6335
f 6300 6299 6388
f 6273 6362 6363
f 6248 6247 6336
f 6301 6300 6389
f 6275 6274 6363
f 6249 6248 6337
f 6301 6390 6391
f 6276 6275 6364
f 6250 6249 6338
f 6303 6302 6391
f 6276 6365 6366
f 6251 6250 6339
f 6303 6392 6393
f 6278 6277 6366
f 6251 6340 6341
f 6304 6393 6394
f 6278 6367 6368
f 6253 6252 6341
f 6305 6394 6395
f 6279 6368 6369
f 6253 6342 6343
f 6306 6395 6396
f 6281 6280 6369
f 6254 6343 6344
f 6307 6396 6397
f 6281 6370 6371
f 6256 6255 6344
f 6308 6397 6398
f 6283 6282 6371
f 6257 6256 6345
f 6310 6309 6398
f 6283 6372 6373
f 6257 6346 6347
f 6310 6399 6400
f 6284 6373 6374
f 6259 6258 6347
f 6312 6311 6400
f 6286 6285 6374
f 6259 6348 6349
f 6234 6233 6322
f 6312 6401 6402
f 6286 6375 6376
f 6261 6260 6349
f 6235 6234 6323
f 6313 6402 6403
f 6287 6376 6377
f 6261 6350 6351
f 6236 6235 6324
f 6314 6403 6404
f 6289 6288 6377
f 6263 6262 6351
f 6237 6236 6325
f 6316 6315 6404
f 6289 6378 6379
f 6264 6263 6352
f 6238 6237 6326
f 6316 6405 6406
f 6290 6379 6380
f 6265 6264 6353
f 6238 6327 6328
f 6317 6406 6407
f 6291 6380 6381
f 6265 6354 6355
f 6240 6239 6328
f 6318 6407 6408
f 6293 6292 6381
f 6267 6266 6355
f 6240 6329 6330
f 6320 6319 6408
f 6293 6382 6383
f 6268 6267 6356
f 6242 6241 6330
f 6320 6409 6410
f 6295 6294 6383
f 6268 6357 6358
f 6242 6331 6332
f 6295 6384 6385
f 6270 6269 6358
f 6244 6243 6332
f 6296 6385 6386
f 6271 6270 6359
f 6244 6333 6334
f 6337 6336 6425
f 6390 6389 6478
f 6364 6363 6452
f 6338 6337 6426
f 6390 6479 6480
f 6365 6364 6453
f 6339 6338 6427
f 6392 6391 6480
f 6365 6454 6455
f 6340 6339 6428
f 6392 6481 6482
f 6367 6366 6455
f 6340 6429 6430
f 6393 6482 6483
f 6367 6456 6457
f 6342 6341 6430
f 6395 6394 6483
f 6368 6457 6458
f 6342 6431 6432
f 6395 6484 6485
f 6370 6369 6458
f 6343 6432 6433
f 6396 6485 6486
f 6370 6459 6460
f 6345 6344 6433
f 6398 6397 6486
f 6372 6371 6460
f 6346 6345 6434
f 6399 6398 6487
f 6372 6461 6462
f 6347 6346 6435
f 6399 6488 6489
f 6373 6462 6463
f 6348 6347 6436
f 6401 6400 6489
f 6375 6374 6463
f 6348 6437 6438
f 6322 6411 6412
f 6401 6490 6491
f 6376 6375 6464
f 6350 6349 6438
f 6323 6412 6413
f 6403 6402 6491
f 6376 6465 6466
f 6350 6439 6440
f 6325 6324 6413
f 6403 6492 6493
f 6378 6377 6466
f 6352 6351 6440
f 6326 6325 6414
f 6405 6404 6493
f 6378 6467 6468
f 6353 6352 6441
f 6327 6326 6415
f 6405 6494 6495
f 6379 6468 6469
f 6354 6353 6442
f 6327 6416 6417
f 6406 6495 6496
f 6380 6469 6470
f 6354 6443 6444
f 6329 6328 6417
f 6407 6496 6497
f 6382 6381 6470
f 6356 6355 6444
f 6329 6418 6419
f 6409 6408 6497
f 6382 6471 6472
f 6356 6445 6446
f 6331 6330 6419
f 6409 6498 6499
f 6384 6383 6472
f 6357 6446 6447
f 6331 6420 6421
f 6384 6473 6474
f 6359 6358 6447
f 6333 6332 6421
f 6385 6474 6475
f 6360 6359 6448
f 6333 6422 6423
f 6386 6475 6476
f 6360 6449 6450
f 6334 6423 6424
f 6387 6476 6477
f 6362 6361 6450
f 6336 6335 6424
f 6389 6388 6477
f 6362 6451 6452
f 6479 6568 6569
f 6454 6453 6542
f 6428 6427 6516
f 6481 6480 6569
f 6454 6543 6544
f 6428 6517 6518
f 6482 6481 6570
f 6456 6455 6544
f 6429 6518 6519
f 6482 6571 6572
f 6456 6545 6546
f 6431 6430 6519
f 6483 6572 6573
f 6457 6546 6547
f 6431 6520 6521
f 6484 6573 6574
f 6459 6458 6547
f 6432 6521 6522
f 6485 6574 6575
f 6459 6548 6549
f 6434 6433 6522
f 6486 6575 6576
f 6460 6549 6550
f 6435 6434 6523
f 6488 6487 6576
f 6461 6550 6551
f 6435 6524 6525
f 6488 6577 6578
f 6462 6551 6552
f 6437 6436 6525
f 6490 6489 6578
f 6464 6463 6552
f 6437 6526 6527
f 6411 6500 6501
f 6490 6579 6580
f 6464 6553 6554
f 6439 6438 6527
f 6412 6501 6502
f 6492 6491 6580
f 6465 6554 6555
f 6439 6528 6529
f 6414 6413 6502
f 6492 6581 6582
f 6467 6466 6555
f 6441 6440 6529
f 6415 6414 6503
f 6494 6493 6582
f 6467 6556 6557
f 6442 6441 6530
f 6416 6415 6504
f 6494 6583 6584
f 6468 6557 6558
f 6443 6442 6531
f 6416 6505 6506
f 6495 6584 6585
f 6469 6558 6559
f 6443 6532 6533
f 6418 6417 6506
f 6497 6496 6585
f 6471 6470 6559
f 6445 6444 6533
f 6418 6507 6508
f 6498 6497 6586
f 6471 6560 6561
f 6446 6445 6534
f 6420 6419 6508
f 6499 6498 6587
f 6473 6472 6561
f 6446 6535 6536
f 6420 6509 6510
f 6473 6562 6563
f 6448 6447 6536
f 6422 6421 6510
f 6475 6474 6563
f 6449 6448 6537
f 6422 6511 6512
f 6475 6564 6565
f 6449 6538 6539
f 6423 6512 6513
f 6476 6565 6566
f 6451 6450 6539
f 6425 6424 6513
f 6478 6477 6566
f 6451 6540 6541
f 6426 6425 6514
f 6479 6478 6567
f 6453 6452 6541
f 6427 6426 6515
f 6545 6544 6633
f 6518 6607 6608
f 6571 6660 6661
f 6545 6634 6635
f 6520 6519 6608
f 6572 6661 6662
f 6546 6635 6636
f 6520 6609 6610
f 6573 6662 6663
f 6548 6547 6636
f 6521 6610 6611
f 6574 6663 6664
f 6548 6637 6638
f 6523 6522 6611
f 6576 6575 6664
f 6549 6638 6639
f 6524 6523 6612
f 6577 6576 6665
f 6550 6639 6640
f 6524 6613 6614
f 6577 6666 6667
f 6551 6640 6641
f 6526 6525 6614
f 6579 6578 6667
f 6553 6552 6641
f 6526 6615 6616
f 6501 6500 6589
f 6579 6668 6669
f 6554 6553 6642
f 6528 6527 6616
f 6502 6501 6590
f 6581 6580 6669
f 6554 6643 6644
f 6528 6617 6618
f 6503 6502 6591
f 6581 6670 6671
f 6556 6555 6644
f 6530 6529 6618
f 6504 6503 6592
f 6583 6582 6671
f 6556 6645 6646
f 6531 6530 6619
f 6505 6504 6593
f 6583 6672 6673
f 6557 6646 6647
f 6532 6531 6620
f 6505 6594 6595
f 6584 6673 6674
f 6558 6647 6648
f 6532 6621 6622
f 6507 6506 6595
f 6586 6585 6674
f 6560 6559 6648
f 6534 6533 6622
f 6507 6596 6597
f 6586 6675 6676
f 6560 6649 6650
f 6534 6623 6624
f 6509 6508 6597
f 6587 6676 6677
f 6562 6561 6650
f 6535 6624 6625
f 6509 6598 6599
f 6562 6651 6652
f 6537 6536 6625
f 6511 6510 6599
f 6564 6563 6652
f 6538 6537 6626
f 6511 6600 6601
f 6564 6653 6654
f 6539 6538 6627
f 6512 6601 6602
f 6565 6654 6655
f 6540 6539 6628
f 6514 6513 6602
f 6567 6566 6655
f 6540 6629 6630
f 6515 6514 6603
f 6568 6567 6656
f 6542 6541 6630
f 6516 6515 6604
f 6568 6657 6658
f 6543 6542 6631
f 6517 6516 6605
f 6570 6569 6658
f 6543 6632 6633
f 6517 6606 6607
f 6571 6570 6659
f 6662 6751 6752
f 6637 6636 6725
f 6610 6699 6700
f 6663 6752 6753
f 6637 6726 6727
f 6612 6611 6700
f 6664 6753 6754
f 6638 6727 6728
f 6613 6612 6701
f 6666 6665 6754
f 6639 6728 6729
f 6613 6702 6703
f 6666 6755 6756
f 6640 6729 6730
f 6615 6614 6703
f 6668 6667 6756
f 6642 6641 6730
f 6615 6704 6705
f 6590 6589 6678
f 6668 6757 6758
f 6643 6642 6731
f 6617 6616 6705
f 6590 6679 6680
f 6670 6669 6758
f 6643 6732 6733
f 6617 6706 6707
f 6591 6680 6681
f 6670 6759 6760
f 6645 6644 6733
f 6619 6618 6707
f 6593 6592 6681
f 6672 6671 6760
f 6645 6734 6735
f 6620 6619 6708
f 6593 6682 6683
f 6672 6761 6762
f 6646 6735 6736
f 6621 6620 6709
f 6594 6683 6684
f 6674 6673 6762
f 6647 6736 6737
f 6621 6710 6711
f 6596 6595 6684
f 6674 6763 6764
f 6649 6648 6737
f 6623 6622 6711
f 6596 6685 6686
f 6675 6764 6765
f 6649 6738 6739
f 6623 6712 6713
f 6598 6597 6686
f 6676 6765 6766
f 6651 6650 6739
f 6624 6713 6714
f 6598 6687 6688
f 6651 6740 6741
f 6626 6625 6714
f 6600 6599 6688
f 6653 6652 6741
f 6627 6626 6715
f 6600 6689 6690
f 6653 6742 6743
f 6628 6627 6716
f 6601 6690 6691
f 6654 6743 6744
f 6629 6628 6717
f 6603 6602 6691
f 6656 6655 6744
f 6629 6718 6719
f 6604 6603 6692
f 6657 6656 6745
f 6631 6630 6719
f 6605 6604 6693
f 6657 6746 6747
f 6632 6631 6720
f 6606 6605 6694
f 6659 6658 6747
f 6632 6721 6722
f 6606 6695 6696
f 6660 6659 6748
f 6634 6633 6722
f 6607 6696 6697
f 6660 6749 6750
f 6634 6723 6724
f 6609 6608 6697
f 6661 6750 6751
f 6635 6724 6725
f 6609 6698 6699
f 6754 6753 6842
f 6727 6816 6817
f 6702 6701 6790
f 6755 6754 6843
f 6729 6728 6817
f 6702 6791 6792
f 6755 6844 6845
f 6729 6818 6819
f 6704 6703 6792
f 6757 6756 6845
f 6731 6730 6819
f 6704 6793 6794
f 6678 6767 6768
f 6757 6846 6847
f 6732 6731 6820
f 6706 6705 6794
f 6680 6679 6768
f 6759 6758 6847
f 6732 6821 6822
f 6706 6795 6796
f 6680 6769 6770
f 6759 6848 6849
f 6734 6733 6822
f 6708 6707 6796
f 6682 6681 6770
f 6761 6760 6849
f 6734 6823 6824
f 6709 6708 6797
f 6682 6771 6772
f 6761 6850 6851
f 6735 6824 6825
f 6710 6709 6798
f 6683 6772 6773
f 6763 6762 6851
f 6736 6825 6826
f 6710 6799 6800
f 6685 6684 6773
f 6763 6852 6853
f 6738 6737 6826
f 6712 6711 6800
f 6685 6774 6775
f 6764 6853 6854
f 6738 6827 6828
f 6712 6801 6802
f 6687 6686 6775
f 6765 6854 6855
f 6740 6739 6828
f 6713 6802 6803
f 6687 6776 6777
f 6740 6829 6830
f 6715 6714 6803
f 6689 6688 6777
f 6742 6741 6830
f 6715 6804 6805
f 6689 6778 6779
f 6742 6831 6832
f 6717 6716 6805
f 6690 6779 6780
f 6743 6832 6833
f 6718 6717 6806
f 6692 6691 6780
f 6745 6744 6833
f 6718 6807 6808
f 6693 6692 6781
f 6746 6745 6834
f 6720 6719 6808
f 6694 6693 6782
f 6746 6835 6836
f 6721 6720 6809
f 6695 6694 6783
f 6748 6747 6836
f 6721 6810 6811
f 6695 6784 6785
f 6748 6837 6838
f 6723 6722 6811
f 6696 6785 6786
f 6750 6749 6838
f 6723 6812 6813
f 6698 6697 6786
f 6750 6839 6840
f 6724 6813 6814
f 6698 6787 6788
f 6751 6840 6841
f 6726 6725 6814
f 6699 6788 6789
f 6752 6841 6842
f 6726 6815 6816
f 6701 6700 6789
f 6793 6792 6881
f 6846 6845 6934
f 6820 6819 6908
f 6793 6882 6883
f 6768 6767 6856
f 6846 6935 6936
f 6821 6820 6909
f 6795 6794 6883
f 6769 6768 6857
f 6848 6847 6936
f 6821 6910 6911
f 6795 6884 6885
f 6769 6858 6859
f 6848 6937 6938
f 6823 6822 6911
f 6797 6796 6885
f 6771 6770 6859
f 6850 6849 6938
f 6823 6912 6913
f 6798 6797 6886
f 6772 6771 6860
f 6850 6939 6940
f 6824 6913 6914
f 6799 6798 6887
f 6772 6861 6862
f 6851 6940 6941
f 6825 6914 6915
f 6799 6888 6889
f 6774 6773 6862
f 6852 6941 6942
f 6827 6826 6915
f 6801 6800 6889
f 6774 6863 6864
f 6853 6942 6943
f 6827 6916 6917
f 6801 6890 6891
f 6776 6775 6864
f 6854 6943 6944
f 6829 6828 6917
f 6802 6891 6892
f 6776 6865 6866
f 6829 6918 6919
f 6804 6803 6892
f 6778 6777 6866
f 6831 6830 6919
f 6804 6893 6894
f 6778 6867 6868
f 6831 6920 6921
f 6806 6805 6894
f 6779 6868 6869
f 6832 6921 6922
f 6807 6806 6895
f 6781 6780 6869
f 6834 6833 6922
f 6807 6896 6897
f 6781 6870 6871
f 6835 6834 6923
f 6809 6808 6897
f 6783 6782 6871
f 6835 6924 6925
f 6810 6809 6898
f 6784 6783 6872
f 6837 6836 6925
f 6810 6899 6900
f 6784 6873 6874
f 6838 6837 6926
f 6812 6811 6900
f 6785 6874 6875
f 6838 6927 6928
f 6812 6901 6902
f 6787 6786 6875
f 6839 6928 6929
f 6813 6902 6903
f 6787 6876 6877
f 6840 6929 6930
f 6815 6814 6903
f 6788 6877 6878
f 6841 6930 6931
f 6815 6904 6905
f 6790 6789 6878
f 6843 6842 6931
f 6816 6905 6906
f 6791 6790 6879
f 6844 6843 6932
f 6818 6817 6906
f 6791 6880 6881
f 6844 6933 6934
f 6818 6907 6908
f 6937 6936 7025
f 6910 6999 7000
f 6884 6973 6974
f 6858 6947 6948
f 6937 7026 7027
f 6912 6911 7000
f 6886 6885 6974
f 6859 6948 6949
f 6939 6938 7027
f 6912 7001 7002
f 6887 6886 6975
f 6861 6860 6949
f 6939 7028 7029
f 6913 7002 7003
f 6887 6976 6977
f 6861 6950 6951
f 6940 7029 7030
f 6914 7003 7004
f 6888 6977 6978
f 6863 6862 6951
f 6942 6941 7030
f 6916 6915 7004
f 6890 6889 6978
f 6863 6952 6953
f 6943 6942 7031
f 6916 7005 7006
f 6890 6979 6980
f 6865 6864 6953
f 6943 7032 7033
f 6918 6917 7006
f 6891 6980 6981
f 6865 6954 6955
f 6918 7007 7008
f 6893 6892 6981
f 6867 6866 6955
f 6920 6919 7008
f 6893 6982 6983
f 6867 6956 6957
f 6920 7009 7010
f 6895 6894 6983
f 6868 6957 6958
f 6921 7010 7011
f 6896 6895 6984
f 6870 6869 6958
f 6923 6922 7011
f 6896 6985 6986
f 6871 6870 6959
f 6924 6923 7012
f 6898 6897 6986
f 6871 6960 6961
f 6924 7013 7014
f 6899 6898 6987
f 6873 6872 6961
f 6926 6925 7014
f 6899 6988 6989
f 6873 6962 6963
f 6927 6926 7015
f 6901 6900 6989
f 6874 6963 6964
f 6927 7016 7017
f 6901 6990 6991
f 6876 6875 6964
f 6928 7017 7018
f 6902 6991 6992
f 6876 6965 6966
f 6929 7018 7019
f 6904 6903 6992
f 6877 6966 6967
f 6930 7019 7020
f 6904 6993 6994
f 6879 6878 6967
f 6931 7020 7021
f 6905 6994 6995
f 6880 6879 6968
f 6933 6932 7021
f 6906 6995 6996
f 6880 6969 6970
f 6933 7022 7023
f 6907 6996 6997
f 6882 6881 6970
f 6935 6934 7023
f 6909 6908 6997
f 6882 6971 6972
f 6856 6945 6946
f 6935 7024 7025
f 6910 6909 6998
f 6884 6883 6972
f 6857 6946 6947
f 7001 7090 7091
f 6976 6975 7064
f 6950 6949 7038
f 7028 7117 7118
f 7002 7091 7092
f 6977 6976 7065
f 6950 7039 7040
f 7029 7118 7119
f 7003 7092 7093
f 6977 7066 7067
f 6952 6951 7040
f 7030 7119 7120
f 7005 7004 7093
f 6979 6978 7067
f 6952 7041 7042
f 7031 7120 7121
f 7005 7094 7095
f 6979 7068 7069
f 6954 6953 7042
f 7032 7121 7122
f 7007 7006 7095
f 6980 7069 7070
f 6954 7043 7044
f 7007 7096 7097
f 6982 6981 7070
f 6956 6955 7044
f 7008 7097 7098
f 6982 7071 7072
f 6956 7045 7046
f 7009 7098 7099
f 6984 6983 7072
f 6958 6957 7046
f 7010 7099 7100
f 6985 6984 7073
f 6959 6958 7047
f 7012 7011 7100
f 6985 7074 7075
f 6960 6959 7048
f 7013 7012 7101
f 6987 6986 7075
f 6960 7049 7050
f 7013 7102 7103
f 6988 6987 7076
f 6962 6961 7050
f 7015 7014 7103
f 6988 7077 7078
f 6962 7051 7052
f 7016 7015 7104
f 6990 6989 7078
f 6963 7052 7053
f 7016 7105 7106
f 6990 7079 7080
f 6965 6964 7053
f 7017 7106 7107
f 6991 7080 7081
f 6965 7054 7055
f 7018 7107 7108
f 6993 6992 7081
f 6966 7055 7056
f 7019 7108 7109
f 6993 7082 7083
f 6968 6967 7056
f 7020 7109 7110
f 6994 7083 7084
f 6969 6968 7057
f 7022 7021 7110
f 6996 6995 7084
f 6970 6969 7058
f 7022 7111 7112
f 6996 7085 7086
f 6971 6970 7059
f 7024 7023 7112
f 6998 6997 7086
f 6971 7060 7061
f 6946 6945 7034
f 7024 7113 7114
f 6999 6998 7087
f 6973 6972 7061
f 6947 6946 7035
f 7026 7025 7114
f 6999 7088 7089
f 6973 7062 7063
f 6947 7036 7037
f 7026 7115 7116
f 7001 7000 7089
f 6975 6974 7063
f 6949 6948 7037
f 7028 7027 7116
f 7041 7040 7129
f 7119 7208 7209
f 7094 7093 7182
f 7068 7067 7156
f 7041 7130 7131
f 7120 7209 7210
f 7094 7183 7184
f 7068 7157 7158
f 7043 7042 7131
f 7121 7210 7211
f 7095 7184 7185
f 7069 7158 7159
f 7043 7132 7133
f 7096 7185 7186
f 7071 7070 7159
f 7045 7044 7133
f 7097 7186 7187
f 7071 7160 7161
f 7045 7134 7135
f 7098 7187 7188
f 7073 7072 7161
f 7046 7135 7136
f 7099 7188 7189
f 7074 7073 7162
f 7048 7047 7136
f 7101 7100 7189
f 7074 7163 7164
f 7049 7048 7137
f 7102 7101 7190
f 7075 7164 7165
f 7050 7049 7138
f 7102 7191 7192
f 7077 7076 7165
f 7051 7050 7139
f 7104 7103 7192
f 7077 7166 7167
f 7051 7140 7141
f 7105 7104 7193
f 7079 7078 7167
f 7052 7141 7142
f 7105 7194 7195
f 7079 7168 7169
f 7054 7053 7142
f 7106 7195 7196
f 7080 7169 7170
f 7054 7143 7144
f 7107 7196 7197
f 7082 7081 7170
f 7055 7144 7145
f 7108 7197 7198
f 7082 7171 7172
f 7057 7056 7145
f 7110 7109 7198
f 7083 7172 7173
f 7058 7057 7146
f 7111 7110 7199
f 7085 7084 7173
f 7058 7147 7148
f 7111 7200 7201
f 7085 7174 7175
f 7060 7059 7148
f 7113 7112 7201
f 7087 7086 7175
f 7061 7060 7149
f 7034 7123 7124
f 7113 7202 7203
f 7087 7176 7177
f 7062 7061 7150
f 7035 7124 7125
f 7115 7114 7203
f 7088 7177 7178
f 7062 7151 7152
f 7036 7125 7126
f 7115 7204 7205
f 7090 7089 7178
f 7064 7063 7152
f 7038 7037 7126
f 7117 7116 7205
f 7090 7179 7180
f 7065 7064 7153
f 7039 7038 7127
f 7117 7206 7207
f 7091 7180 7181
f 7066 7065 7154
f 7039 7128 7129
f 7118 7207 7208
f 7092 7181 7182
f 7066 7155 7156
f 7210 7300 7301
f 7184 7274 7275
f 7158 7248 7249
f 7132 7222 7223
f 7186 7185 7275
f 7160 7159 7249
f 7134 7133 7223
f 7186 7276 7277
f 7160 7250 7251
f 7134 7224 7225
f 7187 7277 7278
f 7162 7161 7251
f 7136 7135 7225
f 7188 7278 7279
f 7163 7162 7252
f 7137 7136 7226
f 7190 7189 7279
f 7163 7253 7254
f 7138 7137 7227
f 7190 7280 7281
f 7164 7254 7255
f 7139 7138 7228
f 7191 7281 7282
f 7166 7165 7255
f 7140 7139 7229
f 7192 7282 7283
f 7166 7256 7257
f 7140 7230 7231
f 7194 7193 7283
f 7168 7167 7257
f 7142 7141 7231
f 7194 7284 7285
f 7168 7258 7259
f 7143 7142 7232
f 7195 7285 7286
f 7169 7259 7260
f 7143 7233 7234
f 7196 7286 7287
f 7171 7170 7260
f 7144 7234 7235
f 7197 7287 7288
f 7171 7261 7262
f 7146 7145 7235
f 7198 7288 7289
f 7172 7262 7263
f 7147 7146 7236
f 7200 7199 7289
f 7174 7173 7263
f 7148 7147 7237
f 7200 7290 7291
f 7174 7264 7265
f 7148 7238 7239
f 7202 7201 7291
f 7176 7175 7265
f 7150 7149 7239
f 7124 7123 7213
f 7202 7292 7293
f 7176 7266 7267
f 7151 7150 7240
f 7125 7124 7214
f 7204 7203 7293
f 7177 7267 7268
f 7151 7241 7242
f 7125 7215 7216
f 7204 7294 7295
f 7179 7178 7268
f 7153 7152 7242
f 7127 7126 7216
f 7206 7205 7295
f 7180 7179 7269
f 7154 7153 7243
f 7128 7127 7217
f 7206 7296 7297
f 7180 7270 7271
f 7154 7244 7245
f 7128 7218 7219
f 7207 7297 7298
f 7181 7271 7272
f 7155 7245 7246
f 7130 7129 7219
f 7208 7298 7299
f 7183 7182 7272
f 7157 7156 7246
f 7130 7220 7221
f 7209 7299 7300
f 7183 7273 7274
f 7158 7157 7247
f 7132 7131 7221
f 7233 7322 7323
f 7286 7375 7376
f 7261 7260 7349
f 7234 7323 7324
f 7287 7376 7377
f 7261 7350 7351
f 7236 7235 7324
f 7288 7377 7378
f 7262 7351 7352
f 7237 7236 7325
f 7290 7289 7378
f 7264 7263 7352
f 7238 7237 7326
f 7290 7379 7380
f 7264 7353 7354
f 7238 7327 7328
f 7292 7291 7380
f 7266 7265 7354
f 7240 7239 7328
f 7213 7302 7303
f 7292 7381 7382
f 7266 7355 7356
f 7241 7240 7329
f 7214 7303 7304
f 7293 7382 7383
f 7267 7356 7357
f 7241 7330 7331
f 7215 7304 7305
f 7294 7383 7384
f 7269 7268 7357
f 7243 7242 7331
f 7217 7216 7305
f 7296 7295 7384
f 7269 7358 7359
f 7244 7243 7332
f 7218 7217 7306
f 7296 7385 7386
f 7270 7359 7360
f 7244 7333 7334
f 7218 7307 7308
f 7297 7386 7387
f 7271 7360 7361
f 7245 7334 7335
f 7220 7219 7308
f 7298 7387 7388
f 7273 7272 7361
f 7247 7246 7335
f 7220 7309 7310
f 7299 7388 7389
f 7273 7362 7363
f 7247 7336 7337
f 7222 7221 7310
f 7300 7389 7390
f 7274 7363 7364
f 7248 7337 7338
f 7222 7311 7312
f 7276 7275 7364
f 7250 7249 7338
f 7224 7223 7312
f 7276 7365 7366
f 7250 7339 7340
f 7224 7313 7314
f 7277 7366 7367
f 7252 7251 7340
f 7226 7225 7314
f 7278 7367 7368
f 7253 7252 7341
f 7227 7226 7315
f 7280 7279 7368
f 7253 7342 7343
f 7228 7227 7316
f 7281 7280 7369
f 7255 7254 7343
f 7229 7228 7317
f 7281 7370 7371
f 7256 7255 7344
f 7230 7229 7318
f 7282 7371 7372
f 7256 7345 7346
f 7230 7319 7320
f 7284 7283 7372
f 7258 7257 7346
f 7232 7231 7320
f 7284 7373 7374
f 7258 7347 7348
f 7233 7232 7321
f 7285 7374 7375
f 7259 7348 7349
f 7377 7466 7467
f 7351 7440 7441
f 7326 7325 7414
f 7379 7378 7467
f 7352 7441 7442
f 7327 7326 7415
f 7379 7468 7469
f 7353 7442 7443
f 7327 7416 7417
f 7381 7380 7469
f 7355 7354 7443
f 7329 7328 7417
f 7303 7302 7391
f 7381 7470 7471
f 7355 7444 7445
f 7330 7329 7418
f 7303 7392 7393
f 7383 7382 7471
f 7356 7445 7446
f 7330 7419 7420
f 7304 7393 7394
f 7383 7472 7473
f 7358 7357 7446
f 7332 7331 7420
f 7306 7305 7394
f 7385 7384 7473
f 7359 7358 7447
f 7333 7332 7421
f 7307 7306 7395
f 7385 7474 7475
f 7359 7448 7449
f 7333 7422 7423
f 7307 7396 7397
f 7386 7475 7476
f 7360 7449 7450
f 7334 7423 7424
f 7309 7308 7397
f 7387 7476 7477
f 7362 7361 7450
f 7336 7335 7424
f 7309 7398 7399
f 7388 7477 7478
f 7362 7451 7452
f 7336 7425 7426
f 7311 7310 7399
f 7389 7478 7479
f 7363 7452 7453
f 7337 7426 7427
f 7311 7400 7401
f 7365 7364 7453
f 7339 7338 7427
f 7313 7312 7401
f 7365 7454 7455
f 7340 7339 7428
f 7313 7402 7403
f 7366 7455 7456
f 7341 7340 7429
f 7314 7403 7404
f 7367 7456 7457
f 7342 7341 7430
f 7316 7315 7404
f 7369 7368 7457
f 7342 7431 7432
f 7316 7405 7406
f 7369 7458 7459
f 7343 7432 7433
f 7318 7317 7406
f 7370 7459 7460
f 7345 7344 7433
f 7319 7318 7407
f 7372 7371 7460
f 7345 7434 7435
f 7319 7408 7409
f 7373 7372 7461
f 7347 7346 7435
f 7320 7409 7410
f 7373 7462 7463
f 7347 7436 7437
f 7322 7321 7410
f 7374 7463 7464
f 7349 7348 7437
f 7322 7411 7412
f 7375 7464 7465
f 7350 7349 7438
f 7323 7412 7413
f 7376 7465 7466
f 7350 7439 7440
f 7325 7324 7413
f 7442 7531 7532
f 7416 7505 7506
f 7470 7469 7558
f 7444 7443 7532
f 7418 7417 7506
f 7392 7391 7480
f 7470 7559 7560
f 7444 7533 7534
f 7419 7418 7507
f 7393 7392 7481
f 7472 7471 7560
f 7445 7534 7535
f 7419 7508 7509
f 7394 7393 7482
f 7472 7561 7562
f 7447 7446 7535
f 7421 7420 7509
f 7395 7394 7483
f 7474 7473 7562
f 7448 7447 7536
f 7422 7421 7510
f 7396 7395 7484
f 7474 7563 7564
f 7448 7537 7538
f 7422 7511 7512
f 7396 7485 7486
f 7475 7564 7565
f 7449 7538 7539
f 7423 7512 7513
f 7398 7397 7486
f 7476 7565 7566
f 7451 7450 7539
f 7425 7424 7513
f 7398 7487 7488
f 7477 7566 7567
f 7451 7540 7541
f 7426 7425 7514
f 7400 7399 7488
f 7478 7567 7568
f 7452 7541 7542
f 7426 7515 7516
f 7400 7489 7490
f 7454 7453 7542
f 7428 7427 7516
f 7402 7401 7490
f 7454 7543 7544
f 7429 7428 7517
f 7402 7491 7492
f 7455 7544 7545
f 7430 7429 7518
f 7404 7403 7492
f 7456 7545 7546
f 7431 7430 7519
f 7405 7404 7493
f 7458 7457 7546
f 7431 7520 7521
f 7405 7494 7495
f 7458 7547 7548
f 7432 7521 7522
f 7407 7406 7495
f 7459 7548 7549
f 7434 7433 7522
f 7407 7496 7497
f 7461 7460 7549
f 7434 7523 7524
f 7408 7497 7498
f 7462 7461 7550
f 7436 7435 7524
f 7409 7498 7499
f 7462 7551 7552
f 7436 7525 7526
f 7411 7410 7499
f 7463 7552 7553
f 7438 7437 7526
f 7411 7500 7501
f 7464 7553 7554
f 7439 7438 7527
f 7412 7501 7502
f 7465 7554 7555
f 7439 7528 7529
f 7414 7413 7502
f 7466 7555 7556
f 7440 7529 7530
f 7415 7414 7503
f 7468 7467 7556
f 7441 7530 7531
f 7416 7415 7504
f 7468 7557 7558
f 7481 7570 7571
f 7560 7649 7650
f 7534 7623 7624
f 7508 7597 7598
f 7482 7571 7572
f 7561 7650 7651
f 7536 7535 7624
f 7510 7509 7598
f 7484 7483 7572
f 7563 7562 7651
f 7537 7536 7625
f 7511 7510 7599
f 7484 7573 7574
f 7563 7652 7653
f 7537 7626 7627
f 7511 7600 7601
f 7485 7574 7575
f 7564 7653 7654
f 7538 7627 7628
f 7512 7601 7602
f 7487 7486 7575
f 7566 7565 7654
f 7540 7539 7628
f 7514 7513 7602
f 7487 7576 7577
f 7566 7655 7656
f 7540 7629 7630
f 7515 7514 7603
f 7489 7488 7577
f 7567 7656 7657
f 7541 7630 7631
f 7515 7604 7605
f 7489 7578 7579
f 7543 7542 7631
f 7517 7516 7605
f 7491 7490 7579
f 7543 7632 7633
f 7518 7517 7606
f 7491 7580 7581
f 7544 7633 7634
f 7519 7518 7607
f 7493 7492 7581
f 7545 7634 7635
f 7520 7519 7608
f 7494 7493 7582
f 7547 7546 7635
f 7520 7609 7610
f 7495 7494 7583
f 7547 7636 7637
f 7522 7521 7610
f 7496 7495 7584
f 7548 7637 7638
f 7523 7522 7611
f 7496 7585 7586
f 7549 7638 7639
f 7523 7612 7613
f 7497 7586 7587
f 7551 7550 7639
f 7525 7524 7613
f 7499 7498 7587
f 7551 7640 7641
f 7525 7614 7615
f 7500 7499 7588
f 7552 7641 7642
f 7526 7615 7616
f 7500 7589 7590
f 7553 7642 7643
f 7528 7527 7616
f 7501 7590 7591
f 7554 7643 7644
f 7528 7617 7618
f 7503 7502 7591
f 7555 7644 7645
f 7529 7618 7619
f 7504 7503 7592
f 7557 7556 7645
f 7530 7619 7620
f 7505 7504 7593
f 7557 7646 7647
f 7531 7620 7621
f 7505 7594 7595
f 7559 7558 7647
f 7533 7532 7621
f 7507 7506 7595
f 7481 7480 7569
f 7559 7648 7649
f 7533 7622 7623
f 7508 7507 7596
f 7652 7651 7740
f 7626 7625 7714
f 7600 7599 7688
f 7574 7573 7662
f 7652 7741 7742
f 7626 7715 7716
f 7600 7689 7690
f 7574 7663 7664
f 7653 7742 7743
f 7627 7716 7717
f 7601 7690 7691
f 7576 7575 7664
f 7654 7743 7744
f 7629 7628 7717
f 7603 7602 7691
f 7577 7576 7665
f 7655 7744 7745
f 7629 7718 7719
f 7603 7692 7693
f 7578 7577 7666
f 7656 7745 7746
f 7630 7719 7720
f 7604 7693 7694
f 7578 7667 7668
f 7632 7631 7720
f 7606 7605 7694
f 7580 7579 7668
f 7632 7721 7722
f 7607 7606 7695
f 7580 7669 7670
f 7633 7722 7723
f 7608 7607 7696
f 7582 7581 7670
f 7634 7723 7724
f 7609 7608 7697
f 7583 7582 7671
f 7636 7635 7724
f 7609 7698 7699
f 7584 7583 7672
f 7637 7636 7725
f 7611 7610 7699
f 7585 7584 7673
f 7637 7726 7727
f 7612 7611 7700
f 7585 7674 7675
f 7638 7727 7728
f 7612 7701 7702
f 7586 7675 7676
f 7640 7639 7728
f 7614 7613 7702
f 7588 7587 7676
f 7640 7729 7730
f 7614 7703 7704
f 7589 7588 7677
f 7641 7730 7731
f 7615 7704 7705
f 7589 7678 7679
f 7642 7731 7732
f 7617 7616 7705
f 7590 7679 7680
f 7643 7732 7733
f 7617 7706 7707
f 7592 7591 7680
f 7644 7733 7734
f 7618 7707 7708
f 7593 7592 7681
f 7646 7645 7734
f 7619 7708 7709
f 7594 7593 7682
f 7646 7735 7736
f 7620 7709 7710
f 7594 7683 7684
f 7648 7647 7736
f 7622 7621 7710
f 7596 7595 7684
f 7569 7658 7659
f 7648 7737 7738
f 7623 7622 7711
f 7597 7596 7685
f 7570 7659 7660
f 7649 7738 7739
f 7623 7712 7713
f 7597 7686 7687
f 7571 7660 7661
f 7650 7739 7740
f 7625 7624 7713
f 7599 7598 7687
f 7572 7661 7662
f 7690 7779 7780
f 7665 7664 7753
f 7744 7743 7832
f 7718 7717 7806
f 7692 7691 7780
f 7665 7754 7755
f 7745 7744 7833
f 7718 7807 7808
f 7692 7781 7782
f 7667 7666 7755
f 7745 7834 7835
f 7719 7808 7809
f 7693 7782 7783
f 7667 7756 7757
f 7721 7720 7809
f 7695 7694 7783
f 7669 7668 7757
f 7721 7810 7811
f 7696 7695 7784
f 7669 7758 7759
f 7722 7811 7812
f 7696 7785 7786
f 7671 7670 7759
f 7723 7812 7813
f 7698 7697 7786
f 7672 7671 7760
f 7725 7724 7813
f 7698 7787 7788
f 7673 7672 7761
f 7725 7814 7815
f 7700 7699 7788
f 7674 7673 7762
f 7726 7815 7816
f 7701 7700 7789
f 7674 7763 7764
f 7727 7816 7817
f 7701 7790 7791
f 7675 7764 7765
f 7729 7728 7817
f 7703 7702 7791
f 7677 7676 7765
f 7730 7729 7818
f 7703 7792 7793
f 7678 7677 7766
f 7730 7819 7820
f 7704 7793 7794
f 7678 7767 7768
f 7731 7820 7821
f 7706 7705 7794
f 7679 7768 7769
f 7732 7821 7822
f 7706 7795 7796
f 7681 7680 7769
f 7733 7822 7823
f 7707 7796 7797
f 7681 7770 7771
f 7735 7734 7823
f 7708 7797 7798
f 7683 7682 7771
f 7735 7824 7825
f 7709 7798 7799
f 7683 7772 7773
f 7737 7736 7825
f 7711 7710 7799
f 7685 7684 7773
f 7658 7747 7748
f 7737 7826 7827
f 7712 7711 7800
f 7686 7685 7774
f 7659 7748 7749
f 7739 7738 7827
f 7712 7801 7802
f 7686 7775 7776
f 7660 7749 7750
f 7739 7828 7829
f 7714 7713 7802
f 7688 7687 7776
f 7662 7661 7750
f 7741 7740 7829
f 7715 7714 7803
f 7689 7688 7777
f 7663 7662 7751
f 7741 7830 7831
f 7715 7804 7805
f 7689 7778 7779
f 7663 7752 7753
f 7742 7831 7832
f 7716 7805 7806
f 7834 7923 7924
f 7808 7897 7898
f 7782 7871 7872
f 7756 7845 7846
f 7810 7809 7898
f 7784 7783 7872
f 7758 7757 7846
f 7810 7899 7900
f 7785 7784 7873
f 7758 7847 7848
f 7811 7900 7901
f 7785 7874 7875
f 7759 7848 7849
f 7812 7901 7902
f 7787 7786 7875
f 7761 7760 7849
f 7814 7813 7902
f 7787 7876 7877
f 7762 7761 7850
f 7814 7903 7904
f 7789 7788 7877
f 7763 7762 7851
f 7815 7904 7905
f 7790 7789 7878
f 7763 7852 7853
f 7816 7905 7906
f 7790 7879 7880
f 7764 7853 7854
f 7818 7817 7906
f 7792 7791 7880
f 7766 7765 7854
f 7819 7818 7907
f 7792 7881 7882
f 7767 7766 7855
f 7819 7908 7909
f 7793 7882 7883
f 7768 7767 7856
f 7820 7909 7910
f 7795 7794 7883
f 7768 7857 7858
f 7821 7910 7911
f 7795 7884 7885
f 7770 7769 7858
f 7823 7822 7911
f 7796 7885 7886
f 7770 7859 7860
f 7824 7823 7912
f 7797 7886 7887
f 7772 7771 7860
f 7824 7913 7914
f 7798 7887 7888
f 7772 7861 7862
f 7826 7825 7914
f 7800 7799 7888
f 7774 7773 7862
f 7748 7747 7836
f 7826 7915 7916
f 7801 7800 7889
f 7775 7774 7863
f 7748 7837 7838
f 7828 7827 7916
f 7801 7890 7891
f 7775 7864 7865
f 7749 7838 7839
f 7828 7917 7918
f 7803 7802 7891
f 7777 7776 7865
f 7751 7750 7839
f 7830 7829 7918
f 7804 7803 7892
f 7778 7777 7866
f 7752 7751 7840
f 7830 7919 7920
f 7804 7893 7894
f 7778 7867 7868
f 7752 7841 7842
f 7831 7920 7921
f 7805 7894 7895
f 7779 7868 7869
f 7754 7753 7842
f 7832 7921 7922
f 7807 7806 7895
f 7781 7780 7869
f 7754 7843 7844
f 7834 7833 7922
f 7807 7896 7897
f 7781 7870 7871
f 7755 7844 7845
f 7899 7988 7989
f 7874 7873 7962
f 7847 7936 7937
f 7901 7900 7989
f 7874 7963 7964
f 7848 7937 7938
f 7901 7990 7991
f 7876 7875 7964
f 7850 7849 7938
f 7903 7902 7991
f 7876 7965 7966
f 7851 7850 7939
f 7903 7992 7993
f 7878 7877 7966
f 7852 7851 7940
f 7904 7993 7994
f 7879 7878 7967
f 7853 7852 7941
f 7905 7994 7995
f 7879 7968 7969
f 7853 7942 7943
f 7907 7906 7995
f 7881 7880 7969
f 7854 7943 7944
f 7907 7996 7997
f 7881 7970 7971
f 7856 7855 7944
f 7908 7997 7998
f 7882 7971 7972
f 7857 7856 7945
f 7909 7998 7999
f 7884 7883 7972
f 7857 7946 7947
f 7910 7999 8000
f 7884 7973 7974
f 7859 7858 7947
f 7911 8000 8001
f 7885 7974 7975
f 7859 7948 7949
f 7913 7912 8001
f 7886 7975 7976
f 7861 7860 7949
f 7913 8002 8003
f 7887 7976 7977
f 7861 7950 7951
f 7915 7914 8003
f 7889 7888 7977
f 7863 7862 7951
f 7836 7925 7926
f 7915 8004 8005
f 7890 7889 7978
f 7864 7863 7952
f 7837 7926 7927
f 7917 7916 8005
f 7890 7979 7980
f 7864 7953 7954
f 7838 7927 7928
f 7917 8006 8007
f 7892 7891 7980
f 7866 7865 7954
f 7839 7928 7929
f 7919 7918 8007
f 7893 7892 7981
f 7867 7866 7955
f 7841 7840 7929
f 7919 8008 8009
f 7893 7982 7983
f 7867 7956 7957
f 7841 7930 7931
f 7921 7920 8009
f 7894 7983 7984
f 7868 7957 7958
f 7843 7842 7931
f 7922 7921 8010
f 7896 7895 7984
f 7870 7869 7958
f 7843 7932 7933
f 7922 8011 8012
f 7896 7985 7986
f 7870 7959 7960
f 7844 7933 7934
f 7924 7923 8012
f 7897 7986 7987
f 7871 7960 7961
f 7845 7934 7935
f 7899 7898 7987
f 7873 7872 7961
f 7847 7846 7935
