o UVSphere
v 0.000000 0.195090 0.980785
v 0.000000 0.290285 0.956940
v 0.000000 0.595699 0.803208
v 0.000000 0.671559 0.740951
v 0.000000 0.707107 0.707107
v 0.000000 0.740951 0.671559
v 0.000000 0.803208 0.595699
v 0.000000 0.831470 0.555570
v 0.000000 0.857729 0.514103
v 0.000000 0.881921 0.471397
v 0.000000 0.903989 0.427555
v 0.000000 0.923880 0.382683
v 0.000000 0.941544 0.336890
v 0.000000 0.956940 0.290285
v 0.000000 0.970031 0.242980
v 0.000000 0.989177 0.146730
v 0.000000 0.995185 0.098017
v 0.000000 0.998795 0.049068
v 0.000000 1.000000 0.000000
v 0.000000 0.995185 -0.098017
v 0.000000 0.989177 -0.146730
v 0.000000 0.970031 -0.242980
v 0.000000 0.956940 -0.290285
v 0.000000 0.923880 -0.382683
v 0.000000 0.903989 -0.427555
v 0.000000 0.881921 -0.471397
v 0.000000 0.857729 -0.514103
v 0.000000 0.831470 -0.555570
v 0.000000 0.803208 -0.595699
v 0.000000 0.740951 -0.671559
v 0.000000 0.707107 -0.707107
v 0.000000 0.671559 -0.740951
v 0.000000 0.634393 -0.773010
v 0.000000 0.595699 -0.803208
v 0.000000 0.514103 -0.857729
v 0.000000 0.471397 -0.881921
v 0.000000 0.427555 -0.903989
v 0.000000 0.382683 -0.923880
v 0.000000 0.336890 -0.941544
v 0.000000 0.290285 -0.956940
v 0.000000 0.195090 -0.980785
v 0.004809 0.048831 0.998795
v 0.009607 0.097545 0.995185
v 0.014382 0.146024 0.989177
v 0.019122 0.194151 0.980785
v 0.023816 0.241810 0.970031
v 0.028453 0.288887 0.956940
v 0.033021 0.335268 0.941544
v 0.037510 0.380841 0.923880
v 0.041908 0.425496 0.903989
v 0.046205 0.469127 0.881921
v 0.050391 0.511627 0.857729
v 0.054455 0.552895 0.831470
v 0.058389 0.592831 0.803208
v 0.062181 0.631339 0.773010
v 0.065824 0.668325 0.740951
v 0.069309 0.703702 0.707107
v 0.072626 0.737383 0.671559
v 0.075768 0.769288 0.634393
v 0.078728 0.799340 0.595699
v 0.081498 0.827466 0.555570
v 0.084072 0.853598 0.514103
v 0.086443 0.877675 0.471397
v 0.088606 0.899636 0.427555
v 0.090556 0.919431 0.382683
v 0.092287 0.937010 0.336890
v 0.093797 0.952332 0.290285
v 0.095080 0.965360 0.242980
v 0.096134 0.976062 0.195090
v 0.096956 0.984413 0.146730
v 0.097545 0.990393 0.098017
v 0.097899 0.993986 0.049068
v 0.098017 0.995185 0.000000
v 0.097899 0.993986 -0.049068
v 0.097545 0.990393 -0.098017
v 0.096956 0.984413 -0.146730
v 0.096134 0.976062 -0.195090
v 0.095080 0.965360 -0.242980
v 0.093797 0.952332 -0.290285
v 0.092287 0.937010 -0.336890
v 0.090556 0.919431 -0.382683
v 0.088606 0.899636 -0.427555
v 0.086443 0.877675 -0.471397
v 0.084072 0.853598 -0.514103
v 0.081498 0.827466 -0.555570
v 0.078728 0.799340 -0.595699
v 0.075768 0.769288 -0.634393
v 0.072626 0.737383 -0.671559
v 0.069309 0.703702 -0.707107
v 0.065824 0.668325 -0.740951
v 0.062181 0.631339 -0.773010
v 0.058389 0.592831 -0.803208
v 0.054455 0.552895 -0.831470
v 0.050391 0.511627 -0.857729
v 0.046205 0.469127 -0.881921
v 0.041908 0.425496 -0.903989
v 0.037510 0.380841 -0.923880
v 0.033021 0.335268 -0.941544
v 0.028453 0.288887 -0.956940
v 0.023816 0.241810 -0.970031
v 0.019122 0.194151 -0.980785
v 0.014382 0.146024 -0.989177
v 0.009607 0.097545 -0.995185
v 0.004809 0.048831 -0.998795
v 0.009573 0.048125 0.998795
v 0.019122 0.096134 0.995185
v 0.028626 0.143911 0.989177
v 0.038060 0.191342 0.980785
v 0.047403 0.238311 0.970031
v 0.056632 0.284707 0.956940
v 0.065724 0.330417 0.941544
v 0.074658 0.375330 0.923880
v 0.083412 0.419340 0.903989
v 0.091965 0.462339 0.881921
v 0.100296 0.504224 0.857729
v 0.108386 0.544895 0.831470
v 0.116215 0.584253 0.803208
v 0.123764 0.622204 0.773010
v 0.131015 0.658655 0.740951
v 0.137950 0.693520 0.707107
v 0.144552 0.726714 0.671559
v 0.150807 0.758157 0.634393
v 0.156698 0.787774 0.595699
v 0.162212 0.815493 0.555570
v 0.167335 0.841248 0.514103
v 0.172054 0.864975 0.471397
v 0.176360 0.886619 0.427555
v 0.180240 0.906127 0.382683
v 0.183686 0.923452 0.336890
v 0.186690 0.938553 0.290285
v 0.189244 0.951392 0.242980
v 0.191342 0.961940 0.195090
v 0.192979 0.970170 0.146730
v 0.194151 0.976062 0.098017
v 0.194855 0.979604 0.049068
v 0.195090 0.980785 0.000000
v 0.194855 0.979604 -0.049068
v 0.194151 0.976062 -0.098017
v 0.192979 0.970170 -0.146730
v 0.191342 0.961940 -0.195090
v 0.189244 0.951392 -0.242980
v 0.186690 0.938553 -0.290285
v 0.183686 0.923452 -0.336890
v 0.180240 0.906127 -0.382683
v 0.176360 0.886619 -0.427555
v 0.172054 0.864975 -0.471397
v 0.167335 0.841248 -0.514103
v 0.162212 0.815493 -0.555570
v 0.156698 0.787774 -0.595699
v 0.150807 0.758157 -0.634393
v 0.144552 0.726714 -0.671559
v 0.137950 0.693520 -0.707107
v 0.131015 0.658655 -0.740951
v 0.123764 0.622204 -0.773010
v 0.116215 0.584253 -0.803208
v 0.108386 0.544895 -0.831470
v 0.100296 0.504224 -0.857729
v 0.091965 0.462339 -0.881921
v 0.083412 0.419340 -0.903989
v 0.074658 0.375330 -0.923880
v 0.065724 0.330417 -0.941544
v 0.056632 0.284707 -0.956940
v 0.047403 0.238311 -0.970031
v 0.038060 0.191342 -0.980785
v 0.028626 0.143911 -0.989177
v 0.019122 0.096134 -0.995185
v 0.009573 0.048125 -0.998795
v 0.014244 0.046955 0.998795
v 0.028453 0.093797 0.995185
v 0.042594 0.140412 0.989177
v 0.056632 0.186690 0.980785
v 0.070533 0.232518 0.970031
v 0.084265 0.277785 0.956940
v 0.097794 0.322383 0.941544
v 0.111087 0.366205 0.923880
v 0.124113 0.409145 0.903989
v 0.136839 0.451099 0.881921
v 0.149236 0.491966 0.857729
v 0.161274 0.531648 0.831470
v 0.172922 0.570049 0.803208
v 0.184155 0.607077 0.773010
v 0.194943 0.642642 0.740951
v 0.205262 0.676659 0.707107
v 0.215087 0.709046 0.671559
v 0.224393 0.739725 0.634393
v 0.233159 0.768622 0.595699
v 0.241363 0.795667 0.555570
v 0.248985 0.820795 0.514103
v 0.256008 0.843946 0.471397
v 0.262414 0.865064 0.427555
v 0.268188 0.884098 0.382683
v 0.273316 0.901001 0.336890
v 0.277785 0.915735 0.290285
v 0.281585 0.928262 0.242980
v 0.284707 0.938553 0.195090
v 0.287143 0.946583 0.146730
v 0.288887 0.952332 0.098017
v 0.289935 0.955788 0.049068
v 0.290285 0.956940 0.000000
v 0.289935 0.955788 -0.049068
v 0.288887 0.952332 -0.098017
v 0.287143 0.946583 -0.146730
v 0.284707 0.938553 -0.195090
v 0.281585 0.928262 -0.242980
v 0.277785 0.915735 -0.290285
v 0.273316 0.901001 -0.336890
v 0.268188 0.884098 -0.382683
v 0.262414 0.865064 -0.427555
v 0.256008 0.843946 -0.471397
v 0.248985 0.820795 -0.514103
v 0.241363 0.795667 -0.555570
v 0.233159 0.768622 -0.595699
v 0.224393 0.739725 -0.634393
v 0.215087 0.709046 -0.671559
v 0.205262 0.676659 -0.707107
v 0.194943 0.642642 -0.740951
v 0.184155 0.607077 -0.773010
v 0.172922 0.570049 -0.803208
v 0.161274 0.531648 -0.831470
v 0.149236 0.491966 -0.857729
v 0.136839 0.451099 -0.881921
v 0.124113 0.409145 -0.903989
v 0.111087 0.366205 -0.923880
v 0.097794 0.322383 -0.941544
v 0.084265 0.277785 -0.956940
v 0.070533 0.232518 -0.970031
v 0.056632 0.186690 -0.980785
v 0.042594 0.140412 -0.989177
v 0.028453 0.093797 -0.995185
v 0.014244 0.046955 -0.998795
v 0.018777 0.045333 0.998795
v 0.037510 0.090556 0.995185
v 0.056151 0.135561 0.989177
v 0.074658 0.180240 0.980785
v 0.092984 0.224484 0.970031
v 0.111087 0.268188 0.956940
v 0.128922 0.311246 0.941544
v 0.146447 0.353553 0.923880
v 0.163618 0.395009 0.903989
v 0.180396 0.435514 0.881921
v 0.196739 0.474969 0.857729
v 0.212608 0.513280 0.831470
v 0.227964 0.550354 0.803208
v 0.242772 0.586103 0.773010
v 0.256994 0.620440 0.740951
v 0.270598 0.653281 0.707107
v 0.283550 0.684550 0.671559
v 0.295818 0.714169 0.634393
v 0.307374 0.742067 0.595699
v 0.318190 0.768178 0.555570
v 0.328239 0.792438 0.514103
v 0.337497 0.814789 0.471397
v 0.345942 0.835177 0.427555
v 0.353553 0.853553 0.382683
v 0.360313 0.869873 0.336890
v 0.366205 0.884098 0.290285
v 0.371215 0.896192 0.242980
v 0.375330 0.906127 0.195090
v 0.378541 0.913880 0.146730
v 0.380841 0.919431 0.098017
v 0.382222 0.922767 0.049068
v 0.382683 0.923880 0.000000
v 0.382222 0.922767 -0.049068
v 0.380841 0.919431 -0.098017
v 0.378541 0.913880 -0.146730
v 0.375330 0.906127 -0.195090
v 0.371215 0.896192 -0.242980
v 0.366205 0.884098 -0.290285
v 0.360313 0.869873 -0.336890
v 0.353553 0.853553 -0.382683
v 0.345942 0.835177 -0.427555
v 0.337497 0.814789 -0.471397
v 0.328239 0.792438 -0.514103
v 0.318190 0.768178 -0.555570
v 0.307374 0.742067 -0.595699
v 0.295818 0.714169 -0.634393
v 0.283550 0.684550 -0.671559
v 0.270598 0.653281 -0.707107
v 0.256994 0.620440 -0.740951
v 0.242772 0.586103 -0.773010
v 0.227964 0.550354 -0.803208
v 0.212608 0.513280 -0.831470
v 0.196739 0.474969 -0.857729
v 0.180396 0.435514 -0.881921
v 0.163618 0.395009 -0.903989
v 0.146447 0.353553 -0.923880
v 0.128922 0.311246 -0.941544
v 0.111087 0.268188 -0.956940
v 0.092984 0.224484 -0.970031
v 0.074658 0.180240 -0.980785
v 0.056151 0.135561 -0.989177
v 0.037510 0.090556 -0.995185
v 0.018777 0.045333 -0.998795
v 0.023130 0.043274 0.998795
v 0.046205 0.086443 0.995185
v 0.069168 0.129405 0.989177
v 0.091965 0.172054 0.980785
v 0.114540 0.214289 0.970031
v 0.136839 0.256008 0.956940
v 0.158809 0.297110 0.941544
v 0.180396 0.337497 0.923880
v 0.201548 0.377070 0.903989
v 0.222215 0.415735 0.881921
v 0.242346 0.453398 0.857729
v 0.261894 0.489969 0.831470
v 0.280811 0.525360 0.803208
v 0.299051 0.559485 0.773010
v 0.316571 0.592262 0.740951
v 0.333328 0.623612 0.707107
v 0.349282 0.653461 0.671559
v 0.364395 0.681734 0.634393
v 0.378629 0.708366 0.595699
v 0.391952 0.733291 0.555570
v 0.404330 0.756449 0.514103
v 0.415735 0.777785 0.471397
v 0.426138 0.797247 0.427555
v 0.435514 0.814789 0.382683
v 0.443841 0.830368 0.336890
v 0.451099 0.843946 0.290285
v 0.457270 0.855491 0.242980
v 0.462339 0.864975 0.195090
v 0.466295 0.872376 0.146730
v 0.469127 0.877675 0.098017
v 0.470829 0.880859 0.049068
v 0.471397 0.881921 0.000000
v 0.470829 0.880859 -0.049068
v 0.469127 0.877675 -0.098017
v 0.466295 0.872376 -0.146730
v 0.462339 0.864975 -0.195090
v 0.457270 0.855491 -0.242980
v 0.451099 0.843946 -0.290285
v 0.443841 0.830368 -0.336890
v 0.435514 0.814789 -0.382683
v 0.426138 0.797247 -0.427555
v 0.415735 0.777785 -0.471397
v 0.404330 0.756449 -0.514103
v 0.391952 0.733291 -0.555570
v 0.378629 0.708366 -0.595699
v 0.364395 0.681734 -0.634393
v 0.349282 0.653461 -0.671559
v 0.333328 0.623612 -0.707107
v 0.316571 0.592262 -0.740951
v 0.299051 0.559485 -0.773010
v 0.280811 0.525360 -0.803208
v 0.261894 0.489969 -0.831470
v 0.242346 0.453398 -0.857729
v 0.222215 0.415735 -0.881921
v 0.201548 0.377070 -0.903989
v 0.180396 0.337497 -0.923880
v 0.158809 0.297110 -0.941544
v 0.136839 0.256008 -0.956940
v 0.114540 0.214289 -0.970031
v 0.091965 0.172054 -0.980785
v 0.069168 0.129405 -0.989177
v 0.046205 0.086443 -0.995185
v 0.023130 0.043274 -0.998795
v 0.027261 0.040798 0.998795
v 0.054455 0.081498 0.995185
v 0.081519 0.122002 0.989177
v 0.108386 0.162212 0.980785
v 0.134993 0.202031 0.970031
v 0.161274 0.241363 0.956940
v 0.187166 0.280114 0.941544
v 0.212608 0.318190 0.923880
v 0.237537 0.355499 0.903989
v 0.261894 0.391952 0.881921
v 0.285620 0.427461 0.857729
v 0.308658 0.461940 0.831470
v 0.330953 0.495306 0.803208
v 0.352450 0.527479 0.773010
v 0.373098 0.558381 0.740951
v 0.392847 0.587938 0.707107
v 0.411650 0.616078 0.671559
v 0.429462 0.642735 0.634393
v 0.446238 0.667843 0.595699
v 0.461940 0.691342 0.555570
v 0.476528 0.713175 0.514103
v 0.489969 0.733291 0.471397
v 0.502230 0.751640 0.427555
v 0.513280 0.768178 0.382683
v 0.523094 0.782865 0.336890
v 0.531648 0.795667 0.290285
v 0.538920 0.806551 0.242980
v 0.544895 0.815493 0.195090
v 0.549557 0.822470 0.146730
v 0.552895 0.827466 0.098017
v 0.554901 0.830468 0.049068
v 0.555570 0.831470 0.000000
v 0.554901 0.830468 -0.049068
v 0.552895 0.827466 -0.098017
v 0.549557 0.822470 -0.146730
v 0.544895 0.815493 -0.195090
v 0.538920 0.806551 -0.242980
v 0.531648 0.795667 -0.290285
v 0.523094 0.782865 -0.336890
v 0.513280 0.768178 -0.382683
v 0.502230 0.751640 -0.427555
v 0.489969 0.733291 -0.471397
v 0.476528 0.713175 -0.514103
v 0.461940 0.691342 -0.555570
v 0.446238 0.667843 -0.595699
v 0.429462 0.642735 -0.634393
v 0.411650 0.616078 -0.671559
v 0.392847 0.587938 -0.707107
v 0.373098 0.558381 -0.740951
v 0.352450 0.527479 -0.773010
v 0.330953 0.495306 -0.803208
v 0.308658 0.461940 -0.831470
v 0.285620 0.427461 -0.857729
v 0.261894 0.391952 -0.881921
v 0.237537 0.355499 -0.903989
v 0.212608 0.318190 -0.923880
v 0.187166 0.280114 -0.941544
v 0.161274 0.241363 -0.956940
v 0.134993 0.202031 -0.970031
v 0.108386 0.162212 -0.980785
v 0.081519 0.122002 -0.989177
v 0.054455 0.081498 -0.995185
v 0.027261 0.040798 -0.998795
v 0.031128 0.037930 0.998795
v 0.062181 0.075768 0.995185
v 0.093085 0.113424 0.989177
v 0.123764 0.150807 0.980785
v 0.154145 0.187826 0.970031
v 0.184155 0.224393 0.956940
v 0.213721 0.260419 0.941544
v 0.242772 0.295818 0.923880
v 0.271238 0.330505 0.903989
v 0.299051 0.364395 0.881921
v 0.326143 0.397407 0.857729
v 0.352450 0.429462 0.831470
v 0.377908 0.460482 0.803208
v 0.402455 0.490393 0.773010
v 0.426032 0.519122 0.740951
v 0.448584 0.546601 0.707107
v 0.470054 0.572763 0.671559
v 0.490393 0.597545 0.634393
v 0.509549 0.620888 0.595699
v 0.527479 0.642735 0.555570
v 0.544137 0.663033 0.514103
v 0.559485 0.681734 0.471397
v 0.573485 0.698793 0.427555
v 0.586103 0.714168 0.382683
v 0.597309 0.727823 0.336890
v 0.607077 0.739725 0.290285
v 0.615381 0.749844 0.242980
v 0.622204 0.758157 0.195090
v 0.627527 0.764644 0.146730
v 0.631338 0.769288 0.098017
v 0.633629 0.772079 0.049068
v 0.634393 0.773010 0.000000
v 0.633629 0.772079 -0.049068
v 0.631338 0.769288 -0.098017
v 0.627527 0.764644 -0.146730
v 0.622204 0.758157 -0.195090
v 0.615381 0.749844 -0.242980
v 0.607077 0.739725 -0.290285
v 0.597309 0.727823 -0.336890
v 0.586103 0.714168 -0.382683
v 0.573485 0.698793 -0.427555
v 0.559485 0.681734 -0.471397
v 0.544137 0.663033 -0.514103
v 0.527479 0.642735 -0.555570
v 0.509549 0.620888 -0.595699
v 0.490393 0.597545 -0.634393
v 0.470054 0.572763 -0.671559
v 0.448584 0.546601 -0.707107
v 0.426032 0.519122 -0.740951
v 0.402455 0.490393 -0.773010
v 0.377908 0.460482 -0.803208
v 0.352450 0.429462 -0.831470
v 0.326143 0.397407 -0.857729
v 0.299051 0.364395 -0.881921
v 0.271238 0.330505 -0.903989
v 0.242772 0.295818 -0.923880
v 0.213721 0.260419 -0.941544
v 0.184155 0.224393 -0.956940
v 0.154145 0.187826 -0.970031
v 0.123764 0.150807 -0.980785
v 0.093085 0.113424 -0.989177
v 0.062181 0.075768 -0.995185
v 0.031128 0.037930 -0.998795
v 0.034696 0.034696 0.998795
v 0.069309 0.069309 0.995185
v 0.103754 0.103754 0.989177
v 0.137950 0.137950 0.980785
v 0.171813 0.171813 0.970031
v 0.205262 0.205262 0.956940
v 0.238217 0.238217 0.941544
v 0.270598 0.270598 0.923880
v 0.302327 0.302327 0.903989
v 0.333328 0.333328 0.881921
v 0.363526 0.363525 0.857729
v 0.392848 0.392848 0.831470
v 0.421223 0.421223 0.803208
v 0.448584 0.448584 0.773010
v 0.474864 0.474864 0.740951
v 0.500000 0.500000 0.707107
v 0.523932 0.523932 0.671559
v 0.546601 0.546601 0.634393
v 0.567953 0.567953 0.595699
v 0.587938 0.587938 0.555570
v 0.606506 0.606506 0.514103
v 0.623612 0.623612 0.471397
v 0.639217 0.639217 0.427555
v 0.653281 0.653281 0.382683
v 0.665772 0.665772 0.336890
v 0.676659 0.676659 0.290285
v 0.685916 0.685916 0.242980
v 0.693520 0.693520 0.195090
v 0.699453 0.699453 0.146730
v 0.703702 0.703702 0.098017
v 0.706255 0.706255 0.049068
v 0.707107 0.707107 0.000000
v 0.706255 0.706255 -0.049068
v 0.703702 0.703702 -0.098017
v 0.699453 0.699453 -0.146730
v 0.693520 0.693520 -0.195090
v 0.685916 0.685916 -0.242980
v 0.676659 0.676659 -0.290285
v 0.665772 0.665772 -0.336890
v 0.653281 0.653281 -0.382683
v 0.639217 0.639217 -0.427555
v 0.623612 0.623612 -0.471397
v 0.606506 0.606506 -0.514103
v 0.587938 0.587938 -0.555570
v 0.567953 0.567953 -0.595699
v 0.546601 0.546601 -0.634393
v 0.523932 0.523932 -0.671559
v 0.500000 0.500000 -0.707107
v 0.474864 0.474864 -0.740951
v 0.448584 0.448584 -0.773010
v 0.421223 0.421223 -0.803208
v 0.392848 0.392848 -0.831470
v 0.363526 0.363525 -0.857729
v 0.333328 0.333328 -0.881921
v 0.302327 0.302327 -0.903989
v 0.270598 0.270598 -0.923880
v 0.238217 0.238217 -0.941544
v 0.205262 0.205262 -0.956940
v 0.171813 0.171813 -0.970031
v 0.137950 0.137950 -0.980785
v 0.103754 0.103754 -0.989177
v 0.069309 0.069309 -0.995185
v 0.034696 0.034696 -0.998795
v 0.037930 0.031128 0.998795
v 0.075768 0.062181 0.995185
v 0.113424 0.093085 0.989177
v 0.150807 0.123764 0.980785
v 0.187826 0.154145 0.970031
v 0.224393 0.184155 0.956940
v 0.260419 0.213721 0.941544
v 0.295818 0.242772 0.923880
v 0.330505 0.271238 0.903989
v 0.364395 0.299051 0.881921
v 0.397407 0.326143 0.857729
v 0.429462 0.352450 0.831470
v 0.460482 0.377908 0.803208
v 0.490393 0.402455 0.773010
v 0.519122 0.426033 0.740951
v 0.546601 0.448584 0.707107
v 0.572763 0.470054 0.671559
v 0.597545 0.490393 0.634393
v 0.620888 0.509549 0.595699
v 0.642735 0.527479 0.555570
v 0.663033 0.544137 0.514103
v 0.681734 0.559485 0.471397
v 0.698793 0.573485 0.427555
v 0.714168 0.586103 0.382683
v 0.727823 0.597309 0.336890
v 0.739725 0.607077 0.290285
v 0.749844 0.615381 0.242980
v 0.758157 0.622203 0.195090
v 0.764644 0.627527 0.146730
v 0.769288 0.631338 0.098017
v 0.772079 0.633629 0.049068
v 0.773010 0.634393 0.000000
v 0.772079 0.633629 -0.049068
v 0.769288 0.631338 -0.098017
v 0.764644 0.627527 -0.146730
v 0.758157 0.622203 -0.195090
v 0.749844 0.615381 -0.242980
v 0.739725 0.607077 -0.290285
v 0.727823 0.597309 -0.336890
v 0.714168 0.586103 -0.382683
v 0.698793 0.573485 -0.427555
v 0.681734 0.559485 -0.471397
v 0.663033 0.544137 -0.514103
v 0.642735 0.527479 -0.555570
v 0.620888 0.509549 -0.595699
v 0.597545 0.490393 -0.634393
v 0.572763 0.470054 -0.671559
v 0.546601 0.448584 -0.707107
v 0.519122 0.426033 -0.740951
v 0.490393 0.402455 -0.773010
v 0.460482 0.377908 -0.803208
v 0.429462 0.352450 -0.831470
v 0.397407 0.326143 -0.857729
v 0.364395 0.299051 -0.881921
v 0.330505 0.271238 -0.903989
v 0.295818 0.242772 -0.923880
v 0.260419 0.213721 -0.941544
v 0.224393 0.184155 -0.956940
v 0.187826 0.154145 -0.970031
v 0.150807 0.123764 -0.980785
v 0.113424 0.093085 -0.989177
v 0.075768 0.062181 -0.995185
v 0.037930 0.031128 -0.998795
v 0.040798 0.027261 0.998795
v 0.081498 0.054455 0.995185
v 0.122002 0.081519 0.989177
v 0.162212 0.108386 0.980785
v 0.202031 0.134993 0.970031
v 0.241363 0.161274 0.956940
v 0.280114 0.187166 0.941544
v 0.318190 0.212607 0.923880
v 0.355499 0.237537 0.903989
v 0.391952 0.261894 0.881921
v 0.427461 0.285620 0.857729
v 0.461940 0.308658 0.831470
v 0.495306 0.330953 0.803208
v 0.527479 0.352450 0.773010
v 0.558381 0.373098 0.740951
v 0.587938 0.392847 0.707107
v 0.616078 0.411650 0.671559
v 0.642735 0.429462 0.634393
v 0.667843 0.446238 0.595699
v 0.691342 0.461940 0.555570
v 0.713175 0.476528 0.514103
v 0.733291 0.489969 0.471397
v 0.751640 0.502230 0.427555
v 0.768178 0.513280 0.382683
v 0.782865 0.523094 0.336890
v 0.795667 0.531648 0.290285
v 0.806551 0.538920 0.242980
v 0.815493 0.544895 0.195090
v 0.822470 0.549557 0.146730
v 0.827466 0.552895 0.098017
v 0.830468 0.554901 0.049068
v 0.831470 0.555570 0.000000
v 0.830468 0.554901 -0.049068
v 0.827466 0.552895 -0.098017
v 0.822470 0.549557 -0.146730
v 0.815493 0.544895 -0.195090
v 0.806551 0.538920 -0.242980
v 0.795667 0.531648 -0.290285
v 0.782865 0.523094 -0.336890
v 0.768178 0.513280 -0.382683
v 0.751640 0.502230 -0.427555
v 0.733291 0.489969 -0.471397
v 0.713175 0.476528 -0.514103
v 0.691342 0.461940 -0.555570
v 0.667843 0.446238 -0.595699
v 0.642735 0.429462 -0.634393
v 0.616078 0.411650 -0.671559
v 0.587938 0.392847 -0.707107
v 0.558381 0.373098 -0.740951
v 0.527479 0.352450 -0.773010
v 0.495306 0.330953 -0.803208
v 0.461940 0.308658 -0.831470
v 0.427461 0.285620 -0.857729
v 0.391952 0.261894 -0.881921
v 0.355499 0.237537 -0.903989
v 0.318190 0.212607 -0.923880
v 0.280114 0.187166 -0.941544
v 0.241363 0.161274 -0.956940
v 0.202031 0.134993 -0.970031
v 0.162212 0.108386 -0.980785
v 0.122002 0.081519 -0.989177
v 0.081498 0.054455 -0.995185
v 0.040798 0.027261 -0.998795
v 0.043274 0.023130 0.998795
v 0.086443 0.046205 0.995185
v 0.129405 0.069168 0.989177
v 0.172054 0.091965 0.980785
v 0.214289 0.114540 0.970031
v 0.256008 0.136839 0.956940
v 0.297110 0.158809 0.941544
v 0.337497 0.180396 0.923880
v 0.377070 0.201548 0.903989
v 0.415735 0.222215 0.881921
v 0.453398 0.242346 0.857729
v 0.489969 0.261894 0.831470
v 0.525360 0.280811 0.803208
v 0.559485 0.299051 0.773010
v 0.592262 0.316571 0.740951
v 0.623613 0.333328 0.707107
v 0.653461 0.349282 0.671559
v 0.681734 0.364395 0.634393
v 0.708366 0.378629 0.595699
v 0.733291 0.391952 0.555570
v 0.756449 0.404330 0.514103
v 0.777785 0.415735 0.471397
v 0.797247 0.426138 0.427555
v 0.814789 0.435514 0.382683
v 0.830368 0.443841 0.336890
v 0.843946 0.451099 0.290285
v 0.855491 0.457269 0.242980
v 0.864975 0.462339 0.195090
v 0.872376 0.466294 0.146730
v 0.877675 0.469127 0.098017
v 0.880859 0.470829 0.049068
v 0.881921 0.471397 0.000000
v 0.880859 0.470829 -0.049068
v 0.877675 0.469127 -0.098017
v 0.872376 0.466294 -0.146730
v 0.864975 0.462339 -0.195090
v 0.855491 0.457269 -0.242980
v 0.843946 0.451099 -0.290285
v 0.830368 0.443841 -0.336890
v 0.814789 0.435514 -0.382683
v 0.797247 0.426138 -0.427555
v 0.777785 0.415735 -0.471397
v 0.756449 0.404330 -0.514103
v 0.733291 0.391952 -0.555570
v 0.708366 0.378629 -0.595699
v 0.681734 0.364395 -0.634393
v 0.653461 0.349282 -0.671559
v 0.623613 0.333328 -0.707107
v 0.592262 0.316571 -0.740951
v 0.559485 0.299051 -0.773010
v 0.525360 0.280811 -0.803208
v 0.489969 0.261894 -0.831470
v 0.453398 0.242346 -0.857729
v 0.415735 0.222215 -0.881921
v 0.377070 0.201548 -0.903989
v 0.337497 0.180396 -0.923880
v 0.297110 0.158809 -0.941544
v 0.256008 0.136839 -0.956940
v 0.214289 0.114540 -0.970031
v 0.172054 0.091965 -0.980785
v 0.129405 0.069168 -0.989177
v 0.086443 0.046205 -0.995185
v 0.043274 0.023130 -0.998795
v 0.045333 0.018777 0.998795
v 0.090556 0.037510 0.995185
v 0.135561 0.056151 0.989177
v 0.180240 0.074658 0.980785
v 0.224484 0.092984 0.970031
v 0.268188 0.111087 0.956940
v 0.311246 0.128922 0.941544
v 0.353553 0.146447 0.923880
v 0.395009 0.163618 0.903989
v 0.435514 0.180396 0.881921
v 0.474969 0.196739 0.857729
v 0.513280 0.212608 0.831470
v 0.550354 0.227964 0.803208
v 0.586103 0.242772 0.773010
v 0.620440 0.256995 0.740951
v 0.653281 0.270598 0.707107
v 0.684550 0.283550 0.671559
v 0.714168 0.295818 0.634393
v 0.742067 0.307374 0.595699
v 0.768178 0.318190 0.555570
v 0.792438 0.328238 0.514103
v 0.814789 0.337497 0.471397
v 0.835177 0.345942 0.427555
v 0.853553 0.353553 0.382683
v 0.869873 0.360313 0.336890
v 0.884098 0.366205 0.290285
v 0.896192 0.371215 0.242980
v 0.906127 0.375330 0.195090
v 0.913880 0.378541 0.146730
v 0.919431 0.380841 0.098017
v 0.922767 0.382222 0.049068
v 0.923879 0.382683 0.000000
v 0.922767 0.382222 -0.049068
v 0.919431 0.380841 -0.098017
v 0.913880 0.378541 -0.146730
v 0.906127 0.375330 -0.195090
v 0.896192 0.371215 -0.242980
v 0.884098 0.366205 -0.290285
v 0.869873 0.360313 -0.336890
v 0.853553 0.353553 -0.382683
v 0.835177 0.345942 -0.427555
v 0.814789 0.337497 -0.471397
v 0.792438 0.328238 -0.514103
v 0.768178 0.318190 -0.555570
v 0.742067 0.307374 -0.595699
v 0.714168 0.295818 -0.634393
v 0.684550 0.283550 -0.671559
v 0.653281 0.270598 -0.707107
v 0.620440 0.256995 -0.740951
v 0.586103 0.242772 -0.773010
v 0.550354 0.227964 -0.803208
v 0.513280 0.212608 -0.831470
v 0.474969 0.196739 -0.857729
v 0.435514 0.180396 -0.881921
v 0.395009 0.163618 -0.903989
v 0.353553 0.146447 -0.923880
v 0.311246 0.128922 -0.941544
v 0.268188 0.111087 -0.956940
v 0.224484 0.092984 -0.970031
v 0.180240 0.074658 -0.980785
v 0.135561 0.056151 -0.989177
v 0.090556 0.037510 -0.995185
v 0.045333 0.018777 -0.998795
v 0.046955 0.014244 0.998795
v 0.093797 0.028453 0.995185
v 0.140412 0.042594 0.989177
v 0.186690 0.056632 0.980785
v 0.232517 0.070533 0.970031
v 0.277785 0.084265 0.956940
v 0.322383 0.097794 0.941544
v 0.366205 0.111087 0.923880
v 0.409145 0.124113 0.903989
v 0.451099 0.136839 0.881921
v 0.491966 0.149236 0.857729
v 0.531648 0.161274 0.831470
v 0.570049 0.172922 0.803208
v 0.607076 0.184155 0.773010
v 0.642642 0.194943 0.740951
v 0.676659 0.205262 0.707107
v 0.709046 0.215087 0.671559
v 0.739725 0.224393 0.634393
v 0.768622 0.233159 0.595699
v 0.795667 0.241363 0.555570
v 0.820795 0.248985 0.514103
v 0.843946 0.256008 0.471397
v 0.865064 0.262414 0.427555
v 0.884098 0.268188 0.382683
v 0.901001 0.273316 0.336890
v 0.915735 0.277785 0.290285
v 0.928262 0.281585 0.242980
v 0.938553 0.284707 0.195090
v 0.946583 0.287143 0.146730
v 0.952332 0.288887 0.098017
v 0.955788 0.289935 0.049068
v 0.956940 0.290285 0.000000
v 0.955788 0.289935 -0.049068
v 0.952332 0.288887 -0.098017
v 0.946583 0.287143 -0.146730
v 0.938553 0.284707 -0.195090
v 0.928262 0.281585 -0.242980
v 0.915735 0.277785 -0.290285
v 0.901001 0.273316 -0.336890
v 0.884098 0.268188 -0.382683
v 0.865064 0.262414 -0.427555
v 0.843946 0.256008 -0.471397
v 0.820795 0.248985 -0.514103
v 0.795667 0.241363 -0.555570
v 0.768622 0.233159 -0.595699
v 0.739725 0.224393 -0.634393
v 0.709046 0.215087 -0.671559
v 0.676659 0.205262 -0.707107
v 0.642642 0.194943 -0.740951
v 0.607076 0.184155 -0.773010
v 0.570049 0.172922 -0.803208
v 0.531648 0.161274 -0.831470
v 0.491966 0.149236 -0.857729
v 0.451099 0.136839 -0.881921
v 0.409145 0.124113 -0.903989
v 0.366205 0.111087 -0.923880
v 0.322383 0.097794 -0.941544
v 0.277785 0.084265 -0.956940
v 0.232517 0.070533 -0.970031
v 0.186690 0.056632 -0.980785
v 0.140412 0.042594 -0.989177
v 0.093797 0.028453 -0.995185
v 0.046955 0.014244 -0.998795
v 0.048125 0.009573 0.998795
v 0.096134 0.019122 0.995185
v 0.143911 0.028626 0.989177
v 0.191342 0.038060 0.980785
v 0.238311 0.047403 0.970031
v 0.284707 0.056632 0.956940
v 0.330417 0.065724 0.941544
v 0.375330 0.074658 0.923880
v 0.419340 0.083412 0.903989
v 0.462339 0.091965 0.881921
v 0.504224 0.100296 0.857729
v 0.544895 0.108386 0.831470
v 0.584253 0.116215 0.803208
v 0.622204 0.123764 0.773010
v 0.658655 0.131015 0.740951
v 0.693520 0.137950 0.707107
v 0.726714 0.144552 0.671559
v 0.758157 0.150807 0.634393
v 0.787774 0.156698 0.595699
v 0.815493 0.162212 0.555570
v 0.841247 0.167334 0.514103
v 0.864975 0.172054 0.471397
v 0.886619 0.176360 0.427555
v 0.906127 0.180240 0.382683
v 0.923452 0.183686 0.336890
v 0.938553 0.186690 0.290285
v 0.951392 0.189244 0.242980
v 0.961940 0.191342 0.195090
v 0.970169 0.192979 0.146730
v 0.976063 0.194151 0.098017
v 0.979604 0.194855 0.049068
v 0.980785 0.195090 0.000000
v 0.979604 0.194855 -0.049068
v 0.976063 0.194151 -0.098017
v 0.970169 0.192979 -0.146730
v 0.961940 0.191342 -0.195090
v 0.951392 0.189244 -0.242980
v 0.938553 0.186690 -0.290285
v 0.923452 0.183686 -0.336890
v 0.906127 0.180240 -0.382683
v 0.886619 0.176360 -0.427555
v 0.864975 0.172054 -0.471397
v 0.841247 0.167334 -0.514103
v 0.815493 0.162212 -0.555570
v 0.787774 0.156698 -0.595699
v 0.758157 0.150807 -0.634393
v 0.726714 0.144552 -0.671559
v 0.693520 0.137950 -0.707107
v 0.658655 0.131015 -0.740951
v 0.622204 0.123764 -0.773010
v 0.584253 0.116215 -0.803208
v 0.544895 0.108386 -0.831470
v 0.504224 0.100296 -0.857729
v 0.462339 0.091965 -0.881921
v 0.419340 0.083412 -0.903989
v 0.375330 0.074658 -0.923880
v 0.330417 0.065724 -0.941544
v 0.284707 0.056632 -0.956940
v 0.238311 0.047403 -0.970031
v 0.191342 0.038060 -0.980785
v 0.143911 0.028626 -0.989177
v 0.096134 0.019122 -0.995185
v 0.048125 0.009573 -0.998795
v 0.048831 0.004809 0.998795
v 0.097545 0.009607 0.995185
v 0.146024 0.014382 0.989177
v 0.194151 0.019122 0.980785
v 0.241810 0.023816 0.970031
v 0.288887 0.028453 0.956940
v 0.335268 0.033021 0.941544
v 0.380841 0.037510 0.923880
v 0.425496 0.041908 0.903989
v 0.469127 0.046205 0.881921
v 0.511627 0.050391 0.857729
v 0.552895 0.054455 0.831470
v 0.592831 0.058389 0.803208
v 0.631338 0.062181 0.773010
v 0.668325 0.065824 0.740951
v 0.703702 0.069308 0.707107
v 0.737383 0.072626 0.671559
v 0.769288 0.075768 0.634393
v 0.799340 0.078728 0.595699
v 0.827466 0.081498 0.555570
v 0.853598 0.084072 0.514103
v 0.877674 0.086443 0.471397
v 0.899636 0.088606 0.427555
v 0.919431 0.090556 0.382683
v 0.937010 0.092287 0.336890
v 0.952332 0.093797 0.290285
v 0.965360 0.095080 0.242980
v 0.976062 0.096134 0.195090
v 0.984413 0.096956 0.146730
v 0.990393 0.097545 0.098017
v 0.993986 0.097899 0.049068
v 0.995185 0.098017 0.000000
v 0.993986 0.097899 -0.049068
v 0.990393 0.097545 -0.098017
v 0.984413 0.096956 -0.146730
v 0.976062 0.096134 -0.195090
v 0.965360 0.095080 -0.242980
v 0.952332 0.093797 -0.290285
v 0.937010 0.092287 -0.336890
v 0.919431 0.090556 -0.382683
v 0.899636 0.088606 -0.427555
v 0.877674 0.086443 -0.471397
v 0.853598 0.084072 -0.514103
v 0.827466 0.081498 -0.555570
v 0.799340 0.078728 -0.595699
v 0.769288 0.075768 -0.634393
v 0.737383 0.072626 -0.671559
v 0.703702 0.069308 -0.707107
v 0.668325 0.065824 -0.740951
v 0.631338 0.062181 -0.773010
v 0.592831 0.058389 -0.803208
v 0.552895 0.054455 -0.831470
v 0.511627 0.050391 -0.857729
v 0.469127 0.046205 -0.881921
v 0.425496 0.041908 -0.903989
v 0.380841 0.037510 -0.923880
v 0.335268 0.033021 -0.941544
v 0.288887 0.028453 -0.956940
v 0.241810 0.023816 -0.970031
v 0.194151 0.019122 -0.980785
v 0.146024 0.014382 -0.989177
v 0.097545 0.009607 -0.995185
v 0.048831 0.004809 -0.998795
v 0.049068 -0.000000 0.998795
v 0.098017 -0.000000 0.995185
v 0.146730 0.000000 0.989177
v 0.195090 0.000000 0.980785
v 0.242980 -0.000000 0.970031
v 0.290285 -0.000000 0.956940
v 0.336890 -0.000000 0.941544
v 0.382683 -0.000000 0.923880
v 0.427555 0.000000 0.903989
v 0.471397 -0.000000 0.881921
v 0.514103 -0.000000 0.857729
v 0.555570 0.000000 0.831470
v 0.595699 -0.000000 0.803208
v 0.634393 0.000000 0.773010
v 0.671559 0.000000 0.740951
v 0.707107 -0.000000 0.707107
v 0.740951 -0.000000 0.671559
v 0.773010 0.000000 0.634393
v 0.803207 -0.000000 0.595699
v 0.831470 0.000000 0.555570
v 0.857728 -0.000000 0.514103
v 0.881921 -0.000000 0.471397
v 0.903989 -0.000000 0.427555
v 0.923879 -0.000000 0.382683
v 0.941544 0.000000 0.336890
v 0.956940 0.000000 0.290285
v 0.970031 -0.000000 0.242980
v 0.980785 -0.000000 0.195090
v 0.989176 -0.000000 0.146730
v 0.995185 -0.000000 0.098017
v 0.998795 -0.000000 0.049068
v 1.000000 -0.000000 0.000000
v 0.998795 -0.000000 -0.049068
v 0.995185 -0.000000 -0.098017
v 0.989176 -0.000000 -0.146730
v 0.980785 -0.000000 -0.195090
v 0.970031 -0.000000 -0.242980
v 0.956940 0.000000 -0.290285
v 0.941544 0.000000 -0.336890
v 0.923879 -0.000000 -0.382683
v 0.903989 -0.000000 -0.427555
v 0.881921 -0.000000 -0.471397
v 0.857728 -0.000000 -0.514103
v 0.831470 0.000000 -0.555570
v 0.803207 -0.000000 -0.595699
v 0.773010 0.000000 -0.634393
v 0.740951 -0.000000 -0.671559
v 0.707107 -0.000000 -0.707107
v 0.671559 0.000000 -0.740951
v 0.634393 0.000000 -0.773010
v 0.595699 -0.000000 -0.803208
v 0.555570 0.000000 -0.831470
v 0.514103 -0.000000 -0.857729
v 0.471397 -0.000000 -0.881921
v 0.427555 0.000000 -0.903989
v 0.382683 -0.000000 -0.923880
v 0.336890 -0.000000 -0.941544
v 0.290285 -0.000000 -0.956940
v 0.242980 -0.000000 -0.970031
v 0.195090 0.000000 -0.980785
v 0.146730 0.000000 -0.989177
v 0.098017 -0.000000 -0.995185
v 0.049068 -0.000000 -0.998795
v 0.048831 -0.004809 0.998795
v 0.097545 -0.009607 0.995185
v 0.146024 -0.014382 0.989177
v 0.194151 -0.019122 0.980785
v 0.241810 -0.023816 0.970031
v 0.288887 -0.028453 0.956940
v 0.335268 -0.033021 0.941544
v 0.380841 -0.037510 0.923880
v 0.425496 -0.041908 0.903989
v 0.469127 -0.046205 0.881921
v 0.511627 -0.050391 0.857729
v 0.552895 -0.054455 0.831470
v 0.592831 -0.058389 0.803208
v 0.631338 -0.062181 0.773010
v 0.668325 -0.065824 0.740951
v 0.703702 -0.069309 0.707107
v 0.737383 -0.072626 0.671559
v 0.769288 -0.075768 0.634393
v 0.799340 -0.078728 0.595699
v 0.827466 -0.081498 0.555570
v 0.853598 -0.084072 0.514103
v 0.877674 -0.086443 0.471397
v 0.899636 -0.088606 0.427555
v 0.919431 -0.090556 0.382683
v 0.937010 -0.092287 0.336890
v 0.952332 -0.093797 0.290285
v 0.965360 -0.095080 0.242980
v 0.976062 -0.096134 0.195090
v 0.984413 -0.096956 0.146730
v 0.990393 -0.097545 0.098017
v 0.993986 -0.097899 0.049068
v 0.995185 -0.098017 0.000000
v 0.993986 -0.097899 -0.049068
v 0.990393 -0.097545 -0.098017
v 0.984413 -0.096956 -0.146730
v 0.976062 -0.096134 -0.195090
v 0.965360 -0.095080 -0.242980
v 0.952332 -0.093797 -0.290285
v 0.937010 -0.092287 -0.336890
v 0.919431 -0.090556 -0.382683
v 0.899636 -0.088606 -0.427555
v 0.877674 -0.086443 -0.471397
v 0.853598 -0.084072 -0.514103
v 0.827466 -0.081498 -0.555570
v 0.799340 -0.078728 -0.595699
v 0.769288 -0.075768 -0.634393
v 0.737383 -0.072626 -0.671559
v 0.703702 -0.069309 -0.707107
v 0.668325 -0.065824 -0.740951
v 0.631338 -0.062181 -0.773010
v 0.592831 -0.058389 -0.803208
v 0.552895 -0.054455 -0.831470
v 0.511627 -0.050391 -0.857729
v 0.469127 -0.046205 -0.881921
v 0.425496 -0.041908 -0.903989
v 0.380841 -0.037510 -0.923880
v 0.335268 -0.033021 -0.941544
v 0.288887 -0.028453 -0.956940
v 0.241810 -0.023816 -0.970031
v 0.194151 -0.019122 -0.980785
v 0.146024 -0.014382 -0.989177
v 0.097545 -0.009607 -0.995185
v 0.048831 -0.004809 -0.998795
v 0.048125 -0.009573 0.998795
v 0.096134 -0.019122 0.995185
v 0.143911 -0.028626 0.989177
v 0.191342 -0.038060 0.980785
v 0.238311 -0.047403 0.970031
v 0.284707 -0.056632 0.956940
v 0.330417 -0.065724 0.941544
v 0.375330 -0.074658 0.923880
v 0.419340 -0.083412 0.903989
v 0.462339 -0.091965 0.881921
v 0.504224 -0.100296 0.857729
v 0.544895 -0.108386 0.831470
v 0.584253 -0.116215 0.803208
v 0.622204 -0.123764 0.773010
v 0.658655 -0.131015 0.740951
v 0.693520 -0.137950 0.707107
v 0.726714 -0.144552 0.671559
v 0.758157 -0.150807 0.634393
v 0.787774 -0.156698 0.595699
v 0.815493 -0.162212 0.555570
v 0.841247 -0.167335 0.514103
v 0.864975 -0.172054 0.471397
v 0.886619 -0.176360 0.427555
v 0.906127 -0.180240 0.382683
v 0.923452 -0.183686 0.336890
v 0.938553 -0.186690 0.290285
v 0.951392 -0.189244 0.242980
v 0.961940 -0.191342 0.195090
v 0.970169 -0.192979 0.146730
v 0.976062 -0.194151 0.098017
v 0.979604 -0.194855 0.049068
v 0.980785 -0.195090 0.000000
v 0.979604 -0.194855 -0.049068
v 0.976062 -0.194151 -0.098017
v 0.970169 -0.192979 -0.146730
v 0.961940 -0.191342 -0.195090
v 0.951392 -0.189244 -0.242980
v 0.938553 -0.186690 -0.290285
v 0.923452 -0.183686 -0.336890
v 0.906127 -0.180240 -0.382683
v 0.886619 -0.176360 -0.427555
v 0.864975 -0.172054 -0.471397
v 0.841247 -0.167335 -0.514103
v 0.815493 -0.162212 -0.555570
v 0.787774 -0.156698 -0.595699
v 0.758157 -0.150807 -0.634393
v 0.726714 -0.144552 -0.671559
v 0.693520 -0.137950 -0.707107
v 0.658655 -0.131015 -0.740951
v 0.622204 -0.123764 -0.773010
v 0.584253 -0.116215 -0.803208
v 0.544895 -0.108386 -0.831470
v 0.504224 -0.100296 -0.857729
v 0.462339 -0.091965 -0.881921
v 0.419340 -0.083412 -0.903989
v 0.375330 -0.074658 -0.923880
v 0.330417 -0.065724 -0.941544
v 0.284707 -0.056632 -0.956940
v 0.238311 -0.047403 -0.970031
v 0.191342 -0.038060 -0.980785
v 0.143911 -0.028626 -0.989177
v 0.096134 -0.019122 -0.995185
v 0.048125 -0.009573 -0.998795
v 0.046955 -0.014244 0.998795
v 0.093797 -0.028453 0.995185
v 0.140412 -0.042594 0.989177
v 0.186690 -0.056632 0.980785
v 0.232517 -0.070533 0.970031
v 0.277785 -0.084265 0.956940
v 0.322383 -0.097794 0.941544
v 0.366205 -0.111087 0.923880
v 0.409145 -0.124113 0.903989
v 0.451098 -0.136839 0.881921
v 0.491965 -0.149236 0.857729
v 0.531648 -0.161274 0.831470
v 0.570049 -0.172922 0.803208
v 0.607076 -0.184155 0.773010
v 0.642642 -0.194943 0.740951
v 0.676659 -0.205262 0.707107
v 0.709046 -0.215087 0.671559
v 0.739725 -0.224393 0.634393
v 0.768622 -0.233159 0.595699
v 0.795667 -0.241363 0.555570
v 0.820795 -0.248985 0.514103
v 0.843946 -0.256008 0.471397
v 0.865064 -0.262414 0.427555
v 0.884097 -0.268188 0.382683
v 0.901001 -0.273316 0.336890
v 0.915735 -0.277785 0.290285
v 0.928262 -0.281585 0.242980
v 0.938553 -0.284707 0.195090
v 0.946582 -0.287143 0.146730
v 0.952332 -0.288887 0.098017
v 0.955788 -0.289935 0.049068
v 0.956940 -0.290285 0.000000
v 0.955788 -0.289935 -0.049068
v 0.952332 -0.288887 -0.098017
v 0.946582 -0.287143 -0.146730
v 0.938553 -0.284707 -0.195090
v 0.928262 -0.281585 -0.242980
v 0.915735 -0.277785 -0.290285
v 0.901001 -0.273316 -0.336890
v 0.884097 -0.268188 -0.382683
v 0.865064 -0.262414 -0.427555
v 0.843946 -0.256008 -0.471397
v 0.820795 -0.248985 -0.514103
v 0.795667 -0.241363 -0.555570
v 0.768622 -0.233159 -0.595699
v 0.739725 -0.224393 -0.634393
v 0.709046 -0.215087 -0.671559
v 0.676659 -0.205262 -0.707107
v 0.642642 -0.194943 -0.740951
v 0.607076 -0.184155 -0.773010
v 0.570049 -0.172922 -0.803208
v 0.531648 -0.161274 -0.831470
v 0.491965 -0.149236 -0.857729
v 0.451098 -0.136839 -0.881921
v 0.409145 -0.124113 -0.903989
v 0.366205 -0.111087 -0.923880
v 0.322383 -0.097794 -0.941544
v 0.277785 -0.084265 -0.956940
v 0.232517 -0.070533 -0.970031
v 0.186690 -0.056632 -0.980785
v 0.140412 -0.042594 -0.989177
v 0.093797 -0.028453 -0.995185
v 0.046955 -0.014244 -0.998795
v 0.045333 -0.018777 0.998795
v 0.090556 -0.037510 0.995185
v 0.135561 -0.056151 0.989177
v 0.180240 -0.074658 0.980785
v 0.224484 -0.092984 0.970031
v 0.268188 -0.111087 0.956940
v 0.311246 -0.128922 0.941544
v 0.353553 -0.146447 0.923880
v 0.395009 -0.163618 0.903989
v 0.435514 -0.180396 0.881921
v 0.474969 -0.196739 0.857729
v 0.513280 -0.212608 0.831470
v 0.550354 -0.227964 0.803208
v 0.586103 -0.242772 0.773010
v 0.620440 -0.256994 0.740951
v 0.653281 -0.270598 0.707107
v 0.684549 -0.283550 0.671559
v 0.714169 -0.295818 0.634393
v 0.742067 -0.307374 0.595699
v 0.768178 -0.318190 0.555570
v 0.792438 -0.328239 0.514103
v 0.814789 -0.337497 0.471397
v 0.835177 -0.345942 0.427555
v 0.853553 -0.353553 0.382683
v 0.869873 -0.360313 0.336890
v 0.884098 -0.366205 0.290285
v 0.896192 -0.371215 0.242980
v 0.906127 -0.375330 0.195090
v 0.913880 -0.378541 0.146730
v 0.919431 -0.380841 0.098017
v 0.922767 -0.382222 0.049068
v 0.923879 -0.382683 0.000000
v 0.922767 -0.382222 -0.049068
v 0.919431 -0.380841 -0.098017
v 0.913880 -0.378541 -0.146730
v 0.906127 -0.375330 -0.195090
v 0.896192 -0.371215 -0.242980
v 0.884098 -0.366205 -0.290285
v 0.869873 -0.360313 -0.336890
v 0.853553 -0.353553 -0.382683
v 0.835177 -0.345942 -0.427555
v 0.814789 -0.337497 -0.471397
v 0.792438 -0.328239 -0.514103
v 0.768178 -0.318190 -0.555570
v 0.742067 -0.307374 -0.595699
v 0.714169 -0.295818 -0.634393
v 0.684549 -0.283550 -0.671559
v 0.653281 -0.270598 -0.707107
v 0.620440 -0.256994 -0.740951
v 0.586103 -0.242772 -0.773010
v 0.550354 -0.227964 -0.803208
v 0.513280 -0.212608 -0.831470
v 0.474969 -0.196739 -0.857729
v 0.435514 -0.180396 -0.881921
v 0.395009 -0.163618 -0.903989
v 0.353553 -0.146447 -0.923880
v 0.311246 -0.128922 -0.941544
v 0.268188 -0.111087 -0.956940
v 0.224484 -0.092984 -0.970031
v 0.180240 -0.074658 -0.980785
v 0.135561 -0.056151 -0.989177
v 0.090556 -0.037510 -0.995185
v 0.045333 -0.018777 -0.998795
v 0.043274 -0.023130 0.998795
v 0.086443 -0.046205 0.995185
v 0.129405 -0.069168 0.989177
v 0.172054 -0.091965 0.980785
v 0.214289 -0.114540 0.970031
v 0.256008 -0.136839 0.956940
v 0.297110 -0.158809 0.941544
v 0.337497 -0.180396 0.923880
v 0.377070 -0.201548 0.903989
v 0.415735 -0.222215 0.881921
v 0.453398 -0.242346 0.857729
v 0.489969 -0.261894 0.831470
v 0.525360 -0.280811 0.803208
v 0.559485 -0.299051 0.773010
v 0.592262 -0.316571 0.740951
v 0.623612 -0.333328 0.707107
v 0.653460 -0.349282 0.671559
v 0.681734 -0.364395 0.634393
v 0.708366 -0.378629 0.595699
v 0.733291 -0.391952 0.555570
v 0.756449 -0.404330 0.514103
v 0.777785 -0.415735 0.471397
v 0.797247 -0.426138 0.427555
v 0.814789 -0.435514 0.382683
v 0.830368 -0.443841 0.336890
v 0.843946 -0.451099 0.290285
v 0.855491 -0.457269 0.242980
v 0.864975 -0.462339 0.195090
v 0.872375 -0.466294 0.146730
v 0.877674 -0.469127 0.098017
v 0.880859 -0.470829 0.049068
v 0.881921 -0.471397 0.000000
v 0.880859 -0.470829 -0.049068
v 0.877674 -0.469127 -0.098017
v 0.872375 -0.466294 -0.146730
v 0.864975 -0.462339 -0.195090
v 0.855491 -0.457269 -0.242980
v 0.843946 -0.451099 -0.290285
v 0.830368 -0.443841 -0.336890
v 0.814789 -0.435514 -0.382683
v 0.797247 -0.426138 -0.427555
v 0.777785 -0.415735 -0.471397
v 0.756449 -0.404330 -0.514103
v 0.733291 -0.391952 -0.555570
v 0.708366 -0.378629 -0.595699
v 0.681734 -0.364395 -0.634393
v 0.653460 -0.349282 -0.671559
v 0.623612 -0.333328 -0.707107
v 0.592262 -0.316571 -0.740951
v 0.559485 -0.299051 -0.773010
v 0.525360 -0.280811 -0.803208
v 0.489969 -0.261894 -0.831470
v 0.453398 -0.242346 -0.857729
v 0.415735 -0.222215 -0.881921
v 0.377070 -0.201548 -0.903989
v 0.337497 -0.180396 -0.923880
v 0.297110 -0.158809 -0.941544
v 0.256008 -0.136839 -0.956940
v 0.214289 -0.114540 -0.970031
v 0.172054 -0.091965 -0.980785
v 0.129405 -0.069168 -0.989177
v 0.086443 -0.046205 -0.995185
v 0.043274 -0.023130 -0.998795
v 0.040798 -0.027261 0.998795
v 0.081498 -0.054455 0.995185
v 0.122002 -0.081519 0.989177
v 0.162212 -0.108386 0.980785
v 0.202031 -0.134993 0.970031
v 0.241363 -0.161274 0.956940
v 0.280114 -0.187166 0.941544
v 0.318190 -0.212607 0.923880
v 0.355499 -0.237537 0.903989
v 0.391952 -0.261894 0.881921
v 0.427461 -0.285620 0.857729
v 0.461940 -0.308658 0.831470
v 0.495306 -0.330953 0.803208
v 0.527479 -0.352450 0.773010
v 0.558381 -0.373098 0.740951
v 0.587938 -0.392848 0.707107
v 0.616078 -0.411650 0.671559
v 0.642735 -0.429462 0.634393
v 0.667842 -0.446238 0.595699
v 0.691342 -0.461940 0.555570
v 0.713175 -0.476528 0.514103
v 0.733290 -0.489969 0.471397
v 0.751640 -0.502230 0.427555
v 0.768178 -0.513280 0.382683
v 0.782865 -0.523094 0.336890
v 0.795667 -0.531648 0.290285
v 0.806551 -0.538920 0.242980
v 0.815493 -0.544895 0.195090
v 0.822470 -0.549557 0.146730
v 0.827466 -0.552895 0.098017
v 0.830468 -0.554901 0.049068
v 0.831469 -0.555570 0.000000
v 0.830468 -0.554901 -0.049068
v 0.827466 -0.552895 -0.098017
v 0.822470 -0.549557 -0.146730
v 0.815493 -0.544895 -0.195090
v 0.806551 -0.538920 -0.242980
v 0.795667 -0.531648 -0.290285
v 0.782865 -0.523094 -0.336890
v 0.768178 -0.513280 -0.382683
v 0.751640 -0.502230 -0.427555
v 0.733290 -0.489969 -0.471397
v 0.713175 -0.476528 -0.514103
v 0.691342 -0.461940 -0.555570
v 0.667842 -0.446238 -0.595699
v 0.642735 -0.429462 -0.634393
v 0.616078 -0.411650 -0.671559
v 0.587938 -0.392848 -0.707107
v 0.558381 -0.373098 -0.740951
v 0.527479 -0.352450 -0.773010
v 0.495306 -0.330953 -0.803208
v 0.461940 -0.308658 -0.831470
v 0.427461 -0.285620 -0.857729
v 0.391952 -0.261894 -0.881921
v 0.355499 -0.237537 -0.903989
v 0.318190 -0.212607 -0.923880
v 0.280114 -0.187166 -0.941544
v 0.241363 -0.161274 -0.956940
v 0.202031 -0.134993 -0.970031
v 0.162212 -0.108386 -0.980785
v 0.122002 -0.081519 -0.989177
v 0.081498 -0.054455 -0.995185
v 0.040798 -0.027261 -0.998795
v 0.037930 -0.031128 0.998795
v 0.075768 -0.062181 0.995185
v 0.113424 -0.093085 0.989177
v 0.150807 -0.123764 0.980785
v 0.187826 -0.154145 0.970031
v 0.224393 -0.184155 0.956940
v 0.260419 -0.213721 0.941544
v 0.295818 -0.242772 0.923880
v 0.330505 -0.271238 0.903989
v 0.364394 -0.299051 0.881921
v 0.397407 -0.326143 0.857729
v 0.429462 -0.352450 0.831470
v 0.460482 -0.377908 0.803208
v 0.490393 -0.402455 0.773010
v 0.519122 -0.426032 0.740951
v 0.546601 -0.448584 0.707107
v 0.572763 -0.470054 0.671559
v 0.597545 -0.490393 0.634393
v 0.620888 -0.509549 0.595699
v 0.642735 -0.527479 0.555570
v 0.663033 -0.544137 0.514103
v 0.681734 -0.559485 0.471397
v 0.698793 -0.573485 0.427555
v 0.714168 -0.586103 0.382683
v 0.727823 -0.597309 0.336890
v 0.739725 -0.607076 0.290285
v 0.749844 -0.615381 0.242980
v 0.758157 -0.622204 0.195090
v 0.764643 -0.627527 0.146730
v 0.769288 -0.631338 0.098017
v 0.772079 -0.633629 0.049068
v 0.773010 -0.634393 0.000000
v 0.772079 -0.633629 -0.049068
v 0.769288 -0.631338 -0.098017
v 0.764643 -0.627527 -0.146730
v 0.758157 -0.622204 -0.195090
v 0.749844 -0.615381 -0.242980
v 0.739725 -0.607076 -0.290285
v 0.727823 -0.597309 -0.336890
v 0.714168 -0.586103 -0.382683
v 0.698793 -0.573485 -0.427555
v 0.681734 -0.559485 -0.471397
v 0.663033 -0.544137 -0.514103
v 0.642735 -0.527479 -0.555570
v 0.620888 -0.509549 -0.595699
v 0.597545 -0.490393 -0.634393
v 0.572763 -0.470054 -0.671559
v 0.546601 -0.448584 -0.707107
v 0.519122 -0.426032 -0.740951
v 0.490393 -0.402455 -0.773010
v 0.460482 -0.377908 -0.803208
v 0.429462 -0.352450 -0.831470
v 0.397407 -0.326143 -0.857729
v 0.364394 -0.299051 -0.881921
v 0.330505 -0.271238 -0.903989
v 0.295818 -0.242772 -0.923880
v 0.260419 -0.213721 -0.941544
v 0.224393 -0.184155 -0.956940
v 0.187826 -0.154145 -0.970031
v 0.150807 -0.123764 -0.980785
v 0.113424 -0.093085 -0.989177
v 0.075768 -0.062181 -0.995185
v 0.037930 -0.031128 -0.998795
v 0.034696 -0.034696 0.998795
v 0.069309 -0.069309 0.995185
v 0.103754 -0.103754 0.989177
v 0.137950 -0.137950 0.980785
v 0.171813 -0.171813 0.970031
v 0.205262 -0.205262 0.956940
v 0.238217 -0.238217 0.941544
v 0.270598 -0.270598 0.923880
v 0.302327 -0.302327 0.903989
v 0.333328 -0.333328 0.881921
v 0.363525 -0.363525 0.857729
v 0.392848 -0.392848 0.831470
v 0.421223 -0.421223 0.803208
v 0.448584 -0.448584 0.773010
v 0.474864 -0.474864 0.740951
v 0.500000 -0.500000 0.707107
v 0.523931 -0.523931 0.671559
v 0.546601 -0.546601 0.634393
v 0.567953 -0.567953 0.595699
v 0.587938 -0.587938 0.555570
v 0.606506 -0.606506 0.514103
v 0.623612 -0.623612 0.471397
v 0.639217 -0.639217 0.427555
v 0.653281 -0.653281 0.382683
v 0.665772 -0.665772 0.336890
v 0.676659 -0.676659 0.290285
v 0.685915 -0.685915 0.242980
v 0.693520 -0.693520 0.195090
v 0.699453 -0.699453 0.146730
v 0.703702 -0.703702 0.098017
v 0.706255 -0.706255 0.049068
v 0.707107 -0.707107 0.000000
v 0.706255 -0.706255 -0.049068
v 0.703702 -0.703702 -0.098017
v 0.699453 -0.699453 -0.146730
v 0.693520 -0.693520 -0.195090
v 0.685915 -0.685915 -0.242980
v 0.676659 -0.676659 -0.290285
v 0.665772 -0.665772 -0.336890
v 0.653281 -0.653281 -0.382683
v 0.639217 -0.639217 -0.427555
v 0.623612 -0.623612 -0.471397
v 0.606506 -0.606506 -0.514103
v 0.587938 -0.587938 -0.555570
v 0.567953 -0.567953 -0.595699
v 0.546601 -0.546601 -0.634393
v 0.523931 -0.523931 -0.671559
v 0.500000 -0.500000 -0.707107
v 0.474864 -0.474864 -0.740951
v 0.448584 -0.448584 -0.773010
v 0.421223 -0.421223 -0.803208
v 0.392848 -0.392848 -0.831470
v 0.363525 -0.363525 -0.857729
v 0.333328 -0.333328 -0.881921
v 0.302327 -0.302327 -0.903989
v 0.270598 -0.270598 -0.923880
v 0.238217 -0.238217 -0.941544
v 0.205262 -0.205262 -0.956940
v 0.171813 -0.171813 -0.970031
v 0.137950 -0.137950 -0.980785
v 0.103754 -0.103754 -0.989177
v 0.069309 -0.069309 -0.995185
v 0.034696 -0.034696 -0.998795
v 0.031128 -0.037930 0.998795
v 0.062181 -0.075768 0.995185
v 0.093085 -0.113424 0.989177
v 0.123764 -0.150807 0.980785
v 0.154145 -0.187826 0.970031
v 0.184155 -0.224393 0.956940
v 0.213721 -0.260419 0.941544
v 0.242772 -0.295818 0.923880
v 0.271238 -0.330505 0.903989
v 0.299051 -0.364395 0.881921
v 0.326143 -0.397407 0.857729
v 0.352450 -0.429462 0.831470
v 0.377907 -0.460482 0.803208
v 0.402455 -0.490393 0.773010
v 0.426032 -0.519122 0.740951
v 0.448584 -0.546601 0.707107
v 0.470054 -0.572763 0.671559
v 0.490393 -0.597545 0.634393
v 0.509549 -0.620888 0.595699
v 0.527479 -0.642735 0.555570
v 0.544137 -0.663033 0.514103
v 0.559485 -0.681734 0.471397
v 0.573485 -0.698793 0.427555
v 0.586103 -0.714168 0.382683
v 0.597309 -0.727823 0.336890
v 0.607076 -0.739725 0.290285
v 0.615381 -0.749844 0.242980
v 0.622203 -0.758157 0.195090
v 0.627527 -0.764643 0.146730
v 0.631338 -0.769288 0.098017
v 0.633629 -0.772079 0.049068
v 0.634393 -0.773010 0.000000
v 0.633629 -0.772079 -0.049068
v 0.631338 -0.769288 -0.098017
v 0.627527 -0.764643 -0.146730
v 0.622203 -0.758157 -0.195090
v 0.615381 -0.749844 -0.242980
v 0.607076 -0.739725 -0.290285
v 0.597309 -0.727823 -0.336890
v 0.586103 -0.714168 -0.382683
v 0.573485 -0.698793 -0.427555
v 0.559485 -0.681734 -0.471397
v 0.544137 -0.663033 -0.514103
v 0.527479 -0.642735 -0.555570
v 0.509549 -0.620888 -0.595699
v 0.490393 -0.597545 -0.634393
v 0.470054 -0.572763 -0.671559
v 0.448584 -0.546601 -0.707107
v 0.426032 -0.519122 -0.740951
v 0.402455 -0.490393 -0.773010
v 0.377907 -0.460482 -0.803208
v 0.352450 -0.429462 -0.831470
v 0.326143 -0.397407 -0.857729
v 0.299051 -0.364395 -0.881921
v 0.271238 -0.330505 -0.903989
v 0.242772 -0.295818 -0.923880
v 0.213721 -0.260419 -0.941544
v 0.184155 -0.224393 -0.956940
v 0.154145 -0.187826 -0.970031
v 0.123764 -0.150807 -0.980785
v 0.093085 -0.113424 -0.989177
v 0.062181 -0.075768 -0.995185
v 0.031128 -0.037930 -0.998795
v 0.027261 -0.040798 0.998795
v 0.054455 -0.081498 0.995185
v 0.081519 -0.122002 0.989177
v 0.108386 -0.162212 0.980785
v 0.134992 -0.202031 0.970031
v 0.161274 -0.241363 0.956940
v 0.187166 -0.280114 0.941544
v 0.212607 -0.318190 0.923880
v 0.237537 -0.355499 0.903989
v 0.261894 -0.391952 0.881921
v 0.285620 -0.427461 0.857729
v 0.308658 -0.461940 0.831470
v 0.330953 -0.495306 0.803208
v 0.352450 -0.527479 0.773010
v 0.373098 -0.558381 0.740951
v 0.392847 -0.587938 0.707107
v 0.411650 -0.616078 0.671559
v 0.429462 -0.642735 0.634393
v 0.446238 -0.667843 0.595699
v 0.461940 -0.691342 0.555570
v 0.476528 -0.713175 0.514103
v 0.489969 -0.733291 0.471397
v 0.502230 -0.751640 0.427555
v 0.513280 -0.768178 0.382683
v 0.523094 -0.782865 0.336890
v 0.531647 -0.795667 0.290285
v 0.538920 -0.806551 0.242980
v 0.544895 -0.815493 0.195090
v 0.549557 -0.822470 0.146730
v 0.552895 -0.827466 0.098017
v 0.554901 -0.830468 0.049068
v 0.555570 -0.831470 0.000000
v 0.554901 -0.830468 -0.049068
v 0.552895 -0.827466 -0.098017
v 0.549557 -0.822470 -0.146730
v 0.544895 -0.815493 -0.195090
v 0.538920 -0.806551 -0.242980
v 0.531647 -0.795667 -0.290285
v 0.523094 -0.782865 -0.336890
v 0.513280 -0.768178 -0.382683
v 0.502230 -0.751640 -0.427555
v 0.489969 -0.733291 -0.471397
v 0.476528 -0.713175 -0.514103
v 0.461940 -0.691342 -0.555570
v 0.446238 -0.667843 -0.595699
v 0.429462 -0.642735 -0.634393
v 0.411650 -0.616078 -0.671559
v 0.392847 -0.587938 -0.707107
v 0.373098 -0.558381 -0.740951
v 0.352450 -0.527479 -0.773010
v 0.330953 -0.495306 -0.803208
v 0.308658 -0.461940 -0.831470
v 0.285620 -0.427461 -0.857729
v 0.261894 -0.391952 -0.881921
v 0.237537 -0.355499 -0.903989
v 0.212607 -0.318190 -0.923880
v 0.187166 -0.280114 -0.941544
v 0.161274 -0.241363 -0.956940
v 0.134992 -0.202031 -0.970031
v 0.108386 -0.162212 -0.980785
v 0.081519 -0.122002 -0.989177
v 0.054455 -0.081498 -0.995185
v 0.027261 -0.040798 -0.998795
v 0.023130 -0.043274 0.998795
v 0.046205 -0.086443 0.995185
v 0.069168 -0.129405 0.989177
v 0.091965 -0.172054 0.980785
v 0.114540 -0.214289 0.970031
v 0.136839 -0.256008 0.956940
v 0.158809 -0.297110 0.941544
v 0.180396 -0.337497 0.923880
v 0.201548 -0.377070 0.903989
v 0.222215 -0.415735 0.881921
v 0.242346 -0.453398 0.857729
v 0.261894 -0.489969 0.831470
v 0.280811 -0.525360 0.803208
v 0.299051 -0.559485 0.773010
v 0.316571 -0.592262 0.740951
v 0.333328 -0.623612 0.707107
v 0.349282 -0.653460 0.671559
v 0.364395 -0.681734 0.634393
v 0.378629 -0.708366 0.595699
v 0.391952 -0.733291 0.555570
v 0.404330 -0.756449 0.514103
v 0.415735 -0.777785 0.471397
v 0.426138 -0.797247 0.427555
v 0.435514 -0.814789 0.382683
v 0.443841 -0.830367 0.336890
v 0.451098 -0.843946 0.290285
v 0.457269 -0.855491 0.242980
v 0.462339 -0.864975 0.195090
v 0.466294 -0.872375 0.146730
v 0.469127 -0.877674 0.098017
v 0.470829 -0.880859 0.049068
v 0.471397 -0.881921 0.000000
v 0.470829 -0.880859 -0.049068
v 0.469127 -0.877674 -0.098017
v 0.466294 -0.872375 -0.146730
v 0.462339 -0.864975 -0.195090
v 0.457269 -0.855491 -0.242980
v 0.451098 -0.843946 -0.290285
v 0.443841 -0.830367 -0.336890
v 0.435514 -0.814789 -0.382683
v 0.426138 -0.797247 -0.427555
v 0.415735 -0.777785 -0.471397
v 0.404330 -0.756449 -0.514103
v 0.391952 -0.733291 -0.555570
v 0.378629 -0.708366 -0.595699
v 0.364395 -0.681734 -0.634393
v 0.349282 -0.653460 -0.671559
v 0.333328 -0.623612 -0.707107
v 0.316571 -0.592262 -0.740951
v 0.299051 -0.559485 -0.773010
v 0.280811 -0.525360 -0.803208
v 0.261894 -0.489969 -0.831470
v 0.242346 -0.453398 -0.857729
v 0.222215 -0.415735 -0.881921
v 0.201548 -0.377070 -0.903989
v 0.180396 -0.337497 -0.923880
v 0.158809 -0.297110 -0.941544
v 0.136839 -0.256008 -0.956940
v 0.114540 -0.214289 -0.970031
v 0.091965 -0.172054 -0.980785
v 0.069168 -0.129405 -0.989177
v 0.046205 -0.086443 -0.995185
v 0.023130 -0.043274 -0.998795
v 0.018777 -0.045333 0.998795
v 0.037510 -0.090556 0.995185
v 0.056151 -0.135561 0.989177
v 0.074658 -0.180240 0.980785
v 0.092984 -0.224484 0.970031
v 0.111087 -0.268188 0.956940
v 0.128922 -0.311246 0.941544
v 0.146447 -0.353553 0.923880
v 0.163618 -0.395009 0.903989
v 0.180396 -0.435514 0.881921
v 0.196738 -0.474969 0.857729
v 0.212608 -0.513280 0.831470
v 0.227964 -0.550354 0.803208
v 0.242772 -0.586103 0.773010
v 0.256994 -0.620439 0.740951
v 0.270598 -0.653281 0.707107
v 0.283550 -0.684549 0.671559
v 0.295818 -0.714168 0.634393
v 0.307374 -0.742067 0.595699
v 0.318190 -0.768178 0.555570
v 0.328238 -0.792438 0.514103
v 0.337497 -0.814789 0.471397
v 0.345942 -0.835177 0.427555
v 0.353553 -0.853553 0.382683
v 0.360313 -0.869873 0.336890
v 0.366205 -0.884097 0.290285
v 0.371215 -0.896192 0.242980
v 0.375330 -0.906127 0.195090
v 0.378541 -0.913879 0.146730
v 0.380841 -0.919431 0.098017
v 0.382222 -0.922767 0.049068
v 0.382683 -0.923879 0.000000
v 0.382222 -0.922767 -0.049068
v 0.380841 -0.919431 -0.098017
v 0.378541 -0.913879 -0.146730
v 0.375330 -0.906127 -0.195090
v 0.371215 -0.896192 -0.242980
v 0.366205 -0.884097 -0.290285
v 0.360313 -0.869873 -0.336890
v 0.353553 -0.853553 -0.382683
v 0.345942 -0.835177 -0.427555
v 0.337497 -0.814789 -0.471397
v 0.328238 -0.792438 -0.514103
v 0.318190 -0.768178 -0.555570
v 0.307374 -0.742067 -0.595699
v 0.295818 -0.714168 -0.634393
v 0.283550 -0.684549 -0.671559
v 0.270598 -0.653281 -0.707107
v 0.256994 -0.620439 -0.740951
v 0.242772 -0.586103 -0.773010
v 0.227964 -0.550354 -0.803208
v 0.212608 -0.513280 -0.831470
v 0.196738 -0.474969 -0.857729
v 0.180396 -0.435514 -0.881921
v 0.163618 -0.395009 -0.903989
v 0.146447 -0.353553 -0.923880
v 0.128922 -0.311246 -0.941544
v 0.111087 -0.268188 -0.956940
v 0.092984 -0.224484 -0.970031
v 0.074658 -0.180240 -0.980785
v 0.056151 -0.135561 -0.989177
v 0.037510 -0.090556 -0.995185
v 0.018777 -0.045333 -0.998795
v 0.014244 -0.046955 0.998795
v 0.028453 -0.093797 0.995185
v 0.042594 -0.140412 0.989177
v 0.056632 -0.186690 0.980785
v 0.070533 -0.232517 0.970031
v 0.084265 -0.277785 0.956940
v 0.097794 -0.322383 0.941544
v 0.111087 -0.366205 0.923880
v 0.124113 -0.409145 0.903989
v 0.136839 -0.451098 0.881921
v 0.149236 -0.491965 0.857729
v 0.161274 -0.531648 0.831470
v 0.172922 -0.570049 0.803208
v 0.184155 -0.607076 0.773010
v 0.194943 -0.642642 0.740951
v 0.205262 -0.676659 0.707107
v 0.215087 -0.709046 0.671559
v 0.224393 -0.739725 0.634393
v 0.233159 -0.768622 0.595699
v 0.241363 -0.795667 0.555570
v 0.248985 -0.820795 0.514103
v 0.256008 -0.843946 0.471397
v 0.262414 -0.865064 0.427555
v 0.268188 -0.884097 0.382683
v 0.273316 -0.901001 0.336890
v 0.277785 -0.915735 0.290285
v 0.281585 -0.928262 0.242980
v 0.284707 -0.938553 0.195090
v 0.287143 -0.946582 0.146730
v 0.288887 -0.952332 0.098017
v 0.289935 -0.955787 0.049068
v 0.290284 -0.956940 0.000000
v 0.289935 -0.955787 -0.049068
v 0.288887 -0.952332 -0.098017
v 0.287143 -0.946582 -0.146730
v 0.284707 -0.938553 -0.195090
v 0.281585 -0.928262 -0.242980
v 0.277785 -0.915735 -0.290285
v 0.273316 -0.901001 -0.336890
v 0.268188 -0.884097 -0.382683
v 0.262414 -0.865064 -0.427555
v 0.256008 -0.843946 -0.471397
v 0.248985 -0.820795 -0.514103
v 0.241363 -0.795667 -0.555570
v 0.233159 -0.768622 -0.595699
v 0.224393 -0.739725 -0.634393
v 0.215087 -0.709046 -0.671559
v 0.205262 -0.676659 -0.707107
v 0.194943 -0.642642 -0.740951
v 0.184155 -0.607076 -0.773010
v 0.172922 -0.570049 -0.803208
v 0.161274 -0.531648 -0.831470
v 0.149236 -0.491965 -0.857729
v 0.136839 -0.451098 -0.881921
v 0.124113 -0.409145 -0.903989
v 0.111087 -0.366205 -0.923880
v 0.097794 -0.322383 -0.941544
v 0.084265 -0.277785 -0.956940
v 0.070533 -0.232517 -0.970031
v 0.056632 -0.186690 -0.980785
v 0.042594 -0.140412 -0.989177
v 0.028453 -0.093797 -0.995185
v 0.014244 -0.046955 -0.998795
v 0.009573 -0.048125 0.998795
v 0.019122 -0.096134 0.995185
v 0.028626 -0.143911 0.989177
v 0.038060 -0.191342 0.980785
v 0.047403 -0.238311 0.970031
v 0.056632 -0.284707 0.956940
v 0.065724 -0.330417 0.941544
v 0.074658 -0.375330 0.923880
v 0.083412 -0.419340 0.903989
v 0.091965 -0.462339 0.881921
v 0.100296 -0.504224 0.857729
v 0.108386 -0.544895 0.831470
v 0.116215 -0.584253 0.803208
v 0.123764 -0.622204 0.773010
v 0.131015 -0.658655 0.740951
v 0.137950 -0.693520 0.707107
v 0.144552 -0.726714 0.671559
v 0.150807 -0.758157 0.634393
v 0.156698 -0.787774 0.595699
v 0.162212 -0.815493 0.555570
v 0.167334 -0.841247 0.514103
v 0.172054 -0.864975 0.471397
v 0.176360 -0.886619 0.427555
v 0.180240 -0.906127 0.382683
v 0.183686 -0.923452 0.336890
v 0.186690 -0.938553 0.290285
v 0.189243 -0.951392 0.242980
v 0.191342 -0.961940 0.195090
v 0.192979 -0.970169 0.146730
v 0.194151 -0.976062 0.098017
v 0.194855 -0.979604 0.049068
v 0.195090 -0.980785 0.000000
v 0.194855 -0.979604 -0.049068
v 0.194151 -0.976062 -0.098017
v 0.192979 -0.970169 -0.146730
v 0.191342 -0.961940 -0.195090
v 0.189243 -0.951392 -0.242980
v 0.186690 -0.938553 -0.290285
v 0.183686 -0.923452 -0.336890
v 0.180240 -0.906127 -0.382683
v 0.176360 -0.886619 -0.427555
v 0.172054 -0.864975 -0.471397
v 0.167334 -0.841247 -0.514103
v 0.162212 -0.815493 -0.555570
v 0.156698 -0.787774 -0.595699
v 0.150807 -0.758157 -0.634393
v 0.144552 -0.726714 -0.671559
v 0.137950 -0.693520 -0.707107
v 0.131015 -0.658655 -0.740951
v 0.123764 -0.622204 -0.773010
v 0.116215 -0.584253 -0.803208
v 0.108386 -0.544895 -0.831470
v 0.100296 -0.504224 -0.857729
v 0.091965 -0.462339 -0.881921
v 0.083412 -0.419340 -0.903989
v 0.074658 -0.375330 -0.923880
v 0.065724 -0.330417 -0.941544
v 0.056632 -0.284707 -0.956940
v 0.047403 -0.238311 -0.970031
v 0.038060 -0.191342 -0.980785
v 0.028626 -0.143911 -0.989177
v 0.019122 -0.096134 -0.995185
v 0.009573 -0.048125 -0.998795
v 0.004809 -0.048831 0.998795
v 0.009607 -0.097545 0.995185
v 0.014382 -0.146024 0.989177
v 0.019122 -0.194151 0.980785
v 0.023816 -0.241810 0.970031
v 0.028453 -0.288887 0.956940
v 0.033021 -0.335268 0.941544
v 0.037510 -0.380841 0.923880
v 0.041908 -0.425496 0.903989
v 0.046205 -0.469127 0.881921
v 0.050391 -0.511627 0.857729
v 0.054455 -0.552895 0.831470
v 0.058389 -0.592831 0.803208
v 0.062181 -0.631338 0.773010
v 0.065824 -0.668325 0.740951
v 0.069308 -0.703702 0.707107
v 0.072626 -0.737383 0.671559
v 0.075768 -0.769288 0.634393
v 0.078728 -0.799340 0.595699
v 0.081498 -0.827466 0.555570
v 0.084072 -0.853598 0.514103
v 0.086443 -0.877674 0.471397
v 0.088606 -0.899636 0.427555
v 0.090556 -0.919430 0.382683
v 0.092288 -0.937010 0.336890
v 0.093796 -0.952332 0.290285
v 0.095080 -0.965360 0.242980
v 0.096134 -0.976062 0.195090
v 0.096956 -0.984413 0.146730
v 0.097545 -0.990392 0.098017
v 0.097899 -0.993986 0.049068
v 0.098017 -0.995185 0.000000
v 0.097899 -0.993986 -0.049068
v 0.097545 -0.990392 -0.098017
v 0.096956 -0.984413 -0.146730
v 0.096134 -0.976062 -0.195090
v 0.095080 -0.965360 -0.242980
v 0.093796 -0.952332 -0.290285
v 0.092288 -0.937010 -0.336890
v 0.090556 -0.919430 -0.382683
v 0.088606 -0.899636 -0.427555
v 0.086443 -0.877674 -0.471397
v 0.084072 -0.853598 -0.514103
v 0.081498 -0.827466 -0.555570
v 0.078728 -0.799340 -0.595699
v 0.075768 -0.769288 -0.634393
v 0.072626 -0.737383 -0.671559
v 0.069308 -0.703702 -0.707107
v 0.065824 -0.668325 -0.740951
v 0.062181 -0.631338 -0.773010
v 0.058389 -0.592831 -0.803208
v 0.054455 -0.552895 -0.831470
v 0.050391 -0.511627 -0.857729
v 0.046205 -0.469127 -0.881921
v 0.041908 -0.425496 -0.903989
v 0.037510 -0.380841 -0.923880
v 0.033021 -0.335268 -0.941544
v 0.028453 -0.288887 -0.956940
v 0.023816 -0.241810 -0.970031
v 0.019122 -0.194151 -0.980785
v 0.014382 -0.146024 -0.989177
v 0.009607 -0.097545 -0.995185
v 0.004809 -0.048831 -0.998795
v -0.000000 -0.049068 0.998795
v -0.000000 -0.098017 0.995185
v 0.000000 -0.146730 0.989177
v 0.000000 -0.195090 0.980785
v -0.000000 -0.242980 0.970031
v -0.000000 -0.290285 0.956940
v -0.000000 -0.336890 0.941544
v -0.000000 -0.382683 0.923880
v 0.000000 -0.427555 0.903989
v -0.000000 -0.471397 0.881921
v -0.000000 -0.514102 0.857729
v 0.000000 -0.555571 0.831470
v -0.000000 -0.595699 0.803208
v 0.000000 -0.634393 0.773010
v 0.000000 -0.671559 0.740951
v -0.000000 -0.707107 0.707107
v -0.000000 -0.740951 0.671559
v 0.000000 -0.773010 0.634393
v -0.000000 -0.803207 0.595699
v 0.000000 -0.831470 0.555570
v -0.000000 -0.857728 0.514103
v -0.000000 -0.881921 0.471397
v -0.000000 -0.903989 0.427555
v -0.000000 -0.923879 0.382683
v 0.000000 -0.941544 0.336890
v -0.000000 -0.956940 0.290285
v -0.000000 -0.970031 0.242980
v -0.000000 -0.980785 0.195090
v 0.000000 -0.989176 0.146730
v -0.000000 -0.995184 0.098017
v -0.000000 -0.998795 0.049068
v -0.000000 -1.000000 0.000000
v -0.000000 -0.998795 -0.049068
v -0.000000 -0.995184 -0.098017
v 0.000000 -0.989176 -0.146730
v -0.000000 -0.980785 -0.195090
v -0.000000 -0.970031 -0.242980
v -0.000000 -0.956940 -0.290285
v 0.000000 -0.941544 -0.336890
v -0.000000 -0.923879 -0.382683
v -0.000000 -0.903989 -0.427555
v -0.000000 -0.881921 -0.471397
v -0.000000 -0.857728 -0.514103
v 0.000000 -0.831470 -0.555570
v -0.000000 -0.803207 -0.595699
v 0.000000 -0.773010 -0.634393
v -0.000000 -0.740951 -0.671559
v -0.000000 -0.707107 -0.707107
v 0.000000 -0.671559 -0.740951
v 0.000000 -0.634393 -0.773010
v -0.000000 -0.595699 -0.803208
v 0.000000 -0.555571 -0.831470
v -0.000000 -0.514102 -0.857729
v -0.000000 -0.471397 -0.881921
v 0.000000 -0.427555 -0.903989
v -0.000000 -0.382683 -0.923880
v -0.000000 -0.336890 -0.941544
v -0.000000 -0.290285 -0.956940
v -0.000000 -0.242980 -0.970031
v 0.000000 -0.195090 -0.980785
v 0.000000 -0.146730 -0.989177
v -0.000000 -0.098017 -0.995185
v -0.000000 -0.049068 -0.998795
v 0.000000 0.000000 1.000000
v -0.004809 -0.048831 0.998795
v -0.009607 -0.097545 0.995185
v -0.014382 -0.146024 0.989177
v -0.019122 -0.194151 0.980785
v -0.023816 -0.241810 0.970031
v -0.028453 -0.288887 0.956940
v -0.033021 -0.335268 0.941544
v -0.037510 -0.380840 0.923880
v -0.041908 -0.425496 0.903989
v -0.046205 -0.469127 0.881921
v -0.050391 -0.511627 0.857729
v -0.054455 -0.552895 0.831470
v -0.058389 -0.592831 0.803208
v -0.062181 -0.631338 0.773010
v -0.065824 -0.668325 0.740951
v -0.069309 -0.703702 0.707107
v -0.072626 -0.737383 0.671559
v -0.075768 -0.769288 0.634393
v -0.078728 -0.799340 0.595699
v -0.081498 -0.827466 0.555570
v -0.084072 -0.853598 0.514103
v -0.086443 -0.877674 0.471397
v -0.088606 -0.899636 0.427555
v -0.090556 -0.919430 0.382683
v -0.092287 -0.937010 0.336890
v -0.093797 -0.952332 0.290285
v -0.095080 -0.965360 0.242980
v -0.096134 -0.976062 0.195090
v -0.096956 -0.984413 0.146730
v -0.097545 -0.990392 0.098017
v -0.097899 -0.993986 0.049068
v -0.098017 -0.995184 0.000000
v -0.097899 -0.993986 -0.049068
v -0.097545 -0.990392 -0.098017
v -0.096956 -0.984413 -0.146730
v -0.096134 -0.976062 -0.195090
v -0.095080 -0.965360 -0.242980
v -0.093797 -0.952332 -0.290285
v -0.092287 -0.937010 -0.336890
v -0.090556 -0.919430 -0.382683
v -0.088606 -0.899636 -0.427555
v -0.086443 -0.877674 -0.471397
v -0.084072 -0.853598 -0.514103
v -0.081498 -0.827466 -0.555570
v -0.078728 -0.799340 -0.595699
v -0.075768 -0.769288 -0.634393
v -0.072626 -0.737383 -0.671559
v -0.069309 -0.703702 -0.707107
v -0.065824 -0.668325 -0.740951
v -0.062181 -0.631338 -0.773010
v -0.058389 -0.592831 -0.803208
v -0.054455 -0.552895 -0.831470
v -0.050391 -0.511627 -0.857729
v -0.046205 -0.469127 -0.881921
v -0.041908 -0.425496 -0.903989
v -0.037510 -0.380840 -0.923880
v -0.033021 -0.335268 -0.941544
v -0.028453 -0.288887 -0.956940
v -0.023816 -0.241810 -0.970031
v -0.019122 -0.194151 -0.980785
v -0.014382 -0.146024 -0.989177
v -0.009607 -0.097545 -0.995185
v -0.004809 -0.048831 -0.998795
v -0.009573 -0.048125 0.998795
v -0.019122 -0.096134 0.995185
v -0.028626 -0.143911 0.989177
v -0.038060 -0.191342 0.980785
v -0.047403 -0.238311 0.970031
v -0.056632 -0.284707 0.956940
v -0.065724 -0.330417 0.941544
v -0.074658 -0.375330 0.923880
v -0.083412 -0.419340 0.903989
v -0.091965 -0.462339 0.881921
v -0.100296 -0.504224 0.857729
v -0.108386 -0.544895 0.831470
v -0.116215 -0.584253 0.803208
v -0.123764 -0.622204 0.773010
v -0.131015 -0.658655 0.740951
v -0.137950 -0.693520 0.707107
v -0.144552 -0.726714 0.671559
v -0.150807 -0.758157 0.634393
v -0.156698 -0.787774 0.595699
v -0.162212 -0.815493 0.555570
v -0.167335 -0.841247 0.514103
v -0.172054 -0.864975 0.471397
v -0.176360 -0.886619 0.427555
v -0.180240 -0.906127 0.382683
v -0.183686 -0.923452 0.336890
v -0.186690 -0.938553 0.290285
v -0.189244 -0.951392 0.242980
v -0.191342 -0.961940 0.195090
v -0.192979 -0.970169 0.146730
v -0.194151 -0.976062 0.098017
v -0.194855 -0.979604 0.049068
v -0.195090 -0.980785 0.000000
v -0.194855 -0.979604 -0.049068
v -0.194151 -0.976062 -0.098017
v -0.192979 -0.970169 -0.146730
v -0.191342 -0.961940 -0.195090
v -0.189244 -0.951392 -0.242980
v -0.186690 -0.938553 -0.290285
v -0.183686 -0.923452 -0.336890
v -0.180240 -0.906127 -0.382683
v -0.176360 -0.886619 -0.427555
v -0.172054 -0.864975 -0.471397
v -0.167335 -0.841247 -0.514103
v -0.162212 -0.815493 -0.555570
v -0.156698 -0.787774 -0.595699
v -0.150807 -0.758157 -0.634393
v -0.144552 -0.726714 -0.671559
v -0.137950 -0.693520 -0.707107
v -0.131015 -0.658655 -0.740951
v -0.123764 -0.622204 -0.773010
v -0.116215 -0.584253 -0.803208
v -0.108386 -0.544895 -0.831470
v -0.100296 -0.504224 -0.857729
v -0.091965 -0.462339 -0.881921
v -0.083412 -0.419340 -0.903989
v -0.074658 -0.375330 -0.923880
v -0.065724 -0.330417 -0.941544
v -0.056632 -0.284707 -0.956940
v -0.047403 -0.238311 -0.970031
v -0.038060 -0.191342 -0.980785
v -0.028626 -0.143911 -0.989177
v -0.019122 -0.096134 -0.995185
v -0.009573 -0.048125 -0.998795
v -0.014244 -0.046955 0.998795
v -0.028453 -0.093797 0.995185
v -0.042594 -0.140412 0.989177
v -0.056632 -0.186690 0.980785
v -0.070533 -0.232517 0.970031
v -0.084265 -0.277785 0.956940
v -0.097794 -0.322383 0.941544
v -0.111087 -0.366205 0.923880
v -0.124113 -0.409145 0.903989
v -0.136839 -0.451098 0.881921
v -0.149236 -0.491965 0.857729
v -0.161274 -0.531648 0.831470
v -0.172922 -0.570048 0.803208
v -0.184155 -0.607076 0.773010
v -0.194943 -0.642642 0.740951
v -0.205262 -0.676659 0.707107
v -0.215087 -0.709046 0.671559
v -0.224393 -0.739725 0.634393
v -0.233159 -0.768621 0.595699
v -0.241363 -0.795667 0.555570
v -0.248985 -0.820795 0.514103
v -0.256008 -0.843946 0.471397
v -0.262414 -0.865064 0.427555
v -0.268188 -0.884097 0.382683
v -0.273316 -0.901001 0.336890
v -0.277785 -0.915735 0.290285
v -0.281585 -0.928261 0.242980
v -0.284707 -0.938553 0.195090
v -0.287143 -0.946582 0.146730
v -0.288887 -0.952332 0.098017
v -0.289935 -0.955787 0.049068
v -0.290285 -0.956940 0.000000
v -0.289935 -0.955787 -0.049068
v -0.288887 -0.952332 -0.098017
v -0.287143 -0.946582 -0.146730
v -0.284707 -0.938553 -0.195090
v -0.281585 -0.928261 -0.242980
v -0.277785 -0.915735 -0.290285
v -0.273316 -0.901001 -0.336890
v -0.268188 -0.884097 -0.382683
v -0.262414 -0.865064 -0.427555
v -0.256008 -0.843946 -0.471397
v -0.248985 -0.820795 -0.514103
v -0.241363 -0.795667 -0.555570
v -0.233159 -0.768621 -0.595699
v -0.224393 -0.739725 -0.634393
v -0.215087 -0.709046 -0.671559
v -0.205262 -0.676659 -0.707107
v -0.194943 -0.642642 -0.740951
v -0.184155 -0.607076 -0.773010
v -0.172922 -0.570048 -0.803208
v -0.161274 -0.531648 -0.831470
v -0.149236 -0.491965 -0.857729
v -0.136839 -0.451098 -0.881921
v -0.124113 -0.409145 -0.903989
v -0.111087 -0.366205 -0.923880
v -0.097794 -0.322383 -0.941544
v -0.084265 -0.277785 -0.956940
v -0.070533 -0.232517 -0.970031
v -0.056632 -0.186690 -0.980785
v -0.042594 -0.140412 -0.989177
v -0.028453 -0.093797 -0.995185
v -0.014244 -0.046955 -0.998795
v -0.018777 -0.045333 0.998795
v -0.037510 -0.090556 0.995185
v -0.056151 -0.135561 0.989177
v -0.074658 -0.180240 0.980785
v -0.092984 -0.224484 0.970031
v -0.111087 -0.268188 0.956940
v -0.128922 -0.311246 0.941544
v -0.146447 -0.353553 0.923880
v -0.163618 -0.395010 0.903989
v -0.180396 -0.435514 0.881921
v -0.196739 -0.474969 0.857729
v -0.212608 -0.513280 0.831470
v -0.227964 -0.550354 0.803208
v -0.242772 -0.586103 0.773010
v -0.256994 -0.620439 0.740951
v -0.270598 -0.653281 0.707107
v -0.283550 -0.684549 0.671559
v -0.295818 -0.714168 0.634393
v -0.307374 -0.742067 0.595699
v -0.318190 -0.768178 0.555570
v -0.328238 -0.792438 0.514103
v -0.337497 -0.814789 0.471397
v -0.345942 -0.835177 0.427555
v -0.353553 -0.853553 0.382683
v -0.360313 -0.869873 0.336890
v -0.366205 -0.884097 0.290285
v -0.371215 -0.896191 0.242980
v -0.375330 -0.906127 0.195090
v -0.378541 -0.913879 0.146730
v -0.380841 -0.919430 0.098017
v -0.382222 -0.922766 0.049068
v -0.382684 -0.923879 0.000000
v -0.382222 -0.922766 -0.049068
v -0.380841 -0.919430 -0.098017
v -0.378541 -0.913879 -0.146730
v -0.375330 -0.906127 -0.195090
v -0.371215 -0.896191 -0.242980
v -0.366205 -0.884097 -0.290285
v -0.360313 -0.869873 -0.336890
v -0.353553 -0.853553 -0.382683
v -0.345942 -0.835177 -0.427555
v -0.337497 -0.814789 -0.471397
v -0.328238 -0.792438 -0.514103
v -0.318190 -0.768178 -0.555570
v -0.307374 -0.742067 -0.595699
v -0.295818 -0.714168 -0.634393
v -0.283550 -0.684549 -0.671559
v -0.270598 -0.653281 -0.707107
v -0.256994 -0.620439 -0.740951
v -0.242772 -0.586103 -0.773010
v -0.227964 -0.550354 -0.803208
v -0.212608 -0.513280 -0.831470
v -0.196739 -0.474969 -0.857729
v -0.180396 -0.435514 -0.881921
v -0.163618 -0.395010 -0.903989
v -0.146447 -0.353553 -0.923880
v -0.128922 -0.311246 -0.941544
v -0.111087 -0.268188 -0.956940
v -0.092984 -0.224484 -0.970031
v -0.074658 -0.180240 -0.980785
v -0.056151 -0.135561 -0.989177
v -0.037510 -0.090556 -0.995185
v -0.018777 -0.045333 -0.998795
v -0.023130 -0.043274 0.998795
v -0.046205 -0.086443 0.995185
v -0.069168 -0.129405 0.989177
v -0.091965 -0.172054 0.980785
v -0.114540 -0.214289 0.970031
v -0.136839 -0.256008 0.956940
v -0.158809 -0.297110 0.941544
v -0.180396 -0.337496 0.923880
v -0.201548 -0.377070 0.903989
v -0.222215 -0.415735 0.881921
v -0.242346 -0.453398 0.857729
v -0.261894 -0.489970 0.831470
v -0.280811 -0.525360 0.803208
v -0.299051 -0.559485 0.773010
v -0.316571 -0.592262 0.740951
v -0.333328 -0.623612 0.707107
v -0.349282 -0.653460 0.671559
v -0.364394 -0.681734 0.634393
v -0.378629 -0.708365 0.595699
v -0.391952 -0.733291 0.555570
v -0.404330 -0.756449 0.514103
v -0.415735 -0.777785 0.471397
v -0.426138 -0.797247 0.427555
v -0.435514 -0.814789 0.382683
v -0.443841 -0.830368 0.336890
v -0.451099 -0.843946 0.290285
v -0.457269 -0.855491 0.242980
v -0.462339 -0.864975 0.195090
v -0.466294 -0.872375 0.146730
v -0.469127 -0.877674 0.098017
v -0.470829 -0.880859 0.049068
v -0.471397 -0.881921 0.000000
v -0.470829 -0.880859 -0.049068
v -0.469127 -0.877674 -0.098017
v -0.466294 -0.872375 -0.146730
v -0.462339 -0.864975 -0.195090
v -0.457269 -0.855491 -0.242980
v -0.451099 -0.843946 -0.290285
v -0.443841 -0.830368 -0.336890
v -0.435514 -0.814789 -0.382683
v -0.426138 -0.797247 -0.427555
v -0.415735 -0.777785 -0.471397
v -0.404330 -0.756449 -0.514103
v -0.391952 -0.733291 -0.555570
v -0.378629 -0.708365 -0.595699
v -0.364394 -0.681734 -0.634393
v -0.349282 -0.653460 -0.671559
v -0.333328 -0.623612 -0.707107
v -0.316571 -0.592262 -0.740951
v -0.299051 -0.559485 -0.773010
v -0.280811 -0.525360 -0.803208
v -0.261894 -0.489970 -0.831470
v -0.242346 -0.453398 -0.857729
v -0.222215 -0.415735 -0.881921
v -0.201548 -0.377070 -0.903989
v -0.180396 -0.337496 -0.923880
v -0.158809 -0.297110 -0.941544
v -0.136839 -0.256008 -0.956940
v -0.114540 -0.214289 -0.970031
v -0.091965 -0.172054 -0.980785
v -0.069168 -0.129405 -0.989177
v -0.046205 -0.086443 -0.995185
v -0.023130 -0.043274 -0.998795
v -0.027261 -0.040798 0.998795
v -0.054455 -0.081498 0.995185
v -0.081519 -0.122002 0.989177
v -0.108386 -0.162212 0.980785
v -0.134993 -0.202031 0.970031
v -0.161274 -0.241363 0.956940
v -0.187166 -0.280114 0.941544
v -0.212607 -0.318189 0.923880
v -0.237537 -0.355499 0.903989
v -0.261894 -0.391952 0.881921
v -0.285620 -0.427460 0.857729
v -0.308658 -0.461940 0.831470
v -0.330953 -0.495306 0.803208
v -0.352450 -0.527479 0.773010
v -0.373098 -0.558381 0.740951
v -0.392848 -0.587938 0.707107
v -0.411650 -0.616078 0.671559
v -0.429461 -0.642735 0.634393
v -0.446238 -0.667842 0.595699
v -0.461940 -0.691342 0.555570
v -0.476528 -0.713175 0.514103
v -0.489969 -0.733290 0.471397
v -0.502230 -0.751640 0.427555
v -0.513280 -0.768177 0.382683
v -0.523094 -0.782865 0.336890
v -0.531648 -0.795667 0.290285
v -0.538920 -0.806551 0.242980
v -0.544895 -0.815493 0.195090
v -0.549557 -0.822469 0.146730
v -0.552895 -0.827466 0.098017
v -0.554901 -0.830468 0.049068
v -0.555570 -0.831469 0.000000
v -0.554901 -0.830468 -0.049068
v -0.552895 -0.827466 -0.098017
v -0.549557 -0.822469 -0.146730
v -0.544895 -0.815493 -0.195090
v -0.538920 -0.806551 -0.242980
v -0.531648 -0.795667 -0.290285
v -0.523094 -0.782865 -0.336890
v -0.513280 -0.768177 -0.382683
v -0.502230 -0.751640 -0.427555
v -0.489969 -0.733290 -0.471397
v -0.476528 -0.713175 -0.514103
v -0.461940 -0.691342 -0.555570
v -0.446238 -0.667842 -0.595699
v -0.429461 -0.642735 -0.634393
v -0.411650 -0.616078 -0.671559
v -0.392848 -0.587938 -0.707107
v -0.373098 -0.558381 -0.740951
v -0.352450 -0.527479 -0.773010
v -0.330953 -0.495306 -0.803208
v -0.308658 -0.461940 -0.831470
v -0.285620 -0.427460 -0.857729
v -0.261894 -0.391952 -0.881921
v -0.237537 -0.355499 -0.903989
v -0.212607 -0.318189 -0.923880
v -0.187166 -0.280114 -0.941544
v -0.161274 -0.241363 -0.956940
v -0.134993 -0.202031 -0.970031
v -0.108386 -0.162212 -0.980785
v -0.081519 -0.122002 -0.989177
v -0.054455 -0.081498 -0.995185
v -0.027261 -0.040798 -0.998795
v -0.031128 -0.037930 0.998795
v -0.062181 -0.075768 0.995185
v -0.093085 -0.113424 0.989177
v -0.123764 -0.150807 0.980785
v -0.154145 -0.187826 0.970031
v -0.184155 -0.224393 0.956940
v -0.213721 -0.260419 0.941544
v -0.242772 -0.295818 0.923880
v -0.271238 -0.330505 0.903989
v -0.299051 -0.364394 0.881921
v -0.326143 -0.397406 0.857729
v -0.352450 -0.429462 0.831470
v -0.377908 -0.460482 0.803208
v -0.402455 -0.490393 0.773010
v -0.426032 -0.519122 0.740951
v -0.448584 -0.546601 0.707107
v -0.470054 -0.572763 0.671559
v -0.490392 -0.597545 0.634393
v -0.509549 -0.620888 0.595699
v -0.527479 -0.642735 0.555570
v -0.544137 -0.663033 0.514103
v -0.559485 -0.681734 0.471397
v -0.573485 -0.698793 0.427555
v -0.586103 -0.714168 0.382683
v -0.597309 -0.727823 0.336890
v -0.607077 -0.739725 0.290285
v -0.615381 -0.749844 0.242980
v -0.622204 -0.758157 0.195090
v -0.627526 -0.764643 0.146730
v -0.631338 -0.769288 0.098017
v -0.633629 -0.772079 0.049068
v -0.634393 -0.773010 0.000000
v -0.633629 -0.772079 -0.049068
v -0.631338 -0.769288 -0.098017
v -0.627526 -0.764643 -0.146730
v -0.622204 -0.758157 -0.195090
v -0.615381 -0.749844 -0.242980
v -0.607077 -0.739725 -0.290285
v -0.597309 -0.727823 -0.336890
v -0.586103 -0.714168 -0.382683
v -0.573485 -0.698793 -0.427555
v -0.559485 -0.681734 -0.471397
v -0.544137 -0.663033 -0.514103
v -0.527479 -0.642735 -0.555570
v -0.509549 -0.620888 -0.595699
v -0.490392 -0.597545 -0.634393
v -0.470054 -0.572763 -0.671559
v -0.448584 -0.546601 -0.707107
v -0.426032 -0.519122 -0.740951
v -0.402455 -0.490393 -0.773010
v -0.377908 -0.460482 -0.803208
v -0.352450 -0.429462 -0.831470
v -0.326143 -0.397406 -0.857729
v -0.299051 -0.364394 -0.881921
v -0.271238 -0.330505 -0.903989
v -0.242772 -0.295818 -0.923880
v -0.213721 -0.260419 -0.941544
v -0.184155 -0.224393 -0.956940
v -0.154145 -0.187826 -0.970031
v -0.123764 -0.150807 -0.980785
v -0.093085 -0.113424 -0.989177
v -0.062181 -0.075768 -0.995185
v -0.031128 -0.037930 -0.998795
v -0.034696 -0.034696 0.998795
v -0.069309 -0.069309 0.995185
v -0.103754 -0.103754 0.989177
v -0.137950 -0.137950 0.980785
v -0.171813 -0.171813 0.970031
v -0.205262 -0.205262 0.956940
v -0.238217 -0.238217 0.941544
v -0.270598 -0.270598 0.923880
v -0.302327 -0.302327 0.903989
v -0.333328 -0.333328 0.881921
v -0.363525 -0.363525 0.857729
v -0.392848 -0.392848 0.831470
v -0.421223 -0.421223 0.803208
v -0.448584 -0.448584 0.773010
v -0.474864 -0.474864 0.740951
v -0.500000 -0.500000 0.707107
v -0.523931 -0.523931 0.671559
v -0.546601 -0.546601 0.634393
v -0.567953 -0.567953 0.595699
v -0.587938 -0.587938 0.555570
v -0.606506 -0.606506 0.514103
v -0.623612 -0.623612 0.471397
v -0.639217 -0.639217 0.427555
v -0.653281 -0.653281 0.382683
v -0.665772 -0.665772 0.336890
v -0.676659 -0.676659 0.290285
v -0.685915 -0.685915 0.242980
v -0.693520 -0.693520 0.195090
v -0.699453 -0.699453 0.146730
v -0.703702 -0.703702 0.098017
v -0.706255 -0.706255 0.049068
v -0.707107 -0.707106 0.000000
v -0.706255 -0.706255 -0.049068
v -0.703702 -0.703702 -0.098017
v -0.699453 -0.699453 -0.146730
v -0.693520 -0.693520 -0.195090
v -0.685915 -0.685915 -0.242980
v -0.676659 -0.676659 -0.290285
v -0.665772 -0.665772 -0.336890
v -0.653281 -0.653281 -0.382683
v -0.639217 -0.639217 -0.427555
v -0.623612 -0.623612 -0.471397
v -0.606506 -0.606506 -0.514103
v -0.587938 -0.587938 -0.555570
v -0.567953 -0.567953 -0.595699
v -0.546601 -0.546601 -0.634393
v -0.523931 -0.523931 -0.671559
v -0.500000 -0.500000 -0.707107
v -0.474864 -0.474864 -0.740951
v -0.448584 -0.448584 -0.773010
v -0.421223 -0.421223 -0.803208
v -0.392848 -0.392848 -0.831470
v -0.363525 -0.363525 -0.857729
v -0.333328 -0.333328 -0.881921
v -0.302327 -0.302327 -0.903989
v -0.270598 -0.270598 -0.923880
v -0.238217 -0.238217 -0.941544
v -0.205262 -0.205262 -0.956940
v -0.171813 -0.171813 -0.970031
v -0.137950 -0.137950 -0.980785
v -0.103754 -0.103754 -0.989177
v -0.069309 -0.069309 -0.995185
v -0.034696 -0.034696 -0.998795
v -0.037930 -0.031128 0.998795
v -0.075768 -0.062181 0.995185
v -0.113424 -0.093085 0.989177
v -0.150807 -0.123764 0.980785
v -0.187826 -0.154145 0.970031
v -0.224393 -0.184155 0.956940
v -0.260419 -0.213721 0.941544
v -0.295818 -0.242772 0.923880
v -0.330505 -0.271238 0.903989
v -0.364394 -0.299051 0.881921
v -0.397407 -0.326143 0.857729
v -0.429462 -0.352450 0.831470
v -0.460482 -0.377907 0.803208
v -0.490393 -0.402455 0.773010
v -0.519122 -0.426032 0.740951
v -0.546601 -0.448584 0.707107
v -0.572763 -0.470054 0.671559
v -0.597545 -0.490393 0.634393
v -0.620888 -0.509549 0.595699
v -0.642735 -0.527479 0.555570
v -0.663033 -0.544137 0.514103
v -0.681734 -0.559485 0.471397
v -0.698793 -0.573485 0.427555
v -0.714168 -0.586103 0.382683
v -0.727823 -0.597309 0.336890
v -0.739725 -0.607076 0.290285
v -0.749844 -0.615381 0.242980
v -0.758157 -0.622203 0.195090
v -0.764643 -0.627526 0.146730
v -0.769288 -0.631338 0.098017
v -0.772079 -0.633629 0.049068
v -0.773010 -0.634393 0.000000
v -0.772079 -0.633629 -0.049068
v -0.769288 -0.631338 -0.098017
v -0.764643 -0.627526 -0.146730
v -0.758157 -0.622203 -0.195090
v -0.749844 -0.615381 -0.242980
v -0.739725 -0.607076 -0.290285
v -0.727823 -0.597309 -0.336890
v -0.714168 -0.586103 -0.382683
v -0.698793 -0.573485 -0.427555
v -0.681734 -0.559485 -0.471397
v -0.663033 -0.544137 -0.514103
v -0.642735 -0.527479 -0.555570
v -0.620888 -0.509549 -0.595699
v -0.597545 -0.490393 -0.634393
v -0.572763 -0.470054 -0.671559
v -0.546601 -0.448584 -0.707107
v -0.519122 -0.426032 -0.740951
v -0.490393 -0.402455 -0.773010
v -0.460482 -0.377907 -0.803208
v -0.429462 -0.352450 -0.831470
v -0.397407 -0.326143 -0.857729
v -0.364394 -0.299051 -0.881921
v -0.330505 -0.271238 -0.903989
v -0.295818 -0.242772 -0.923880
v -0.260419 -0.213721 -0.941544
v -0.224393 -0.184155 -0.956940
v -0.187826 -0.154145 -0.970031
v -0.150807 -0.123764 -0.980785
v -0.113424 -0.093085 -0.989177
v -0.075768 -0.062181 -0.995185
v -0.037930 -0.031128 -0.998795
v -0.040798 -0.027261 0.998795
v -0.081498 -0.054455 0.995185
v -0.122002 -0.081519 0.989177
v -0.162212 -0.108386 0.980785
v -0.202031 -0.134992 0.970031
v -0.241363 -0.161274 0.956940
v -0.280114 -0.187166 0.941544
v -0.318189 -0.212607 0.923880
v -0.355499 -0.237537 0.903989
v -0.391952 -0.261894 0.881921
v -0.427460 -0.285620 0.857729
v -0.461940 -0.308659 0.831470
v -0.495306 -0.330953 0.803208
v -0.527479 -0.352450 0.773010
v -0.558381 -0.373098 0.740951
v -0.587938 -0.392847 0.707107
v -0.616078 -0.411650 0.671559
v -0.642734 -0.429462 0.634393
v -0.667842 -0.446238 0.595699
v -0.691342 -0.461940 0.555570
v -0.713175 -0.476528 0.514103
v -0.733290 -0.489969 0.471397
v -0.751640 -0.502230 0.427555
v -0.768177 -0.513280 0.382683
v -0.782865 -0.523094 0.336890
v -0.795667 -0.531647 0.290285
v -0.806551 -0.538920 0.242980
v -0.815493 -0.544895 0.195090
v -0.822470 -0.549556 0.146730
v -0.827466 -0.552895 0.098017
v -0.830468 -0.554901 0.049068
v -0.831470 -0.555570 0.000000
v -0.830468 -0.554901 -0.049068
v -0.827466 -0.552895 -0.098017
v -0.822470 -0.549556 -0.146730
v -0.815493 -0.544895 -0.195090
v -0.806551 -0.538920 -0.242980
v -0.795667 -0.531647 -0.290285
v -0.782865 -0.523094 -0.336890
v -0.768177 -0.513280 -0.382683
v -0.751640 -0.502230 -0.427555
v -0.733290 -0.489969 -0.471397
v -0.713175 -0.476528 -0.514103
v -0.691342 -0.461940 -0.555570
v -0.667842 -0.446238 -0.595699
v -0.642734 -0.429462 -0.634393
v -0.616078 -0.411650 -0.671559
v -0.587938 -0.392847 -0.707107
v -0.558381 -0.373098 -0.740951
v -0.527479 -0.352450 -0.773010
v -0.495306 -0.330953 -0.803208
v -0.461940 -0.308659 -0.831470
v -0.427460 -0.285620 -0.857729
v -0.391952 -0.261894 -0.881921
v -0.355499 -0.237537 -0.903989
v -0.318189 -0.212607 -0.923880
v -0.280114 -0.187166 -0.941544
v -0.241363 -0.161274 -0.956940
v -0.202031 -0.134992 -0.970031
v -0.162212 -0.108386 -0.980785
v -0.122002 -0.081519 -0.989177
v -0.081498 -0.054455 -0.995185
v -0.040798 -0.027261 -0.998795
v -0.043274 -0.023130 0.998795
v -0.086443 -0.046205 0.995185
v -0.129405 -0.069168 0.989177
v -0.172054 -0.091965 0.980785
v -0.214289 -0.114540 0.970031
v -0.256008 -0.136839 0.956940
v -0.297110 -0.158809 0.941544
v -0.337496 -0.180396 0.923880
v -0.377070 -0.201548 0.903989
v -0.415735 -0.222215 0.881921
v -0.453398 -0.242346 0.857729
v -0.489969 -0.261894 0.831470
v -0.525360 -0.280810 0.803208
v -0.559485 -0.299051 0.773010
v -0.592262 -0.316571 0.740951
v -0.623612 -0.333328 0.707107
v -0.653460 -0.349282 0.671559
v -0.681734 -0.364395 0.634393
v -0.708365 -0.378629 0.595699
v -0.733291 -0.391952 0.555570
v -0.756449 -0.404330 0.514103
v -0.777785 -0.415735 0.471397
v -0.797247 -0.426138 0.427555
v -0.814789 -0.435513 0.382683
v -0.830367 -0.443841 0.336890
v -0.843946 -0.451098 0.290285
v -0.855491 -0.457269 0.242980
v -0.864975 -0.462339 0.195090
v -0.872375 -0.466294 0.146730
v -0.877674 -0.469127 0.098017
v -0.880859 -0.470829 0.049068
v -0.881921 -0.471396 0.000000
v -0.880859 -0.470829 -0.049068
v -0.877674 -0.469127 -0.098017
v -0.872375 -0.466294 -0.146730
v -0.864975 -0.462339 -0.195090
v -0.855491 -0.457269 -0.242980
v -0.843946 -0.451098 -0.290285
v -0.830367 -0.443841 -0.336890
v -0.814789 -0.435513 -0.382683
v -0.797247 -0.426138 -0.427555
v -0.777785 -0.415735 -0.471397
v -0.756449 -0.404330 -0.514103
v -0.733291 -0.391952 -0.555570
v -0.708365 -0.378629 -0.595699
v -0.681734 -0.364395 -0.634393
v -0.653460 -0.349282 -0.671559
v -0.623612 -0.333328 -0.707107
v -0.592262 -0.316571 -0.740951
v -0.559485 -0.299051 -0.773010
v -0.525360 -0.280810 -0.803208
v -0.489969 -0.261894 -0.831470
v -0.453398 -0.242346 -0.857729
v -0.415735 -0.222215 -0.881921
v -0.377070 -0.201548 -0.903989
v -0.337496 -0.180396 -0.923880
v -0.297110 -0.158809 -0.941544
v -0.256008 -0.136839 -0.956940
v -0.214289 -0.114540 -0.970031
v -0.172054 -0.091965 -0.980785
v -0.129405 -0.069168 -0.989177
v -0.086443 -0.046205 -0.995185
v -0.043274 -0.023130 -0.998795
v 0.000000 0.000000 -1.000000
v -0.045333 -0.018777 0.998795
v -0.090556 -0.037509 0.995185
v -0.135561 -0.056151 0.989177
v -0.180240 -0.074658 0.980785
v -0.224484 -0.092984 0.970031
v -0.268188 -0.111087 0.956940
v -0.311246 -0.128922 0.941544
v -0.353553 -0.146446 0.923880
v -0.395010 -0.163618 0.903989
v -0.435514 -0.180396 0.881921
v -0.474969 -0.196738 0.857729
v -0.513280 -0.212608 0.831470
v -0.550354 -0.227964 0.803208
v -0.586103 -0.242772 0.773010
v -0.620439 -0.256994 0.740951
v -0.653281 -0.270598 0.707107
v -0.684549 -0.283550 0.671559
v -0.714168 -0.295818 0.634393
v -0.742067 -0.307374 0.595699
v -0.768178 -0.318190 0.555570
v -0.792438 -0.328238 0.514103
v -0.814789 -0.337496 0.471397
v -0.835177 -0.345942 0.427555
v -0.853553 -0.353553 0.382683
v -0.869873 -0.360313 0.336890
v -0.884098 -0.366205 0.290285
v -0.896191 -0.371214 0.242980
v -0.906127 -0.375330 0.195090
v -0.913879 -0.378541 0.146730
v -0.919431 -0.380840 0.098017
v -0.922766 -0.382222 0.049068
v -0.923879 -0.382683 0.000000
v -0.922766 -0.382222 -0.049068
v -0.919431 -0.380840 -0.098017
v -0.913879 -0.378541 -0.146730
v -0.906127 -0.375330 -0.195090
v -0.896191 -0.371214 -0.242980
v -0.884098 -0.366205 -0.290285
v -0.869873 -0.360313 -0.336890
v -0.853553 -0.353553 -0.382683
v -0.835177 -0.345942 -0.427555
v -0.814789 -0.337496 -0.471397
v -0.792438 -0.328238 -0.514103
v -0.768178 -0.318190 -0.555570
v -0.742067 -0.307374 -0.595699
v -0.714168 -0.295818 -0.634393
v -0.684549 -0.283550 -0.671559
v -0.653281 -0.270598 -0.707107
v -0.620439 -0.256994 -0.740951
v -0.586103 -0.242772 -0.773010
v -0.550354 -0.227964 -0.803208
v -0.513280 -0.212608 -0.831470
v -0.474969 -0.196738 -0.857729
v -0.435514 -0.180396 -0.881921
v -0.395010 -0.163618 -0.903989
v -0.353553 -0.146446 -0.923880
v -0.311246 -0.128922 -0.941544
v -0.268188 -0.111087 -0.956940
v -0.224484 -0.092984 -0.970031
v -0.180240 -0.074658 -0.980785
v -0.135561 -0.056151 -0.989177
v -0.090556 -0.037509 -0.995185
v -0.045333 -0.018777 -0.998795
v -0.046955 -0.014244 0.998795
v -0.093796 -0.028453 0.995185
v -0.140412 -0.042594 0.989177
v -0.186690 -0.056632 0.980785
v -0.232517 -0.070533 0.970031
v -0.277785 -0.084265 0.956940
v -0.322383 -0.097794 0.941544
v -0.366205 -0.111087 0.923880
v -0.409145 -0.124113 0.903989
v -0.451098 -0.136839 0.881921
v -0.491965 -0.149236 0.857729
v -0.531648 -0.161274 0.831470
v -0.570048 -0.172922 0.803208
v -0.607076 -0.184155 0.773010
v -0.642642 -0.194943 0.740951
v -0.676659 -0.205262 0.707107
v -0.709046 -0.215087 0.671559
v -0.739725 -0.224393 0.634393
v -0.768621 -0.233159 0.595699
v -0.795667 -0.241363 0.555570
v -0.820795 -0.248985 0.514103
v -0.843946 -0.256008 0.471397
v -0.865064 -0.262414 0.427555
v -0.884097 -0.268188 0.382683
v -0.901001 -0.273316 0.336890
v -0.915735 -0.277785 0.290285
v -0.928261 -0.281585 0.242980
v -0.938553 -0.284707 0.195090
v -0.946582 -0.287142 0.146730
v -0.952332 -0.288887 0.098017
v -0.955787 -0.289935 0.049068
v -0.956940 -0.290284 0.000000
v -0.955787 -0.289935 -0.049068
v -0.952332 -0.288887 -0.098017
v -0.946582 -0.287142 -0.146730
v -0.938553 -0.284707 -0.195090
v -0.928261 -0.281585 -0.242980
v -0.915735 -0.277785 -0.290285
v -0.901001 -0.273316 -0.336890
v -0.884097 -0.268188 -0.382683
v -0.865064 -0.262414 -0.427555
v -0.843946 -0.256008 -0.471397
v -0.820795 -0.248985 -0.514103
v -0.795667 -0.241363 -0.555570
v -0.768621 -0.233159 -0.595699
v -0.739725 -0.224393 -0.634393
v -0.709046 -0.215087 -0.671559
v -0.676659 -0.205262 -0.707107
v -0.642642 -0.194943 -0.740951
v -0.607076 -0.184155 -0.773010
v -0.570048 -0.172922 -0.803208
v -0.531648 -0.161274 -0.831470
v -0.491965 -0.149236 -0.857729
v -0.451098 -0.136839 -0.881921
v -0.409145 -0.124113 -0.903989
v -0.366205 -0.111087 -0.923880
v -0.322383 -0.097794 -0.941544
v -0.277785 -0.084265 -0.956940
v -0.232517 -0.070533 -0.970031
v -0.186690 -0.056632 -0.980785
v -0.140412 -0.042594 -0.989177
v -0.093796 -0.028453 -0.995185
v -0.046955 -0.014244 -0.998795
v -0.048125 -0.009573 0.998795
v -0.096134 -0.019122 0.995185
v -0.143911 -0.028626 0.989177
v -0.191342 -0.038060 0.980785
v -0.238311 -0.047403 0.970031
v -0.284707 -0.056632 0.956940
v -0.330417 -0.065724 0.941544
v -0.375330 -0.074658 0.923880
v -0.419340 -0.083412 0.903989
v -0.462339 -0.091965 0.881921
v -0.504224 -0.100296 0.857729
v -0.544895 -0.108386 0.831470
v -0.584253 -0.116215 0.803208
v -0.622204 -0.123764 0.773010
v -0.658655 -0.131015 0.740951
v -0.693520 -0.137949 0.707107
v -0.726714 -0.144552 0.671559
v -0.758157 -0.150807 0.634393
v -0.787774 -0.156698 0.595699
v -0.815493 -0.162212 0.555570
v -0.841247 -0.167334 0.514103
v -0.864975 -0.172054 0.471397
v -0.886619 -0.176360 0.427555
v -0.906127 -0.180240 0.382683
v -0.923452 -0.183686 0.336890
v -0.938553 -0.186690 0.290285
v -0.951392 -0.189243 0.242980
v -0.961940 -0.191342 0.195090
v -0.970169 -0.192978 0.146730
v -0.976062 -0.194151 0.098017
v -0.979603 -0.194855 0.049068
v -0.980785 -0.195090 0.000000
v -0.979603 -0.194855 -0.049068
v -0.976062 -0.194151 -0.098017
v -0.970169 -0.192978 -0.146730
v -0.961940 -0.191342 -0.195090
v -0.951392 -0.189243 -0.242980
v -0.938553 -0.186690 -0.290285
v -0.923452 -0.183686 -0.336890
v -0.906127 -0.180240 -0.382683
v -0.886619 -0.176360 -0.427555
v -0.864975 -0.172054 -0.471397
v -0.841247 -0.167334 -0.514103
v -0.815493 -0.162212 -0.555570
v -0.787774 -0.156698 -0.595699
v -0.758157 -0.150807 -0.634393
v -0.726714 -0.144552 -0.671559
v -0.693520 -0.137949 -0.707107
v -0.658655 -0.131015 -0.740951
v -0.622204 -0.123764 -0.773010
v -0.584253 -0.116215 -0.803208
v -0.544895 -0.108386 -0.831470
v -0.504224 -0.100296 -0.857729
v -0.462339 -0.091965 -0.881921
v -0.419340 -0.083412 -0.903989
v -0.375330 -0.074658 -0.923880
v -0.330417 -0.065724 -0.941544
v -0.284707 -0.056632 -0.956940
v -0.238311 -0.047403 -0.970031
v -0.191342 -0.038060 -0.980785
v -0.143911 -0.028626 -0.989177
v -0.096134 -0.019122 -0.995185
v -0.048125 -0.009573 -0.998795
v -0.048831 -0.004809 0.998795
v -0.097545 -0.009607 0.995185
v -0.146024 -0.014382 0.989177
v -0.194151 -0.019122 0.980785
v -0.241810 -0.023816 0.970031
v -0.288887 -0.028453 0.956940
v -0.335268 -0.033021 0.941544
v -0.380840 -0.037509 0.923880
v -0.425496 -0.041908 0.903989
v -0.469127 -0.046205 0.881921
v -0.511627 -0.050391 0.857729
v -0.552895 -0.054455 0.831470
v -0.592831 -0.058389 0.803208
v -0.631338 -0.062181 0.773010
v -0.668325 -0.065824 0.740951
v -0.703702 -0.069308 0.707107
v -0.737383 -0.072626 0.671559
v -0.769288 -0.075768 0.634393
v -0.799339 -0.078728 0.595699
v -0.827466 -0.081498 0.555570
v -0.853598 -0.084072 0.514103
v -0.877674 -0.086443 0.471397
v -0.899636 -0.088606 0.427555
v -0.919430 -0.090556 0.382683
v -0.937010 -0.092288 0.336890
v -0.952332 -0.093796 0.290285
v -0.965359 -0.095079 0.242980
v -0.976062 -0.096134 0.195090
v -0.984412 -0.096956 0.146730
v -0.990392 -0.097545 0.098017
v -0.993986 -0.097899 0.049068
v -0.995184 -0.098017 0.000000
v -0.993986 -0.097899 -0.049068
v -0.990392 -0.097545 -0.098017
v -0.984412 -0.096956 -0.146730
v -0.976062 -0.096134 -0.195090
v -0.965359 -0.095079 -0.242980
v -0.952332 -0.093796 -0.290285
v -0.937010 -0.092288 -0.336890
v -0.919430 -0.090556 -0.382683
v -0.899636 -0.088606 -0.427555
v -0.877674 -0.086443 -0.471397
v -0.853598 -0.084072 -0.514103
v -0.827466 -0.081498 -0.555570
v -0.799339 -0.078728 -0.595699
v -0.769288 -0.075768 -0.634393
v -0.737383 -0.072626 -0.671559
v -0.703702 -0.069308 -0.707107
v -0.668325 -0.065824 -0.740951
v -0.631338 -0.062181 -0.773010
v -0.592831 -0.058389 -0.803208
v -0.552895 -0.054455 -0.831470
v -0.511627 -0.050391 -0.857729
v -0.469127 -0.046205 -0.881921
v -0.425496 -0.041908 -0.903989
v -0.380840 -0.037509 -0.923880
v -0.335268 -0.033021 -0.941544
v -0.288887 -0.028453 -0.956940
v -0.241810 -0.023816 -0.970031
v -0.194151 -0.019122 -0.980785
v -0.146024 -0.014382 -0.989177
v -0.097545 -0.009607 -0.995185
v -0.048831 -0.004809 -0.998795
v -0.049068 0.000000 0.998795
v -0.098017 0.000000 0.995185
v -0.146730 -0.000000 0.989177
v -0.195090 -0.000000 0.980785
v -0.242980 0.000000 0.970031
v -0.290285 0.000000 0.956940
v -0.336890 0.000000 0.941544
v -0.382683 0.000000 0.923880
v -0.427555 0.000000 0.903989
v -0.471396 0.000000 0.881921
v -0.514102 0.000000 0.857729
v -0.555571 -0.000000 0.831470
v -0.595699 0.000000 0.803208
v -0.634393 -0.000000 0.773010
v -0.671559 0.000000 0.740951
v -0.707107 0.000000 0.707107
v -0.740951 0.000000 0.671559
v -0.773010 -0.000000 0.634393
v -0.803207 0.000000 0.595699
v -0.831470 -0.000000 0.555570
v -0.857728 0.000000 0.514103
v -0.881921 0.000000 0.471397
v -0.903989 0.000000 0.427555
v -0.923879 0.000000 0.382683
v -0.941544 -0.000000 0.336890
v -0.956940 0.000000 0.290285
v -0.970030 0.000000 0.242980
v -0.980785 0.000000 0.195090
v -0.989175 0.000000 0.146730
v -0.995184 0.000000 0.098017
v -0.998795 0.000000 0.049068
v -1.000000 0.000000 0.000000
v -0.998795 0.000000 -0.049068
v -0.995184 0.000000 -0.098017
v -0.989175 0.000000 -0.146730
v -0.980785 0.000000 -0.195090
v -0.970030 0.000000 -0.242980
v -0.956940 0.000000 -0.290285
v -0.941544 -0.000000 -0.336890
v -0.923879 0.000000 -0.382683
v -0.903989 0.000000 -0.427555
v -0.881921 0.000000 -0.471397
v -0.857728 0.000000 -0.514103
v -0.831470 -0.000000 -0.555570
v -0.803207 0.000000 -0.595699
v -0.773010 -0.000000 -0.634393
v -0.740951 0.000000 -0.671559
v -0.707107 0.000000 -0.707107
v -0.671559 0.000000 -0.740951
v -0.634393 -0.000000 -0.773010
v -0.595699 0.000000 -0.803208
v -0.555571 -0.000000 -0.831470
v -0.514102 0.000000 -0.857729
v -0.471396 0.000000 -0.881921
v -0.427555 0.000000 -0.903989
v -0.382683 0.000000 -0.923880
v -0.336890 0.000000 -0.941544
v -0.290285 0.000000 -0.956940
v -0.242980 0.000000 -0.970031
v -0.195090 -0.000000 -0.980785
v -0.146730 -0.000000 -0.989177
v -0.098017 0.000000 -0.995185
v -0.049068 0.000000 -0.998795
v -0.048831 0.004809 0.998795
v -0.097545 0.009607 0.995185
v -0.146024 0.014382 0.989177
v -0.194151 0.019122 0.980785
v -0.241810 0.023816 0.970031
v -0.288887 0.028453 0.956940
v -0.335268 0.033021 0.941544
v -0.380840 0.037510 0.923880
v -0.425496 0.041908 0.903989
v -0.469127 0.046205 0.881921
v -0.511627 0.050391 0.857729
v -0.552895 0.054455 0.831470
v -0.592830 0.058389 0.803208
v -0.631338 0.062181 0.773010
v -0.668325 0.065824 0.740951
v -0.703702 0.069309 0.707107
v -0.737383 0.072626 0.671559
v -0.769288 0.075768 0.634393
v -0.799339 0.078728 0.595699
v -0.827466 0.081498 0.555570
v -0.853598 0.084072 0.514103
v -0.877674 0.086443 0.471397
v -0.899636 0.088606 0.427555
v -0.919430 0.090556 0.382683
v -0.937010 0.092287 0.336890
v -0.952332 0.093797 0.290285
v -0.965359 0.095080 0.242980
v -0.976062 0.096134 0.195090
v -0.984412 0.096956 0.146730
v -0.990392 0.097545 0.098017
v -0.993986 0.097899 0.049068
v -0.995184 0.098017 0.000000
v -0.993986 0.097899 -0.049068
v -0.990392 0.097545 -0.098017
v -0.984412 0.096956 -0.146730
v -0.976062 0.096134 -0.195090
v -0.965359 0.095080 -0.242980
v -0.952332 0.093797 -0.290285
v -0.937010 0.092287 -0.336890
v -0.919430 0.090556 -0.382683
v -0.899636 0.088606 -0.427555
v -0.877674 0.086443 -0.471397
v -0.853598 0.084072 -0.514103
v -0.827466 0.081498 -0.555570
v -0.799339 0.078728 -0.595699
v -0.769288 0.075768 -0.634393
v -0.737383 0.072626 -0.671559
v -0.703702 0.069309 -0.707107
v -0.668325 0.065824 -0.740951
v -0.631338 0.062181 -0.773010
v -0.592830 0.058389 -0.803208
v -0.552895 0.054455 -0.831470
v -0.511627 0.050391 -0.857729
v -0.469127 0.046205 -0.881921
v -0.425496 0.041908 -0.903989
v -0.380840 0.037510 -0.923880
v -0.335268 0.033021 -0.941544
v -0.288887 0.028453 -0.956940
v -0.241810 0.023816 -0.970031
v -0.194151 0.019122 -0.980785
v -0.146024 0.014382 -0.989177
v -0.097545 0.009607 -0.995185
v -0.048831 0.004809 -0.998795
v -0.048125 0.009573 0.998795
v -0.096134 0.019122 0.995185
v -0.143911 0.028626 0.989177
v -0.191342 0.038060 0.980785
v -0.238311 0.047403 0.970031
v -0.284707 0.056632 0.956940
v -0.330416 0.065724 0.941544
v -0.375330 0.074658 0.923880
v -0.419340 0.083412 0.903989
v -0.462339 0.091965 0.881921
v -0.504224 0.100296 0.857729
v -0.544896 0.108386 0.831470
v -0.584253 0.116215 0.803208
v -0.622204 0.123764 0.773010
v -0.658655 0.131015 0.740951
v -0.693520 0.137950 0.707107
v -0.726714 0.144552 0.671559
v -0.758157 0.150807 0.634393
v -0.787774 0.156698 0.595699
v -0.815493 0.162212 0.555570
v -0.841247 0.167335 0.514103
v -0.864975 0.172054 0.471397
v -0.886619 0.176360 0.427555
v -0.906127 0.180240 0.382683
v -0.923452 0.183686 0.336890
v -0.938553 0.186690 0.290285
v -0.951392 0.189244 0.242980
v -0.961940 0.191342 0.195090
v -0.970169 0.192979 0.146730
v -0.976062 0.194151 0.098017
v -0.979603 0.194855 0.049068
v -0.980785 0.195091 0.000000
v -0.979603 0.194855 -0.049068
v -0.976062 0.194151 -0.098017
v -0.970169 0.192979 -0.146730
v -0.961940 0.191342 -0.195090
v -0.951392 0.189244 -0.242980
v -0.938553 0.186690 -0.290285
v -0.923452 0.183686 -0.336890
v -0.906127 0.180240 -0.382683
v -0.886619 0.176360 -0.427555
v -0.864975 0.172054 -0.471397
v -0.841247 0.167335 -0.514103
v -0.815493 0.162212 -0.555570
v -0.787774 0.156698 -0.595699
v -0.758157 0.150807 -0.634393
v -0.726714 0.144552 -0.671559
v -0.693520 0.137950 -0.707107
v -0.658655 0.131015 -0.740951
v -0.622204 0.123764 -0.773010
v -0.584253 0.116215 -0.803208
v -0.544896 0.108386 -0.831470
v -0.504224 0.100296 -0.857729
v -0.462339 0.091965 -0.881921
v -0.419340 0.083412 -0.903989
v -0.375330 0.074658 -0.923880
v -0.330416 0.065724 -0.941544
v -0.284707 0.056632 -0.956940
v -0.238311 0.047403 -0.970031
v -0.191342 0.038060 -0.980785
v -0.143911 0.028626 -0.989177
v -0.096134 0.019122 -0.995185
v -0.048125 0.009573 -0.998795
v -0.046955 0.014244 0.998795
v -0.093796 0.028453 0.995185
v -0.140412 0.042594 0.989177
v -0.186690 0.056632 0.980785
v -0.232517 0.070533 0.970031
v -0.277785 0.084265 0.956940
v -0.322383 0.097794 0.941544
v -0.366205 0.111087 0.923880
v -0.409145 0.124113 0.903989
v -0.451098 0.136839 0.881921
v -0.491965 0.149236 0.857729
v -0.531648 0.161274 0.831470
v -0.570048 0.172922 0.803208
v -0.607076 0.184155 0.773010
v -0.642642 0.194943 0.740951
v -0.676659 0.205262 0.707107
v -0.709046 0.215087 0.671559
v -0.739725 0.224393 0.634393
v -0.768621 0.233159 0.595699
v -0.795667 0.241363 0.555570
v -0.820795 0.248985 0.514103
v -0.843946 0.256008 0.471397
v -0.865064 0.262414 0.427555
v -0.884097 0.268188 0.382683
v -0.901001 0.273316 0.336890
v -0.915735 0.277785 0.290285
v -0.928261 0.281585 0.242980
v -0.938553 0.284707 0.195090
v -0.946582 0.287143 0.146730
v -0.952332 0.288887 0.098017
v -0.955787 0.289935 0.049068
v -0.956940 0.290285 0.000000
v -0.955787 0.289935 -0.049068
v -0.952332 0.288887 -0.098017
v -0.946582 0.287143 -0.146730
v -0.938553 0.284707 -0.195090
v -0.928261 0.281585 -0.242980
v -0.915735 0.277785 -0.290285
v -0.901001 0.273316 -0.336890
v -0.884097 0.268188 -0.382683
v -0.865064 0.262414 -0.427555
v -0.843946 0.256008 -0.471397
v -0.820795 0.248985 -0.514103
v -0.795667 0.241363 -0.555570
v -0.768621 0.233159 -0.595699
v -0.739725 0.224393 -0.634393
v -0.709046 0.215087 -0.671559
v -0.676659 0.205262 -0.707107
v -0.642642 0.194943 -0.740951
v -0.607076 0.184155 -0.773010
v -0.570048 0.172922 -0.803208
v -0.531648 0.161274 -0.831470
v -0.491965 0.149236 -0.857729
v -0.451098 0.136839 -0.881921
v -0.409145 0.124113 -0.903989
v -0.366205 0.111087 -0.923880
v -0.322383 0.097794 -0.941544
v -0.277785 0.084265 -0.956940
v -0.232517 0.070533 -0.970031
v -0.186690 0.056632 -0.980785
v -0.140412 0.042594 -0.989177
v -0.093796 0.028453 -0.995185
v -0.046955 0.014244 -0.998795
v -0.045333 0.018777 0.998795
v -0.090556 0.037510 0.995185
v -0.135561 0.056151 0.989177
v -0.180240 0.074658 0.980785
v -0.224484 0.092984 0.970031
v -0.268188 0.111087 0.956940
v -0.311245 0.128922 0.941544
v -0.353553 0.146446 0.923880
v -0.395010 0.163618 0.903989
v -0.435514 0.180396 0.881921
v -0.474968 0.196738 0.857729
v -0.513280 0.212608 0.831470
v -0.550354 0.227964 0.803208
v -0.586103 0.242772 0.773010
v -0.620439 0.256994 0.740951
v -0.653281 0.270598 0.707107
v -0.684549 0.283550 0.671559
v -0.714168 0.295818 0.634393
v -0.742067 0.307374 0.595699
v -0.768178 0.318190 0.555570
v -0.792437 0.328238 0.514103
v -0.814789 0.337497 0.471397
v -0.835177 0.345942 0.427555
v -0.853553 0.353553 0.382683
v -0.869873 0.360313 0.336890
v -0.884098 0.366205 0.290285
v -0.896191 0.371215 0.242980
v -0.906127 0.375330 0.195090
v -0.913879 0.378541 0.146730
v -0.919430 0.380841 0.098017
v -0.922766 0.382222 0.049068
v -0.923879 0.382684 0.000000
v -0.922766 0.382222 -0.049068
v -0.919430 0.380841 -0.098017
v -0.913879 0.378541 -0.146730
v -0.906127 0.375330 -0.195090
v -0.896191 0.371215 -0.242980
v -0.884098 0.366205 -0.290285
v -0.869873 0.360313 -0.336890
v -0.853553 0.353553 -0.382683
v -0.835177 0.345942 -0.427555
v -0.814789 0.337497 -0.471397
v -0.792437 0.328238 -0.514103
v -0.768178 0.318190 -0.555570
v -0.742067 0.307374 -0.595699
v -0.714168 0.295818 -0.634393
v -0.684549 0.283550 -0.671559
v -0.653281 0.270598 -0.707107
v -0.620439 0.256994 -0.740951
v -0.586103 0.242772 -0.773010
v -0.550354 0.227964 -0.803208
v -0.513280 0.212608 -0.831470
v -0.474968 0.196738 -0.857729
v -0.435514 0.180396 -0.881921
v -0.395010 0.163618 -0.903989
v -0.353553 0.146446 -0.923880
v -0.311245 0.128922 -0.941544
v -0.268188 0.111087 -0.956940
v -0.224484 0.092984 -0.970031
v -0.180240 0.074658 -0.980785
v -0.135561 0.056151 -0.989177
v -0.090556 0.037510 -0.995185
v -0.045333 0.018777 -0.998795
v -0.043274 0.023130 0.998795
v -0.086443 0.046205 0.995185
v -0.129405 0.069168 0.989177
v -0.172054 0.091965 0.980785
v -0.214289 0.114540 0.970031
v -0.256008 0.136839 0.956940
v -0.297110 0.158809 0.941544
v -0.337496 0.180396 0.923880
v -0.377070 0.201548 0.903989
v -0.415735 0.222215 0.881921
v -0.453398 0.242346 0.857729
v -0.489970 0.261894 0.831470
v -0.525360 0.280811 0.803208
v -0.559485 0.299051 0.773010
v -0.592262 0.316571 0.740951
v -0.623612 0.333328 0.707107
v -0.653460 0.349282 0.671559
v -0.681734 0.364394 0.634393
v -0.708365 0.378629 0.595699
v -0.733291 0.391952 0.555570
v -0.756449 0.404330 0.514103
v -0.777785 0.415735 0.471397
v -0.797247 0.426138 0.427555
v -0.814788 0.435514 0.382683
v -0.830368 0.443841 0.336890
v -0.843946 0.451099 0.290285
v -0.855490 0.457269 0.242980
v -0.864975 0.462339 0.195090
v -0.872375 0.466294 0.146730
v -0.877674 0.469127 0.098017
v -0.880858 0.470829 0.049068
v -0.881921 0.471397 0.000000
v -0.880858 0.470829 -0.049068
v -0.877674 0.469127 -0.098017
v -0.872375 0.466294 -0.146730
v -0.864975 0.462339 -0.195090
v -0.855490 0.457269 -0.242980
v -0.843946 0.451099 -0.290285
v -0.830368 0.443841 -0.336890
v -0.814788 0.435514 -0.382683
v -0.797247 0.426138 -0.427555
v -0.777785 0.415735 -0.471397
v -0.756449 0.404330 -0.514103
v -0.733291 0.391952 -0.555570
v -0.708365 0.378629 -0.595699
v -0.681734 0.364394 -0.634393
v -0.653460 0.349282 -0.671559
v -0.623612 0.333328 -0.707107
v -0.592262 0.316571 -0.740951
v -0.559485 0.299051 -0.773010
v -0.525360 0.280811 -0.803208
v -0.489970 0.261894 -0.831470
v -0.453398 0.242346 -0.857729
v -0.415735 0.222215 -0.881921
v -0.377070 0.201548 -0.903989
v -0.337496 0.180396 -0.923880
v -0.297110 0.158809 -0.941544
v -0.256008 0.136839 -0.956940
v -0.214289 0.114540 -0.970031
v -0.172054 0.091965 -0.980785
v -0.129405 0.069168 -0.989177
v -0.086443 0.046205 -0.995185
v -0.043274 0.023130 -0.998795
v -0.040798 0.027261 0.998795
v -0.081498 0.054455 0.995185
v -0.122002 0.081519 0.989177
v -0.162212 0.108386 0.980785
v -0.202030 0.134992 0.970031
v -0.241363 0.161274 0.956940
v -0.280114 0.187166 0.941544
v -0.318189 0.212607 0.923880
v -0.355499 0.237537 0.903989
v -0.391952 0.261894 0.881921
v -0.427460 0.285620 0.857729
v -0.461940 0.308659 0.831470
v -0.495306 0.330953 0.803208
v -0.527479 0.352450 0.773010
v -0.558381 0.373098 0.740951
v -0.587938 0.392847 0.707107
v -0.616078 0.411650 0.671559
v -0.642735 0.429461 0.634393
v -0.667842 0.446238 0.595699
v -0.691342 0.461940 0.555570
v -0.713175 0.476528 0.514103
v -0.733290 0.489969 0.471397
v -0.751640 0.502230 0.427555
v -0.768177 0.513280 0.382683
v -0.782865 0.523094 0.336890
v -0.795667 0.531648 0.290285
v -0.806551 0.538920 0.242980
v -0.815493 0.544895 0.195090
v -0.822469 0.549557 0.146730
v -0.827465 0.552895 0.098017
v -0.830468 0.554901 0.049068
v -0.831469 0.555570 0.000000
v -0.830468 0.554901 -0.049068
v -0.827465 0.552895 -0.098017
v -0.822469 0.549557 -0.146730
v -0.815493 0.544895 -0.195090
v -0.806551 0.538920 -0.242980
v -0.795667 0.531648 -0.290285
v -0.782865 0.523094 -0.336890
v -0.768177 0.513280 -0.382683
v -0.751640 0.502230 -0.427555
v -0.733290 0.489969 -0.471397
v -0.713175 0.476528 -0.514103
v -0.691342 0.461940 -0.555570
v -0.667842 0.446238 -0.595699
v -0.642735 0.429461 -0.634393
v -0.616078 0.411650 -0.671559
v -0.587938 0.392847 -0.707107
v -0.558381 0.373098 -0.740951
v -0.527479 0.352450 -0.773010
v -0.495306 0.330953 -0.803208
v -0.461940 0.308659 -0.831470
v -0.427460 0.285620 -0.857729
v -0.391952 0.261894 -0.881921
v -0.355499 0.237537 -0.903989
v -0.318189 0.212607 -0.923880
v -0.280114 0.187166 -0.941544
v -0.241363 0.161274 -0.956940
v -0.202030 0.134992 -0.970031
v -0.162212 0.108386 -0.980785
v -0.122002 0.081519 -0.989177
v -0.081498 0.054455 -0.995185
v -0.040798 0.027261 -0.998795
v -0.037930 0.031128 0.998795
v -0.075768 0.062181 0.995185
v -0.113424 0.093085 0.989177
v -0.150807 0.123764 0.980785
v -0.187826 0.154145 0.970031
v -0.224393 0.184155 0.956940
v -0.260419 0.213721 0.941544
v -0.295818 0.242772 0.923880
v -0.330505 0.271238 0.903989
v -0.364394 0.299051 0.881921
v -0.397406 0.326143 0.857729
v -0.429462 0.352450 0.831470
v -0.460481 0.377908 0.803208
v -0.490393 0.402455 0.773010
v -0.519122 0.426032 0.740951
v -0.546601 0.448584 0.707107
v -0.572763 0.470054 0.671559
v -0.597545 0.490392 0.634393
v -0.620887 0.509549 0.595699
v -0.642735 0.527479 0.555570
v -0.663033 0.544137 0.514103
v -0.681734 0.559485 0.471397
v -0.698793 0.573485 0.427555
v -0.714168 0.586103 0.382683
v -0.727823 0.597309 0.336890
v -0.739725 0.607077 0.290285
v -0.749843 0.615381 0.242980
v -0.758157 0.622204 0.195090
v -0.764643 0.627526 0.146730
v -0.769288 0.631338 0.098017
v -0.772079 0.633629 0.049068
v -0.773010 0.634393 0.000000
v -0.772079 0.633629 -0.049068
v -0.769288 0.631338 -0.098017
v -0.764643 0.627526 -0.146730
v -0.758157 0.622204 -0.195090
v -0.749843 0.615381 -0.242980
v -0.739725 0.607077 -0.290285
v -0.727823 0.597309 -0.336890
v -0.714168 0.586103 -0.382683
v -0.698793 0.573485 -0.427555
v -0.681734 0.559485 -0.471397
v -0.663033 0.544137 -0.514103
v -0.642735 0.527479 -0.555570
v -0.620887 0.509549 -0.595699
v -0.597545 0.490392 -0.634393
v -0.572763 0.470054 -0.671559
v -0.546601 0.448584 -0.707107
v -0.519122 0.426032 -0.740951
v -0.490393 0.402455 -0.773010
v -0.460481 0.377908 -0.803208
v -0.429462 0.352450 -0.831470
v -0.397406 0.326143 -0.857729
v -0.364394 0.299051 -0.881921
v -0.330505 0.271238 -0.903989
v -0.295818 0.242772 -0.923880
v -0.260419 0.213721 -0.941544
v -0.224393 0.184155 -0.956940
v -0.187826 0.154145 -0.970031
v -0.150807 0.123764 -0.980785
v -0.113424 0.093085 -0.989177
v -0.075768 0.062181 -0.995185
v -0.037930 0.031128 -0.998795
v -0.034696 0.034696 0.998795
v -0.069309 0.069309 0.995185
v -0.103754 0.103754 0.989177
v -0.137950 0.137950 0.980785
v -0.171813 0.171813 0.970031
v -0.205262 0.205262 0.956940
v -0.238217 0.238217 0.941544
v -0.270598 0.270598 0.923880
v -0.302327 0.302327 0.903989
v -0.333328 0.333328 0.881921
v -0.363525 0.363525 0.857729
v -0.392848 0.392848 0.831470
v -0.421223 0.421223 0.803208
v -0.448584 0.448584 0.773010
v -0.474864 0.474864 0.740951
v -0.500000 0.500000 0.707107
v -0.523931 0.523931 0.671559
v -0.546601 0.546601 0.634393
v -0.567953 0.567953 0.595699
v -0.587938 0.587938 0.555570
v -0.606505 0.606505 0.514103
v -0.623612 0.623612 0.471397
v -0.639217 0.639217 0.427555
v -0.653281 0.653281 0.382683
v -0.665772 0.665772 0.336890
v -0.676659 0.676659 0.290285
v -0.685915 0.685915 0.242980
v -0.693520 0.693520 0.195090
v -0.699452 0.699453 0.146730
v -0.703702 0.703702 0.098017
v -0.706255 0.706255 0.049068
v -0.707106 0.707107 0.000000
v -0.706255 0.706255 -0.049068
v -0.703702 0.703702 -0.098017
v -0.699452 0.699453 -0.146730
v -0.693520 0.693520 -0.195090
v -0.685915 0.685915 -0.242980
v -0.676659 0.676659 -0.290285
v -0.665772 0.665772 -0.336890
v -0.653281 0.653281 -0.382683
v -0.639217 0.639217 -0.427555
v -0.623612 0.623612 -0.471397
v -0.606505 0.606505 -0.514103
v -0.587938 0.587938 -0.555570
v -0.567953 0.567953 -0.595699
v -0.546601 0.546601 -0.634393
v -0.523931 0.523931 -0.671559
v -0.500000 0.500000 -0.707107
v -0.474864 0.474864 -0.740951
v -0.448584 0.448584 -0.773010
v -0.421223 0.421223 -0.803208
v -0.392848 0.392848 -0.831470
v -0.363525 0.363525 -0.857729
v -0.333328 0.333328 -0.881921
v -0.302327 0.302327 -0.903989
v -0.270598 0.270598 -0.923880
v -0.238217 0.238217 -0.941544
v -0.205262 0.205262 -0.956940
v -0.171813 0.171813 -0.970031
v -0.137950 0.137950 -0.980785
v -0.103754 0.103754 -0.989177
v -0.069309 0.069309 -0.995185
v -0.034696 0.034696 -0.998795
v -0.031128 0.037930 0.998795
v -0.062181 0.075768 0.995185
v -0.093085 0.113424 0.989177
v -0.123764 0.150807 0.980785
v -0.154145 0.187826 0.970031
v -0.184155 0.224393 0.956940
v -0.213721 0.260419 0.941544
v -0.242772 0.295818 0.923880
v -0.271238 0.330505 0.903989
v -0.299051 0.364394 0.881921
v -0.326143 0.397406 0.857729
v -0.352450 0.429462 0.831470
v -0.377907 0.460482 0.803208
v -0.402455 0.490393 0.773010
v -0.426032 0.519122 0.740951
v -0.448584 0.546601 0.707107
v -0.470054 0.572763 0.671559
v -0.490393 0.597545 0.634393
v -0.509549 0.620887 0.595699
v -0.527479 0.642735 0.555570
v -0.544137 0.663033 0.514103
v -0.559485 0.681734 0.471397
v -0.573485 0.698793 0.427555
v -0.586102 0.714168 0.382683
v -0.597309 0.727823 0.336890
v -0.607076 0.739725 0.290285
v -0.615381 0.749844 0.242980
v -0.622203 0.758157 0.195090
v -0.627526 0.764643 0.146730
v -0.631338 0.769288 0.098017
v -0.633629 0.772079 0.049068
v -0.634393 0.773010 0.000000
v -0.633629 0.772079 -0.049068
v -0.631338 0.769288 -0.098017
v -0.627526 0.764643 -0.146730
v -0.622203 0.758157 -0.195090
v -0.615381 0.749844 -0.242980
v -0.607076 0.739725 -0.290285
v -0.597309 0.727823 -0.336890
v -0.586102 0.714168 -0.382683
v -0.573485 0.698793 -0.427555
v -0.559485 0.681734 -0.471397
v -0.544137 0.663033 -0.514103
v -0.527479 0.642735 -0.555570
v -0.509549 0.620887 -0.595699
v -0.490393 0.597545 -0.634393
v -0.470054 0.572763 -0.671559
v -0.448584 0.546601 -0.707107
v -0.426032 0.519122 -0.740951
v -0.402455 0.490393 -0.773010
v -0.377907 0.460482 -0.803208
v -0.352450 0.429462 -0.831470
v -0.326143 0.397406 -0.857729
v -0.299051 0.364394 -0.881921
v -0.271238 0.330505 -0.903989
v -0.242772 0.295818 -0.923880
v -0.213721 0.260419 -0.941544
v -0.184155 0.224393 -0.956940
v -0.154145 0.187826 -0.970031
v -0.123764 0.150807 -0.980785
v -0.093085 0.113424 -0.989177
v -0.062181 0.075768 -0.995185
v -0.031128 0.037930 -0.998795
v -0.027261 0.040798 0.998795
v -0.054455 0.081498 0.995185
v -0.081519 0.122002 0.989177
v -0.108386 0.162212 0.980785
v -0.134992 0.202030 0.970031
v -0.161274 0.241363 0.956940
v -0.187166 0.280114 0.941544
v -0.212607 0.318189 0.923880
v -0.237537 0.355499 0.903989
v -0.261894 0.391952 0.881921
v -0.285620 0.427460 0.857729
v -0.308659 0.461940 0.831470
v -0.330952 0.495306 0.803208
v -0.352450 0.527479 0.773010
v -0.373098 0.558381 0.740951
v -0.392847 0.587938 0.707107
v -0.411650 0.616078 0.671559
v -0.429461 0.642734 0.634393
v -0.446238 0.667842 0.595699
v -0.461940 0.691342 0.555570
v -0.476528 0.713175 0.514103
v -0.489969 0.733290 0.471397
v -0.502230 0.751640 0.427555
v -0.513280 0.768177 0.382683
v -0.523094 0.782865 0.336890
v -0.531647 0.795667 0.290285
v -0.538920 0.806551 0.242980
v -0.544895 0.815493 0.195090
v -0.549556 0.822469 0.146730
v -0.552895 0.827466 0.098017
v -0.554901 0.830468 0.049068
v -0.555570 0.831469 0.000000
v -0.554901 0.830468 -0.049068
v -0.552895 0.827466 -0.098017
v -0.549556 0.822469 -0.146730
v -0.544895 0.815493 -0.195090
v -0.538920 0.806551 -0.242980
v -0.531647 0.795667 -0.290285
v -0.523094 0.782865 -0.336890
v -0.513280 0.768177 -0.382683
v -0.502230 0.751640 -0.427555
v -0.489969 0.733290 -0.471397
v -0.476528 0.713175 -0.514103
v -0.461940 0.691342 -0.555570
v -0.446238 0.667842 -0.595699
v -0.429461 0.642734 -0.634393
v -0.411650 0.616078 -0.671559
v -0.392847 0.587938 -0.707107
v -0.373098 0.558381 -0.740951
v -0.352450 0.527479 -0.773010
v -0.330952 0.495306 -0.803208
v -0.308659 0.461940 -0.831470
v -0.285620 0.427460 -0.857729
v -0.261894 0.391952 -0.881921
v -0.237537 0.355499 -0.903989
v -0.212607 0.318189 -0.923880
v -0.187166 0.280114 -0.941544
v -0.161274 0.241363 -0.956940
v -0.134992 0.202030 -0.970031
v -0.108386 0.162212 -0.980785
v -0.081519 0.122002 -0.989177
v -0.054455 0.081498 -0.995185
v -0.027261 0.040798 -0.998795
v -0.023130 0.043274 0.998795
v -0.046205 0.086443 0.995185
v -0.069168 0.129405 0.989177
v -0.091965 0.172054 0.980785
v -0.114540 0.214289 0.970031
v -0.136839 0.256008 0.956940
v -0.158809 0.297110 0.941544
v -0.180396 0.337496 0.923880
v -0.201548 0.377070 0.903989
v -0.222215 0.415735 0.881921
v -0.242346 0.453398 0.857729
v -0.261894 0.489970 0.831470
v -0.280810 0.525360 0.803208
v -0.299051 0.559485 0.773010
v -0.316571 0.592262 0.740951
v -0.333328 0.623612 0.707107
v -0.349282 0.653460 0.671559
v -0.364395 0.681734 0.634393
v -0.378629 0.708365 0.595699
v -0.391952 0.733291 0.555570
v -0.404330 0.756449 0.514103
v -0.415735 0.777785 0.471397
v -0.426138 0.797247 0.427555
v -0.435513 0.814789 0.382683
v -0.443841 0.830367 0.336890
v -0.451098 0.843946 0.290285
v -0.457269 0.855490 0.242980
v -0.462339 0.864975 0.195090
v -0.466294 0.872375 0.146730
v -0.469127 0.877674 0.098017
v -0.470829 0.880859 0.049068
v -0.471396 0.881921 0.000000
v -0.470829 0.880859 -0.049068
v -0.469127 0.877674 -0.098017
v -0.466294 0.872375 -0.146730
v -0.462339 0.864975 -0.195090
v -0.457269 0.855490 -0.242980
v -0.451098 0.843946 -0.290285
v -0.443841 0.830367 -0.336890
v -0.435513 0.814789 -0.382683
v -0.426138 0.797247 -0.427555
v -0.415735 0.777785 -0.471397
v -0.404330 0.756449 -0.514103
v -0.391952 0.733291 -0.555570
v -0.378629 0.708365 -0.595699
v -0.364395 0.681734 -0.634393
v -0.349282 0.653460 -0.671559
v -0.333328 0.623612 -0.707107
v -0.316571 0.592262 -0.740951
v -0.299051 0.559485 -0.773010
v -0.280810 0.525360 -0.803208
v -0.261894 0.489970 -0.831470
v -0.242346 0.453398 -0.857729
v -0.222215 0.415735 -0.881921
v -0.201548 0.377070 -0.903989
v -0.180396 0.337496 -0.923880
v -0.158809 0.297110 -0.941544
v -0.136839 0.256008 -0.956940
v -0.114540 0.214289 -0.970031
v -0.091965 0.172054 -0.980785
v -0.069168 0.129405 -0.989177
v -0.046205 0.086443 -0.995185
v -0.023130 0.043274 -0.998795
v -0.018777 0.045333 0.998795
v -0.037509 0.090556 0.995185
v -0.056151 0.135561 0.989177
v -0.074658 0.180240 0.980785
v -0.092984 0.224484 0.970031
v -0.111087 0.268188 0.956940
v -0.128922 0.311246 0.941544
v -0.146446 0.353553 0.923880
v -0.163618 0.395010 0.903989
v -0.180396 0.435514 0.881921
v -0.196738 0.474968 0.857729
v -0.212608 0.513280 0.831470
v -0.227964 0.550354 0.803208
v -0.242772 0.586103 0.773010
v -0.256994 0.620439 0.740951
v -0.270598 0.653281 0.707107
v -0.283549 0.684549 0.671559
v -0.295818 0.714168 0.634393
v -0.307374 0.742066 0.595699
v -0.318190 0.768178 0.555570
v -0.328238 0.792438 0.514103
v -0.337496 0.814789 0.471397
v -0.345942 0.835177 0.427555
v -0.353553 0.853553 0.382683
v -0.360313 0.869873 0.336890
v -0.366205 0.884098 0.290285
v -0.371214 0.896191 0.242980
v -0.375330 0.906127 0.195090
v -0.378541 0.913879 0.146730
v -0.380840 0.919430 0.098017
v -0.382222 0.922766 0.049068
v -0.382683 0.923879 0.000000
v -0.382222 0.922766 -0.049068
v -0.380840 0.919430 -0.098017
v -0.378541 0.913879 -0.146730
v -0.375330 0.906127 -0.195090
v -0.371214 0.896191 -0.242980
v -0.366205 0.884098 -0.290285
v -0.360313 0.869873 -0.336890
v -0.353553 0.853553 -0.382683
v -0.345942 0.835177 -0.427555
v -0.337496 0.814789 -0.471397
v -0.328238 0.792438 -0.514103
v -0.318190 0.768178 -0.555570
v -0.307374 0.742066 -0.595699
v -0.295818 0.714168 -0.634393
v -0.283549 0.684549 -0.671559
v -0.270598 0.653281 -0.707107
v -0.256994 0.620439 -0.740951
v -0.242772 0.586103 -0.773010
v -0.227964 0.550354 -0.803208
v -0.212608 0.513280 -0.831470
v -0.196738 0.474968 -0.857729
v -0.180396 0.435514 -0.881921
v -0.163618 0.395010 -0.903989
v -0.146446 0.353553 -0.923880
v -0.128922 0.311246 -0.941544
v -0.111087 0.268188 -0.956940
v -0.092984 0.224484 -0.970031
v -0.074658 0.180240 -0.980785
v -0.056151 0.135561 -0.989177
v -0.037509 0.090556 -0.995185
v -0.018777 0.045333 -0.998795
v -0.014244 0.046955 0.998795
v -0.028453 0.093796 0.995185
v -0.042594 0.140412 0.989177
v -0.056632 0.186690 0.980785
v -0.070533 0.232517 0.970031
v -0.084265 0.277785 0.956940
v -0.097794 0.322383 0.941544
v -0.111087 0.366205 0.923880
v -0.124113 0.409145 0.903989
v -0.136839 0.451098 0.881921
v -0.149236 0.491965 0.857729
v -0.161274 0.531648 0.831470
v -0.172922 0.570048 0.803208
v -0.184155 0.607076 0.773010
v -0.194943 0.642642 0.740951
v -0.205262 0.676659 0.707107
v -0.215087 0.709046 0.671559
v -0.224393 0.739724 0.634393
v -0.233159 0.768621 0.595699
v -0.241363 0.795667 0.555570
v -0.248985 0.820795 0.514103
v -0.256008 0.843946 0.471397
v -0.262414 0.865064 0.427555
v -0.268188 0.884097 0.382683
v -0.273316 0.901001 0.336890
v -0.277785 0.915735 0.290285
v -0.281585 0.928261 0.242980
v -0.284707 0.938553 0.195090
v -0.287142 0.946582 0.146730
v -0.288887 0.952332 0.098017
v -0.289935 0.955787 0.049068
v -0.290284 0.956940 0.000000
v -0.289935 0.955787 -0.049068
v -0.288887 0.952332 -0.098017
v -0.287142 0.946582 -0.146730
v -0.284707 0.938553 -0.195090
v -0.281585 0.928261 -0.242980
v -0.277785 0.915735 -0.290285
v -0.273316 0.901001 -0.336890
v -0.268188 0.884097 -0.382683
v -0.262414 0.865064 -0.427555
v -0.256008 0.843946 -0.471397
v -0.248985 0.820795 -0.514103
v -0.241363 0.795667 -0.555570
v -0.233159 0.768621 -0.595699
v -0.224393 0.739724 -0.634393
v -0.215087 0.709046 -0.671559
v -0.205262 0.676659 -0.707107
v -0.194943 0.642642 -0.740951
v -0.184155 0.607076 -0.773010
v -0.172922 0.570048 -0.803208
v -0.161274 0.531648 -0.831470
v -0.149236 0.491965 -0.857729
v -0.136839 0.451098 -0.881921
v -0.124113 0.409145 -0.903989
v -0.111087 0.366205 -0.923880
v -0.097794 0.322383 -0.941544
v -0.084265 0.277785 -0.956940
v -0.070533 0.232517 -0.970031
v -0.056632 0.186690 -0.980785
v -0.042594 0.140412 -0.989177
v -0.028453 0.093796 -0.995185
v -0.014244 0.046955 -0.998795
v -0.009573 0.048125 0.998795
v -0.019122 0.096134 0.995185
v -0.028626 0.143911 0.989177
v -0.038060 0.191342 0.980785
v -0.047403 0.238311 0.970031
v -0.056632 0.284707 0.956940
v -0.065724 0.330416 0.941544
v -0.074658 0.375330 0.923880
v -0.083412 0.419340 0.903989
v -0.091965 0.462339 0.881921
v -0.100296 0.504224 0.857729
v -0.108386 0.544896 0.831470
v -0.116215 0.584253 0.803208
v -0.123764 0.622204 0.773010
v -0.131014 0.658655 0.740951
v -0.137950 0.693520 0.707107
v -0.144552 0.726713 0.671559
v -0.150807 0.758157 0.634393
v -0.156698 0.787773 0.595699
v -0.162212 0.815493 0.555570
v -0.167334 0.841247 0.514103
v -0.172054 0.864975 0.471397
v -0.176360 0.886619 0.427555
v -0.180240 0.906127 0.382683
v -0.183686 0.923452 0.336890
v -0.186690 0.938553 0.290285
v -0.189243 0.951391 0.242980
v -0.191342 0.961940 0.195090
v -0.192978 0.970168 0.146730
v -0.194151 0.976062 0.098017
v -0.194855 0.979603 0.049068
v -0.195090 0.980785 0.000000
v -0.194855 0.979603 -0.049068
v -0.194151 0.976062 -0.098017
v -0.192978 0.970168 -0.146730
v -0.191342 0.961940 -0.195090
v -0.189243 0.951391 -0.242980
v -0.186690 0.938553 -0.290285
v -0.183686 0.923452 -0.336890
v -0.180240 0.906127 -0.382683
v -0.176360 0.886619 -0.427555
v -0.172054 0.864975 -0.471397
v -0.167334 0.841247 -0.514103
v -0.162212 0.815493 -0.555570
v -0.156698 0.787773 -0.595699
v -0.150807 0.758157 -0.634393
v -0.144552 0.726713 -0.671559
v -0.137950 0.693520 -0.707107
v -0.131014 0.658655 -0.740951
v -0.123764 0.622204 -0.773010
v -0.116215 0.584253 -0.803208
v -0.108386 0.544896 -0.831470
v -0.100296 0.504224 -0.857729
v -0.091965 0.462339 -0.881921
v -0.083412 0.419340 -0.903989
v -0.074658 0.375330 -0.923880
v -0.065724 0.330416 -0.941544
v -0.056632 0.284707 -0.956940
v -0.047403 0.238311 -0.970031
v -0.038060 0.191342 -0.980785
v -0.028626 0.143911 -0.989177
v -0.019122 0.096134 -0.995185
v -0.009573 0.048125 -0.998795
v -0.004809 0.048831 0.998795
v -0.009607 0.097545 0.995185
v -0.014382 0.146024 0.989177
v -0.019122 0.194151 0.980785
v -0.023816 0.241810 0.970031
v -0.028453 0.288887 0.956940
v -0.033021 0.335267 0.941544
v -0.037509 0.380840 0.923880
v -0.041908 0.425496 0.903989
v -0.046205 0.469127 0.881921
v -0.050391 0.511627 0.857729
v -0.054455 0.552896 0.831470
v -0.058389 0.592830 0.803208
v -0.062181 0.631338 0.773010
v -0.065824 0.668325 0.740951
v -0.069308 0.703702 0.707107
v -0.072626 0.737383 0.671559
v -0.075768 0.769288 0.634393
v -0.078728 0.799339 0.595699
v -0.081499 0.827466 0.555570
v -0.084072 0.853598 0.514103
v -0.086443 0.877674 0.471397
v -0.088606 0.899636 0.427555
v -0.090556 0.919430 0.382683
v -0.092288 0.937010 0.336890
v -0.093796 0.952332 0.290285
v -0.095079 0.965359 0.242980
v -0.096134 0.976062 0.195090
v -0.096956 0.984412 0.146730
v -0.097545 0.990392 0.098017
v -0.097899 0.993985 0.049068
v -0.098017 0.995184 0.000000
v -0.097899 0.993985 -0.049068
v -0.097545 0.990392 -0.098017
v -0.096956 0.984412 -0.146730
v -0.096134 0.976062 -0.195090
v -0.095079 0.965359 -0.242980
v -0.093796 0.952332 -0.290285
v -0.092288 0.937010 -0.336890
v -0.090556 0.919430 -0.382683
v -0.088606 0.899636 -0.427555
v -0.086443 0.877674 -0.471397
v -0.084072 0.853598 -0.514103
v -0.081499 0.827466 -0.555570
v -0.078728 0.799339 -0.595699
v -0.075768 0.769288 -0.634393
v -0.072626 0.737383 -0.671559
v -0.069308 0.703702 -0.707107
v -0.065824 0.668325 -0.740951
v -0.062181 0.631338 -0.773010
v -0.058389 0.592830 -0.803208
v -0.054455 0.552896 -0.831470
v -0.050391 0.511627 -0.857729
v -0.046205 0.469127 -0.881921
v -0.041908 0.425496 -0.903989
v -0.037509 0.380840 -0.923880
v -0.033021 0.335267 -0.941544
v -0.028453 0.288887 -0.956940
v -0.023816 0.241810 -0.970031
v -0.019122 0.194151 -0.980785
v -0.014382 0.146024 -0.989177
v -0.009607 0.097545 -0.995185
v -0.004809 0.048831 -0.998795
v 0.000000 0.049068 0.998795
v 0.000000 0.098017 0.995185
v 0.000000 0.146730 0.989177
v 0.000000 0.242980 0.970031
v 0.000000 0.336890 0.941544
v 0.000000 0.382683 0.923880
v 0.000000 0.427555 0.903989
v 0.000000 0.471396 0.881921
v 0.000000 0.514102 0.857729
v -0.000000 0.555571 0.831470
v -0.000000 0.634393 0.773010
v -0.000000 0.773010 0.634393
v 0.000000 0.980785 0.195090
v 0.000000 0.998795 -0.049068
v 0.000000 0.980785 -0.195090
v -0.000000 0.941544 -0.336890
v -0.000000 0.773010 -0.634393
v -0.000000 0.555571 -0.831470
v 0.000000 0.242980 -0.970031
v 0.000000 0.146730 -0.989177
v 0.000000 0.098017 -0.995185
v 0.000000 0.049068 -0.998795
s 0
f 24 80 81
f 3 55 4023
f 24 82 25
f 4 55 56
f 25 83 26
f 5 56 57
f 26 84 27
f 5 58 6
f 27 85 28
f 4024 58 59
f 29 85 86
f 7 59 60
f 29 87 4029
f 7 61 8
f 4029 88 30
f 8 62 9
f 31 88 89
f 9 63 10
f 31 90 32
f 10 64 11
f 32 91 33
f 12 64 65
f 34 91 92
f 12 66 13
f 4030 92 93
f 13 67 14
f 35 93 94
f 14 68 15
f 4013 2058 42
f 36 94 95
f 4025 68 69
f 4014 42 43
f 36 96 37
f 4025 70 16
f 4015 43 44
f 38 96 97
f 16 71 17
f 1 44 45
f 39 97 98
f 17 72 18
f 4016 45 46
f 39 99 40
f 19 72 73
f 2 46 47
f 40 100 4031
f 4026 73 74
f 4017 47 48
f 4031 101 41
f 4026 75 20
f 4018 48 49
f 41 102 4032
f 20 76 21
f 4019 49 50
f 4032 103 4033
f 4027 76 77
f 4020 50 51
f 4033 104 4034
f 4027 78 22
f 4021 51 52
f 2752 4034 104
f 22 79 23
f 4022 52 53
f 23 80 4028
f 4022 54 3
f 68 132 69
f 42 106 43
f 95 159 96
f 69 133 70
f 43 107 44
f 97 159 160
f 70 134 71
f 45 107 108
f 98 160 161
f 72 134 135
f 46 108 109
f 99 161 162
f 72 136 73
f 46 110 47
f 100 162 163
f 73 137 74
f 47 111 48
f 100 164 101
f 74 138 75
f 48 112 49
f 101 165 102
f 76 138 139
f 50 112 113
f 103 165 166
f 77 139 140
f 51 113 114
f 104 166 167
f 77 141 78
f 51 115 52
f 2752 104 167
f 79 141 142
f 52 116 53
f 80 142 143
f 53 117 54
f 80 144 81
f 54 118 55
f 82 144 145
f 55 119 56
f 82 146 83
f 56 120 57
f 83 147 84
f 57 121 58
f 84 148 85
f 58 122 59
f 85 149 86
f 60 122 123
f 86 150 87
f 60 124 61
f 88 150 151
f 61 125 62
f 88 152 89
f 62 126 63
f 89 153 90
f 63 127 64
f 91 153 154
f 64 128 65
f 92 154 155
f 66 128 129
f 93 155 156
f 66 130 67
f 94 156 157
f 67 131 68
f 42 2058 105
f 95 157 158
f 133 197 134
f 107 171 108
f 160 224 161
f 134 198 135
f 108 172 109
f 162 224 225
f 136 198 199
f 109 173 110
f 162 226 163
f 136 200 137
f 110 174 111
f 163 227 164
f 137 201 138
f 112 174 175
f 165 227 228
f 138 202 139
f 113 175 176
f 166 228 229
f 139 203 140
f 114 176 177
f 167 229 230
f 140 204 141
f 114 178 115
f 2752 167 230
f 142 204 205
f 115 179 116
f 143 205 206
f 117 179 180
f 143 207 144
f 117 181 118
f 144 208 145
f 118 182 119
f 145 209 146
f 119 183 120
f 147 209 210
f 120 184 121
f 147 211 148
f 121 185 122
f 148 212 149
f 123 185 186
f 149 213 150
f 124 186 187
f 151 213 214
f 124 188 125
f 151 215 152
f 125 189 126
f 153 215 216
f 127 189 190
f 154 216 217
f 127 191 128
f 154 218 155
f 129 191 192
f 155 219 156
f 129 193 130
f 157 219 220
f 130 194 131
f 105 2058 168
f 157 221 158
f 132 194 195
f 105 169 106
f 158 222 159
f 132 196 133
f 106 170 107
f 159 223 160
f 199 261 262
f 172 236 173
f 225 289 226
f 199 263 200
f 173 237 174
f 226 290 227
f 201 263 264
f 174 238 175
f 227 291 228
f 202 264 265
f 175 239 176
f 228 292 229
f 202 266 203
f 177 239 240
f 229 293 230
f 203 267 204
f 178 240 241
f 2752 230 293
f 204 268 205
f 178 242 179
f 206 268 269
f 180 242 243
f 206 270 207
f 180 244 181
f 208 270 271
f 181 245 182
f 208 272 209
f 183 245 246
f 209 273 210
f 183 247 184
f 211 273 274
f 184 248 185
f 211 275 212
f 186 248 249
f 212 276 213
f 186 250 187
f 214 276 277
f 187 251 188
f 215 277 278
f 188 252 189
f 215 279 216
f 189 253 190
f 216 280 217
f 191 253 254
f 218 280 281
f 192 254 255
f 218 282 219
f 192 256 193
f 220 282 283
f 194 256 257
f 168 2058 231
f 220 284 221
f 195 257 258
f 168 232 169
f 221 285 222
f 195 259 196
f 169 233 170
f 223 285 286
f 197 259 260
f 170 234 171
f 223 287 224
f 197 261 198
f 171 235 172
f 225 287 288
f 264 326 327
f 237 301 238
f 290 354 291
f 264 328 265
f 238 302 239
f 292 354 355
f 266 328 329
f 240 302 303
f 293 355 356
f 266 330 267
f 241 303 304
f 2752 293 356
f 267 331 268
f 241 305 242
f 269 331 332
f 243 305 306
f 269 333 270
f 243 307 244
f 270 334 271
f 244 308 245
f 271 335 272
f 246 308 309
f 272 336 273
f 247 309 310
f 273 337 274
f 247 311 248
f 274 338 275
f 249 311 312
f 275 339 276
f 250 312 313
f 277 339 340
f 251 313 314
f 277 341 278
f 251 315 252
f 278 342 279
f 253 315 316
f 280 342 343
f 253 317 254
f 280 344 281
f 255 317 318
f 281 345 282
f 255 319 256
f 283 345 346
f 256 320 257
f 231 2058 294
f 283 347 284
f 258 320 321
f 231 295 232
f 284 348 285
f 259 321 322
f 233 295 296
f 286 348 349
f 259 323 260
f 234 296 297
f 287 349 350
f 261 323 324
f 234 298 235
f 288 350 351
f 262 324 325
f 235 299 236
f 288 352 289
f 262 326 263
f 236 300 237
f 289 353 290
f 329 391 392
f 303 365 366
f 355 419 356
f 329 393 330
f 303 367 304
f 2752 356 419
f 331 393 394
f 304 368 305
f 331 395 332
f 306 368 369
f 332 396 333
f 306 370 307
f 333 397 334
f 307 371 308
f 334 398 335
f 309 371 372
f 336 398 399
f 309 373 310
f 336 400 337
f 310 374 311
f 337 401 338
f 312 374 375
f 338 402 339
f 313 375 376
f 340 402 403
f 314 376 377
f 341 403 404
f 314 378 315
f 341 405 342
f 315 379 316
f 343 405 406
f 316 380 317
f 343 407 344
f 317 381 318
f 344 408 345
f 318 382 319
f 346 408 409
f 319 383 320
f 294 2058 357
f 346 410 347
f 321 383 384
f 295 357 358
f 347 411 348
f 321 385 322
f 295 359 296
f 349 411 412
f 322 386 323
f 296 360 297
f 349 413 350
f 324 386 387
f 297 361 298
f 351 413 414
f 325 387 388
f 299 361 362
f 351 415 352
f 325 389 326
f 299 363 300
f 353 415 416
f 327 389 390
f 300 364 301
f 354 416 417
f 327 391 328
f 301 365 302
f 355 417 418
f 394 456 457
f 367 431 368
f 395 457 458
f 369 431 432
f 395 459 396
f 369 433 370
f 396 460 397
f 370 434 371
f 397 461 398
f 372 434 435
f 399 461 462
f 372 436 373
f 400 462 463
f 373 437 374
f 400 464 401
f 375 437 438
f 401 465 402
f 376 438 439
f 403 465 466
f 376 440 377
f 404 466 467
f 377 441 378
f 404 468 405
f 379 441 442
f 406 468 469
f 379 443 380
f 407 469 470
f 380 444 381
f 407 471 408
f 381 445 382
f 409 471 472
f 382 446 383
f 357 2058 420
f 410 472 473
f 384 446 447
f 357 421 358
f 410 474 411
f 384 448 385
f 358 422 359
f 412 474 475
f 385 449 386
f 359 423 360
f 413 475 476
f 387 449 450
f 360 424 361
f 414 476 477
f 388 450 451
f 361 425 362
f 415 477 478
f 388 452 389
f 362 426 363
f 416 478 479
f 389 453 390
f 363 427 364
f 416 480 417
f 391 453 454
f 364 428 365
f 417 481 418
f 392 454 455
f 366 428 429
f 419 481 482
f 392 456 393
f 366 430 367
f 2752 419 482
f 459 521 522
f 432 496 433
f 460 522 523
f 433 497 434
f 460 524 461
f 435 497 498
f 461 525 462
f 435 499 436
f 462 526 463
f 436 500 437
f 464 526 527
f 437 501 438
f 464 528 465
f 438 502 439
f 466 528 529
f 440 502 503
f 467 529 530
f 440 504 441
f 467 531 468
f 442 504 505
f 469 531 532
f 442 506 443
f 470 532 533
f 443 507 444
f 470 534 471
f 444 508 445
f 472 534 535
f 445 509 446
f 420 2058 483
f 473 535 536
f 447 509 510
f 421 483 484
f 473 537 474
f 447 511 448
f 421 485 422
f 474 538 475
f 448 512 449
f 422 486 423
f 475 539 476
f 450 512 513
f 424 486 487
f 476 540 477
f 451 513 514
f 424 488 425
f 478 540 541
f 451 515 452
f 425 489 426
f 478 542 479
f 452 516 453
f 427 489 490
f 479 543 480
f 454 516 517
f 427 491 428
f 480 544 481
f 454 518 455
f 429 491 492
f 482 544 545
f 455 519 456
f 429 493 430
f 2752 482 545
f 457 519 520
f 430 494 431
f 457 521 458
f 432 494 495
f 523 587 524
f 498 560 561
f 524 588 525
f 498 562 499
f 525 589 526
f 499 563 500
f 527 589 590
f 501 563 564
f 527 591 528
f 501 565 502
f 529 591 592
f 502 566 503
f 530 592 593
f 504 566 567
f 530 594 531
f 504 568 505
f 532 594 595
f 505 569 506
f 533 595 596
f 506 570 507
f 533 597 534
f 507 571 508
f 535 597 598
f 508 572 509
f 483 2058 546
f 536 598 599
f 510 572 573
f 484 546 547
f 536 600 537
f 510 574 511
f 484 548 485
f 538 600 601
f 511 575 512
f 485 549 486
f 538 602 539
f 512 576 513
f 487 549 550
f 540 602 603
f 514 576 577
f 487 551 488
f 540 604 541
f 514 578 515
f 488 552 489
f 541 605 542
f 516 578 579
f 490 552 553
f 542 606 543
f 517 579 580
f 490 554 491
f 543 607 544
f 518 580 581
f 492 554 555
f 545 607 608
f 518 582 519
f 492 556 493
f 2752 545 608
f 520 582 583
f 493 557 494
f 520 584 521
f 495 557 558
f 522 584 585
f 495 559 496
f 522 586 523
f 496 560 497
f 588 652 589
f 562 626 563
f 590 652 653
f 564 626 627
f 590 654 591
f 564 628 565
f 592 654 655
f 565 629 566
f 593 655 656
f 567 629 630
f 593 657 594
f 567 631 568
f 595 657 658
f 569 631 632
f 596 658 659
f 569 633 570
f 596 660 597
f 571 633 634
f 598 660 661
f 571 635 572
f 546 2058 609
f 599 661 662
f 573 635 636
f 547 609 610
f 599 663 600
f 573 637 574
f 547 611 548
f 601 663 664
f 575 637 638
f 548 612 549
f 601 665 602
f 575 639 576
f 550 612 613
f 602 666 603
f 577 639 640
f 550 614 551
f 604 666 667
f 577 641 578
f 551 615 552
f 604 668 605
f 579 641 642
f 552 616 553
f 606 668 669
f 579 643 580
f 553 617 554
f 607 669 670
f 581 643 644
f 555 617 618
f 607 671 608
f 581 645 582
f 555 619 556
f 2752 608 671
f 583 645 646
f 556 620 557
f 583 647 584
f 558 620 621
f 585 647 648
f 558 622 559
f 585 649 586
f 559 623 560
f 587 649 650
f 561 623 624
f 587 651 588
f 561 625 562
f 653 717 654
f 627 691 628
f 655 717 718
f 629 691 692
f 656 718 719
f 629 693 630
f 656 720 657
f 630 694 631
f 658 720 721
f 632 694 695
f 659 721 722
f 632 696 633
f 659 723 660
f 633 697 634
f 661 723 724
f 634 698 635
f 609 2058 672
f 662 724 725
f 636 698 699
f 609 673 610
f 662 726 663
f 636 700 637
f 610 674 611
f 664 726 727
f 638 700 701
f 612 674 675
f 664 728 665
f 638 702 639
f 612 676 613
f 665 729 666
f 640 702 703
f 613 677 614
f 667 729 730
f 640 704 641
f 615 677 678
f 667 731 668
f 642 704 705
f 615 679 616
f 668 732 669
f 642 706 643
f 616 680 617
f 669 733 670
f 644 706 707
f 618 680 681
f 671 733 734
f 644 708 645
f 618 682 619
f 2752 671 734
f 646 708 709
f 619 683 620
f 646 710 647
f 621 683 684
f 648 710 711
f 621 685 622
f 648 712 649
f 622 686 623
f 650 712 713
f 624 686 687
f 650 714 651
f 624 688 625
f 651 715 652
f 625 689 626
f 653 715 716
f 627 689 690
f 719 781 782
f 692 756 693
f 719 783 720
f 693 757 694
f 720 784 721
f 695 757 758
f 722 784 785
f 695 759 696
f 722 786 723
f 696 760 697
f 724 786 787
f 698 760 761
f 672 2058 735
f 725 787 788
f 699 761 762
f 672 736 673
f 725 789 726
f 699 763 700
f 673 737 674
f 727 789 790
f 701 763 764
f 674 738 675
f 728 790 791
f 701 765 702
f 676 738 739
f 728 792 729
f 703 765 766
f 676 740 677
f 729 793 730
f 703 767 704
f 678 740 741
f 730 794 731
f 705 767 768
f 679 741 742
f 732 794 795
f 705 769 706
f 679 743 680
f 733 795 796
f 707 769 770
f 681 743 744
f 733 797 734
f 707 771 708
f 681 745 682
f 2752 734 797
f 708 772 709
f 682 746 683
f 709 773 710
f 684 746 747
f 711 773 774
f 684 748 685
f 711 775 712
f 685 749 686
f 713 775 776
f 687 749 750
f 713 777 714
f 687 751 688
f 714 778 715
f 688 752 689
f 716 778 779
f 690 752 753
f 716 780 717
f 690 754 691
f 718 780 781
f 692 754 755
f 783 847 784
f 758 820 821
f 785 847 848
f 758 822 759
f 785 849 786
f 759 823 760
f 787 849 850
f 760 824 761
f 735 2058 798
f 788 850 851
f 762 824 825
f 735 799 736
f 788 852 789
f 763 825 826
f 736 800 737
f 790 852 853
f 764 826 827
f 738 800 801
f 790 854 791
f 764 828 765
f 739 801 802
f 791 855 792
f 766 828 829
f 739 803 740
f 792 856 793
f 766 830 767
f 741 803 804
f 793 857 794
f 768 830 831
f 741 805 742
f 794 858 795
f 768 832 769
f 742 806 743
f 795 859 796
f 769 833 770
f 744 806 807
f 796 860 797
f 770 834 771
f 744 808 745
f 2752 797 860
f 771 835 772
f 745 809 746
f 772 836 773
f 747 809 810
f 774 836 837
f 747 811 748
f 774 838 775
f 748 812 749
f 776 838 839
f 750 812 813
f 776 840 777
f 750 814 751
f 777 841 778
f 751 815 752
f 779 841 842
f 753 815 816
f 779 843 780
f 753 817 754
f 781 843 844
f 755 817 818
f 782 844 845
f 755 819 756
f 782 846 783
f 756 820 757
f 822 886 823
f 837 901 838
f 798 2058 861
f 839 901 902
f 799 861 862
f 839 903 840
f 799 863 800
f 840 904 841
f 801 863 864
f 842 904 905
f 802 864 865
f 842 906 843
f 803 865 866
f 844 906 907
f 803 867 804
f 845 907 908
f 804 868 805
f 845 909 846
f 805 869 806
f 846 910 847
f 807 869 870
f 848 910 911
f 808 870 871
f 848 912 849
f 808 872 809
f 850 912 913
f 824 886 887
f 810 872 873
f 850 914 851
f 824 888 825
f 810 874 811
f 851 915 852
f 825 889 826
f 812 874 875
f 852 916 853
f 827 889 890
f 813 875 876
f 854 916 917
f 827 891 828
f 813 877 814
f 855 917 918
f 829 891 892
f 814 878 815
f 856 918 919
f 829 893 830
f 816 878 879
f 856 920 857
f 831 893 894
f 816 880 817
f 857 921 858
f 831 895 832
f 818 880 881
f 858 922 859
f 833 895 896
f 819 881 882
f 859 923 860
f 833 897 834
f 819 883 820
f 2752 860 923
f 834 898 835
f 821 883 884
f 836 898 899
f 821 885 822
f 837 899 900
f 876 938 939
f 902 966 903
f 876 940 877
f 903 967 904
f 877 941 878
f 905 967 968
f 879 941 942
f 905 969 906
f 879 943 880
f 907 969 970
f 881 943 944
f 908 970 971
f 881 945 882
f 908 972 909
f 882 946 883
f 910 972 973
f 884 946 947
f 911 973 974
f 884 948 885
f 911 975 912
f 885 949 886
f 913 975 976
f 887 949 950
f 861 2058 924
f 914 976 977
f 887 951 888
f 861 925 862
f 914 978 915
f 888 952 889
f 862 926 863
f 916 978 979
f 890 952 953
f 864 926 927
f 917 979 980
f 890 954 891
f 865 927 928
f 917 981 918
f 892 954 955
f 865 929 866
f 918 982 919
f 892 956 893
f 866 930 867
f 919 983 920
f 894 956 957
f 867 931 868
f 921 983 984
f 894 958 895
f 868 932 869
f 921 985 922
f 895 959 896
f 870 932 933
f 922 986 923
f 897 959 960
f 870 934 871
f 2752 923 986
f 897 961 898
f 871 935 872
f 899 961 962
f 873 935 936
f 900 962 963
f 873 937 874
f 900 964 901
f 874 938 875
f 902 964 965
f 940 1004 941
f 968 1030 1031
f 942 1004 1005
f 968 1032 969
f 942 1006 943
f 970 1032 1033
f 944 1006 1007
f 971 1033 1034
f 944 1008 945
f 971 1035 972
f 945 1009 946
f 972 1036 973
f 947 1009 1010
f 974 1036 1037
f 947 1011 948
f 974 1038 975
f 948 1012 949
f 976 1038 1039
f 950 1012 1013
f 924 2058 987
f 976 1040 977
f 950 1014 951
f 924 988 925
f 977 1041 978
f 951 1015 952
f 925 989 926
f 979 1041 1042
f 953 1015 1016
f 927 989 990
f 980 1042 1043
f 953 1017 954
f 928 990 991
f 981 1043 1044
f 955 1017 1018
f 929 991 992
f 981 1045 982
f 955 1019 956
f 929 993 930
f 982 1046 983
f 957 1019 1020
f 930 994 931
f 983 1047 984
f 957 1021 958
f 931 995 932
f 985 1047 1048
f 959 1021 1022
f 933 995 996
f 985 1049 986
f 959 1023 960
f 933 997 934
f 2752 986 1049
f 960 1024 961
f 934 998 935
f 962 1024 1025
f 936 998 999
f 963 1025 1026
f 936 1000 937
f 963 1027 964
f 937 1001 938
f 965 1027 1028
f 939 1001 1002
f 965 1029 966
f 939 1003 940
f 966 1030 967
f 1005 1069 1006
f 1033 1095 1096
f 1007 1069 1070
f 1034 1096 1097
f 1007 1071 1008
f 1034 1098 1035
f 1008 1072 1009
f 1035 1099 1036
f 1010 1072 1073
f 1037 1099 1100
f 1010 1074 1011
f 1037 1101 1038
f 1011 1075 1012
f 1039 1101 1102
f 1013 1075 1076
f 987 2058 1050
f 1039 1103 1040
f 1013 1077 1014
f 988 1050 1051
f 1040 1104 1041
f 1014 1078 1015
f 988 1052 989
f 1042 1104 1105
f 1016 1078 1079
f 989 1053 990
f 1043 1105 1106
f 1016 1080 1017
f 991 1053 1054
f 1044 1106 1107
f 1018 1080 1081
f 991 1055 992
f 1044 1108 1045
f 1018 1082 1019
f 992 1056 993
f 1045 1109 1046
f 1020 1082 1083
f 993 1057 994
f 1047 1109 1110
f 1020 1084 1021
f 994 1058 995
f 1048 1110 1111
f 1022 1084 1085
f 996 1058 1059
f 1048 1112 1049
f 1022 1086 1023
f 996 1060 997
f 2752 1049 1112
f 1023 1087 1024
f 997 1061 998
f 1025 1087 1088
f 999 1061 1062
f 1026 1088 1089
f 999 1063 1000
f 1026 1090 1027
f 1001 1063 1064
f 1028 1090 1091
f 1002 1064 1065
f 1028 1092 1029
f 1002 1066 1003
f 1029 1093 1030
f 1003 1067 1004
f 1031 1093 1094
f 1005 1067 1068
f 1031 1095 1032
f 1070 1134 1071
f 1097 1161 1098
f 1071 1135 1072
f 1098 1162 1099
f 1073 1135 1136
f 1100 1162 1163
f 1073 1137 1074
f 1100 1164 1101
f 1074 1138 1075
f 1102 1164 1165
f 1076 1138 1139
f 1050 2058 1113
f 1103 1165 1166
f 1076 1140 1077
f 1050 1114 1051
f 1103 1167 1104
f 1077 1141 1078
f 1051 1115 1052
f 1105 1167 1168
f 1079 1141 1142
f 1052 1116 1053
f 1106 1168 1169
f 1079 1143 1080
f 1054 1116 1117
f 1107 1169 1170
f 1081 1143 1144
f 1054 1118 1055
f 1108 1170 1171
f 1081 1145 1082
f 1056 1118 1119
f 1108 1172 1109
f 1083 1145 1146
f 1057 1119 1120
f 1109 1173 1110
f 1083 1147 1084
f 1058 1120 1121
f 1110 1174 1111
f 1085 1147 1148
f 1059 1121 1122
f 1111 1175 1112
f 1085 1149 1086
f 1059 1123 1060
f 2752 1112 1175
f 1086 1150 1087
f 1060 1124 1061
f 1088 1150 1151
f 1062 1124 1125
f 1089 1151 1152
f 1062 1126 1063
f 1089 1153 1090
f 1064 1126 1127
f 1091 1153 1154
f 1065 1127 1128
f 1091 1155 1092
f 1065 1129 1066
f 1092 1156 1093
f 1066 1130 1067
f 1094 1156 1157
f 1068 1130 1131
f 1094 1158 1095
f 1068 1132 1069
f 1096 1158 1159
f 1070 1132 1133
f 1097 1159 1160
f 1136 1198 1199
f 1163 1225 1226
f 1136 1200 1137
f 1163 1227 1164
f 1137 1201 1138
f 1165 1227 1228
f 1139 1201 1202
f 1113 2058 1176
f 1165 1229 1166
f 1140 1202 1203
f 1113 1177 1114
f 1166 1230 1167
f 1140 1204 1141
f 1114 1178 1115
f 1168 1230 1231
f 1142 1204 1205
f 1115 1179 1116
f 1169 1231 1232
f 1142 1206 1143
f 1117 1179 1180
f 1169 1233 1170
f 1144 1206 1207
f 1118 1180 1181
f 1170 1234 1171
f 1144 1208 1145
f 1118 1182 1119
f 1171 1235 1172
f 1146 1208 1209
f 1119 1183 1120
f 1172 1236 1173
f 1146 1210 1147
f 1120 1184 1121
f 1174 1236 1237
f 1148 1210 1211
f 1122 1184 1185
f 1174 1238 1175
f 1148 1212 1149
f 1123 1185 1186
f 2752 1175 1238
f 1149 1213 1150
f 1123 1187 1124
f 1150 1214 1151
f 1125 1187 1188
f 1152 1214 1215
f 1125 1189 1126
f 1152 1216 1153
f 1126 1190 1127
f 1154 1216 1217
f 1128 1190 1191
f 1154 1218 1155
f 1128 1192 1129
f 1155 1219 1156
f 1129 1193 1130
f 1157 1219 1220
f 1131 1193 1194
f 1157 1221 1158
f 1131 1195 1132
f 1159 1221 1222
f 1133 1195 1196
f 1160 1222 1223
f 1134 1196 1197
f 1160 1224 1161
f 1134 1198 1135
f 1162 1224 1225
f 1201 1263 1264
f 1228 1290 1291
f 1202 1264 1265
f 1176 2058 1239
f 1228 1292 1229
f 1202 1266 1203
f 1177 1239 1240
f 1229 1293 1230
f 1203 1267 1204
f 1177 1241 1178
f 1230 1294 1231
f 1205 1267 1268
f 1179 1241 1242
f 1231 1295 1232
f 1205 1269 1206
f 1179 1243 1180
f 1232 1296 1233
f 1207 1269 1270
f 1180 1244 1181
f 1234 1296 1297
f 1207 1271 1208
f 1181 1245 1182
f 1234 1298 1235
f 1209 1271 1272
f 1183 1245 1246
f 1235 1299 1236
f 1209 1273 1210
f 1183 1247 1184
f 1236 1300 1237
f 1211 1273 1274
f 1185 1247 1248
f 1238 1300 1301
f 1211 1275 1212
f 1186 1248 1249
f 2752 1238 1301
f 1212 1276 1213
f 1186 1250 1187
f 1213 1277 1214
f 1188 1250 1251
f 1215 1277 1278
f 1188 1252 1189
f 1215 1279 1216
f 1190 1252 1253
f 1217 1279 1280
f 1191 1253 1254
f 1217 1281 1218
f 1191 1255 1192
f 1218 1282 1219
f 1192 1256 1193
f 1220 1282 1283
f 1194 1256 1257
f 1220 1284 1221
f 1194 1258 1195
f 1222 1284 1285
f 1196 1258 1259
f 1223 1285 1286
f 1197 1259 1260
f 1223 1287 1224
f 1197 1261 1198
f 1224 1288 1225
f 1199 1261 1262
f 1226 1288 1289
f 1199 1263 1200
f 1226 1290 1227
f 1266 1328 1329
f 1239 1303 1240
f 1292 1356 1293
f 1267 1329 1330
f 1240 1304 1241
f 1294 1356 1357
f 1268 1330 1331
f 1242 1304 1305
f 1294 1358 1295
f 1268 1332 1269
f 1243 1305 1306
f 1296 1358 1359
f 1270 1332 1333
f 1243 1307 1244
f 1297 1359 1360
f 1270 1334 1271
f 1244 1308 1245
f 1297 1361 1298
f 1272 1334 1335
f 1246 1308 1309
f 1298 1362 1299
f 1272 1336 1273
f 1246 1310 1247
f 1300 1362 1363
f 1273 1337 1274
f 1248 1310 1311
f 1301 1363 1364
f 1274 1338 1275
f 1249 1311 1312
f 2752 1301 1364
f 1275 1339 1276
f 1249 1313 1250
f 1276 1340 1277
f 1251 1313 1314
f 1278 1340 1341
f 1251 1315 1252
f 1278 1342 1279
f 1252 1316 1253
f 1280 1342 1343
f 1254 1316 1317
f 1280 1344 1281
f 1254 1318 1255
f 1281 1345 1282
f 1255 1319 1256
f 1283 1345 1346
f 1257 1319 1320
f 1283 1347 1284
f 1257 1321 1258
f 1285 1347 1348
f 1259 1321 1322
f 1286 1348 1349
f 1260 1322 1323
f 1286 1350 1287
f 1260 1324 1261
f 1288 1350 1351
f 1262 1324 1325
f 1289 1351 1352
f 1262 1326 1263
f 1289 1353 1290
f 1264 1326 1327
f 1291 1353 1354
f 1264 1328 1265
f 1239 2058 1302
f 1291 1355 1292
f 1331 1393 1394
f 1304 1368 1305
f 1357 1421 1358
f 1331 1395 1332
f 1305 1369 1306
f 1359 1421 1422
f 1333 1395 1396
f 1306 1370 1307
f 1359 1423 1360
f 1333 1397 1334
f 1307 1371 1308
f 1360 1424 1361
f 1335 1397 1398
f 1308 1372 1309
f 1362 1424 1425
f 1335 1399 1336
f 1309 1373 1310
f 1363 1425 1426
f 1336 1400 1337
f 1310 1374 1311
f 1363 1427 1364
f 1337 1401 1338
f 1312 1374 1375
f 2752 1364 1427
f 1338 1402 1339
f 1312 1376 1313
f 1339 1403 1340
f 1314 1376 1377
f 1341 1403 1404
f 1314 1378 1315
f 1341 1405 1342
f 1315 1379 1316
f 1343 1405 1406
f 1317 1379 1380
f 1343 1407 1344
f 1317 1381 1318
f 1344 1408 1345
f 1318 1382 1319
f 1346 1408 1409
f 1320 1382 1383
f 1346 1410 1347
f 1320 1384 1321
f 1348 1410 1411
f 1322 1384 1385
f 1349 1411 1412
f 1323 1385 1386
f 1349 1413 1350
f 1323 1387 1324
f 1351 1413 1414
f 1325 1387 1388
f 1352 1414 1415
f 1325 1389 1326
f 1352 1416 1353
f 1327 1389 1390
f 1354 1416 1417
f 1327 1391 1328
f 1302 2058 1365
f 1354 1418 1355
f 1328 1392 1329
f 1303 1365 1366
f 1356 1418 1419
f 1329 1393 1330
f 1303 1367 1304
f 1357 1419 1420
f 1396 1458 1459
f 1369 1433 1370
f 1422 1486 1423
f 1396 1460 1397
f 1370 1434 1371
f 1423 1487 1424
f 1397 1461 1398
f 1371 1435 1372
f 1424 1488 1425
f 1398 1462 1399
f 1372 1436 1373
f 1425 1489 1426
f 1399 1463 1400
f 1374 1436 1437
f 1427 1489 1490
f 1400 1464 1401
f 1375 1437 1438
f 2752 1427 1490
f 1401 1465 1402
f 1375 1439 1376
f 1402 1466 1403
f 1377 1439 1440
f 1404 1466 1467
f 1377 1441 1378
f 1404 1468 1405
f 1378 1442 1379
f 1406 1468 1469
f 1380 1442 1443
f 1406 1470 1407
f 1380 1444 1381
f 1407 1471 1408
f 1381 1445 1382
f 1409 1471 1472
f 1383 1445 1446
f 1409 1473 1410
f 1383 1447 1384
f 1411 1473 1474
f 1385 1447 1448
f 1412 1474 1475
f 1386 1448 1449
f 1412 1476 1413
f 1386 1450 1387
f 1414 1476 1477
f 1388 1450 1451
f 1415 1477 1478
f 1388 1452 1389
f 1415 1479 1416
f 1390 1452 1453
f 1417 1479 1480
f 1390 1454 1391
f 1365 2058 1428
f 1417 1481 1418
f 1392 1454 1455
f 1366 1428 1429
f 1418 1482 1419
f 1392 1456 1393
f 1366 1430 1367
f 1420 1482 1483
f 1394 1456 1457
f 1368 1430 1431
f 1420 1484 1421
f 1394 1458 1395
f 1369 1431 1432
f 1422 1484 1485
f 1460 1524 1461
f 1434 1498 1435
f 1488 1550 1551
f 1461 1525 1462
f 1435 1499 1436
f 1488 1552 1489
f 1463 1525 1526
f 1437 1499 1500
f 1490 1552 1553
f 1463 1527 1464
f 1438 1500 1501
f 2752 1490 1553
f 1464 1528 1465
f 1438 1502 1439
f 1465 1529 1466
f 1440 1502 1503
f 1467 1529 1530
f 1440 1504 1441
f 1467 1531 1468
f 1441 1505 1442
f 1468 1532 1469
f 1443 1505 1506
f 1469 1533 1470
f 1443 1507 1444
f 1470 1534 1471
f 1444 1508 1445
f 1472 1534 1535
f 1446 1508 1509
f 1472 1536 1473
f 1446 1510 1447
f 1474 1536 1537
f 1448 1510 1511
f 1475 1537 1538
f 1449 1511 1512
f 1475 1539 1476
f 1449 1513 1450
f 1477 1539 1540
f 1451 1513 1514
f 1478 1540 1541
f 1451 1515 1452
f 1478 1542 1479
f 1453 1515 1516
f 1480 1542 1543
f 1453 1517 1454
f 1428 2058 1491
f 1480 1544 1481
f 1455 1517 1518
f 1428 1492 1429
f 1481 1545 1482
f 1455 1519 1456
f 1429 1493 1430
f 1483 1545 1546
f 1457 1519 1520
f 1430 1494 1431
f 1483 1547 1484
f 1458 1520 1521
f 1432 1494 1495
f 1484 1548 1485
f 1459 1521 1522
f 1432 1496 1433
f 1486 1548 1549
f 1459 1523 1460
f 1433 1497 1434
f 1486 1550 1487
f 1526 1588 1589
f 1500 1562 1563
f 1553 1615 1616
f 1526 1590 1527
f 1501 1563 1564
f 2752 1553 1616
f 1528 1590 1591
f 1501 1565 1502
f 1528 1592 1529
f 1503 1565 1566
f 1530 1592 1593
f 1503 1567 1504
f 1530 1594 1531
f 1504 1568 1505
f 1532 1594 1595
f 1506 1568 1569
f 1532 1596 1533
f 1506 1570 1507
f 1533 1597 1534
f 1507 1571 1508
f 1535 1597 1598
f 1509 1571 1572
f 1535 1599 1536
f 1509 1573 1510
f 1537 1599 1600
f 1511 1573 1574
f 1538 1600 1601
f 1512 1574 1575
f 1538 1602 1539
f 1512 1576 1513
f 1540 1602 1603
f 1514 1576 1577
f 1541 1603 1604
f 1514 1578 1515
f 1541 1605 1542
f 1516 1578 1579
f 1543 1605 1606
f 1516 1580 1517
f 1491 2058 1554
f 1543 1607 1544
f 1518 1580 1581
f 1491 1555 1492
f 1544 1608 1545
f 1518 1582 1519
f 1492 1556 1493
f 1546 1608 1609
f 1520 1582 1583
f 1493 1557 1494
f 1547 1609 1610
f 1520 1584 1521
f 1495 1557 1558
f 1547 1611 1548
f 1521 1585 1522
f 1495 1559 1496
f 1548 1612 1549
f 1522 1586 1523
f 1496 1560 1497
f 1549 1613 1550
f 1523 1587 1524
f 1497 1561 1498
f 1551 1613 1614
f 1524 1588 1525
f 1498 1562 1499
f 1552 1614 1615
f 1591 1653 1654
f 1564 1628 1565
f 1591 1655 1592
f 1566 1628 1629
f 1593 1655 1656
f 1566 1630 1567
f 1593 1657 1594
f 1567 1631 1568
f 1595 1657 1658
f 1569 1631 1632
f 1595 1659 1596
f 1569 1633 1570
f 1596 1660 1597
f 1570 1634 1571
f 1598 1660 1661
f 1572 1634 1635
f 1598 1662 1599
f 1572 1636 1573
f 1600 1662 1663
f 1574 1636 1637
f 1601 1663 1664
f 1575 1637 1638
f 1601 1665 1602
f 1575 1639 1576
f 1603 1665 1666
f 1577 1639 1640
f 1604 1666 1667
f 1577 1641 1578
f 1604 1668 1605
f 1579 1641 1642
f 1606 1668 1669
f 1579 1643 1580
f 1554 2058 1617
f 1606 1670 1607
f 1580 1644 1581
f 1554 1618 1555
f 1607 1671 1608
f 1581 1645 1582
f 1555 1619 1556
f 1609 1671 1672
f 1583 1645 1646
f 1556 1620 1557
f 1610 1672 1673
f 1583 1647 1584
f 1557 1621 1558
f 1610 1674 1611
f 1585 1647 1648
f 1558 1622 1559
f 1612 1674 1675
f 1585 1649 1586
f 1560 1622 1623
f 1612 1676 1613
f 1586 1650 1587
f 1560 1624 1561
f 1614 1676 1677
f 1587 1651 1588
f 1561 1625 1562
f 1615 1677 1678
f 1588 1652 1589
f 1563 1625 1626
f 1616 1678 1679
f 1590 1652 1653
f 1563 1627 1564
f 2752 1616 1679
f 1669 1731 1732
f 1642 1706 1643
f 1617 2058 1680
f 1670 1732 1733
f 1643 1707 1644
f 1617 1681 1618
f 1670 1734 1671
f 1644 1708 1645
f 1618 1682 1619
f 1672 1734 1735
f 1646 1708 1709
f 1619 1683 1620
f 1672 1736 1673
f 1646 1710 1647
f 1621 1683 1684
f 1673 1737 1674
f 1648 1710 1711
f 1621 1685 1622
f 1675 1737 1738
f 1648 1712 1649
f 1623 1685 1686
f 1675 1739 1676
f 1650 1712 1713
f 1623 1687 1624
f 1677 1739 1740
f 1650 1714 1651
f 1624 1688 1625
f 1678 1740 1741
f 1651 1715 1652
f 1626 1688 1689
f 1679 1741 1742
f 1653 1715 1716
f 1627 1689 1690
f 2752 1679 1742
f 1654 1716 1717
f 1627 1691 1628
f 1654 1718 1655
f 1629 1691 1692
f 1656 1718 1719
f 1629 1693 1630
f 1656 1720 1657
f 1630 1694 1631
f 1658 1720 1721
f 1632 1694 1695
f 1658 1722 1659
f 1632 1696 1633
f 1659 1723 1660
f 1633 1697 1634
f 1661 1723 1724
f 1635 1697 1698
f 1661 1725 1662
f 1635 1699 1636
f 1663 1725 1726
f 1637 1699 1700
f 1664 1726 1727
f 1638 1700 1701
f 1664 1728 1665
f 1638 1702 1639
f 1666 1728 1729
f 1640 1702 1703
f 1667 1729 1730
f 1640 1704 1641
f 1667 1731 1668
f 1642 1704 1705
f 1680 1744 1681
f 1733 1797 1734
f 1707 1771 1708
f 1681 1745 1682
f 1735 1797 1798
f 1709 1771 1772
f 1682 1746 1683
f 1736 1798 1799
f 1709 1773 1710
f 1684 1746 1747
f 1736 1800 1737
f 1711 1773 1774
f 1684 1748 1685
f 1737 1801 1738
f 1711 1775 1712
f 1686 1748 1749
f 1738 1802 1739
f 1713 1775 1776
f 1686 1750 1687
f 1740 1802 1803
f 1713 1777 1714
f 1687 1751 1688
f 1741 1803 1804
f 1714 1778 1715
f 1689 1751 1752
f 1742 1804 1805
f 1716 1778 1779
f 1689 1753 1690
f 2752 1742 1805
f 1716 1780 1717
f 1690 1754 1691
f 1717 1781 1718
f 1692 1754 1755
f 1719 1781 1782
f 1692 1756 1693
f 1719 1783 1720
f 1693 1757 1694
f 1721 1783 1784
f 1695 1757 1758
f 1721 1785 1722
f 1695 1759 1696
f 1722 1786 1723
f 1696 1760 1697
f 1724 1786 1787
f 1698 1760 1761
f 1724 1788 1725
f 1698 1762 1699
f 1726 1788 1789
f 1700 1762 1763
f 1727 1789 1790
f 1701 1763 1764
f 1727 1791 1728
f 1701 1765 1702
f 1729 1791 1792
f 1703 1765 1766
f 1730 1792 1793
f 1703 1767 1704
f 1730 1794 1731
f 1705 1767 1768
f 1732 1794 1795
f 1705 1769 1706
f 1680 2058 1743
f 1732 1796 1733
f 1706 1770 1707
f 1746 1808 1809
f 1799 1861 1862
f 1772 1836 1773
f 1747 1809 1810
f 1799 1863 1800
f 1774 1836 1837
f 1747 1811 1748
f 1801 1863 1864
f 1774 1838 1775
f 1749 1811 1812
f 1801 1865 1802
f 1776 1838 1839
f 1749 1813 1750
f 1802 1866 1803
f 1776 1840 1777
f 1750 1814 1751
f 1804 1866 1867
f 1777 1841 1778
f 1752 1814 1815
f 1804 1868 1805
f 1779 1841 1842
f 1752 1816 1753
f 2752 1805 1868
f 1779 1843 1780
f 1753 1817 1754
f 1780 1844 1781
f 1755 1817 1818
f 1782 1844 1845
f 1755 1819 1756
f 1782 1846 1783
f 1756 1820 1757
f 1784 1846 1847
f 1758 1820 1821
f 1784 1848 1785
f 1758 1822 1759
f 1785 1849 1786
f 1759 1823 1760
f 1787 1849 1850
f 1761 1823 1824
f 1787 1851 1788
f 1761 1825 1762
f 1789 1851 1852
f 1763 1825 1826
f 1790 1852 1853
f 1764 1826 1827
f 1790 1854 1791
f 1764 1828 1765
f 1792 1854 1855
f 1766 1828 1829
f 1793 1855 1856
f 1766 1830 1767
f 1793 1857 1794
f 1768 1830 1831
f 1795 1857 1858
f 1769 1831 1832
f 1743 2058 1806
f 1795 1859 1796
f 1769 1833 1770
f 1744 1806 1807
f 1796 1860 1797
f 1770 1834 1771
f 1744 1808 1745
f 1798 1860 1861
f 1772 1834 1835
f 1810 1874 1811
f 1864 1926 1927
f 1837 1901 1838
f 1812 1874 1875
f 1864 1928 1865
f 1839 1901 1902
f 1812 1876 1813
f 1866 1928 1929
f 1839 1903 1840
f 1814 1876 1877
f 1867 1929 1930
f 1841 1903 1904
f 1815 1877 1878
f 1867 1931 1868
f 1842 1904 1905
f 1816 1878 1879
f 2752 1868 1931
f 1842 1906 1843
f 1816 1880 1817
f 1843 1907 1844
f 1818 1880 1881
f 1845 1907 1908
f 1818 1882 1819
f 1845 1909 1846
f 1819 1883 1820
f 1847 1909 1910
f 1821 1883 1884
f 1847 1911 1848
f 1821 1885 1822
f 1848 1912 1849
f 1822 1886 1823
f 1850 1912 1913
f 1824 1886 1887
f 1850 1914 1851
f 1824 1888 1825
f 1852 1914 1915
f 1826 1888 1889
f 1853 1915 1916
f 1827 1889 1890
f 1853 1917 1854
f 1827 1891 1828
f 1855 1917 1918
f 1829 1891 1892
f 1856 1918 1919
f 1829 1893 1830
f 1856 1920 1857
f 1831 1893 1894
f 1858 1920 1921
f 1832 1894 1895
f 1806 2058 1869
f 1858 1922 1859
f 1832 1896 1833
f 1806 1870 1807
f 1859 1923 1860
f 1833 1897 1834
f 1807 1871 1808
f 1860 1924 1861
f 1835 1897 1898
f 1808 1872 1809
f 1862 1924 1925
f 1835 1899 1836
f 1810 1872 1873
f 1862 1926 1863
f 1837 1899 1900
f 1875 1939 1876
f 1928 1992 1929
f 1902 1966 1903
f 1876 1940 1877
f 1930 1992 1993
f 1904 1966 1967
f 1878 1940 1941
f 1930 1994 1931
f 1905 1967 1968
f 1878 1942 1879
f 2752 1931 1994
f 1905 1969 1906
f 1879 1943 1880
f 1906 1970 1907
f 1881 1943 1944
f 1908 1970 1971
f 1881 1945 1882
f 1908 1972 1909
f 1882 1946 1883
f 1910 1972 1973
f 1884 1946 1947
f 1910 1974 1911
f 1884 1948 1885
f 1911 1975 1912
f 1885 1949 1886
f 1913 1975 1976
f 1887 1949 1950
f 1913 1977 1914
f 1887 1951 1888
f 1915 1977 1978
f 1889 1951 1952
f 1916 1978 1979
f 1890 1952 1953
f 1916 1980 1917
f 1890 1954 1891
f 1917 1981 1918
f 1892 1954 1955
f 1919 1981 1982
f 1892 1956 1893
f 1919 1983 1920
f 1894 1956 1957
f 1921 1983 1984
f 1895 1957 1958
f 1869 2058 1932
f 1922 1984 1985
f 1895 1959 1896
f 1869 1933 1870
f 1922 1986 1923
f 1896 1960 1897
f 1870 1934 1871
f 1923 1987 1924
f 1898 1960 1961
f 1871 1935 1872
f 1925 1987 1988
f 1898 1962 1899
f 1873 1935 1936
f 1925 1989 1926
f 1900 1962 1963
f 1874 1936 1937
f 1926 1990 1927
f 1900 1964 1901
f 1875 1937 1938
f 1927 1991 1928
f 1902 1964 1965
f 1941 2003 2004
f 1993 2057 1994
f 1968 2030 2031
f 1941 2005 1942
f 2752 1994 2057
f 1968 2032 1969
f 1942 2006 1943
f 1969 2033 1970
f 1944 2006 2007
f 1971 2033 2034
f 1944 2008 1945
f 1971 2035 1972
f 1945 2009 1946
f 1973 2035 2036
f 1947 2009 2010
f 1973 2037 1974
f 1947 2011 1948
f 1974 2038 1975
f 1948 2012 1949
f 1976 2038 2039
f 1950 2012 2013
f 1976 2040 1977
f 1950 2014 1951
f 1978 2040 2041
f 1952 2014 2015
f 1979 2041 2042
f 1953 2015 2016
f 1979 2043 1980
f 1953 2017 1954
f 1980 2044 1981
f 1955 2017 2018
f 1982 2044 2045
f 1955 2019 1956
f 1982 2046 1983
f 1957 2019 2020
f 1984 2046 2047
f 1958 2020 2021
f 1932 2058 1995
f 1984 2048 1985
f 1958 2022 1959
f 1932 1996 1933
f 1985 2049 1986
f 1959 2023 1960
f 1933 1997 1934
f 1987 2049 2050
f 1961 2023 2024
f 1935 1997 1998
f 1988 2050 2051
f 1961 2025 1962
f 1936 1998 1999
f 1988 2052 1989
f 1963 2025 2026
f 1936 2000 1937
f 1990 2052 2053
f 1963 2027 1964
f 1937 2001 1938
f 1990 2054 1991
f 1965 2027 2028
f 1938 2002 1939
f 1991 2055 1992
f 1965 2029 1966
f 1939 2003 1940
f 1992 2056 1993
f 1967 2029 2030
f 2005 2070 2006
f 2032 2097 2033
f 2007 2070 2071
f 2034 2097 2098
f 2007 2072 2008
f 2034 2099 2035
f 2008 2073 2009
f 2036 2099 2100
f 2010 2073 2074
f 2036 2101 2037
f 2010 2075 2011
f 2037 2102 2038
f 2011 2076 2012
f 2039 2102 2103
f 2013 2076 2077
f 2039 2104 2040
f 2013 2078 2014
f 2041 2104 2105
f 2015 2078 2079
f 2042 2105 2106
f 2016 2079 2080
f 2042 2107 2043
f 2016 2081 2017
f 2043 2108 2044
f 2018 2081 2082
f 2045 2108 2109
f 2018 2083 2019
f 2045 2110 2046
f 2020 2083 2084
f 2047 2110 2111
f 2021 2084 2085
f 1995 2058 2059
f 2048 2111 2112
f 2021 2086 2022
f 1995 2060 1996
f 2048 2113 2049
f 2022 2087 2023
f 1996 2061 1997
f 2050 2113 2114
f 2024 2087 2088
f 1997 2062 1998
f 2051 2114 2115
f 2024 2089 2025
f 1999 2062 2063
f 2051 2116 2052
f 2026 2089 2090
f 2000 2063 2064
f 2053 2116 2117
f 2026 2091 2027
f 2001 2064 2065
f 2053 2118 2054
f 2028 2091 2092
f 2001 2066 2002
f 2055 2118 2119
f 2028 2093 2029
f 2002 2067 2003
f 2056 2119 2120
f 2030 2093 2094
f 2004 2067 2068
f 2056 2121 2057
f 2031 2094 2095
f 2005 2068 2069
f 2752 2057 2121
f 2031 2096 2032
f 2071 2135 2072
f 2098 2162 2099
f 2073 2135 2136
f 2100 2162 2163
f 2074 2136 2137
f 2100 2164 2101
f 2074 2138 2075
f 2101 2165 2102
f 2075 2139 2076
f 2103 2165 2166
f 2077 2139 2140
f 2103 2167 2104
f 2077 2141 2078
f 2105 2167 2168
f 2079 2141 2142
f 2106 2168 2169
f 2080 2142 2143
f 2106 2170 2107
f 2080 2144 2081
f 2108 2170 2171
f 2082 2144 2145
f 2109 2171 2172
f 2082 2146 2083
f 2109 2173 2110
f 2084 2146 2147
f 2111 2173 2174
f 2085 2147 2148
f 2059 2058 2122
f 2112 2174 2175
f 2085 2149 2086
f 2060 2122 2123
f 2112 2176 2113
f 2086 2150 2087
f 2060 2124 2061
f 2114 2176 2177
f 2088 2150 2151
f 2062 2124 2125
f 2115 2177 2178
f 2088 2152 2089
f 2063 2125 2126
f 2115 2179 2116
f 2090 2152 2153
f 2063 2127 2064
f 2117 2179 2180
f 2090 2154 2091
f 2065 2127 2128
f 2117 2181 2118
f 2092 2154 2155
f 2065 2129 2066
f 2119 2181 2182
f 2092 2156 2093
f 2066 2130 2067
f 2120 2182 2183
f 2094 2156 2157
f 2068 2130 2131
f 2121 2183 2184
f 2095 2157 2158
f 2068 2132 2069
f 2752 2121 2184
f 2095 2159 2096
f 2069 2133 2070
f 2096 2160 2097
f 2071 2133 2134
f 2098 2160 2161
f 2137 2199 2200
f 2163 2227 2164
f 2137 2201 2138
f 2164 2228 2165
f 2138 2202 2139
f 2166 2228 2229
f 2140 2202 2203
f 2166 2230 2167
f 2140 2204 2141
f 2168 2230 2231
f 2142 2204 2205
f 2169 2231 2232
f 2143 2205 2206
f 2169 2233 2170
f 2143 2207 2144
f 2170 2234 2171
f 2145 2207 2208
f 2172 2234 2235
f 2145 2209 2146
f 2172 2236 2173
f 2147 2209 2210
f 2174 2236 2237
f 2148 2210 2211
f 2122 2058 2185
f 2174 2238 2175
f 2148 2212 2149
f 2122 2186 2123
f 2175 2239 2176
f 2149 2213 2150
f 2123 2187 2124
f 2177 2239 2240
f 2151 2213 2214
f 2124 2188 2125
f 2178 2240 2241
f 2151 2215 2152
f 2126 2188 2189
f 2178 2242 2179
f 2153 2215 2216
f 2126 2190 2127
f 2180 2242 2243
f 2153 2217 2154
f 2128 2190 2191
f 2180 2244 2181
f 2155 2217 2218
f 2128 2192 2129
f 2181 2245 2182
f 2155 2219 2156
f 2129 2193 2130
f 2183 2245 2246
f 2157 2219 2220
f 2131 2193 2194
f 2183 2247 2184
f 2158 2220 2221
f 2132 2194 2195
f 2752 2184 2247
f 2158 2222 2159
f 2132 2196 2133
f 2159 2223 2160
f 2134 2196 2197
f 2161 2223 2224
f 2134 2198 2135
f 2161 2225 2162
f 2135 2199 2136
f 2163 2225 2226
f 2201 2265 2202
f 2229 2291 2292
f 2203 2265 2266
f 2229 2293 2230
f 2203 2267 2204
f 2231 2293 2294
f 2205 2267 2268
f 2232 2294 2295
f 2206 2268 2269
f 2232 2296 2233
f 2206 2270 2207
f 2233 2297 2234
f 2208 2270 2271
f 2235 2297 2298
f 2208 2272 2209
f 2235 2299 2236
f 2210 2272 2273
f 2237 2299 2300
f 2211 2273 2274
f 2185 2058 2248
f 2237 2301 2238
f 2211 2275 2212
f 2185 2249 2186
f 2238 2302 2239
f 2212 2276 2213
f 2186 2250 2187
f 2240 2302 2303
f 2214 2276 2277
f 2187 2251 2188
f 2241 2303 2304
f 2214 2278 2215
f 2189 2251 2252
f 2241 2305 2242
f 2216 2278 2279
f 2189 2253 2190
f 2243 2305 2306
f 2216 2280 2217
f 2191 2253 2254
f 2243 2307 2244
f 2218 2280 2281
f 2191 2255 2192
f 2245 2307 2308
f 2218 2282 2219
f 2192 2256 2193
f 2246 2308 2309
f 2220 2282 2283
f 2194 2256 2257
f 2247 2309 2310
f 2221 2283 2284
f 2195 2257 2258
f 2752 2247 2310
f 2221 2285 2222
f 2195 2259 2196
f 2222 2286 2223
f 2197 2259 2260
f 2224 2286 2287
f 2197 2261 2198
f 2224 2288 2225
f 2198 2262 2199
f 2226 2288 2289
f 2200 2262 2263
f 2226 2290 2227
f 2200 2264 2201
f 2227 2291 2228
f 2266 2330 2267
f 2294 2356 2357
f 2268 2330 2331
f 2295 2357 2358
f 2269 2331 2332
f 2295 2359 2296
f 2269 2333 2270
f 2297 2359 2360
f 2271 2333 2334
f 2298 2360 2361
f 2271 2335 2272
f 2298 2362 2299
f 2273 2335 2336
f 2300 2362 2363
f 2274 2336 2337
f 2248 2058 2311
f 2300 2364 2301
f 2274 2338 2275
f 2248 2312 2249
f 2301 2365 2302
f 2275 2339 2276
f 2249 2313 2250
f 2303 2365 2366
f 2277 2339 2340
f 2250 2314 2251
f 2304 2366 2367
f 2277 2341 2278
f 2252 2314 2315
f 2304 2368 2305
f 2279 2341 2342
f 2252 2316 2253
f 2306 2368 2369
f 2279 2343 2280
f 2254 2316 2317
f 2306 2370 2307
f 2281 2343 2344
f 2254 2318 2255
f 2308 2370 2371
f 2281 2345 2282
f 2255 2319 2256
f 2309 2371 2372
f 2283 2345 2346
f 2257 2319 2320
f 2310 2372 2373
f 2284 2346 2347
f 2258 2320 2321
f 2752 2310 2373
f 2284 2348 2285
f 2258 2322 2259
f 2285 2349 2286
f 2260 2322 2323
f 2287 2349 2350
f 2260 2324 2261
f 2287 2351 2288
f 2261 2325 2262
f 2289 2351 2352
f 2263 2325 2326
f 2289 2353 2290
f 2263 2327 2264
f 2290 2354 2291
f 2264 2328 2265
f 2292 2354 2355
f 2266 2328 2329
f 2292 2356 2293
f 2332 2394 2395
f 2358 2422 2359
f 2332 2396 2333
f 2360 2422 2423
f 2334 2396 2397
f 2361 2423 2424
f 2334 2398 2335
f 2361 2425 2362
f 2336 2398 2399
f 2363 2425 2426
f 2336 2400 2337
f 2311 2058 2374
f 2364 2426 2427
f 2337 2401 2338
f 2311 2375 2312
f 2364 2428 2365
f 2338 2402 2339
f 2312 2376 2313
f 2366 2428 2429
f 2340 2402 2403
f 2313 2377 2314
f 2367 2429 2430
f 2340 2404 2341
f 2314 2378 2315
f 2367 2431 2368
f 2342 2404 2405
f 2315 2379 2316
f 2368 2432 2369
f 2342 2406 2343
f 2317 2379 2380
f 2369 2433 2370
f 2344 2406 2407
f 2317 2381 2318
f 2371 2433 2434
f 2344 2408 2345
f 2318 2382 2319
f 2372 2434 2435
f 2345 2409 2346
f 2320 2382 2383
f 2373 2435 2436
f 2347 2409 2410
f 2321 2383 2384
f 2752 2373 2436
f 2348 2410 2411
f 2321 2385 2322
f 2348 2412 2349
f 2323 2385 2386
f 2350 2412 2413
f 2323 2387 2324
f 2350 2414 2351
f 2324 2388 2325
f 2352 2414 2415
f 2326 2388 2389
f 2352 2416 2353
f 2326 2390 2327
f 2353 2417 2354
f 2327 2391 2328
f 2355 2417 2418
f 2329 2391 2392
f 2355 2419 2356
f 2329 2393 2330
f 2357 2419 2420
f 2331 2393 2394
f 2358 2420 2421
f 2397 2459 2460
f 2424 2486 2487
f 2397 2461 2398
f 2424 2488 2425
f 2399 2461 2462
f 2426 2488 2489
f 2399 2463 2400
f 2374 2058 2437
f 2426 2490 2427
f 2400 2464 2401
f 2374 2438 2375
f 2427 2491 2428
f 2402 2464 2465
f 2375 2439 2376
f 2429 2491 2492
f 2403 2465 2466
f 2377 2439 2440
f 2430 2492 2493
f 2403 2467 2404
f 2378 2440 2441
f 2430 2494 2431
f 2405 2467 2468
f 2378 2442 2379
f 2432 2494 2495
f 2405 2469 2406
f 2380 2442 2443
f 2432 2496 2433
f 2407 2469 2470
f 2380 2444 2381
f 2433 2497 2434
f 2407 2471 2408
f 2381 2445 2382
f 2435 2497 2498
f 2408 2472 2409
f 2383 2445 2446
f 2435 2499 2436
f 2410 2472 2473
f 2384 2446 2447
f 2752 2436 2499
f 2411 2473 2474
f 2384 2448 2385
f 2411 2475 2412
f 2386 2448 2449
f 2413 2475 2476
f 2386 2450 2387
f 2413 2477 2414
f 2387 2451 2388
f 2415 2477 2478
f 2389 2451 2452
f 2415 2479 2416
f 2389 2453 2390
f 2416 2480 2417
f 2390 2454 2391
f 2418 2480 2481
f 2392 2454 2455
f 2418 2482 2419
f 2392 2456 2393
f 2420 2482 2483
f 2394 2456 2457
f 2421 2483 2484
f 2395 2457 2458
f 2421 2485 2422
f 2395 2459 2396
f 2423 2485 2486
f 2495 2559 2496
f 2470 2532 2533
f 2443 2507 2444
f 2497 2559 2560
f 2470 2534 2471
f 2444 2508 2445
f 2498 2560 2561
f 2471 2535 2472
f 2446 2508 2509
f 2499 2561 2562
f 2473 2535 2536
f 2447 2509 2510
f 2752 2499 2562
f 2473 2537 2474
f 2447 2511 2448
f 2474 2538 2475
f 2449 2511 2512
f 2476 2538 2539
f 2449 2513 2450
f 2476 2540 2477
f 2450 2514 2451
f 2478 2540 2541
f 2452 2514 2515
f 2478 2542 2479
f 2452 2516 2453
f 2479 2543 2480
f 2453 2517 2454
f 2481 2543 2544
f 2455 2517 2518
f 2481 2545 2482
f 2455 2519 2456
f 2483 2545 2546
f 2457 2519 2520
f 2484 2546 2547
f 2458 2520 2521
f 2484 2548 2485
f 2458 2522 2459
f 2486 2548 2549
f 2460 2522 2523
f 2487 2549 2550
f 2460 2524 2461
f 2487 2551 2488
f 2462 2524 2525
f 2489 2551 2552
f 2462 2526 2463
f 2437 2058 2500
f 2489 2553 2490
f 2463 2527 2464
f 2437 2501 2438
f 2490 2554 2491
f 2464 2528 2465
f 2438 2502 2439
f 2492 2554 2555
f 2466 2528 2529
f 2439 2503 2440
f 2493 2555 2556
f 2466 2530 2467
f 2440 2504 2441
f 2493 2557 2494
f 2468 2530 2531
f 2441 2505 2442
f 2495 2557 2558
f 2468 2532 2469
f 2443 2505 2506
f 2561 2623 2624
f 2534 2598 2535
f 2509 2571 2572
f 2562 2624 2625
f 2536 2598 2599
f 2510 2572 2573
f 2752 2562 2625
f 2537 2599 2600
f 2510 2574 2511
f 2537 2601 2538
f 2512 2574 2575
f 2539 2601 2602
f 2512 2576 2513
f 2539 2603 2540
f 2513 2577 2514
f 2541 2603 2604
f 2515 2577 2578
f 2541 2605 2542
f 2515 2579 2516
f 2542 2606 2543
f 2516 2580 2517
f 2544 2606 2607
f 2518 2580 2581
f 2544 2608 2545
f 2518 2582 2519
f 2546 2608 2609
f 2520 2582 2583
f 2547 2609 2610
f 2521 2583 2584
f 2547 2611 2548
f 2521 2585 2522
f 2548 2612 2549
f 2523 2585 2586
f 2550 2612 2613
f 2523 2587 2524
f 2550 2614 2551
f 2525 2587 2588
f 2552 2614 2615
f 2525 2589 2526
f 2500 2058 2563
f 2552 2616 2553
f 2526 2590 2527
f 2500 2564 2501
f 2553 2617 2554
f 2528 2590 2591
f 2501 2565 2502
f 2555 2617 2618
f 2528 2592 2529
f 2502 2566 2503
f 2556 2618 2619
f 2529 2593 2530
f 2504 2566 2567
f 2556 2620 2557
f 2531 2593 2594
f 2504 2568 2505
f 2558 2620 2621
f 2531 2595 2532
f 2506 2568 2569
f 2558 2622 2559
f 2533 2595 2596
f 2506 2570 2507
f 2559 2623 2560
f 2533 2597 2534
f 2507 2571 2508
f 2752 2625 2688
f 2600 2662 2663
f 2573 2637 2574
f 2600 2664 2601
f 2575 2637 2638
f 2602 2664 2665
f 2575 2639 2576
f 2602 2666 2603
f 2577 2639 2640
f 2604 2666 2667
f 2578 2640 2641
f 2604 2668 2605
f 2578 2642 2579
f 2605 2669 2606
f 2579 2643 2580
f 2607 2669 2670
f 2581 2643 2644
f 2607 2671 2608
f 2581 2645 2582
f 2609 2671 2672
f 2583 2645 2646
f 2610 2672 2673
f 2584 2646 2647
f 2610 2674 2611
f 2584 2648 2585
f 2611 2675 2612
f 2586 2648 2649
f 2613 2675 2676
f 2586 2650 2587
f 2613 2677 2614
f 2588 2650 2651
f 2615 2677 2678
f 2588 2652 2589
f 2563 2058 2626
f 2616 2678 2679
f 2589 2653 2590
f 2563 2627 2564
f 2616 2680 2617
f 2591 2653 2654
f 2564 2628 2565
f 2618 2680 2681
f 2592 2654 2655
f 2565 2629 2566
f 2619 2681 2682
f 2592 2656 2593
f 2566 2630 2567
f 2619 2683 2620
f 2594 2656 2657
f 2567 2631 2568
f 2620 2684 2621
f 2594 2658 2595
f 2569 2631 2632
f 2621 2685 2622
f 2596 2658 2659
f 2569 2633 2570
f 2623 2685 2686
f 2596 2660 2597
f 2570 2634 2571
f 2624 2686 2687
f 2597 2661 2598
f 2572 2634 2635
f 2625 2687 2688
f 2599 2661 2662
f 2572 2636 2573
f 2665 2727 2728
f 2638 2702 2639
f 2665 2729 2666
f 2640 2702 2703
f 2667 2729 2730
f 2641 2703 2704
f 2667 2731 2668
f 2641 2705 2642
f 2668 2732 2669
f 2642 2706 2643
f 2670 2732 2733
f 2644 2706 2707
f 2670 2734 2671
f 2644 2708 2645
f 2672 2734 2735
f 2646 2708 2709
f 2673 2735 2736
f 2647 2709 2710
f 2673 2737 2674
f 2647 2711 2648
f 2674 2738 2675
f 2649 2711 2712
f 2676 2738 2739
f 2649 2713 2650
f 2676 2740 2677
f 2651 2713 2714
f 2678 2740 2741
f 2651 2715 2652
f 2626 2058 2689
f 2679 2741 2742
f 2652 2716 2653
f 2626 2690 2627
f 2679 2743 2680
f 2654 2716 2717
f 2627 2691 2628
f 2680 2744 2681
f 2655 2717 2718
f 2629 2691 2692
f 2682 2744 2745
f 2655 2719 2656
f 2630 2692 2693
f 2682 2746 2683
f 2657 2719 2720
f 2630 2694 2631
f 2684 2746 2747
f 2657 2721 2658
f 2632 2694 2695
f 2684 2748 2685
f 2659 2721 2722
f 2632 2696 2633
f 2686 2748 2749
f 2659 2723 2660
f 2633 2697 2634
f 2686 2750 2687
f 2660 2724 2661
f 2635 2697 2698
f 2687 2751 2688
f 2662 2724 2725
f 2635 2699 2636
f 2752 2688 2751
f 2663 2725 2726
f 2636 2700 2637
f 2663 2727 2664
f 2638 2700 2701
f 2730 2793 2794
f 2704 2767 2768
f 2730 2795 2731
f 2704 2769 2705
f 2731 2796 2732
f 2705 2770 2706
f 2733 2796 2797
f 2707 2770 2771
f 2733 2798 2734
f 2707 2772 2708
f 2735 2798 2799
f 2709 2772 2773
f 2736 2799 2800
f 2710 2773 2774
f 2736 2801 2737
f 2710 2775 2711
f 2737 2802 2738
f 2712 2775 2776
f 2739 2802 2803
f 2712 2777 2713
f 2739 2804 2740
f 2714 2777 2778
f 2741 2804 2805
f 2714 2779 2715
f 2689 2058 2753
f 2741 2806 2742
f 2715 2780 2716
f 2690 2753 2754
f 2742 2807 2743
f 2717 2780 2781
f 2690 2755 2691
f 2744 2807 2808
f 2718 2781 2782
f 2691 2756 2692
f 2745 2808 2809
f 2718 2783 2719
f 2693 2756 2757
f 2745 2810 2746
f 2720 2783 2784
f 2694 2757 2758
f 2747 2810 2811
f 2720 2785 2721
f 2695 2758 2759
f 2747 2812 2748
f 2722 2785 2786
f 2695 2760 2696
f 2748 2813 2749
f 2722 2787 2723
f 2696 2761 2697
f 2750 2813 2814
f 2723 2788 2724
f 2698 2761 2762
f 2750 2815 2751
f 2725 2788 2789
f 2699 2762 2763
f 2752 2751 2815
f 2726 2789 2790
f 2699 2764 2700
f 2726 2791 2727
f 2701 2764 2765
f 2728 2791 2792
f 2701 2766 2702
f 2728 2793 2729
f 2703 2766 2767
f 2795 2859 2796
f 2769 2833 2770
f 2797 2859 2860
f 2771 2833 2834
f 2797 2861 2798
f 2771 2835 2772
f 2799 2861 2862
f 2773 2835 2836
f 2800 2862 2863
f 2774 2836 2837
f 2800 2864 2801
f 2774 2838 2775
f 2801 2865 2802
f 2776 2838 2839
f 2803 2865 2866
f 2776 2840 2777
f 2803 2867 2804
f 2778 2840 2841
f 2805 2867 2868
f 2778 2842 2779
f 2753 2058 2816
f 2805 2869 2806
f 2779 2843 2780
f 2753 2817 2754
f 2806 2870 2807
f 2781 2843 2844
f 2754 2818 2755
f 2808 2870 2871
f 2782 2844 2845
f 2756 2818 2819
f 2809 2871 2872
f 2782 2846 2783
f 2757 2819 2820
f 2809 2873 2810
f 2784 2846 2847
f 2758 2820 2821
f 2811 2873 2874
f 2784 2848 2785
f 2759 2821 2822
f 2811 2875 2812
f 2786 2848 2849
f 2759 2823 2760
f 2812 2876 2813
f 2786 2850 2787
f 2760 2824 2761
f 2814 2876 2877
f 2787 2851 2788
f 2762 2824 2825
f 2814 2878 2815
f 2789 2851 2852
f 2763 2825 2826
f 2752 2815 2878
f 2790 2852 2853
f 2763 2827 2764
f 2790 2854 2791
f 2765 2827 2828
f 2792 2854 2855
f 2765 2829 2766
f 2792 2856 2793
f 2767 2829 2830
f 2794 2856 2857
f 2768 2830 2831
f 2794 2858 2795
f 2768 2832 2769
f 2860 2924 2861
f 2834 2898 2835
f 2862 2924 2925
f 2836 2898 2899
f 2863 2925 2926
f 2837 2899 2900
f 2863 2927 2864
f 2837 2901 2838
f 2864 2928 2865
f 2839 2901 2902
f 2866 2928 2929
f 2839 2903 2840
f 2866 2930 2867
f 2841 2903 2904
f 2868 2930 2931
f 2841 2905 2842
f 2816 2058 2879
f 2869 2931 2932
f 2842 2906 2843
f 2816 2880 2817
f 2869 2933 2870
f 2844 2906 2907
f 2817 2881 2818
f 2870 2934 2871
f 2845 2907 2908
f 2818 2882 2819
f 2872 2934 2935
f 2845 2909 2846
f 2819 2883 2820
f 2872 2936 2873
f 2847 2909 2910
f 2820 2884 2821
f 2873 2937 2874
f 2847 2911 2848
f 2822 2884 2885
f 2874 2938 2875
f 2849 2911 2912
f 2822 2886 2823
f 2876 2938 2939
f 2849 2913 2850
f 2824 2886 2887
f 2877 2939 2940
f 2850 2914 2851
f 2825 2887 2888
f 2877 2941 2878
f 2852 2914 2915
f 2825 2889 2826
f 2752 2878 2941
f 2853 2915 2916
f 2826 2890 2827
f 2853 2917 2854
f 2828 2890 2891
f 2855 2917 2918
f 2828 2892 2829
f 2855 2919 2856
f 2830 2892 2893
f 2857 2919 2920
f 2831 2893 2894
f 2857 2921 2858
f 2831 2895 2832
f 2858 2922 2859
f 2832 2896 2833
f 2860 2922 2923
f 2834 2896 2897
f 2926 2988 2989
f 2900 2962 2963
f 2926 2990 2927
f 2900 2964 2901
f 2927 2991 2928
f 2902 2964 2965
f 2929 2991 2992
f 2902 2966 2903
f 2929 2993 2930
f 2904 2966 2967
f 2931 2993 2994
f 2904 2968 2905
f 2879 2058 2942
f 2931 2995 2932
f 2905 2969 2906
f 2879 2943 2880
f 2932 2996 2933
f 2907 2969 2970
f 2880 2944 2881
f 2933 2997 2934
f 2908 2970 2971
f 2882 2944 2945
f 2935 2997 2998
f 2908 2972 2909
f 2883 2945 2946
f 2935 2999 2936
f 2910 2972 2973
f 2883 2947 2884
f 2937 2999 3000
f 2910 2974 2911
f 2885 2947 2948
f 2937 3001 2938
f 2912 2974 2975
f 2885 2949 2886
f 2938 3002 2939
f 2912 2976 2913
f 2887 2949 2950
f 2939 3003 2940
f 2913 2977 2914
f 2888 2950 2951
f 2940 3004 2941
f 2915 2977 2978
f 2889 2951 2952
f 2752 2941 3004
f 2916 2978 2979
f 2889 2953 2890
f 2916 2980 2917
f 2891 2953 2954
f 2918 2980 2981
f 2891 2955 2892
f 2918 2982 2919
f 2893 2955 2956
f 2920 2982 2983
f 2894 2956 2957
f 2920 2984 2921
f 2894 2958 2895
f 2921 2985 2922
f 2895 2959 2896
f 2923 2985 2986
f 2897 2959 2960
f 2923 2987 2924
f 2897 2961 2898
f 2925 2987 2988
f 2899 2961 2962
f 2990 3054 2991
f 2965 3027 3028
f 2992 3054 3055
f 2965 3029 2966
f 2992 3056 2993
f 2967 3029 3030
f 2994 3056 3057
f 2967 3031 2968
f 2942 2058 3005
f 2995 3057 3058
f 2968 3032 2969
f 2943 3005 3006
f 2995 3059 2996
f 2970 3032 3033
f 2943 3007 2944
f 2996 3060 2997
f 2971 3033 3034
f 2944 3008 2945
f 2998 3060 3061
f 2971 3035 2972
f 2946 3008 3009
f 2998 3062 2999
f 2973 3035 3036
f 2946 3010 2947
f 3000 3062 3063
f 2973 3037 2974
f 2948 3010 3011
f 3000 3064 3001
f 2975 3037 3038
f 2948 3012 2949
f 3001 3065 3002
f 2975 3039 2976
f 2949 3013 2950
f 3003 3065 3066
f 2976 3040 2977
f 2951 3013 3014
f 3003 3067 3004
f 2978 3040 3041
f 2952 3014 3015
f 2752 3004 3067
f 2979 3041 3042
f 2952 3016 2953
f 2979 3043 2980
f 2954 3016 3017
f 2981 3043 3044
f 2954 3018 2955
f 2981 3045 2982
f 2956 3018 3019
f 2983 3045 3046
f 2957 3019 3020
f 2983 3047 2984
f 2957 3021 2958
f 2984 3048 2985
f 2958 3022 2959
f 2986 3048 3049
f 2960 3022 3023
f 2986 3050 2987
f 2960 3024 2961
f 2988 3050 3051
f 2962 3024 3025
f 2989 3051 3052
f 2963 3025 3026
f 2989 3053 2990
f 2963 3027 2964
f 3055 3119 3056
f 3030 3092 3093
f 3057 3119 3120
f 3030 3094 3031
f 3005 2058 3068
f 3057 3121 3058
f 3031 3095 3032
f 3006 3068 3069
f 3058 3122 3059
f 3033 3095 3096
f 3006 3070 3007
f 3059 3123 3060
f 3034 3096 3097
f 3007 3071 3008
f 3061 3123 3124
f 3034 3098 3035
f 3009 3071 3072
f 3061 3125 3062
f 3036 3098 3099
f 3009 3073 3010
f 3062 3126 3063
f 3036 3100 3037
f 3011 3073 3074
f 3063 3127 3064
f 3038 3100 3101
f 3011 3075 3012
f 3065 3127 3128
f 3038 3102 3039
f 3012 3076 3013
f 3066 3128 3129
f 3039 3103 3040
f 3014 3076 3077
f 3066 3130 3067
f 3041 3103 3104
f 3015 3077 3078
f 2752 3067 3130
f 3042 3104 3105
f 3015 3079 3016
f 3042 3106 3043
f 3017 3079 3080
f 3044 3106 3107
f 3017 3081 3018
f 3044 3108 3045
f 3019 3081 3082
f 3046 3108 3109
f 3020 3082 3083
f 3046 3110 3047
f 3020 3084 3021
f 3047 3111 3048
f 3021 3085 3022
f 3049 3111 3112
f 3023 3085 3086
f 3049 3113 3050
f 3023 3087 3024
f 3051 3113 3114
f 3025 3087 3088
f 3052 3114 3115
f 3026 3088 3089
f 3052 3116 3053
f 3026 3090 3027
f 3053 3117 3054
f 3028 3090 3091
f 3055 3117 3118
f 3028 3092 3029
f 3121 3183 3184
f 3094 3158 3095
f 3068 3132 3069
f 3121 3185 3122
f 3096 3158 3159
f 3069 3133 3070
f 3122 3186 3123
f 3097 3159 3160
f 3070 3134 3071
f 3124 3186 3187
f 3097 3161 3098
f 3072 3134 3135
f 3124 3188 3125
f 3099 3161 3162
f 3072 3136 3073
f 3126 3188 3189
f 3099 3163 3100
f 3074 3136 3137
f 3126 3190 3127
f 3101 3163 3164
f 3074 3138 3075
f 3128 3190 3191
f 3101 3165 3102
f 3075 3139 3076
f 3129 3191 3192
f 3102 3166 3103
f 3077 3139 3140
f 3130 3192 3193
f 3104 3166 3167
f 3077 3141 3078
f 2752 3130 3193
f 3105 3167 3168
f 3078 3142 3079
f 3105 3169 3106
f 3080 3142 3143
f 3107 3169 3170
f 3080 3144 3081
f 3107 3171 3108
f 3082 3144 3145
f 3109 3171 3172
f 3083 3145 3146
f 3109 3173 3110
f 3083 3147 3084
f 3110 3174 3111
f 3084 3148 3085
f 3112 3174 3175
f 3086 3148 3149
f 3112 3176 3113
f 3086 3150 3087
f 3114 3176 3177
f 3088 3150 3151
f 3115 3177 3178
f 3089 3151 3152
f 3115 3179 3116
f 3089 3153 3090
f 3116 3180 3117
f 3091 3153 3154
f 3118 3180 3181
f 3091 3155 3092
f 3118 3182 3119
f 3093 3155 3156
f 3120 3182 3183
f 3093 3157 3094
f 3068 2058 3131
f 3185 3249 3186
f 3159 3223 3160
f 3133 3197 3134
f 3187 3249 3250
f 3160 3224 3161
f 3135 3197 3198
f 3187 3251 3188
f 3162 3224 3225
f 3135 3199 3136
f 3189 3251 3252
f 3162 3226 3163
f 3137 3199 3200
f 3189 3253 3190
f 3164 3226 3227
f 3137 3201 3138
f 3190 3254 3191
f 3164 3228 3165
f 3138 3202 3139
f 3192 3254 3255
f 3165 3229 3166
f 3140 3202 3203
f 3193 3255 3256
f 3167 3229 3230
f 3141 3203 3204
f 2752 3193 3256
f 3168 3230 3231
f 3141 3205 3142
f 3168 3232 3169
f 3143 3205 3206
f 3170 3232 3233
f 3143 3207 3144
f 3170 3234 3171
f 3145 3207 3208
f 3172 3234 3235
f 3146 3208 3209
f 3172 3236 3173
f 3146 3210 3147
f 3173 3237 3174
f 3147 3211 3148
f 3175 3237 3238
f 3149 3211 3212
f 3175 3239 3176
f 3149 3213 3150
f 3177 3239 3240
f 3151 3213 3214
f 3178 3240 3241
f 3152 3214 3215
f 3178 3242 3179
f 3152 3216 3153
f 3179 3243 3180
f 3154 3216 3217
f 3181 3243 3244
f 3154 3218 3155
f 3181 3245 3182
f 3156 3218 3219
f 3183 3245 3246
f 3156 3220 3157
f 3131 2058 3194
f 3183 3247 3184
f 3157 3221 3158
f 3131 3195 3132
f 3184 3248 3185
f 3159 3221 3222
f 3132 3196 3133
f 3225 3287 3288
f 3233 3295 3296
f 3198 3262 3199
f 3225 3289 3226
f 3233 3297 3234
f 3200 3262 3263
f 3227 3289 3290
f 3235 3297 3298
f 3200 3264 3201
f 3227 3291 3228
f 3235 3299 3236
f 3201 3265 3202
f 3236 3300 3237
f 3228 3292 3229
f 3203 3265 3266
f 3238 3300 3301
f 3230 3292 3293
f 3203 3267 3204
f 3238 3302 3239
f 3231 3293 3294
f 3204 3268 3205
f 3240 3302 3303
f 3206 3268 3269
f 3241 3303 3304
f 3206 3270 3207
f 3241 3305 3242
f 3208 3270 3271
f 3242 3306 3243
f 3209 3271 3272
f 3244 3306 3307
f 3209 3273 3210
f 3244 3308 3245
f 3210 3274 3211
f 3246 3308 3309
f 3212 3274 3275
f 3246 3310 3247
f 3212 3276 3213
f 3247 3311 3248
f 3214 3276 3277
f 3248 3312 3249
f 3215 3277 3278
f 3250 3312 3313
f 3215 3279 3216
f 3250 3314 3251
f 3217 3279 3280
f 3252 3314 3315
f 3217 3281 3218
f 3252 3316 3253
f 3219 3281 3282
f 3253 3317 3254
f 3219 3283 3220
f 3194 2058 3257
f 3255 3317 3318
f 3220 3284 3221
f 3194 3258 3195
f 3255 3319 3256
f 3222 3284 3285
f 3195 3259 3196
f 2752 3256 3319
f 3222 3286 3223
f 3197 3259 3260
f 3223 3287 3224
f 3231 3295 3232
f 3198 3260 3261
f 3298 3360 3361
f 3272 3334 3335
f 3298 3362 3299
f 3272 3336 3273
f 3299 3363 3300
f 3273 3337 3274
f 3301 3363 3364
f 3275 3337 3338
f 3301 3365 3302
f 3275 3339 3276
f 3303 3365 3366
f 3277 3339 3340
f 3304 3366 3367
f 3278 3340 3341
f 3304 3368 3305
f 3278 3342 3279
f 3305 3369 3306
f 3280 3342 3343
f 3307 3369 3370
f 3280 3344 3281
f 3307 3371 3308
f 3282 3344 3345
f 3309 3371 3372
f 3282 3346 3283
f 3257 2058 3320
f 3309 3373 3310
f 3283 3347 3284
f 3257 3321 3258
f 3310 3374 3311
f 3285 3347 3348
f 3258 3322 3259
f 3312 3374 3375
f 3285 3349 3286
f 3259 3323 3260
f 3313 3375 3376
f 3286 3350 3287
f 3261 3323 3324
f 3313 3377 3314
f 3288 3350 3351
f 3261 3325 3262
f 3315 3377 3378
f 3288 3352 3289
f 3263 3325 3326
f 3315 3379 3316
f 3290 3352 3353
f 3263 3327 3264
f 3316 3380 3317
f 3291 3353 3354
f 3264 3328 3265
f 3318 3380 3381
f 3291 3355 3292
f 3266 3328 3329
f 3318 3382 3319
f 3293 3355 3356
f 3267 3329 3330
f 2752 3319 3382
f 3294 3356 3357
f 3267 3331 3268
f 3294 3358 3295
f 3269 3331 3332
f 3296 3358 3359
f 3269 3333 3270
f 3296 3360 3297
f 3271 3333 3334
f 3362 3426 3363
f 3336 3400 3337
f 3364 3426 3427
f 3338 3400 3401
f 3364 3428 3365
f 3338 3402 3339
f 3366 3428 3429
f 3340 3402 3403
f 3367 3429 3430
f 3341 3403 3404
f 3367 3431 3368
f 3341 3405 3342
f 3368 3432 3369
f 3343 3405 3406
f 3370 3432 3433
f 3343 3407 3344
f 3370 3434 3371
f 3345 3407 3408
f 3372 3434 3435
f 3345 3409 3346
f 3320 2058 3383
f 3372 3436 3373
f 3346 3410 3347
f 3320 3384 3321
f 3373 3437 3374
f 3348 3410 3411
f 3321 3385 3322
f 3375 3437 3438
f 3348 3412 3349
f 3322 3386 3323
f 3376 3438 3439
f 3350 3412 3413
f 3324 3386 3387
f 3376 3440 3377
f 3351 3413 3414
f 3325 3387 3388
f 3377 3441 3378
f 3351 3415 3352
f 3326 3388 3389
f 3378 3442 3379
f 3352 3416 3353
f 3326 3390 3327
f 3379 3443 3380
f 3354 3416 3417
f 3327 3391 3328
f 3381 3443 3444
f 3354 3418 3355
f 3329 3391 3392
f 3382 3444 3445
f 3356 3418 3419
f 3330 3392 3393
f 2752 3382 3445
f 3357 3419 3420
f 3330 3394 3331
f 3357 3421 3358
f 3332 3394 3395
f 3359 3421 3422
f 3332 3396 3333
f 3359 3423 3360
f 3334 3396 3397
f 3361 3423 3424
f 3335 3397 3398
f 3361 3425 3362
f 3335 3399 3336
f 3427 3491 3428
f 3401 3465 3402
f 3429 3491 3492
f 3403 3465 3466
f 3430 3492 3493
f 3404 3466 3467
f 3430 3494 3431
f 3404 3468 3405
f 3431 3495 3432
f 3406 3468 3469
f 3433 3495 3496
f 3406 3470 3407
f 3433 3497 3434
f 3408 3470 3471
f 3435 3497 3498
f 3408 3472 3409
f 3383 2058 3446
f 3435 3499 3436
f 3409 3473 3410
f 3383 3447 3384
f 3436 3500 3437
f 3411 3473 3474
f 3384 3448 3385
f 3438 3500 3501
f 3411 3475 3412
f 3385 3449 3386
f 3439 3501 3502
f 3412 3476 3413
f 3387 3449 3450
f 3439 3503 3440
f 3414 3476 3477
f 3387 3451 3388
f 3441 3503 3504
f 3414 3478 3415
f 3389 3451 3452
f 3441 3505 3442
f 3416 3478 3479
f 3389 3453 3390
f 3443 3505 3506
f 3417 3479 3480
f 3390 3454 3391
f 3443 3507 3444
f 3417 3481 3418
f 3392 3454 3455
f 3444 3508 3445
f 3419 3481 3482
f 3393 3455 3456
f 2752 3445 3508
f 3420 3482 3483
f 3393 3457 3394
f 3420 3484 3421
f 3395 3457 3458
f 3422 3484 3485
f 3395 3459 3396
f 3422 3486 3423
f 3397 3459 3460
f 3424 3486 3487
f 3398 3460 3461
f 3424 3488 3425
f 3398 3462 3399
f 3425 3489 3426
f 3399 3463 3400
f 3427 3489 3490
f 3401 3463 3464
f 3493 3555 3556
f 3467 3529 3530
f 3493 3557 3494
f 3467 3531 3468
f 3494 3558 3495
f 3469 3531 3532
f 3496 3558 3559
f 3469 3533 3470
f 3496 3560 3497
f 3471 3533 3534
f 3498 3560 3561
f 3471 3535 3472
f 3446 2058 3509
f 3498 3562 3499
f 3472 3536 3473
f 3446 3510 3447
f 3499 3563 3500
f 3474 3536 3537
f 3447 3511 3448
f 3501 3563 3564
f 3474 3538 3475
f 3448 3512 3449
f 3502 3564 3565
f 3475 3539 3476
f 3450 3512 3513
f 3502 3566 3503
f 3477 3539 3540
f 3450 3514 3451
f 3504 3566 3567
f 3477 3541 3478
f 3452 3514 3515
f 3504 3568 3505
f 3479 3541 3542
f 3452 3516 3453
f 3505 3569 3506
f 3480 3542 3543
f 3453 3517 3454
f 3507 3569 3570
f 3480 3544 3481
f 3455 3517 3518
f 3508 3570 3571
f 3482 3544 3545
f 3455 3519 3456
f 2752 3508 3571
f 3483 3545 3546
f 3456 3520 3457
f 3483 3547 3484
f 3458 3520 3521
f 3485 3547 3548
f 3458 3522 3459
f 3485 3549 3486
f 3460 3522 3523
f 3487 3549 3550
f 3461 3523 3524
f 3487 3551 3488
f 3461 3525 3462
f 3488 3552 3489
f 3462 3526 3463
f 3490 3552 3553
f 3464 3526 3527
f 3490 3554 3491
f 3464 3528 3465
f 3492 3554 3555
f 3466 3528 3529
f 3557 3621 3558
f 3532 3594 3595
f 3559 3621 3622
f 3532 3596 3533
f 3559 3623 3560
f 3534 3596 3597
f 3561 3623 3624
f 3534 3598 3535
f 3509 2058 3572
f 3561 3625 3562
f 3535 3599 3536
f 3509 3573 3510
f 3562 3626 3563
f 3537 3599 3600
f 3510 3574 3511
f 3564 3626 3627
f 3537 3601 3538
f 3511 3575 3512
f 3565 3627 3628
f 3539 3601 3602
f 3513 3575 3576
f 3565 3629 3566
f 3540 3602 3603
f 3513 3577 3514
f 3567 3629 3630
f 3540 3604 3541
f 3515 3577 3578
f 3567 3631 3568
f 3541 3605 3542
f 3515 3579 3516
f 3569 3631 3632
f 3543 3605 3606
f 3516 3580 3517
f 3570 3632 3633
f 3543 3607 3544
f 3518 3580 3581
f 3571 3633 3634
f 3545 3607 3608
f 3518 3582 3519
f 2752 3571 3634
f 3545 3609 3546
f 3519 3583 3520
f 3546 3610 3547
f 3521 3583 3584
f 3548 3610 3611
f 3521 3585 3522
f 3548 3612 3549
f 3523 3585 3586
f 3550 3612 3613
f 3524 3586 3587
f 3550 3614 3551
f 3524 3588 3525
f 3551 3615 3552
f 3525 3589 3526
f 3553 3615 3616
f 3527 3589 3590
f 3553 3617 3554
f 3527 3591 3528
f 3555 3617 3618
f 3529 3591 3592
f 3556 3618 3619
f 3530 3592 3593
f 3556 3620 3557
f 3530 3594 3531
f 3622 3686 3623
f 3597 3659 3660
f 3624 3686 3687
f 3597 3661 3598
f 3572 2058 3635
f 3624 3688 3625
f 3598 3662 3599
f 3572 3636 3573
f 3625 3689 3626
f 3600 3662 3663
f 3573 3637 3574
f 3627 3689 3690
f 3600 3664 3601
f 3574 3638 3575
f 3628 3690 3691
f 3602 3664 3665
f 3576 3638 3639
f 3628 3692 3629
f 3603 3665 3666
f 3576 3640 3577
f 3629 3693 3630
f 3603 3667 3604
f 3578 3640 3641
f 3630 3694 3631
f 3604 3668 3605
f 3578 3642 3579
f 3631 3695 3632
f 3606 3668 3669
f 3579 3643 3580
f 3633 3695 3696
f 3606 3670 3607
f 3581 3643 3644
f 3634 3696 3697
f 3608 3670 3671
f 3582 3644 3645
f 2752 3634 3697
f 3609 3671 3672
f 3582 3646 3583
f 3609 3673 3610
f 3584 3646 3647
f 3611 3673 3674
f 3584 3648 3585
f 3611 3675 3612
f 3586 3648 3649
f 3613 3675 3676
f 3587 3649 3650
f 3613 3677 3614
f 3587 3651 3588
f 3614 3678 3615
f 3588 3652 3589
f 3616 3678 3679
f 3590 3652 3653
f 3616 3680 3617
f 3590 3654 3591
f 3618 3680 3681
f 3592 3654 3655
f 3619 3681 3682
f 3593 3655 3656
f 3619 3683 3620
f 3593 3657 3594
f 3620 3684 3621
f 3595 3657 3658
f 3622 3684 3685
f 3595 3659 3596
f 3635 2058 3698
f 3688 3750 3751
f 3661 3725 3662
f 3635 3699 3636
f 3688 3752 3689
f 3663 3725 3726
f 3636 3700 3637
f 3690 3752 3753
f 3663 3727 3664
f 3637 3701 3638
f 3691 3753 3754
f 3665 3727 3728
f 3639 3701 3702
f 3691 3755 3692
f 3666 3728 3729
f 3639 3703 3640
f 3693 3755 3756
f 3666 3730 3667
f 3641 3703 3704
f 3693 3757 3694
f 3667 3731 3668
f 3641 3705 3642
f 3694 3758 3695
f 3669 3731 3732
f 3642 3706 3643
f 3696 3758 3759
f 3669 3733 3670
f 3644 3706 3707
f 3696 3760 3697
f 3671 3733 3734
f 3645 3707 3708
f 2752 3697 3760
f 3672 3734 3735
f 3645 3709 3646
f 3672 3736 3673
f 3647 3709 3710
f 3674 3736 3737
f 3647 3711 3648
f 3674 3738 3675
f 3649 3711 3712
f 3676 3738 3739
f 3650 3712 3713
f 3676 3740 3677
f 3650 3714 3651
f 3677 3741 3678
f 3651 3715 3652
f 3679 3741 3742
f 3653 3715 3716
f 3679 3743 3680
f 3653 3717 3654
f 3681 3743 3744
f 3655 3717 3718
f 3682 3744 3745
f 3656 3718 3719
f 3682 3746 3683
f 3656 3720 3657
f 3683 3747 3684
f 3658 3720 3721
f 3685 3747 3748
f 3658 3722 3659
f 3685 3749 3686
f 3660 3722 3723
f 3687 3749 3750
f 3660 3724 3661
f 3699 3763 3700
f 3752 3816 3753
f 3726 3790 3727
f 3700 3764 3701
f 3754 3816 3817
f 3728 3790 3791
f 3702 3764 3765
f 3754 3818 3755
f 3729 3791 3792
f 3702 3766 3703
f 3756 3818 3819
f 3729 3793 3730
f 3704 3766 3767
f 3756 3820 3757
f 3730 3794 3731
f 3704 3768 3705
f 3757 3821 3758
f 3732 3794 3795
f 3705 3769 3706
f 3759 3821 3822
f 3732 3796 3733
f 3706 3770 3707
f 3759 3823 3760
f 3734 3796 3797
f 3707 3771 3708
f 2752 3760 3823
f 3735 3797 3798
f 3708 3772 3709
f 3735 3799 3736
f 3710 3772 3773
f 3737 3799 3800
f 3710 3774 3711
f 3737 3801 3738
f 3712 3774 3775
f 3739 3801 3802
f 3712 3776 3713
f 3739 3803 3740
f 3713 3777 3714
f 3740 3804 3741
f 3714 3778 3715
f 3742 3804 3805
f 3716 3778 3779
f 3742 3806 3743
f 3716 3780 3717
f 3744 3806 3807
f 3718 3780 3781
f 3745 3807 3808
f 3719 3781 3782
f 3745 3809 3746
f 3719 3783 3720
f 3746 3810 3747
f 3721 3783 3784
f 3748 3810 3811
f 3721 3785 3722
f 3748 3812 3749
f 3723 3785 3786
f 3750 3812 3813
f 3723 3787 3724
f 3698 2058 3761
f 3750 3814 3751
f 3724 3788 3725
f 3698 3762 3699
f 3752 3814 3815
f 3726 3788 3789
f 3765 3827 3828
f 3817 3881 3818
f 3792 3854 3855
f 3765 3829 3766
f 3819 3881 3882
f 3792 3856 3793
f 3767 3829 3830
f 3819 3883 3820
f 3793 3857 3794
f 3767 3831 3768
f 3820 3884 3821
f 3795 3857 3858
f 3768 3832 3769
f 3822 3884 3885
f 3795 3859 3796
f 3770 3832 3833
f 3822 3886 3823
f 3797 3859 3860
f 3771 3833 3834
f 2752 3823 3886
f 3798 3860 3861
f 3771 3835 3772
f 3798 3862 3799
f 3773 3835 3836
f 3800 3862 3863
f 3773 3837 3774
f 3800 3864 3801
f 3775 3837 3838
f 3802 3864 3865
f 3776 3838 3839
f 3802 3866 3803
f 3776 3840 3777
f 3803 3867 3804
f 3777 3841 3778
f 3805 3867 3868
f 3779 3841 3842
f 3805 3869 3806
f 3779 3843 3780
f 3807 3869 3870
f 3781 3843 3844
f 3808 3870 3871
f 3782 3844 3845
f 3808 3872 3809
f 3782 3846 3783
f 3809 3873 3810
f 3784 3846 3847
f 3811 3873 3874
f 3784 3848 3785
f 3811 3875 3812
f 3786 3848 3849
f 3813 3875 3876
f 3786 3850 3787
f 3761 2058 3824
f 3813 3877 3814
f 3787 3851 3788
f 3761 3825 3762
f 3814 3878 3815
f 3789 3851 3852
f 3762 3826 3763
f 3815 3879 3816
f 3789 3853 3790
f 3763 3827 3764
f 3817 3879 3880
f 3791 3853 3854
f 3830 3892 3893
f 3882 3946 3883
f 3857 3919 3920
f 3830 3894 3831
f 3883 3947 3884
f 3858 3920 3921
f 3832 3894 3895
f 3884 3948 3885
f 3858 3922 3859
f 3832 3896 3833
f 3885 3949 3886
f 3860 3922 3923
f 3834 3896 3897
f 2752 3886 3949
f 3861 3923 3924
f 3834 3898 3835
f 3861 3925 3862
f 3836 3898 3899
f 3863 3925 3926
f 3836 3900 3837
f 3863 3927 3864
f 3838 3900 3901
f 3865 3927 3928
f 3838 3902 3839
f 3865 3929 3866
f 3839 3903 3840
f 3866 3930 3867
f 3840 3904 3841
f 3868 3930 3931
f 3842 3904 3905
f 3868 3932 3869
f 3842 3906 3843
f 3870 3932 3933
f 3844 3906 3907
f 3871 3933 3934
f 3845 3907 3908
f 3872 3934 3935
f 3845 3909 3846
f 3872 3936 3873
f 3847 3909 3910
f 3874 3936 3937
f 3847 3911 3848
f 3874 3938 3875
f 3849 3911 3912
f 3876 3938 3939
f 3849 3913 3850
f 3824 2058 3887
f 3876 3940 3877
f 3850 3914 3851
f 3825 3887 3888
f 3878 3940 3941
f 3852 3914 3915
f 3825 3889 3826
f 3878 3942 3879
f 3852 3916 3853
f 3826 3890 3827
f 3880 3942 3943
f 3853 3917 3854
f 3828 3890 3891
f 3880 3944 3881
f 3855 3917 3918
f 3828 3892 3829
f 3882 3944 3945
f 3855 3919 3856
f 3894 3958 3895
f 3948 4010 4011
f 3921 3985 3922
f 3895 3959 3896
f 3948 4012 3949
f 3923 3985 3986
f 3897 3959 3960
f 2752 3949 4012
f 3924 3986 3987
f 3897 3961 3898
f 3924 3988 3925
f 3899 3961 3962
f 3926 3988 3989
f 3899 3963 3900
f 3926 3990 3927
f 3901 3963 3964
f 3928 3990 3991
f 3901 3965 3902
f 3928 3992 3929
f 3902 3966 3903
f 3929 3993 3930
f 3903 3967 3904
f 3931 3993 3994
f 3905 3967 3968
f 3931 3995 3932
f 3905 3969 3906
f 3933 3995 3996
f 3907 3969 3970
f 3934 3996 3997
f 3908 3970 3971
f 3935 3997 3998
f 3908 3972 3909
f 3935 3999 3936
f 3910 3972 3973
f 3937 3999 4000
f 3910 3974 3911
f 3937 4001 3938
f 3912 3974 3975
f 3939 4001 4002
f 3912 3976 3913
f 3887 2058 3950
f 3939 4003 3940
f 3913 3977 3914
f 3887 3951 3888
f 3941 4003 4004
f 3915 3977 3978
f 3888 3952 3889
f 3942 4004 4005
f 3915 3979 3916
f 3889 3953 3890
f 3943 4005 4006
f 3916 3980 3917
f 3890 3954 3891
f 3943 4007 3944
f 3918 3980 3981
f 3891 3955 3892
f 3945 4007 4008
f 3918 3982 3919
f 3893 3955 3956
f 3945 4009 3946
f 3920 3982 3983
f 3893 3957 3894
f 3947 4009 4010
f 3921 3983 3984
f 3960 4020 4021
f 2752 4012 4034
f 3986 23 3987
f 3960 4022 3961
f 3987 4028 3988
f 3962 4022 3
f 3989 4028 24
f 3963 3 4023
f 3989 25 3990
f 3964 4023 4
f 3991 25 26
f 3965 4 5
f 3991 27 3992
f 3966 5 6
f 3992 28 3993
f 3966 4024 3967
f 3994 28 29
f 3968 4024 7
f 3994 4029 3995
f 3968 8 3969
f 3995 30 3996
f 3970 8 9
f 3996 31 3997
f 3971 9 10
f 3997 32 3998
f 3971 11 3972
f 3998 33 3999
f 3973 11 12
f 3999 34 4000
f 3973 13 3974
f 4000 4030 4001
f 3975 13 14
f 4001 35 4002
f 3976 14 15
f 3950 2058 4013
f 4002 36 4003
f 3976 4025 3977
f 3951 4013 4014
f 4003 37 4004
f 3978 4025 16
f 3951 4015 3952
f 4004 38 4005
f 3978 17 3979
f 3953 4015 1
f 4005 39 4006
f 3980 17 18
f 3954 1 4016
f 4006 40 4007
f 3981 18 19
f 3954 2 3955
f 4008 40 4031
f 3981 4026 3982
f 3956 2 4017
f 4008 41 4009
f 3982 20 3983
f 3956 4018 3957
f 4009 4032 4010
f 3984 20 21
f 3957 4019 3958
f 4011 4032 4033
f 3984 4027 3985
f 3958 4020 3959
f 4011 4034 4012
f 3986 4027 22
f 24 4028 80
f 3 54 55
f 24 81 82
f 4 4023 55
f 25 82 83
f 5 4 56
f 26 83 84
f 5 57 58
f 27 84 85
f 4024 6 58
f 29 28 85
f 7 4024 59
f 29 86 87
f 7 60 61
f 4029 87 88
f 8 61 62
f 31 30 88
f 9 62 63
f 31 89 90
f 10 63 64
f 32 90 91
f 12 11 64
f 34 33 91
f 12 65 66
f 4030 34 92
f 13 66 67
f 35 4030 93
f 14 67 68
f 36 35 94
f 4025 15 68
f 4014 4013 42
f 36 95 96
f 4025 69 70
f 4015 4014 43
f 38 37 96
f 16 70 71
f 1 4015 44
f 39 38 97
f 17 71 72
f 4016 1 45
f 39 98 99
f 19 18 72
f 2 4016 46
f 40 99 100
f 4026 19 73
f 4017 2 47
f 4031 100 101
f 4026 74 75
f 4018 4017 48
f 41 101 102
f 20 75 76
f 4019 4018 49
f 4032 102 103
f 4027 21 76
f 4020 4019 50
f 4033 103 104
f 4027 77 78
f 4021 4020 51
f 22 78 79
f 4022 4021 52
f 23 79 80
f 4022 53 54
f 68 131 132
f 42 105 106
f 95 158 159
f 69 132 133
f 43 106 107
f 97 96 159
f 70 133 134
f 45 44 107
f 98 97 160
f 72 71 134
f 46 45 108
f 99 98 161
f 72 135 136
f 46 109 110
f 100 99 162
f 73 136 137
f 47 110 111
f 100 163 164
f 74 137 138
f 48 111 112
f 101 164 165
f 76 75 138
f 50 49 112
f 103 102 165
f 77 76 139
f 51 50 113
f 104 103 166
f 77 140 141
f 51 114 115
f 79 78 141
f 52 115 116
f 80 79 142
f 53 116 117
f 80 143 144
f 54 117 118
f 82 81 144
f 55 118 119
f 82 145 146
f 56 119 120
f 83 146 147
f 57 120 121
f 84 147 148
f 58 121 122
f 85 148 149
f 60 59 122
f 86 149 150
f 60 123 124
f 88 87 150
f 61 124 125
f 88 151 152
f 62 125 126
f 89 152 153
f 63 126 127
f 91 90 153
f 64 127 128
f 92 91 154
f 66 65 128
f 93 92 155
f 66 129 130
f 94 93 156
f 67 130 131
f 95 94 157
f 133 196 197
f 107 170 171
f 160 223 224
f 134 197 198
f 108 171 172
f 162 161 224
f 136 135 198
f 109 172 173
f 162 225 226
f 136 199 200
f 110 173 174
f 163 226 227
f 137 200 201
f 112 111 174
f 165 164 227
f 138 201 202
f 113 112 175
f 166 165 228
f 139 202 203
f 114 113 176
f 167 166 229
f 140 203 204
f 114 177 178
f 142 141 204
f 115 178 179
f 143 142 205
f 117 116 179
f 143 206 207
f 117 180 181
f 144 207 208
f 118 181 182
f 145 208 209
f 119 182 183
f 147 146 209
f 120 183 184
f 147 210 211
f 121 184 185
f 148 211 212
f 123 122 185
f 149 212 213
f 124 123 186
f 151 150 213
f 124 187 188
f 151 214 215
f 125 188 189
f 153 152 215
f 127 126 189
f 154 153 216
f 127 190 191
f 154 217 218
f 129 128 191
f 155 218 219
f 129 192 193
f 157 156 219
f 130 193 194
f 157 220 221
f 132 131 194
f 105 168 169
f 158 221 222
f 132 195 196
f 106 169 170
f 159 222 223
f 199 198 261
f 172 235 236
f 225 288 289
f 199 262 263
f 173 236 237
f 226 289 290
f 201 200 263
f 174 237 238
f 227 290 291
f 202 201 264
f 175 238 239
f 228 291 292
f 202 265 266
f 177 176 239
f 229 292 293
f 203 266 267
f 178 177 240
f 204 267 268
f 178 241 242
f 206 205 268
f 180 179 242
f 206 269 270
f 180 243 244
f 208 207 270
f 181 244 245
f 208 271 272
f 183 182 245
f 209 272 273
f 183 246 247
f 211 210 273
f 184 247 248
f 211 274 275
f 186 185 248
f 212 275 276
f 186 249 250
f 214 213 276
f 187 250 251
f 215 214 277
f 188 251 252
f 215 278 279
f 189 252 253
f 216 279 280
f 191 190 253
f 218 217 280
f 192 191 254
f 218 281 282
f 192 255 256
f 220 219 282
f 194 193 256
f 220 283 284
f 195 194 257
f 168 231 232
f 221 284 285
f 195 258 259
f 169 232 233
f 223 222 285
f 197 196 259
f 170 233 234
f 223 286 287
f 197 260 261
f 171 234 235
f 225 224 287
f 264 263 326
f 237 300 301
f 290 353 354
f 264 327 328
f 238 301 302
f 292 291 354
f 266 265 328
f 240 239 302
f 293 292 355
f 266 329 330
f 241 240 303
f 267 330 331
f 241 304 305
f 269 268 331
f 243 242 305
f 269 332 333
f 243 306 307
f 270 333 334
f 244 307 308
f 271 334 335
f 246 245 308
f 272 335 336
f 247 246 309
f 273 336 337
f 247 310 311
f 274 337 338
f 249 248 311
f 275 338 339
f 250 249 312
f 277 276 339
f 251 250 313
f 277 340 341
f 251 314 315
f 278 341 342
f 253 252 315
f 280 279 342
f 253 316 317
f 280 343 344
f 255 254 317
f 281 344 345
f 255 318 319
f 283 282 345
f 256 319 320
f 283 346 347
f 258 257 320
f 231 294 295
f 284 347 348
f 259 258 321
f 233 232 295
f 286 285 348
f 259 322 323
f 234 233 296
f 287 286 349
f 261 260 323
f 234 297 298
f 288 287 350
f 262 261 324
f 235 298 299
f 288 351 352
f 262 325 326
f 236 299 300
f 289 352 353
f 329 328 391
f 303 302 365
f 355 418 419
f 329 392 393
f 303 366 367
f 331 330 393
f 304 367 368
f 331 394 395
f 306 305 368
f 332 395 396
f 306 369 370
f 333 396 397
f 307 370 371
f 334 397 398
f 309 308 371
f 336 335 398
f 309 372 373
f 336 399 400
f 310 373 374
f 337 400 401
f 312 311 374
f 338 401 402
f 313 312 375
f 340 339 402
f 314 313 376
f 341 340 403
f 314 377 378
f 341 404 405
f 315 378 379
f 343 342 405
f 316 379 380
f 343 406 407
f 317 380 381
f 344 407 408
f 318 381 382
f 346 345 408
f 319 382 383
f 346 409 410
f 321 320 383
f 295 294 357
f 347 410 411
f 321 384 385
f 295 358 359
f 349 348 411
f 322 385 386
f 296 359 360
f 349 412 413
f 324 323 386
f 297 360 361
f 351 350 413
f 325 324 387
f 299 298 361
f 351 414 415
f 325 388 389
f 299 362 363
f 353 352 415
f 327 326 389
f 300 363 364
f 354 353 416
f 327 390 391
f 301 364 365
f 355 354 417
f 394 393 456
f 367 430 431
f 395 394 457
f 369 368 431
f 395 458 459
f 369 432 433
f 396 459 460
f 370 433 434
f 397 460 461
f 372 371 434
f 399 398 461
f 372 435 436
f 400 399 462
f 373 436 437
f 400 463 464
f 375 374 437
f 401 464 465
f 376 375 438
f 403 402 465
f 376 439 440
f 404 403 466
f 377 440 441
f 404 467 468
f 379 378 441
f 406 405 468
f 379 442 443
f 407 406 469
f 380 443 444
f 407 470 471
f 381 444 445
f 409 408 471
f 382 445 446
f 410 409 472
f 384 383 446
f 357 420 421
f 410 473 474
f 384 447 448
f 358 421 422
f 412 411 474
f 385 448 449
f 359 422 423
f 413 412 475
f 387 386 449
f 360 423 424
f 414 413 476
f 388 387 450
f 361 424 425
f 415 414 477
f 388 451 452
f 362 425 426
f 416 415 478
f 389 452 453
f 363 426 427
f 416 479 480
f 391 390 453
f 364 427 428
f 417 480 481
f 392 391 454
f 366 365 428
f 419 418 481
f 392 455 456
f 366 429 430
f 459 458 521
f 432 495 496
f 460 459 522
f 433 496 497
f 460 523 524
f 435 434 497
f 461 524 525
f 435 498 499
f 462 525 526
f 436 499 500
f 464 463 526
f 437 500 501
f 464 527 528
f 438 501 502
f 466 465 528
f 440 439 502
f 467 466 529
f 440 503 504
f 467 530 531
f 442 441 504
f 469 468 531
f 442 505 506
f 470 469 532
f 443 506 507
f 470 533 534
f 444 507 508
f 472 471 534
f 445 508 509
f 473 472 535
f 447 446 509
f 421 420 483
f 473 536 537
f 447 510 511
f 421 484 485
f 474 537 538
f 448 511 512
f 422 485 486
f 475 538 539
f 450 449 512
f 424 423 486
f 476 539 540
f 451 450 513
f 424 487 488
f 478 477 540
f 451 514 515
f 425 488 489
f 478 541 542
f 452 515 516
f 427 426 489
f 479 542 543
f 454 453 516
f 427 490 491
f 480 543 544
f 454 517 518
f 429 428 491
f 482 481 544
f 455 518 519
f 429 492 493
f 457 456 519
f 430 493 494
f 457 520 521
f 432 431 494
f 523 586 587
f 498 497 560
f 524 587 588
f 498 561 562
f 525 588 589
f 499 562 563
f 527 526 589
f 501 500 563
f 527 590 591
f 501 564 565
f 529 528 591
f 502 565 566
f 530 529 592
f 504 503 566
f 530 593 594
f 504 567 568
f 532 531 594
f 505 568 569
f 533 532 595
f 506 569 570
f 533 596 597
f 507 570 571
f 535 534 597
f 508 571 572
f 536 535 598
f 510 509 572
f 484 483 546
f 536 599 600
f 510 573 574
f 484 547 548
f 538 537 600
f 511 574 575
f 485 548 549
f 538 601 602
f 512 575 576
f 487 486 549
f 540 539 602
f 514 513 576
f 487 550 551
f 540 603 604
f 514 577 578
f 488 551 552
f 541 604 605
f 516 515 578
f 490 489 552
f 542 605 606
f 517 516 579
f 490 553 554
f 543 606 607
f 518 517 580
f 492 491 554
f 545 544 607
f 518 581 582
f 492 555 556
f 520 519 582
f 493 556 557
f 520 583 584
f 495 494 557
f 522 521 584
f 495 558 559
f 522 585 586
f 496 559 560
f 588 651 652
f 562 625 626
f 590 589 652
f 564 563 626
f 590 653 654
f 564 627 628
f 592 591 654
f 565 628 629
f 593 592 655
f 567 566 629
f 593 656 657
f 567 630 631
f 595 594 657
f 569 568 631
f 596 595 658
f 569 632 633
f 596 659 660
f 571 570 633
f 598 597 660
f 571 634 635
f 599 598 661
f 573 572 635
f 547 546 609
f 599 662 663
f 573 636 637
f 547 610 611
f 601 600 663
f 575 574 637
f 548 611 612
f 601 664 665
f 575 638 639
f 550 549 612
f 602 665 666
f 577 576 639
f 550 613 614
f 604 603 666
f 577 640 641
f 551 614 615
f 604 667 668
f 579 578 641
f 552 615 616
f 606 605 668
f 579 642 643
f 553 616 617
f 607 606 669
f 581 580 643
f 555 554 617
f 607 670 671
f 581 644 645
f 555 618 619
f 583 582 645
f 556 619 620
f 583 646 647
f 558 557 620
f 585 584 647
f 558 621 622
f 585 648 649
f 559 622 623
f 587 586 649
f 561 560 623
f 587 650 651
f 561 624 625
f 653 716 717
f 627 690 691
f 655 654 717
f 629 628 691
f 656 655 718
f 629 692 693
f 656 719 720
f 630 693 694
f 658 657 720
f 632 631 694
f 659 658 721
f 632 695 696
f 659 722 723
f 633 696 697
f 661 660 723
f 634 697 698
f 662 661 724
f 636 635 698
f 609 672 673
f 662 725 726
f 636 699 700
f 610 673 674
f 664 663 726
f 638 637 700
f 612 611 674
f 664 727 728
f 638 701 702
f 612 675 676
f 665 728 729
f 640 639 702
f 613 676 677
f 667 666 729
f 640 703 704
f 615 614 677
f 667 730 731
f 642 641 704
f 615 678 679
f 668 731 732
f 642 705 706
f 616 679 680
f 669 732 733
f 644 643 706
f 618 617 680
f 671 670 733
f 644 707 708
f 618 681 682
f 646 645 708
f 619 682 683
f 646 709 710
f 621 620 683
f 648 647 710
f 621 684 685
f 648 711 712
f 622 685 686
f 650 649 712
f 624 623 686
f 650 713 714
f 624 687 688
f 651 714 715
f 625 688 689
f 653 652 715
f 627 626 689
f 719 718 781
f 692 755 756
f 719 782 783
f 693 756 757
f 720 783 784
f 695 694 757
f 722 721 784
f 695 758 759
f 722 785 786
f 696 759 760
f 724 723 786
f 698 697 760
f 725 724 787
f 699 698 761
f 672 735 736
f 725 788 789
f 699 762 763
f 673 736 737
f 727 726 789
f 701 700 763
f 674 737 738
f 728 727 790
f 701 764 765
f 676 675 738
f 728 791 792
f 703 702 765
f 676 739 740
f 729 792 793
f 703 766 767
f 678 677 740
f 730 793 794
f 705 704 767
f 679 678 741
f 732 731 794
f 705 768 769
f 679 742 743
f 733 732 795
f 707 706 769
f 681 680 743
f 733 796 797
f 707 770 771
f 681 744 745
f 708 771 772
f 682 745 746
f 709 772 773
f 684 683 746
f 711 710 773
f 684 747 748
f 711 774 775
f 685 748 749
f 713 712 775
f 687 686 749
f 713 776 777
f 687 750 751
f 714 777 778
f 688 751 752
f 716 715 778
f 690 689 752
f 716 779 780
f 690 753 754
f 718 717 780
f 692 691 754
f 783 846 847
f 758 757 820
f 785 784 847
f 758 821 822
f 785 848 849
f 759 822 823
f 787 786 849
f 760 823 824
f 788 787 850
f 762 761 824
f 735 798 799
f 788 851 852
f 763 762 825
f 736 799 800
f 790 789 852
f 764 763 826
f 738 737 800
f 790 853 854
f 764 827 828
f 739 738 801
f 791 854 855
f 766 765 828
f 739 802 803
f 792 855 856
f 766 829 830
f 741 740 803
f 793 856 857
f 768 767 830
f 741 804 805
f 794 857 858
f 768 831 832
f 742 805 806
f 795 858 859
f 769 832 833
f 744 743 806
f 796 859 860
f 770 833 834
f 744 807 808
f 771 834 835
f 745 808 809
f 772 835 836
f 747 746 809
f 774 773 836
f 747 810 811
f 774 837 838
f 748 811 812
f 776 775 838
f 750 749 812
f 776 839 840
f 750 813 814
f 777 840 841
f 751 814 815
f 779 778 841
f 753 752 815
f 779 842 843
f 753 816 817
f 781 780 843
f 755 754 817
f 782 781 844
f 755 818 819
f 782 845 846
f 756 819 820
f 822 885 886
f 837 900 901
f 839 838 901
f 799 798 861
f 839 902 903
f 799 862 863
f 840 903 904
f 801 800 863
f 842 841 904
f 802 801 864
f 842 905 906
f 803 802 865
f 844 843 906
f 803 866 867
f 845 844 907
f 804 867 868
f 845 908 909
f 805 868 869
f 846 909 910
f 807 806 869
f 848 847 910
f 808 807 870
f 848 911 912
f 808 871 872
f 850 849 912
f 824 823 886
f 810 809 872
f 850 913 914
f 824 887 888
f 810 873 874
f 851 914 915
f 825 888 889
f 812 811 874
f 852 915 916
f 827 826 889
f 813 812 875
f 854 853 916
f 827 890 891
f 813 876 877
f 855 854 917
f 829 828 891
f 814 877 878
f 856 855 918
f 829 892 893
f 816 815 878
f 856 919 920
f 831 830 893
f 816 879 880
f 857 920 921
f 831 894 895
f 818 817 880
f 858 921 922
f 833 832 895
f 819 818 881
f 859 922 923
f 833 896 897
f 819 882 883
f 834 897 898
f 821 820 883
f 836 835 898
f 821 884 885
f 837 836 899
f 876 875 938
f 902 965 966
f 876 939 940
f 903 966 967
f 877 940 941
f 905 904 967
f 879 878 941
f 905 968 969
f 879 942 943
f 907 906 969
f 881 880 943
f 908 907 970
f 881 944 945
f 908 971 972
f 882 945 946
f 910 909 972
f 884 883 946
f 911 910 973
f 884 947 948
f 911 974 975
f 885 948 949
f 913 912 975
f 887 886 949
f 914 913 976
f 887 950 951
f 861 924 925
f 914 977 978
f 888 951 952
f 862 925 926
f 916 915 978
f 890 889 952
f 864 863 926
f 917 916 979
f 890 953 954
f 865 864 927
f 917 980 981
f 892 891 954
f 865 928 929
f 918 981 982
f 892 955 956
f 866 929 930
f 919 982 983
f 894 893 956
f 867 930 931
f 921 920 983
f 894 957 958
f 868 931 932
f 921 984 985
f 895 958 959
f 870 869 932
f 922 985 986
f 897 896 959
f 870 933 934
f 897 960 961
f 871 934 935
f 899 898 961
f 873 872 935
f 900 899 962
f 873 936 937
f 900 963 964
f 874 937 938
f 902 901 964
f 940 1003 1004
f 968 967 1030
f 942 941 1004
f 968 1031 1032
f 942 1005 1006
f 970 969 1032
f 944 943 1006
f 971 970 1033
f 944 1007 1008
f 971 1034 1035
f 945 1008 1009
f 972 1035 1036
f 947 946 1009
f 974 973 1036
f 947 1010 1011
f 974 1037 1038
f 948 1011 1012
f 976 975 1038
f 950 949 1012
f 976 1039 1040
f 950 1013 1014
f 924 987 988
f 977 1040 1041
f 951 1014 1015
f 925 988 989
f 979 978 1041
f 953 952 1015
f 927 926 989
f 980 979 1042
f 953 1016 1017
f 928 927 990
f 981 980 1043
f 955 954 1017
f 929 928 991
f 981 1044 1045
f 955 1018 1019
f 929 992 993
f 982 1045 1046
f 957 956 1019
f 930 993 994
f 983 1046 1047
f 957 1020 1021
f 931 994 995
f 985 984 1047
f 959 958 1021
f 933 932 995
f 985 1048 1049
f 959 1022 1023
f 933 996 997
f 960 1023 1024
f 934 997 998
f 962 961 1024
f 936 935 998
f 963 962 1025
f 936 999 1000
f 963 1026 1027
f 937 1000 1001
f 965 964 1027
f 939 938 1001
f 965 1028 1029
f 939 1002 1003
f 966 1029 1030
f 1005 1068 1069
f 1033 1032 1095
f 1007 1006 1069
f 1034 1033 1096
f 1007 1070 1071
f 1034 1097 1098
f 1008 1071 1072
f 1035 1098 1099
f 1010 1009 1072
f 1037 1036 1099
f 1010 1073 1074
f 1037 1100 1101
f 1011 1074 1075
f 1039 1038 1101
f 1013 1012 1075
f 1039 1102 1103
f 1013 1076 1077
f 988 987 1050
f 1040 1103 1104
f 1014 1077 1078
f 988 1051 1052
f 1042 1041 1104
f 1016 1015 1078
f 989 1052 1053
f 1043 1042 1105
f 1016 1079 1080
f 991 990 1053
f 1044 1043 1106
f 1018 1017 1080
f 991 1054 1055
f 1044 1107 1108
f 1018 1081 1082
f 992 1055 1056
f 1045 1108 1109
f 1020 1019 1082
f 993 1056 1057
f 1047 1046 1109
f 1020 1083 1084
f 994 1057 1058
f 1048 1047 1110
f 1022 1021 1084
f 996 995 1058
f 1048 1111 1112
f 1022 1085 1086
f 996 1059 1060
f 1023 1086 1087
f 997 1060 1061
f 1025 1024 1087
f 999 998 1061
f 1026 1025 1088
f 999 1062 1063
f 1026 1089 1090
f 1001 1000 1063
f 1028 1027 1090
f 1002 1001 1064
f 1028 1091 1092
f 1002 1065 1066
f 1029 1092 1093
f 1003 1066 1067
f 1031 1030 1093
f 1005 1004 1067
f 1031 1094 1095
f 1070 1133 1134
f 1097 1160 1161
f 1071 1134 1135
f 1098 1161 1162
f 1073 1072 1135
f 1100 1099 1162
f 1073 1136 1137
f 1100 1163 1164
f 1074 1137 1138
f 1102 1101 1164
f 1076 1075 1138
f 1103 1102 1165
f 1076 1139 1140
f 1050 1113 1114
f 1103 1166 1167
f 1077 1140 1141
f 1051 1114 1115
f 1105 1104 1167
f 1079 1078 1141
f 1052 1115 1116
f 1106 1105 1168
f 1079 1142 1143
f 1054 1053 1116
f 1107 1106 1169
f 1081 1080 1143
f 1054 1117 1118
f 1108 1107 1170
f 1081 1144 1145
f 1056 1055 1118
f 1108 1171 1172
f 1083 1082 1145
f 1057 1056 1119
f 1109 1172 1173
f 1083 1146 1147
f 1058 1057 1120
f 1110 1173 1174
f 1085 1084 1147
f 1059 1058 1121
f 1111 1174 1175
f 1085 1148 1149
f 1059 1122 1123
f 1086 1149 1150
f 1060 1123 1124
f 1088 1087 1150
f 1062 1061 1124
f 1089 1088 1151
f 1062 1125 1126
f 1089 1152 1153
f 1064 1063 1126
f 1091 1090 1153
f 1065 1064 1127
f 1091 1154 1155
f 1065 1128 1129
f 1092 1155 1156
f 1066 1129 1130
f 1094 1093 1156
f 1068 1067 1130
f 1094 1157 1158
f 1068 1131 1132
f 1096 1095 1158
f 1070 1069 1132
f 1097 1096 1159
f 1136 1135 1198
f 1163 1162 1225
f 1136 1199 1200
f 1163 1226 1227
f 1137 1200 1201
f 1165 1164 1227
f 1139 1138 1201
f 1165 1228 1229
f 1140 1139 1202
f 1113 1176 1177
f 1166 1229 1230
f 1140 1203 1204
f 1114 1177 1178
f 1168 1167 1230
f 1142 1141 1204
f 1115 1178 1179
f 1169 1168 1231
f 1142 1205 1206
f 1117 1116 1179
f 1169 1232 1233
f 1144 1143 1206
f 1118 1117 1180
f 1170 1233 1234
f 1144 1207 1208
f 1118 1181 1182
f 1171 1234 1235
f 1146 1145 1208
f 1119 1182 1183
f 1172 1235 1236
f 1146 1209 1210
f 1120 1183 1184
f 1174 1173 1236
f 1148 1147 1210
f 1122 1121 1184
f 1174 1237 1238
f 1148 1211 1212
f 1123 1122 1185
f 1149 1212 1213
f 1123 1186 1187
f 1150 1213 1214
f 1125 1124 1187
f 1152 1151 1214
f 1125 1188 1189
f 1152 1215 1216
f 1126 1189 1190
f 1154 1153 1216
f 1128 1127 1190
f 1154 1217 1218
f 1128 1191 1192
f 1155 1218 1219
f 1129 1192 1193
f 1157 1156 1219
f 1131 1130 1193
f 1157 1220 1221
f 1131 1194 1195
f 1159 1158 1221
f 1133 1132 1195
f 1160 1159 1222
f 1134 1133 1196
f 1160 1223 1224
f 1134 1197 1198
f 1162 1161 1224
f 1201 1200 1263
f 1228 1227 1290
f 1202 1201 1264
f 1228 1291 1292
f 1202 1265 1266
f 1177 1176 1239
f 1229 1292 1293
f 1203 1266 1267
f 1177 1240 1241
f 1230 1293 1294
f 1205 1204 1267
f 1179 1178 1241
f 1231 1294 1295
f 1205 1268 1269
f 1179 1242 1243
f 1232 1295 1296
f 1207 1206 1269
f 1180 1243 1244
f 1234 1233 1296
f 1207 1270 1271
f 1181 1244 1245
f 1234 1297 1298
f 1209 1208 1271
f 1183 1182 1245
f 1235 1298 1299
f 1209 1272 1273
f 1183 1246 1247
f 1236 1299 1300
f 1211 1210 1273
f 1185 1184 1247
f 1238 1237 1300
f 1211 1274 1275
f 1186 1185 1248
f 1212 1275 1276
f 1186 1249 1250
f 1213 1276 1277
f 1188 1187 1250
f 1215 1214 1277
f 1188 1251 1252
f 1215 1278 1279
f 1190 1189 1252
f 1217 1216 1279
f 1191 1190 1253
f 1217 1280 1281
f 1191 1254 1255
f 1218 1281 1282
f 1192 1255 1256
f 1220 1219 1282
f 1194 1193 1256
f 1220 1283 1284
f 1194 1257 1258
f 1222 1221 1284
f 1196 1195 1258
f 1223 1222 1285
f 1197 1196 1259
f 1223 1286 1287
f 1197 1260 1261
f 1224 1287 1288
f 1199 1198 1261
f 1226 1225 1288
f 1199 1262 1263
f 1226 1289 1290
f 1266 1265 1328
f 1239 1302 1303
f 1292 1355 1356
f 1267 1266 1329
f 1240 1303 1304
f 1294 1293 1356
f 1268 1267 1330
f 1242 1241 1304
f 1294 1357 1358
f 1268 1331 1332
f 1243 1242 1305
f 1296 1295 1358
f 1270 1269 1332
f 1243 1306 1307
f 1297 1296 1359
f 1270 1333 1334
f 1244 1307 1308
f 1297 1360 1361
f 1272 1271 1334
f 1246 1245 1308
f 1298 1361 1362
f 1272 1335 1336
f 1246 1309 1310
f 1300 1299 1362
f 1273 1336 1337
f 1248 1247 1310
f 1301 1300 1363
f 1274 1337 1338
f 1249 1248 1311
f 1275 1338 1339
f 1249 1312 1313
f 1276 1339 1340
f 1251 1250 1313
f 1278 1277 1340
f 1251 1314 1315
f 1278 1341 1342
f 1252 1315 1316
f 1280 1279 1342
f 1254 1253 1316
f 1280 1343 1344
f 1254 1317 1318
f 1281 1344 1345
f 1255 1318 1319
f 1283 1282 1345
f 1257 1256 1319
f 1283 1346 1347
f 1257 1320 1321
f 1285 1284 1347
f 1259 1258 1321
f 1286 1285 1348
f 1260 1259 1322
f 1286 1349 1350
f 1260 1323 1324
f 1288 1287 1350
f 1262 1261 1324
f 1289 1288 1351
f 1262 1325 1326
f 1289 1352 1353
f 1264 1263 1326
f 1291 1290 1353
f 1264 1327 1328
f 1291 1354 1355
f 1331 1330 1393
f 1304 1367 1368
f 1357 1420 1421
f 1331 1394 1395
f 1305 1368 1369
f 1359 1358 1421
f 1333 1332 1395
f 1306 1369 1370
f 1359 1422 1423
f 1333 1396 1397
f 1307 1370 1371
f 1360 1423 1424
f 1335 1334 1397
f 1308 1371 1372
f 1362 1361 1424
f 1335 1398 1399
f 1309 1372 1373
f 1363 1362 1425
f 1336 1399 1400
f 1310 1373 1374
f 1363 1426 1427
f 1337 1400 1401
f 1312 1311 1374
f 1338 1401 1402
f 1312 1375 1376
f 1339 1402 1403
f 1314 1313 1376
f 1341 1340 1403
f 1314 1377 1378
f 1341 1404 1405
f 1315 1378 1379
f 1343 1342 1405
f 1317 1316 1379
f 1343 1406 1407
f 1317 1380 1381
f 1344 1407 1408
f 1318 1381 1382
f 1346 1345 1408
f 1320 1319 1382
f 1346 1409 1410
f 1320 1383 1384
f 1348 1347 1410
f 1322 1321 1384
f 1349 1348 1411
f 1323 1322 1385
f 1349 1412 1413
f 1323 1386 1387
f 1351 1350 1413
f 1325 1324 1387
f 1352 1351 1414
f 1325 1388 1389
f 1352 1415 1416
f 1327 1326 1389
f 1354 1353 1416
f 1327 1390 1391
f 1354 1417 1418
f 1328 1391 1392
f 1303 1302 1365
f 1356 1355 1418
f 1329 1392 1393
f 1303 1366 1367
f 1357 1356 1419
f 1396 1395 1458
f 1369 1432 1433
f 1422 1485 1486
f 1396 1459 1460
f 1370 1433 1434
f 1423 1486 1487
f 1397 1460 1461
f 1371 1434 1435
f 1424 1487 1488
f 1398 1461 1462
f 1372 1435 1436
f 1425 1488 1489
f 1399 1462 1463
f 1374 1373 1436
f 1427 1426 1489
f 1400 1463 1464
f 1375 1374 1437
f 1401 1464 1465
f 1375 1438 1439
f 1402 1465 1466
f 1377 1376 1439
f 1404 1403 1466
f 1377 1440 1441
f 1404 1467 1468
f 1378 1441 1442
f 1406 1405 1468
f 1380 1379 1442
f 1406 1469 1470
f 1380 1443 1444
f 1407 1470 1471
f 1381 1444 1445
f 1409 1408 1471
f 1383 1382 1445
f 1409 1472 1473
f 1383 1446 1447
f 1411 1410 1473
f 1385 1384 1447
f 1412 1411 1474
f 1386 1385 1448
f 1412 1475 1476
f 1386 1449 1450
f 1414 1413 1476
f 1388 1387 1450
f 1415 1414 1477
f 1388 1451 1452
f 1415 1478 1479
f 1390 1389 1452
f 1417 1416 1479
f 1390 1453 1454
f 1417 1480 1481
f 1392 1391 1454
f 1366 1365 1428
f 1418 1481 1482
f 1392 1455 1456
f 1366 1429 1430
f 1420 1419 1482
f 1394 1393 1456
f 1368 1367 1430
f 1420 1483 1484
f 1394 1457 1458
f 1369 1368 1431
f 1422 1421 1484
f 1460 1523 1524
f 1434 1497 1498
f 1488 1487 1550
f 1461 1524 1525
f 1435 1498 1499
f 1488 1551 1552
f 1463 1462 1525
f 1437 1436 1499
f 1490 1489 1552
f 1463 1526 1527
f 1438 1437 1500
f 1464 1527 1528
f 1438 1501 1502
f 1465 1528 1529
f 1440 1439 1502
f 1467 1466 1529
f 1440 1503 1504
f 1467 1530 1531
f 1441 1504 1505
f 1468 1531 1532
f 1443 1442 1505
f 1469 1532 1533
f 1443 1506 1507
f 1470 1533 1534
f 1444 1507 1508
f 1472 1471 1534
f 1446 1445 1508
f 1472 1535 1536
f 1446 1509 1510
f 1474 1473 1536
f 1448 1447 1510
f 1475 1474 1537
f 1449 1448 1511
f 1475 1538 1539
f 1449 1512 1513
f 1477 1476 1539
f 1451 1450 1513
f 1478 1477 1540
f 1451 1514 1515
f 1478 1541 1542
f 1453 1452 1515
f 1480 1479 1542
f 1453 1516 1517
f 1480 1543 1544
f 1455 1454 1517
f 1428 1491 1492
f 1481 1544 1545
f 1455 1518 1519
f 1429 1492 1493
f 1483 1482 1545
f 1457 1456 1519
f 1430 1493 1494
f 1483 1546 1547
f 1458 1457 1520
f 1432 1431 1494
f 1484 1547 1548
f 1459 1458 1521
f 1432 1495 1496
f 1486 1485 1548
f 1459 1522 1523
f 1433 1496 1497
f 1486 1549 1550
f 1526 1525 1588
f 1500 1499 1562
f 1553 1552 1615
f 1526 1589 1590
f 1501 1500 1563
f 1528 1527 1590
f 1501 1564 1565
f 1528 1591 1592
f 1503 1502 1565
f 1530 1529 1592
f 1503 1566 1567
f 1530 1593 1594
f 1504 1567 1568
f 1532 1531 1594
f 1506 1505 1568
f 1532 1595 1596
f 1506 1569 1570
f 1533 1596 1597
f 1507 1570 1571
f 1535 1534 1597
f 1509 1508 1571
f 1535 1598 1599
f 1509 1572 1573
f 1537 1536 1599
f 1511 1510 1573
f 1538 1537 1600
f 1512 1511 1574
f 1538 1601 1602
f 1512 1575 1576
f 1540 1539 1602
f 1514 1513 1576
f 1541 1540 1603
f 1514 1577 1578
f 1541 1604 1605
f 1516 1515 1578
f 1543 1542 1605
f 1516 1579 1580
f 1543 1606 1607
f 1518 1517 1580
f 1491 1554 1555
f 1544 1607 1608
f 1518 1581 1582
f 1492 1555 1556
f 1546 1545 1608
f 1520 1519 1582
f 1493 1556 1557
f 1547 1546 1609
f 1520 1583 1584
f 1495 1494 1557
f 1547 1610 1611
f 1521 1584 1585
f 1495 1558 1559
f 1548 1611 1612
f 1522 1585 1586
f 1496 1559 1560
f 1549 1612 1613
f 1523 1586 1587
f 1497 1560 1561
f 1551 1550 1613
f 1524 1587 1588
f 1498 1561 1562
f 1552 1551 1614
f 1591 1590 1653
f 1564 1627 1628
f 1591 1654 1655
f 1566 1565 1628
f 1593 1592 1655
f 1566 1629 1630
f 1593 1656 1657
f 1567 1630 1631
f 1595 1594 1657
f 1569 1568 1631
f 1595 1658 1659
f 1569 1632 1633
f 1596 1659 1660
f 1570 1633 1634
f 1598 1597 1660
f 1572 1571 1634
f 1598 1661 1662
f 1572 1635 1636
f 1600 1599 1662
f 1574 1573 1636
f 1601 1600 1663
f 1575 1574 1637
f 1601 1664 1665
f 1575 1638 1639
f 1603 1602 1665
f 1577 1576 1639
f 1604 1603 1666
f 1577 1640 1641
f 1604 1667 1668
f 1579 1578 1641
f 1606 1605 1668
f 1579 1642 1643
f 1606 1669 1670
f 1580 1643 1644
f 1554 1617 1618
f 1607 1670 1671
f 1581 1644 1645
f 1555 1618 1619
f 1609 1608 1671
f 1583 1582 1645
f 1556 1619 1620
f 1610 1609 1672
f 1583 1646 1647
f 1557 1620 1621
f 1610 1673 1674
f 1585 1584 1647
f 1558 1621 1622
f 1612 1611 1674
f 1585 1648 1649
f 1560 1559 1622
f 1612 1675 1676
f 1586 1649 1650
f 1560 1623 1624
f 1614 1613 1676
f 1587 1650 1651
f 1561 1624 1625
f 1615 1614 1677
f 1588 1651 1652
f 1563 1562 1625
f 1616 1615 1678
f 1590 1589 1652
f 1563 1626 1627
f 1669 1668 1731
f 1642 1705 1706
f 1670 1669 1732
f 1643 1706 1707
f 1617 1680 1681
f 1670 1733 1734
f 1644 1707 1708
f 1618 1681 1682
f 1672 1671 1734
f 1646 1645 1708
f 1619 1682 1683
f 1672 1735 1736
f 1646 1709 1710
f 1621 1620 1683
f 1673 1736 1737
f 1648 1647 1710
f 1621 1684 1685
f 1675 1674 1737
f 1648 1711 1712
f 1623 1622 1685
f 1675 1738 1739
f 1650 1649 1712
f 1623 1686 1687
f 1677 1676 1739
f 1650 1713 1714
f 1624 1687 1688
f 1678 1677 1740
f 1651 1714 1715
f 1626 1625 1688
f 1679 1678 1741
f 1653 1652 1715
f 1627 1626 1689
f 1654 1653 1716
f 1627 1690 1691
f 1654 1717 1718
f 1629 1628 1691
f 1656 1655 1718
f 1629 1692 1693
f 1656 1719 1720
f 1630 1693 1694
f 1658 1657 1720
f 1632 1631 1694
f 1658 1721 1722
f 1632 1695 1696
f 1659 1722 1723
f 1633 1696 1697
f 1661 1660 1723
f 1635 1634 1697
f 1661 1724 1725
f 1635 1698 1699
f 1663 1662 1725
f 1637 1636 1699
f 1664 1663 1726
f 1638 1637 1700
f 1664 1727 1728
f 1638 1701 1702
f 1666 1665 1728
f 1640 1639 1702
f 1667 1666 1729
f 1640 1703 1704
f 1667 1730 1731
f 1642 1641 1704
f 1680 1743 1744
f 1733 1796 1797
f 1707 1770 1771
f 1681 1744 1745
f 1735 1734 1797
f 1709 1708 1771
f 1682 1745 1746
f 1736 1735 1798
f 1709 1772 1773
f 1684 1683 1746
f 1736 1799 1800
f 1711 1710 1773
f 1684 1747 1748
f 1737 1800 1801
f 1711 1774 1775
f 1686 1685 1748
f 1738 1801 1802
f 1713 1712 1775
f 1686 1749 1750
f 1740 1739 1802
f 1713 1776 1777
f 1687 1750 1751
f 1741 1740 1803
f 1714 1777 1778
f 1689 1688 1751
f 1742 1741 1804
f 1716 1715 1778
f 1689 1752 1753
f 1716 1779 1780
f 1690 1753 1754
f 1717 1780 1781
f 1692 1691 1754
f 1719 1718 1781
f 1692 1755 1756
f 1719 1782 1783
f 1693 1756 1757
f 1721 1720 1783
f 1695 1694 1757
f 1721 1784 1785
f 1695 1758 1759
f 1722 1785 1786
f 1696 1759 1760
f 1724 1723 1786
f 1698 1697 1760
f 1724 1787 1788
f 1698 1761 1762
f 1726 1725 1788
f 1700 1699 1762
f 1727 1726 1789
f 1701 1700 1763
f 1727 1790 1791
f 1701 1764 1765
f 1729 1728 1791
f 1703 1702 1765
f 1730 1729 1792
f 1703 1766 1767
f 1730 1793 1794
f 1705 1704 1767
f 1732 1731 1794
f 1705 1768 1769
f 1732 1795 1796
f 1706 1769 1770
f 1746 1745 1808
f 1799 1798 1861
f 1772 1835 1836
f 1747 1746 1809
f 1799 1862 1863
f 1774 1773 1836
f 1747 1810 1811
f 1801 1800 1863
f 1774 1837 1838
f 1749 1748 1811
f 1801 1864 1865
f 1776 1775 1838
f 1749 1812 1813
f 1802 1865 1866
f 1776 1839 1840
f 1750 1813 1814
f 1804 1803 1866
f 1777 1840 1841
f 1752 1751 1814
f 1804 1867 1868
f 1779 1778 1841
f 1752 1815 1816
f 1779 1842 1843
f 1753 1816 1817
f 1780 1843 1844
f 1755 1754 1817
f 1782 1781 1844
f 1755 1818 1819
f 1782 1845 1846
f 1756 1819 1820
f 1784 1783 1846
f 1758 1757 1820
f 1784 1847 1848
f 1758 1821 1822
f 1785 1848 1849
f 1759 1822 1823
f 1787 1786 1849
f 1761 1760 1823
f 1787 1850 1851
f 1761 1824 1825
f 1789 1788 1851
f 1763 1762 1825
f 1790 1789 1852
f 1764 1763 1826
f 1790 1853 1854
f 1764 1827 1828
f 1792 1791 1854
f 1766 1765 1828
f 1793 1792 1855
f 1766 1829 1830
f 1793 1856 1857
f 1768 1767 1830
f 1795 1794 1857
f 1769 1768 1831
f 1795 1858 1859
f 1769 1832 1833
f 1744 1743 1806
f 1796 1859 1860
f 1770 1833 1834
f 1744 1807 1808
f 1798 1797 1860
f 1772 1771 1834
f 1810 1873 1874
f 1864 1863 1926
f 1837 1900 1901
f 1812 1811 1874
f 1864 1927 1928
f 1839 1838 1901
f 1812 1875 1876
f 1866 1865 1928
f 1839 1902 1903
f 1814 1813 1876
f 1867 1866 1929
f 1841 1840 1903
f 1815 1814 1877
f 1867 1930 1931
f 1842 1841 1904
f 1816 1815 1878
f 1842 1905 1906
f 1816 1879 1880
f 1843 1906 1907
f 1818 1817 1880
f 1845 1844 1907
f 1818 1881 1882
f 1845 1908 1909
f 1819 1882 1883
f 1847 1846 1909
f 1821 1820 1883
f 1847 1910 1911
f 1821 1884 1885
f 1848 1911 1912
f 1822 1885 1886
f 1850 1849 1912
f 1824 1823 1886
f 1850 1913 1914
f 1824 1887 1888
f 1852 1851 1914
f 1826 1825 1888
f 1853 1852 1915
f 1827 1826 1889
f 1853 1916 1917
f 1827 1890 1891
f 1855 1854 1917
f 1829 1828 1891
f 1856 1855 1918
f 1829 1892 1893
f 1856 1919 1920
f 1831 1830 1893
f 1858 1857 1920
f 1832 1831 1894
f 1858 1921 1922
f 1832 1895 1896
f 1806 1869 1870
f 1859 1922 1923
f 1833 1896 1897
f 1807 1870 1871
f 1860 1923 1924
f 1835 1834 1897
f 1808 1871 1872
f 1862 1861 1924
f 1835 1898 1899
f 1810 1809 1872
f 1862 1925 1926
f 1837 1836 1899
f 1875 1938 1939
f 1928 1991 1992
f 1902 1965 1966
f 1876 1939 1940
f 1930 1929 1992
f 1904 1903 1966
f 1878 1877 1940
f 1930 1993 1994
f 1905 1904 1967
f 1878 1941 1942
f 1905 1968 1969
f 1879 1942 1943
f 1906 1969 1970
f 1881 1880 1943
f 1908 1907 1970
f 1881 1944 1945
f 1908 1971 1972
f 1882 1945 1946
f 1910 1909 1972
f 1884 1883 1946
f 1910 1973 1974
f 1884 1947 1948
f 1911 1974 1975
f 1885 1948 1949
f 1913 1912 1975
f 1887 1886 1949
f 1913 1976 1977
f 1887 1950 1951
f 1915 1914 1977
f 1889 1888 1951
f 1916 1915 1978
f 1890 1889 1952
f 1916 1979 1980
f 1890 1953 1954
f 1917 1980 1981
f 1892 1891 1954
f 1919 1918 1981
f 1892 1955 1956
f 1919 1982 1983
f 1894 1893 1956
f 1921 1920 1983
f 1895 1894 1957
f 1922 1921 1984
f 1895 1958 1959
f 1869 1932 1933
f 1922 1985 1986
f 1896 1959 1960
f 1870 1933 1934
f 1923 1986 1987
f 1898 1897 1960
f 1871 1934 1935
f 1925 1924 1987
f 1898 1961 1962
f 1873 1872 1935
f 1925 1988 1989
f 1900 1899 1962
f 1874 1873 1936
f 1926 1989 1990
f 1900 1963 1964
f 1875 1874 1937
f 1927 1990 1991
f 1902 1901 1964
f 1941 1940 2003
f 1993 2056 2057
f 1968 1967 2030
f 1941 2004 2005
f 1968 2031 2032
f 1942 2005 2006
f 1969 2032 2033
f 1944 1943 2006
f 1971 1970 2033
f 1944 2007 2008
f 1971 2034 2035
f 1945 2008 2009
f 1973 1972 2035
f 1947 1946 2009
f 1973 2036 2037
f 1947 2010 2011
f 1974 2037 2038
f 1948 2011 2012
f 1976 1975 2038
f 1950 1949 2012
f 1976 2039 2040
f 1950 2013 2014
f 1978 1977 2040
f 1952 1951 2014
f 1979 1978 2041
f 1953 1952 2015
f 1979 2042 2043
f 1953 2016 2017
f 1980 2043 2044
f 1955 1954 2017
f 1982 1981 2044
f 1955 2018 2019
f 1982 2045 2046
f 1957 1956 2019
f 1984 1983 2046
f 1958 1957 2020
f 1984 2047 2048
f 1958 2021 2022
f 1932 1995 1996
f 1985 2048 2049
f 1959 2022 2023
f 1933 1996 1997
f 1987 1986 2049
f 1961 1960 2023
f 1935 1934 1997
f 1988 1987 2050
f 1961 2024 2025
f 1936 1935 1998
f 1988 2051 2052
f 1963 1962 2025
f 1936 1999 2000
f 1990 1989 2052
f 1963 2026 2027
f 1937 2000 2001
f 1990 2053 2054
f 1965 1964 2027
f 1938 2001 2002
f 1991 2054 2055
f 1965 2028 2029
f 1939 2002 2003
f 1992 2055 2056
f 1967 1966 2029
f 2005 2069 2070
f 2032 2096 2097
f 2007 2006 2070
f 2034 2033 2097
f 2007 2071 2072
f 2034 2098 2099
f 2008 2072 2073
f 2036 2035 2099
f 2010 2009 2073
f 2036 2100 2101
f 2010 2074 2075
f 2037 2101 2102
f 2011 2075 2076
f 2039 2038 2102
f 2013 2012 2076
f 2039 2103 2104
f 2013 2077 2078
f 2041 2040 2104
f 2015 2014 2078
f 2042 2041 2105
f 2016 2015 2079
f 2042 2106 2107
f 2016 2080 2081
f 2043 2107 2108
f 2018 2017 2081
f 2045 2044 2108
f 2018 2082 2083
f 2045 2109 2110
f 2020 2019 2083
f 2047 2046 2110
f 2021 2020 2084
f 2048 2047 2111
f 2021 2085 2086
f 1995 2059 2060
f 2048 2112 2113
f 2022 2086 2087
f 1996 2060 2061
f 2050 2049 2113
f 2024 2023 2087
f 1997 2061 2062
f 2051 2050 2114
f 2024 2088 2089
f 1999 1998 2062
f 2051 2115 2116
f 2026 2025 2089
f 2000 1999 2063
f 2053 2052 2116
f 2026 2090 2091
f 2001 2000 2064
f 2053 2117 2118
f 2028 2027 2091
f 2001 2065 2066
f 2055 2054 2118
f 2028 2092 2093
f 2002 2066 2067
f 2056 2055 2119
f 2030 2029 2093
f 2004 2003 2067
f 2056 2120 2121
f 2031 2030 2094
f 2005 2004 2068
f 2031 2095 2096
f 2071 2134 2135
f 2098 2161 2162
f 2073 2072 2135
f 2100 2099 2162
f 2074 2073 2136
f 2100 2163 2164
f 2074 2137 2138
f 2101 2164 2165
f 2075 2138 2139
f 2103 2102 2165
f 2077 2076 2139
f 2103 2166 2167
f 2077 2140 2141
f 2105 2104 2167
f 2079 2078 2141
f 2106 2105 2168
f 2080 2079 2142
f 2106 2169 2170
f 2080 2143 2144
f 2108 2107 2170
f 2082 2081 2144
f 2109 2108 2171
f 2082 2145 2146
f 2109 2172 2173
f 2084 2083 2146
f 2111 2110 2173
f 2085 2084 2147
f 2112 2111 2174
f 2085 2148 2149
f 2060 2059 2122
f 2112 2175 2176
f 2086 2149 2150
f 2060 2123 2124
f 2114 2113 2176
f 2088 2087 2150
f 2062 2061 2124
f 2115 2114 2177
f 2088 2151 2152
f 2063 2062 2125
f 2115 2178 2179
f 2090 2089 2152
f 2063 2126 2127
f 2117 2116 2179
f 2090 2153 2154
f 2065 2064 2127
f 2117 2180 2181
f 2092 2091 2154
f 2065 2128 2129
f 2119 2118 2181
f 2092 2155 2156
f 2066 2129 2130
f 2120 2119 2182
f 2094 2093 2156
f 2068 2067 2130
f 2121 2120 2183
f 2095 2094 2157
f 2068 2131 2132
f 2095 2158 2159
f 2069 2132 2133
f 2096 2159 2160
f 2071 2070 2133
f 2098 2097 2160
f 2137 2136 2199
f 2163 2226 2227
f 2137 2200 2201
f 2164 2227 2228
f 2138 2201 2202
f 2166 2165 2228
f 2140 2139 2202
f 2166 2229 2230
f 2140 2203 2204
f 2168 2167 2230
f 2142 2141 2204
f 2169 2168 2231
f 2143 2142 2205
f 2169 2232 2233
f 2143 2206 2207
f 2170 2233 2234
f 2145 2144 2207
f 2172 2171 2234
f 2145 2208 2209
f 2172 2235 2236
f 2147 2146 2209
f 2174 2173 2236
f 2148 2147 2210
f 2174 2237 2238
f 2148 2211 2212
f 2122 2185 2186
f 2175 2238 2239
f 2149 2212 2213
f 2123 2186 2187
f 2177 2176 2239
f 2151 2150 2213
f 2124 2187 2188
f 2178 2177 2240
f 2151 2214 2215
f 2126 2125 2188
f 2178 2241 2242
f 2153 2152 2215
f 2126 2189 2190
f 2180 2179 2242
f 2153 2216 2217
f 2128 2127 2190
f 2180 2243 2244
f 2155 2154 2217
f 2128 2191 2192
f 2181 2244 2245
f 2155 2218 2219
f 2129 2192 2193
f 2183 2182 2245
f 2157 2156 2219
f 2131 2130 2193
f 2183 2246 2247
f 2158 2157 2220
f 2132 2131 2194
f 2158 2221 2222
f 2132 2195 2196
f 2159 2222 2223
f 2134 2133 2196
f 2161 2160 2223
f 2134 2197 2198
f 2161 2224 2225
f 2135 2198 2199
f 2163 2162 2225
f 2201 2264 2265
f 2229 2228 2291
f 2203 2202 2265
f 2229 2292 2293
f 2203 2266 2267
f 2231 2230 2293
f 2205 2204 2267
f 2232 2231 2294
f 2206 2205 2268
f 2232 2295 2296
f 2206 2269 2270
f 2233 2296 2297
f 2208 2207 2270
f 2235 2234 2297
f 2208 2271 2272
f 2235 2298 2299
f 2210 2209 2272
f 2237 2236 2299
f 2211 2210 2273
f 2237 2300 2301
f 2211 2274 2275
f 2185 2248 2249
f 2238 2301 2302
f 2212 2275 2276
f 2186 2249 2250
f 2240 2239 2302
f 2214 2213 2276
f 2187 2250 2251
f 2241 2240 2303
f 2214 2277 2278
f 2189 2188 2251
f 2241 2304 2305
f 2216 2215 2278
f 2189 2252 2253
f 2243 2242 2305
f 2216 2279 2280
f 2191 2190 2253
f 2243 2306 2307
f 2218 2217 2280
f 2191 2254 2255
f 2245 2244 2307
f 2218 2281 2282
f 2192 2255 2256
f 2246 2245 2308
f 2220 2219 2282
f 2194 2193 2256
f 2247 2246 2309
f 2221 2220 2283
f 2195 2194 2257
f 2221 2284 2285
f 2195 2258 2259
f 2222 2285 2286
f 2197 2196 2259
f 2224 2223 2286
f 2197 2260 2261
f 2224 2287 2288
f 2198 2261 2262
f 2226 2225 2288
f 2200 2199 2262
f 2226 2289 2290
f 2200 2263 2264
f 2227 2290 2291
f 2266 2329 2330
f 2294 2293 2356
f 2268 2267 2330
f 2295 2294 2357
f 2269 2268 2331
f 2295 2358 2359
f 2269 2332 2333
f 2297 2296 2359
f 2271 2270 2333
f 2298 2297 2360
f 2271 2334 2335
f 2298 2361 2362
f 2273 2272 2335
f 2300 2299 2362
f 2274 2273 2336
f 2300 2363 2364
f 2274 2337 2338
f 2248 2311 2312
f 2301 2364 2365
f 2275 2338 2339
f 2249 2312 2313
f 2303 2302 2365
f 2277 2276 2339
f 2250 2313 2314
f 2304 2303 2366
f 2277 2340 2341
f 2252 2251 2314
f 2304 2367 2368
f 2279 2278 2341
f 2252 2315 2316
f 2306 2305 2368
f 2279 2342 2343
f 2254 2253 2316
f 2306 2369 2370
f 2281 2280 2343
f 2254 2317 2318
f 2308 2307 2370
f 2281 2344 2345
f 2255 2318 2319
f 2309 2308 2371
f 2283 2282 2345
f 2257 2256 2319
f 2310 2309 2372
f 2284 2283 2346
f 2258 2257 2320
f 2284 2347 2348
f 2258 2321 2322
f 2285 2348 2349
f 2260 2259 2322
f 2287 2286 2349
f 2260 2323 2324
f 2287 2350 2351
f 2261 2324 2325
f 2289 2288 2351
f 2263 2262 2325
f 2289 2352 2353
f 2263 2326 2327
f 2290 2353 2354
f 2264 2327 2328
f 2292 2291 2354
f 2266 2265 2328
f 2292 2355 2356
f 2332 2331 2394
f 2358 2421 2422
f 2332 2395 2396
f 2360 2359 2422
f 2334 2333 2396
f 2361 2360 2423
f 2334 2397 2398
f 2361 2424 2425
f 2336 2335 2398
f 2363 2362 2425
f 2336 2399 2400
f 2364 2363 2426
f 2337 2400 2401
f 2311 2374 2375
f 2364 2427 2428
f 2338 2401 2402
f 2312 2375 2376
f 2366 2365 2428
f 2340 2339 2402
f 2313 2376 2377
f 2367 2366 2429
f 2340 2403 2404
f 2314 2377 2378
f 2367 2430 2431
f 2342 2341 2404
f 2315 2378 2379
f 2368 2431 2432
f 2342 2405 2406
f 2317 2316 2379
f 2369 2432 2433
f 2344 2343 2406
f 2317 2380 2381
f 2371 2370 2433
f 2344 2407 2408
f 2318 2381 2382
f 2372 2371 2434
f 2345 2408 2409
f 2320 2319 2382
f 2373 2372 2435
f 2347 2346 2409
f 2321 2320 2383
f 2348 2347 2410
f 2321 2384 2385
f 2348 2411 2412
f 2323 2322 2385
f 2350 2349 2412
f 2323 2386 2387
f 2350 2413 2414
f 2324 2387 2388
f 2352 2351 2414
f 2326 2325 2388
f 2352 2415 2416
f 2326 2389 2390
f 2353 2416 2417
f 2327 2390 2391
f 2355 2354 2417
f 2329 2328 2391
f 2355 2418 2419
f 2329 2392 2393
f 2357 2356 2419
f 2331 2330 2393
f 2358 2357 2420
f 2397 2396 2459
f 2424 2423 2486
f 2397 2460 2461
f 2424 2487 2488
f 2399 2398 2461
f 2426 2425 2488
f 2399 2462 2463
f 2426 2489 2490
f 2400 2463 2464
f 2374 2437 2438
f 2427 2490 2491
f 2402 2401 2464
f 2375 2438 2439
f 2429 2428 2491
f 2403 2402 2465
f 2377 2376 2439
f 2430 2429 2492
f 2403 2466 2467
f 2378 2377 2440
f 2430 2493 2494
f 2405 2404 2467
f 2378 2441 2442
f 2432 2431 2494
f 2405 2468 2469
f 2380 2379 2442
f 2432 2495 2496
f 2407 2406 2469
f 2380 2443 2444
f 2433 2496 2497
f 2407 2470 2471
f 2381 2444 2445
f 2435 2434 2497
f 2408 2471 2472
f 2383 2382 2445
f 2435 2498 2499
f 2410 2409 2472
f 2384 2383 2446
f 2411 2410 2473
f 2384 2447 2448
f 2411 2474 2475
f 2386 2385 2448
f 2413 2412 2475
f 2386 2449 2450
f 2413 2476 2477
f 2387 2450 2451
f 2415 2414 2477
f 2389 2388 2451
f 2415 2478 2479
f 2389 2452 2453
f 2416 2479 2480
f 2390 2453 2454
f 2418 2417 2480
f 2392 2391 2454
f 2418 2481 2482
f 2392 2455 2456
f 2420 2419 2482
f 2394 2393 2456
f 2421 2420 2483
f 2395 2394 2457
f 2421 2484 2485
f 2395 2458 2459
f 2423 2422 2485
f 2495 2558 2559
f 2470 2469 2532
f 2443 2506 2507
f 2497 2496 2559
f 2470 2533 2534
f 2444 2507 2508
f 2498 2497 2560
f 2471 2534 2535
f 2446 2445 2508
f 2499 2498 2561
f 2473 2472 2535
f 2447 2446 2509
f 2473 2536 2537
f 2447 2510 2511
f 2474 2537 2538
f 2449 2448 2511
f 2476 2475 2538
f 2449 2512 2513
f 2476 2539 2540
f 2450 2513 2514
f 2478 2477 2540
f 2452 2451 2514
f 2478 2541 2542
f 2452 2515 2516
f 2479 2542 2543
f 2453 2516 2517
f 2481 2480 2543
f 2455 2454 2517
f 2481 2544 2545
f 2455 2518 2519
f 2483 2482 2545
f 2457 2456 2519
f 2484 2483 2546
f 2458 2457 2520
f 2484 2547 2548
f 2458 2521 2522
f 2486 2485 2548
f 2460 2459 2522
f 2487 2486 2549
f 2460 2523 2524
f 2487 2550 2551
f 2462 2461 2524
f 2489 2488 2551
f 2462 2525 2526
f 2489 2552 2553
f 2463 2526 2527
f 2437 2500 2501
f 2490 2553 2554
f 2464 2527 2528
f 2438 2501 2502
f 2492 2491 2554
f 2466 2465 2528
f 2439 2502 2503
f 2493 2492 2555
f 2466 2529 2530
f 2440 2503 2504
f 2493 2556 2557
f 2468 2467 2530
f 2441 2504 2505
f 2495 2494 2557
f 2468 2531 2532
f 2443 2442 2505
f 2561 2560 2623
f 2534 2597 2598
f 2509 2508 2571
f 2562 2561 2624
f 2536 2535 2598
f 2510 2509 2572
f 2537 2536 2599
f 2510 2573 2574
f 2537 2600 2601
f 2512 2511 2574
f 2539 2538 2601
f 2512 2575 2576
f 2539 2602 2603
f 2513 2576 2577
f 2541 2540 2603
f 2515 2514 2577
f 2541 2604 2605
f 2515 2578 2579
f 2542 2605 2606
f 2516 2579 2580
f 2544 2543 2606
f 2518 2517 2580
f 2544 2607 2608
f 2518 2581 2582
f 2546 2545 2608
f 2520 2519 2582
f 2547 2546 2609
f 2521 2520 2583
f 2547 2610 2611
f 2521 2584 2585
f 2548 2611 2612
f 2523 2522 2585
f 2550 2549 2612
f 2523 2586 2587
f 2550 2613 2614
f 2525 2524 2587
f 2552 2551 2614
f 2525 2588 2589
f 2552 2615 2616
f 2526 2589 2590
f 2500 2563 2564
f 2553 2616 2617
f 2528 2527 2590
f 2501 2564 2565
f 2555 2554 2617
f 2528 2591 2592
f 2502 2565 2566
f 2556 2555 2618
f 2529 2592 2593
f 2504 2503 2566
f 2556 2619 2620
f 2531 2530 2593
f 2504 2567 2568
f 2558 2557 2620
f 2531 2594 2595
f 2506 2505 2568
f 2558 2621 2622
f 2533 2532 2595
f 2506 2569 2570
f 2559 2622 2623
f 2533 2596 2597
f 2507 2570 2571
f 2600 2599 2662
f 2573 2636 2637
f 2600 2663 2664
f 2575 2574 2637
f 2602 2601 2664
f 2575 2638 2639
f 2602 2665 2666
f 2577 2576 2639
f 2604 2603 2666
f 2578 2577 2640
f 2604 2667 2668
f 2578 2641 2642
f 2605 2668 2669
f 2579 2642 2643
f 2607 2606 2669
f 2581 2580 2643
f 2607 2670 2671
f 2581 2644 2645
f 2609 2608 2671
f 2583 2582 2645
f 2610 2609 2672
f 2584 2583 2646
f 2610 2673 2674
f 2584 2647 2648
f 2611 2674 2675
f 2586 2585 2648
f 2613 2612 2675
f 2586 2649 2650
f 2613 2676 2677
f 2588 2587 2650
f 2615 2614 2677
f 2588 2651 2652
f 2616 2615 2678
f 2589 2652 2653
f 2563 2626 2627
f 2616 2679 2680
f 2591 2590 2653
f 2564 2627 2628
f 2618 2617 2680
f 2592 2591 2654
f 2565 2628 2629
f 2619 2618 2681
f 2592 2655 2656
f 2566 2629 2630
f 2619 2682 2683
f 2594 2593 2656
f 2567 2630 2631
f 2620 2683 2684
f 2594 2657 2658
f 2569 2568 2631
f 2621 2684 2685
f 2596 2595 2658
f 2569 2632 2633
f 2623 2622 2685
f 2596 2659 2660
f 2570 2633 2634
f 2624 2623 2686
f 2597 2660 2661
f 2572 2571 2634
f 2625 2624 2687
f 2599 2598 2661
f 2572 2635 2636
f 2665 2664 2727
f 2638 2701 2702
f 2665 2728 2729
f 2640 2639 2702
f 2667 2666 2729
f 2641 2640 2703
f 2667 2730 2731
f 2641 2704 2705
f 2668 2731 2732
f 2642 2705 2706
f 2670 2669 2732
f 2644 2643 2706
f 2670 2733 2734
f 2644 2707 2708
f 2672 2671 2734
f 2646 2645 2708
f 2673 2672 2735
f 2647 2646 2709
f 2673 2736 2737
f 2647 2710 2711
f 2674 2737 2738
f 2649 2648 2711
f 2676 2675 2738
f 2649 2712 2713
f 2676 2739 2740
f 2651 2650 2713
f 2678 2677 2740
f 2651 2714 2715
f 2679 2678 2741
f 2652 2715 2716
f 2626 2689 2690
f 2679 2742 2743
f 2654 2653 2716
f 2627 2690 2691
f 2680 2743 2744
f 2655 2654 2717
f 2629 2628 2691
f 2682 2681 2744
f 2655 2718 2719
f 2630 2629 2692
f 2682 2745 2746
f 2657 2656 2719
f 2630 2693 2694
f 2684 2683 2746
f 2657 2720 2721
f 2632 2631 2694
f 2684 2747 2748
f 2659 2658 2721
f 2632 2695 2696
f 2686 2685 2748
f 2659 2722 2723
f 2633 2696 2697
f 2686 2749 2750
f 2660 2723 2724
f 2635 2634 2697
f 2687 2750 2751
f 2662 2661 2724
f 2635 2698 2699
f 2663 2662 2725
f 2636 2699 2700
f 2663 2726 2727
f 2638 2637 2700
f 2730 2729 2793
f 2704 2703 2767
f 2730 2794 2795
f 2704 2768 2769
f 2731 2795 2796
f 2705 2769 2770
f 2733 2732 2796
f 2707 2706 2770
f 2733 2797 2798
f 2707 2771 2772
f 2735 2734 2798
f 2709 2708 2772
f 2736 2735 2799
f 2710 2709 2773
f 2736 2800 2801
f 2710 2774 2775
f 2737 2801 2802
f 2712 2711 2775
f 2739 2738 2802
f 2712 2776 2777
f 2739 2803 2804
f 2714 2713 2777
f 2741 2740 2804
f 2714 2778 2779
f 2741 2805 2806
f 2715 2779 2780
f 2690 2689 2753
f 2742 2806 2807
f 2717 2716 2780
f 2690 2754 2755
f 2744 2743 2807
f 2718 2717 2781
f 2691 2755 2756
f 2745 2744 2808
f 2718 2782 2783
f 2693 2692 2756
f 2745 2809 2810
f 2720 2719 2783
f 2694 2693 2757
f 2747 2746 2810
f 2720 2784 2785
f 2695 2694 2758
f 2747 2811 2812
f 2722 2721 2785
f 2695 2759 2760
f 2748 2812 2813
f 2722 2786 2787
f 2696 2760 2761
f 2750 2749 2813
f 2723 2787 2788
f 2698 2697 2761
f 2750 2814 2815
f 2725 2724 2788
f 2699 2698 2762
f 2726 2725 2789
f 2699 2763 2764
f 2726 2790 2791
f 2701 2700 2764
f 2728 2727 2791
f 2701 2765 2766
f 2728 2792 2793
f 2703 2702 2766
f 2795 2858 2859
f 2769 2832 2833
f 2797 2796 2859
f 2771 2770 2833
f 2797 2860 2861
f 2771 2834 2835
f 2799 2798 2861
f 2773 2772 2835
f 2800 2799 2862
f 2774 2773 2836
f 2800 2863 2864
f 2774 2837 2838
f 2801 2864 2865
f 2776 2775 2838
f 2803 2802 2865
f 2776 2839 2840
f 2803 2866 2867
f 2778 2777 2840
f 2805 2804 2867
f 2778 2841 2842
f 2805 2868 2869
f 2779 2842 2843
f 2753 2816 2817
f 2806 2869 2870
f 2781 2780 2843
f 2754 2817 2818
f 2808 2807 2870
f 2782 2781 2844
f 2756 2755 2818
f 2809 2808 2871
f 2782 2845 2846
f 2757 2756 2819
f 2809 2872 2873
f 2784 2783 2846
f 2758 2757 2820
f 2811 2810 2873
f 2784 2847 2848
f 2759 2758 2821
f 2811 2874 2875
f 2786 2785 2848
f 2759 2822 2823
f 2812 2875 2876
f 2786 2849 2850
f 2760 2823 2824
f 2814 2813 2876
f 2787 2850 2851
f 2762 2761 2824
f 2814 2877 2878
f 2789 2788 2851
f 2763 2762 2825
f 2790 2789 2852
f 2763 2826 2827
f 2790 2853 2854
f 2765 2764 2827
f 2792 2791 2854
f 2765 2828 2829
f 2792 2855 2856
f 2767 2766 2829
f 2794 2793 2856
f 2768 2767 2830
f 2794 2857 2858
f 2768 2831 2832
f 2860 2923 2924
f 2834 2897 2898
f 2862 2861 2924
f 2836 2835 2898
f 2863 2862 2925
f 2837 2836 2899
f 2863 2926 2927
f 2837 2900 2901
f 2864 2927 2928
f 2839 2838 2901
f 2866 2865 2928
f 2839 2902 2903
f 2866 2929 2930
f 2841 2840 2903
f 2868 2867 2930
f 2841 2904 2905
f 2869 2868 2931
f 2842 2905 2906
f 2816 2879 2880
f 2869 2932 2933
f 2844 2843 2906
f 2817 2880 2881
f 2870 2933 2934
f 2845 2844 2907
f 2818 2881 2882
f 2872 2871 2934
f 2845 2908 2909
f 2819 2882 2883
f 2872 2935 2936
f 2847 2846 2909
f 2820 2883 2884
f 2873 2936 2937
f 2847 2910 2911
f 2822 2821 2884
f 2874 2937 2938
f 2849 2848 2911
f 2822 2885 2886
f 2876 2875 2938
f 2849 2912 2913
f 2824 2823 2886
f 2877 2876 2939
f 2850 2913 2914
f 2825 2824 2887
f 2877 2940 2941
f 2852 2851 2914
f 2825 2888 2889
f 2853 2852 2915
f 2826 2889 2890
f 2853 2916 2917
f 2828 2827 2890
f 2855 2854 2917
f 2828 2891 2892
f 2855 2918 2919
f 2830 2829 2892
f 2857 2856 2919
f 2831 2830 2893
f 2857 2920 2921
f 2831 2894 2895
f 2858 2921 2922
f 2832 2895 2896
f 2860 2859 2922
f 2834 2833 2896
f 2926 2925 2988
f 2900 2899 2962
f 2926 2989 2990
f 2900 2963 2964
f 2927 2990 2991
f 2902 2901 2964
f 2929 2928 2991
f 2902 2965 2966
f 2929 2992 2993
f 2904 2903 2966
f 2931 2930 2993
f 2904 2967 2968
f 2931 2994 2995
f 2905 2968 2969
f 2879 2942 2943
f 2932 2995 2996
f 2907 2906 2969
f 2880 2943 2944
f 2933 2996 2997
f 2908 2907 2970
f 2882 2881 2944
f 2935 2934 2997
f 2908 2971 2972
f 2883 2882 2945
f 2935 2998 2999
f 2910 2909 2972
f 2883 2946 2947
f 2937 2936 2999
f 2910 2973 2974
f 2885 2884 2947
f 2937 3000 3001
f 2912 2911 2974
f 2885 2948 2949
f 2938 3001 3002
f 2912 2975 2976
f 2887 2886 2949
f 2939 3002 3003
f 2913 2976 2977
f 2888 2887 2950
f 2940 3003 3004
f 2915 2914 2977
f 2889 2888 2951
f 2916 2915 2978
f 2889 2952 2953
f 2916 2979 2980
f 2891 2890 2953
f 2918 2917 2980
f 2891 2954 2955
f 2918 2981 2982
f 2893 2892 2955
f 2920 2919 2982
f 2894 2893 2956
f 2920 2983 2984
f 2894 2957 2958
f 2921 2984 2985
f 2895 2958 2959
f 2923 2922 2985
f 2897 2896 2959
f 2923 2986 2987
f 2897 2960 2961
f 2925 2924 2987
f 2899 2898 2961
f 2990 3053 3054
f 2965 2964 3027
f 2992 2991 3054
f 2965 3028 3029
f 2992 3055 3056
f 2967 2966 3029
f 2994 2993 3056
f 2967 3030 3031
f 2995 2994 3057
f 2968 3031 3032
f 2943 2942 3005
f 2995 3058 3059
f 2970 2969 3032
f 2943 3006 3007
f 2996 3059 3060
f 2971 2970 3033
f 2944 3007 3008
f 2998 2997 3060
f 2971 3034 3035
f 2946 2945 3008
f 2998 3061 3062
f 2973 2972 3035
f 2946 3009 3010
f 3000 2999 3062
f 2973 3036 3037
f 2948 2947 3010
f 3000 3063 3064
f 2975 2974 3037
f 2948 3011 3012
f 3001 3064 3065
f 2975 3038 3039
f 2949 3012 3013
f 3003 3002 3065
f 2976 3039 3040
f 2951 2950 3013
f 3003 3066 3067
f 2978 2977 3040
f 2952 2951 3014
f 2979 2978 3041
f 2952 3015 3016
f 2979 3042 3043
f 2954 2953 3016
f 2981 2980 3043
f 2954 3017 3018
f 2981 3044 3045
f 2956 2955 3018
f 2983 2982 3045
f 2957 2956 3019
f 2983 3046 3047
f 2957 3020 3021
f 2984 3047 3048
f 2958 3021 3022
f 2986 2985 3048
f 2960 2959 3022
f 2986 3049 3050
f 2960 3023 3024
f 2988 2987 3050
f 2962 2961 3024
f 2989 2988 3051
f 2963 2962 3025
f 2989 3052 3053
f 2963 3026 3027
f 3055 3118 3119
f 3030 3029 3092
f 3057 3056 3119
f 3030 3093 3094
f 3057 3120 3121
f 3031 3094 3095
f 3006 3005 3068
f 3058 3121 3122
f 3033 3032 3095
f 3006 3069 3070
f 3059 3122 3123
f 3034 3033 3096
f 3007 3070 3071
f 3061 3060 3123
f 3034 3097 3098
f 3009 3008 3071
f 3061 3124 3125
f 3036 3035 3098
f 3009 3072 3073
f 3062 3125 3126
f 3036 3099 3100
f 3011 3010 3073
f 3063 3126 3127
f 3038 3037 3100
f 3011 3074 3075
f 3065 3064 3127
f 3038 3101 3102
f 3012 3075 3076
f 3066 3065 3128
f 3039 3102 3103
f 3014 3013 3076
f 3066 3129 3130
f 3041 3040 3103
f 3015 3014 3077
f 3042 3041 3104
f 3015 3078 3079
f 3042 3105 3106
f 3017 3016 3079
f 3044 3043 3106
f 3017 3080 3081
f 3044 3107 3108
f 3019 3018 3081
f 3046 3045 3108
f 3020 3019 3082
f 3046 3109 3110
f 3020 3083 3084
f 3047 3110 3111
f 3021 3084 3085
f 3049 3048 3111
f 3023 3022 3085
f 3049 3112 3113
f 3023 3086 3087
f 3051 3050 3113
f 3025 3024 3087
f 3052 3051 3114
f 3026 3025 3088
f 3052 3115 3116
f 3026 3089 3090
f 3053 3116 3117
f 3028 3027 3090
f 3055 3054 3117
f 3028 3091 3092
f 3121 3120 3183
f 3094 3157 3158
f 3068 3131 3132
f 3121 3184 3185
f 3096 3095 3158
f 3069 3132 3133
f 3122 3185 3186
f 3097 3096 3159
f 3070 3133 3134
f 3124 3123 3186
f 3097 3160 3161
f 3072 3071 3134
f 3124 3187 3188
f 3099 3098 3161
f 3072 3135 3136
f 3126 3125 3188
f 3099 3162 3163
f 3074 3073 3136
f 3126 3189 3190
f 3101 3100 3163
f 3074 3137 3138
f 3128 3127 3190
f 3101 3164 3165
f 3075 3138 3139
f 3129 3128 3191
f 3102 3165 3166
f 3077 3076 3139
f 3130 3129 3192
f 3104 3103 3166
f 3077 3140 3141
f 3105 3104 3167
f 3078 3141 3142
f 3105 3168 3169
f 3080 3079 3142
f 3107 3106 3169
f 3080 3143 3144
f 3107 3170 3171
f 3082 3081 3144
f 3109 3108 3171
f 3083 3082 3145
f 3109 3172 3173
f 3083 3146 3147
f 3110 3173 3174
f 3084 3147 3148
f 3112 3111 3174
f 3086 3085 3148
f 3112 3175 3176
f 3086 3149 3150
f 3114 3113 3176
f 3088 3087 3150
f 3115 3114 3177
f 3089 3088 3151
f 3115 3178 3179
f 3089 3152 3153
f 3116 3179 3180
f 3091 3090 3153
f 3118 3117 3180
f 3091 3154 3155
f 3118 3181 3182
f 3093 3092 3155
f 3120 3119 3182
f 3093 3156 3157
f 3185 3248 3249
f 3159 3222 3223
f 3133 3196 3197
f 3187 3186 3249
f 3160 3223 3224
f 3135 3134 3197
f 3187 3250 3251
f 3162 3161 3224
f 3135 3198 3199
f 3189 3188 3251
f 3162 3225 3226
f 3137 3136 3199
f 3189 3252 3253
f 3164 3163 3226
f 3137 3200 3201
f 3190 3253 3254
f 3164 3227 3228
f 3138 3201 3202
f 3192 3191 3254
f 3165 3228 3229
f 3140 3139 3202
f 3193 3192 3255
f 3167 3166 3229
f 3141 3140 3203
f 3168 3167 3230
f 3141 3204 3205
f 3168 3231 3232
f 3143 3142 3205
f 3170 3169 3232
f 3143 3206 3207
f 3170 3233 3234
f 3145 3144 3207
f 3172 3171 3234
f 3146 3145 3208
f 3172 3235 3236
f 3146 3209 3210
f 3173 3236 3237
f 3147 3210 3211
f 3175 3174 3237
f 3149 3148 3211
f 3175 3238 3239
f 3149 3212 3213
f 3177 3176 3239
f 3151 3150 3213
f 3178 3177 3240
f 3152 3151 3214
f 3178 3241 3242
f 3152 3215 3216
f 3179 3242 3243
f 3154 3153 3216
f 3181 3180 3243
f 3154 3217 3218
f 3181 3244 3245
f 3156 3155 3218
f 3183 3182 3245
f 3156 3219 3220
f 3183 3246 3247
f 3157 3220 3221
f 3131 3194 3195
f 3184 3247 3248
f 3159 3158 3221
f 3132 3195 3196
f 3225 3224 3287
f 3233 3232 3295
f 3198 3261 3262
f 3225 3288 3289
f 3233 3296 3297
f 3200 3199 3262
f 3227 3226 3289
f 3235 3234 3297
f 3200 3263 3264
f 3227 3290 3291
f 3235 3298 3299
f 3201 3264 3265
f 3236 3299 3300
f 3228 3291 3292
f 3203 3202 3265
f 3238 3237 3300
f 3230 3229 3292
f 3203 3266 3267
f 3238 3301 3302
f 3231 3230 3293
f 3204 3267 3268
f 3240 3239 3302
f 3206 3205 3268
f 3241 3240 3303
f 3206 3269 3270
f 3241 3304 3305
f 3208 3207 3270
f 3242 3305 3306
f 3209 3208 3271
f 3244 3243 3306
f 3209 3272 3273
f 3244 3307 3308
f 3210 3273 3274
f 3246 3245 3308
f 3212 3211 3274
f 3246 3309 3310
f 3212 3275 3276
f 3247 3310 3311
f 3214 3213 3276
f 3248 3311 3312
f 3215 3214 3277
f 3250 3249 3312
f 3215 3278 3279
f 3250 3313 3314
f 3217 3216 3279
f 3252 3251 3314
f 3217 3280 3281
f 3252 3315 3316
f 3219 3218 3281
f 3253 3316 3317
f 3219 3282 3283
f 3255 3254 3317
f 3220 3283 3284
f 3194 3257 3258
f 3255 3318 3319
f 3222 3221 3284
f 3195 3258 3259
f 3222 3285 3286
f 3197 3196 3259
f 3223 3286 3287
f 3231 3294 3295
f 3198 3197 3260
f 3298 3297 3360
f 3272 3271 3334
f 3298 3361 3362
f 3272 3335 3336
f 3299 3362 3363
f 3273 3336 3337
f 3301 3300 3363
f 3275 3274 3337
f 3301 3364 3365
f 3275 3338 3339
f 3303 3302 3365
f 3277 3276 3339
f 3304 3303 3366
f 3278 3277 3340
f 3304 3367 3368
f 3278 3341 3342
f 3305 3368 3369
f 3280 3279 3342
f 3307 3306 3369
f 3280 3343 3344
f 3307 3370 3371
f 3282 3281 3344
f 3309 3308 3371
f 3282 3345 3346
f 3309 3372 3373
f 3283 3346 3347
f 3257 3320 3321
f 3310 3373 3374
f 3285 3284 3347
f 3258 3321 3322
f 3312 3311 3374
f 3285 3348 3349
f 3259 3322 3323
f 3313 3312 3375
f 3286 3349 3350
f 3261 3260 3323
f 3313 3376 3377
f 3288 3287 3350
f 3261 3324 3325
f 3315 3314 3377
f 3288 3351 3352
f 3263 3262 3325
f 3315 3378 3379
f 3290 3289 3352
f 3263 3326 3327
f 3316 3379 3380
f 3291 3290 3353
f 3264 3327 3328
f 3318 3317 3380
f 3291 3354 3355
f 3266 3265 3328
f 3318 3381 3382
f 3293 3292 3355
f 3267 3266 3329
f 3294 3293 3356
f 3267 3330 3331
f 3294 3357 3358
f 3269 3268 3331
f 3296 3295 3358
f 3269 3332 3333
f 3296 3359 3360
f 3271 3270 3333
f 3362 3425 3426
f 3336 3399 3400
f 3364 3363 3426
f 3338 3337 3400
f 3364 3427 3428
f 3338 3401 3402
f 3366 3365 3428
f 3340 3339 3402
f 3367 3366 3429
f 3341 3340 3403
f 3367 3430 3431
f 3341 3404 3405
f 3368 3431 3432
f 3343 3342 3405
f 3370 3369 3432
f 3343 3406 3407
f 3370 3433 3434
f 3345 3344 3407
f 3372 3371 3434
f 3345 3408 3409
f 3372 3435 3436
f 3346 3409 3410
f 3320 3383 3384
f 3373 3436 3437
f 3348 3347 3410
f 3321 3384 3385
f 3375 3374 3437
f 3348 3411 3412
f 3322 3385 3386
f 3376 3375 3438
f 3350 3349 3412
f 3324 3323 3386
f 3376 3439 3440
f 3351 3350 3413
f 3325 3324 3387
f 3377 3440 3441
f 3351 3414 3415
f 3326 3325 3388
f 3378 3441 3442
f 3352 3415 3416
f 3326 3389 3390
f 3379 3442 3443
f 3354 3353 3416
f 3327 3390 3391
f 3381 3380 3443
f 3354 3417 3418
f 3329 3328 3391
f 3382 3381 3444
f 3356 3355 3418
f 3330 3329 3392
f 3357 3356 3419
f 3330 3393 3394
f 3357 3420 3421
f 3332 3331 3394
f 3359 3358 3421
f 3332 3395 3396
f 3359 3422 3423
f 3334 3333 3396
f 3361 3360 3423
f 3335 3334 3397
f 3361 3424 3425
f 3335 3398 3399
f 3427 3490 3491
f 3401 3464 3465
f 3429 3428 3491
f 3403 3402 3465
f 3430 3429 3492
f 3404 3403 3466
f 3430 3493 3494
f 3404 3467 3468
f 3431 3494 3495
f 3406 3405 3468
f 3433 3432 3495
f 3406 3469 3470
f 3433 3496 3497
f 3408 3407 3470
f 3435 3434 3497
f 3408 3471 3472
f 3435 3498 3499
f 3409 3472 3473
f 3383 3446 3447
f 3436 3499 3500
f 3411 3410 3473
f 3384 3447 3448
f 3438 3437 3500
f 3411 3474 3475
f 3385 3448 3449
f 3439 3438 3501
f 3412 3475 3476
f 3387 3386 3449
f 3439 3502 3503
f 3414 3413 3476
f 3387 3450 3451
f 3441 3440 3503
f 3414 3477 3478
f 3389 3388 3451
f 3441 3504 3505
f 3416 3415 3478
f 3389 3452 3453
f 3443 3442 3505
f 3417 3416 3479
f 3390 3453 3454
f 3443 3506 3507
f 3417 3480 3481
f 3392 3391 3454
f 3444 3507 3508
f 3419 3418 3481
f 3393 3392 3455
f 3420 3419 3482
f 3393 3456 3457
f 3420 3483 3484
f 3395 3394 3457
f 3422 3421 3484
f 3395 3458 3459
f 3422 3485 3486
f 3397 3396 3459
f 3424 3423 3486
f 3398 3397 3460
f 3424 3487 3488
f 3398 3461 3462
f 3425 3488 3489
f 3399 3462 3463
f 3427 3426 3489
f 3401 3400 3463
f 3493 3492 3555
f 3467 3466 3529
f 3493 3556 3557
f 3467 3530 3531
f 3494 3557 3558
f 3469 3468 3531
f 3496 3495 3558
f 3469 3532 3533
f 3496 3559 3560
f 3471 3470 3533
f 3498 3497 3560
f 3471 3534 3535
f 3498 3561 3562
f 3472 3535 3536
f 3446 3509 3510
f 3499 3562 3563
f 3474 3473 3536
f 3447 3510 3511
f 3501 3500 3563
f 3474 3537 3538
f 3448 3511 3512
f 3502 3501 3564
f 3475 3538 3539
f 3450 3449 3512
f 3502 3565 3566
f 3477 3476 3539
f 3450 3513 3514
f 3504 3503 3566
f 3477 3540 3541
f 3452 3451 3514
f 3504 3567 3568
f 3479 3478 3541
f 3452 3515 3516
f 3505 3568 3569
f 3480 3479 3542
f 3453 3516 3517
f 3507 3506 3569
f 3480 3543 3544
f 3455 3454 3517
f 3508 3507 3570
f 3482 3481 3544
f 3455 3518 3519
f 3483 3482 3545
f 3456 3519 3520
f 3483 3546 3547
f 3458 3457 3520
f 3485 3484 3547
f 3458 3521 3522
f 3485 3548 3549
f 3460 3459 3522
f 3487 3486 3549
f 3461 3460 3523
f 3487 3550 3551
f 3461 3524 3525
f 3488 3551 3552
f 3462 3525 3526
f 3490 3489 3552
f 3464 3463 3526
f 3490 3553 3554
f 3464 3527 3528
f 3492 3491 3554
f 3466 3465 3528
f 3557 3620 3621
f 3532 3531 3594
f 3559 3558 3621
f 3532 3595 3596
f 3559 3622 3623
f 3534 3533 3596
f 3561 3560 3623
f 3534 3597 3598
f 3561 3624 3625
f 3535 3598 3599
f 3509 3572 3573
f 3562 3625 3626
f 3537 3536 3599
f 3510 3573 3574
f 3564 3563 3626
f 3537 3600 3601
f 3511 3574 3575
f 3565 3564 3627
f 3539 3538 3601
f 3513 3512 3575
f 3565 3628 3629
f 3540 3539 3602
f 3513 3576 3577
f 3567 3566 3629
f 3540 3603 3604
f 3515 3514 3577
f 3567 3630 3631
f 3541 3604 3605
f 3515 3578 3579
f 3569 3568 3631
f 3543 3542 3605
f 3516 3579 3580
f 3570 3569 3632
f 3543 3606 3607
f 3518 3517 3580
f 3571 3570 3633
f 3545 3544 3607
f 3518 3581 3582
f 3545 3608 3609
f 3519 3582 3583
f 3546 3609 3610
f 3521 3520 3583
f 3548 3547 3610
f 3521 3584 3585
f 3548 3611 3612
f 3523 3522 3585
f 3550 3549 3612
f 3524 3523 3586
f 3550 3613 3614
f 3524 3587 3588
f 3551 3614 3615
f 3525 3588 3589
f 3553 3552 3615
f 3527 3526 3589
f 3553 3616 3617
f 3527 3590 3591
f 3555 3554 3617
f 3529 3528 3591
f 3556 3555 3618
f 3530 3529 3592
f 3556 3619 3620
f 3530 3593 3594
f 3622 3685 3686
f 3597 3596 3659
f 3624 3623 3686
f 3597 3660 3661
f 3624 3687 3688
f 3598 3661 3662
f 3572 3635 3636
f 3625 3688 3689
f 3600 3599 3662
f 3573 3636 3637
f 3627 3626 3689
f 3600 3663 3664
f 3574 3637 3638
f 3628 3627 3690
f 3602 3601 3664
f 3576 3575 3638
f 3628 3691 3692
f 3603 3602 3665
f 3576 3639 3640
f 3629 3692 3693
f 3603 3666 3667
f 3578 3577 3640
f 3630 3693 3694
f 3604 3667 3668
f 3578 3641 3642
f 3631 3694 3695
f 3606 3605 3668
f 3579 3642 3643
f 3633 3632 3695
f 3606 3669 3670
f 3581 3580 3643
f 3634 3633 3696
f 3608 3607 3670
f 3582 3581 3644
f 3609 3608 3671
f 3582 3645 3646
f 3609 3672 3673
f 3584 3583 3646
f 3611 3610 3673
f 3584 3647 3648
f 3611 3674 3675
f 3586 3585 3648
f 3613 3612 3675
f 3587 3586 3649
f 3613 3676 3677
f 3587 3650 3651
f 3614 3677 3678
f 3588 3651 3652
f 3616 3615 3678
f 3590 3589 3652
f 3616 3679 3680
f 3590 3653 3654
f 3618 3617 3680
f 3592 3591 3654
f 3619 3618 3681
f 3593 3592 3655
f 3619 3682 3683
f 3593 3656 3657
f 3620 3683 3684
f 3595 3594 3657
f 3622 3621 3684
f 3595 3658 3659
f 3688 3687 3750
f 3661 3724 3725
f 3635 3698 3699
f 3688 3751 3752
f 3663 3662 3725
f 3636 3699 3700
f 3690 3689 3752
f 3663 3726 3727
f 3637 3700 3701
f 3691 3690 3753
f 3665 3664 3727
f 3639 3638 3701
f 3691 3754 3755
f 3666 3665 3728
f 3639 3702 3703
f 3693 3692 3755
f 3666 3729 3730
f 3641 3640 3703
f 3693 3756 3757
f 3667 3730 3731
f 3641 3704 3705
f 3694 3757 3758
f 3669 3668 3731
f 3642 3705 3706
f 3696 3695 3758
f 3669 3732 3733
f 3644 3643 3706
f 3696 3759 3760
f 3671 3670 3733
f 3645 3644 3707
f 3672 3671 3734
f 3645 3708 3709
f 3672 3735 3736
f 3647 3646 3709
f 3674 3673 3736
f 3647 3710 3711
f 3674 3737 3738
f 3649 3648 3711
f 3676 3675 3738
f 3650 3649 3712
f 3676 3739 3740
f 3650 3713 3714
f 3677 3740 3741
f 3651 3714 3715
f 3679 3678 3741
f 3653 3652 3715
f 3679 3742 3743
f 3653 3716 3717
f 3681 3680 3743
f 3655 3654 3717
f 3682 3681 3744
f 3656 3655 3718
f 3682 3745 3746
f 3656 3719 3720
f 3683 3746 3747
f 3658 3657 3720
f 3685 3684 3747
f 3658 3721 3722
f 3685 3748 3749
f 3660 3659 3722
f 3687 3686 3749
f 3660 3723 3724
f 3699 3762 3763
f 3752 3815 3816
f 3726 3789 3790
f 3700 3763 3764
f 3754 3753 3816
f 3728 3727 3790
f 3702 3701 3764
f 3754 3817 3818
f 3729 3728 3791
f 3702 3765 3766
f 3756 3755 3818
f 3729 3792 3793
f 3704 3703 3766
f 3756 3819 3820
f 3730 3793 3794
f 3704 3767 3768
f 3757 3820 3821
f 3732 3731 3794
f 3705 3768 3769
f 3759 3758 3821
f 3732 3795 3796
f 3706 3769 3770
f 3759 3822 3823
f 3734 3733 3796
f 3707 3770 3771
f 3735 3734 3797
f 3708 3771 3772
f 3735 3798 3799
f 3710 3709 3772
f 3737 3736 3799
f 3710 3773 3774
f 3737 3800 3801
f 3712 3711 3774
f 3739 3738 3801
f 3712 3775 3776
f 3739 3802 3803
f 3713 3776 3777
f 3740 3803 3804
f 3714 3777 3778
f 3742 3741 3804
f 3716 3715 3778
f 3742 3805 3806
f 3716 3779 3780
f 3744 3743 3806
f 3718 3717 3780
f 3745 3744 3807
f 3719 3718 3781
f 3745 3808 3809
f 3719 3782 3783
f 3746 3809 3810
f 3721 3720 3783
f 3748 3747 3810
f 3721 3784 3785
f 3748 3811 3812
f 3723 3722 3785
f 3750 3749 3812
f 3723 3786 3787
f 3750 3813 3814
f 3724 3787 3788
f 3698 3761 3762
f 3752 3751 3814
f 3726 3725 3788
f 3765 3764 3827
f 3817 3880 3881
f 3792 3791 3854
f 3765 3828 3829
f 3819 3818 3881
f 3792 3855 3856
f 3767 3766 3829
f 3819 3882 3883
f 3793 3856 3857
f 3767 3830 3831
f 3820 3883 3884
f 3795 3794 3857
f 3768 3831 3832
f 3822 3821 3884
f 3795 3858 3859
f 3770 3769 3832
f 3822 3885 3886
f 3797 3796 3859
f 3771 3770 3833
f 3798 3797 3860
f 3771 3834 3835
f 3798 3861 3862
f 3773 3772 3835
f 3800 3799 3862
f 3773 3836 3837
f 3800 3863 3864
f 3775 3774 3837
f 3802 3801 3864
f 3776 3775 3838
f 3802 3865 3866
f 3776 3839 3840
f 3803 3866 3867
f 3777 3840 3841
f 3805 3804 3867
f 3779 3778 3841
f 3805 3868 3869
f 3779 3842 3843
f 3807 3806 3869
f 3781 3780 3843
f 3808 3807 3870
f 3782 3781 3844
f 3808 3871 3872
f 3782 3845 3846
f 3809 3872 3873
f 3784 3783 3846
f 3811 3810 3873
f 3784 3847 3848
f 3811 3874 3875
f 3786 3785 3848
f 3813 3812 3875
f 3786 3849 3850
f 3813 3876 3877
f 3787 3850 3851
f 3761 3824 3825
f 3814 3877 3878
f 3789 3788 3851
f 3762 3825 3826
f 3815 3878 3879
f 3789 3852 3853
f 3763 3826 3827
f 3817 3816 3879
f 3791 3790 3853
f 3830 3829 3892
f 3882 3945 3946
f 3857 3856 3919
f 3830 3893 3894
f 3883 3946 3947
f 3858 3857 3920
f 3832 3831 3894
f 3884 3947 3948
f 3858 3921 3922
f 3832 3895 3896
f 3885 3948 3949
f 3860 3859 3922
f 3834 3833 3896
f 3861 3860 3923
f 3834 3897 3898
f 3861 3924 3925
f 3836 3835 3898
f 3863 3862 3925
f 3836 3899 3900
f 3863 3926 3927
f 3838 3837 3900
f 3865 3864 3927
f 3838 3901 3902
f 3865 3928 3929
f 3839 3902 3903
f 3866 3929 3930
f 3840 3903 3904
f 3868 3867 3930
f 3842 3841 3904
f 3868 3931 3932
f 3842 3905 3906
f 3870 3869 3932
f 3844 3843 3906
f 3871 3870 3933
f 3845 3844 3907
f 3872 3871 3934
f 3845 3908 3909
f 3872 3935 3936
f 3847 3846 3909
f 3874 3873 3936
f 3847 3910 3911
f 3874 3937 3938
f 3849 3848 3911
f 3876 3875 3938
f 3849 3912 3913
f 3876 3939 3940
f 3850 3913 3914
f 3825 3824 3887
f 3878 3877 3940
f 3852 3851 3914
f 3825 3888 3889
f 3878 3941 3942
f 3852 3915 3916
f 3826 3889 3890
f 3880 3879 3942
f 3853 3916 3917
f 3828 3827 3890
f 3880 3943 3944
f 3855 3854 3917
f 3828 3891 3892
f 3882 3881 3944
f 3855 3918 3919
f 3894 3957 3958
f 3948 3947 4010
f 3921 3984 3985
f 3895 3958 3959
f 3948 4011 4012
f 3923 3922 3985
f 3897 3896 3959
f 3924 3923 3986
f 3897 3960 3961
f 3924 3987 3988
f 3899 3898 3961
f 3926 3925 3988
f 3899 3962 3963
f 3926 3989 3990
f 3901 3900 3963
f 3928 3927 3990
f 3901 3964 3965
f 3928 3991 3992
f 3902 3965 3966
f 3929 3992 3993
f 3903 3966 3967
f 3931 3930 3993
f 3905 3904 3967
f 3931 3994 3995
f 3905 3968 3969
f 3933 3932 3995
f 3907 3906 3969
f 3934 3933 3996
f 3908 3907 3970
f 3935 3934 3997
f 3908 3971 3972
f 3935 3998 3999
f 3910 3909 3972
f 3937 3936 3999
f 3910 3973 3974
f 3937 4000 4001
f 3912 3911 3974
f 3939 3938 4001
f 3912 3975 3976
f 3939 4002 4003
f 3913 3976 3977
f 3887 3950 3951
f 3941 3940 4003
f 3915 3914 3977
f 3888 3951 3952
f 3942 3941 4004
f 3915 3978 3979
f 3889 3952 3953
f 3943 3942 4005
f 3916 3979 3980
f 3890 3953 3954
f 3943 4006 4007
f 3918 3917 3980
f 3891 3954 3955
f 3945 3944 4007
f 3918 3981 3982
f 3893 3892 3955
f 3945 4008 4009
f 3920 3919 3982
f 3893 3956 3957
f 3947 3946 4009
f 3921 3920 3983
f 3960 3959 4020
f 3986 22 23
f 3960 4021 4022
f 3987 23 4028
f 3962 3961 4022
f 3989 3988 4028
f 3963 3962 3
f 3989 24 25
f 3964 3963 4023
f 3991 3990 25
f 3965 3964 4
f 3991 26 27
f 3966 3965 5
f 3992 27 28
f 3966 6 4024
f 3994 3993 28
f 3968 3967 4024
f 3994 29 4029
f 3968 7 8
f 3995 4029 30
f 3970 3969 8
f 3996 30 31
f 3971 3970 9
f 3997 31 32
f 3971 10 11
f 3998 32 33
f 3973 3972 11
f 3999 33 34
f 3973 12 13
f 4000 34 4030
f 3975 3974 13
f 4001 4030 35
f 3976 3975 14
f 4002 35 36
f 3976 15 4025
f 3951 3950 4013
f 4003 36 37
f 3978 3977 4025
f 3951 4014 4015
f 4004 37 38
f 3978 16 17
f 3953 3952 4015
f 4005 38 39
f 3980 3979 17
f 3954 3953 1
f 4006 39 40
f 3981 3980 18
f 3954 4016 2
f 4008 4007 40
f 3981 19 4026
f 3956 3955 2
f 4008 4031 41
f 3982 4026 20
f 3956 4017 4018
f 4009 41 4032
f 3984 3983 20
f 3957 4018 4019
f 4011 4010 4032
f 3984 21 4027
f 3958 4019 4020
f 4011 4033 4034
f 3986 3985 4027
